article_no,sales_article_code,grade_article,width_mm,length_mm,unit_no,price_per_tonne,board_gsm,article_aliases,price_period
SHT200013/A,30/00/0900/027/027,PACKLINE  900 G/M² TKLINER / TKLINER  FSC recycled 100% CU-COC-810587,892,991.0,5,610,900,SHT200013/A|SHT200013,Apr-26
SHT200014/A,30/00/1000/027/010,PACKLINE 1000 G/M² TKLINER / WHITE KRAFT  FSC mix 70% CU-COC-810587,1031,914.0,5,664,1000,SHT200014/A|SHT200014,Apr-26
SHT200264/A,30/01/0950/064/083,PACKLINE  950 G/M² SAPINO WHITE KRAFT+WHITE PE /  TKLINER+PE FSC mix 70% CU-COC-,1328,1044.0,5,891,950,SHT200264/A|SHT200264,Apr-26
SHT200554/A LG,30/00/0900/027/087,PACKLINE  900 G/M² TKLINER / TKLINER+WHITE PE-NC  FSC recycled 100% CU-COC-81058,820,1330.0,5,746,900,SHT200554/A|SHT200554,Apr-26
SHT200554/A SG,30/00/0900/027/087,PACKLINE  900 G/M² TKLINER / TKLINER+WHITE PE-NC  FSC recycled 100% CU-COC-81058,1330,820.0,5,746,900,SHT200554/A|SHT200554,Apr-26
SHT200555/A LG,30/00/0800/010/069,PACKLINE  800 G/M² WHITE KRAFT / WHITE KRAFT  WHITE PE NC FSC mix 70% CU-COC-810,828,1340.0,5,786,800,SHT200555/A|SHT200555,Apr-26
SHT200555/A SG,30/00/0800/010/069,PACKLINE  800 G/M² WHITE KRAFT / WHITE KRAFT  WHITE PE NC FSC mix 70% CU-COC-810,1340,828.0,5,786,800,SHT200555/A|SHT200555,Apr-26
095006707109000685,30/01/0950/064/083,PACKLINE  950 G/M² SAPINO WHITE KRAFT+WHITE PE /  TKLINER+PE FSC mix 70% CU-COC-,900,685.0,5,891,950,,Apr-26
4-00387,30/00/0900/027/027,PACKLINE  900 G/M² TKLINER / TKLINER  FSC recycled 100% CU-COC-810587,706,1096.0,5,610,900,4-00387,Apr-26
4-00426,30/00/0900/027/027,PACKLINE  900 G/M² TKLINER / TKLINER  FSC recycled 100% CU-COC-810587,1080,635.0,5,610,900,4-00426,Apr-26
4-00697,30/00/1000/027/027,PACKLINE 1000 G/M² TKLINER / TKLINER  FSC recycled 100% CU-COC-810587,750,950.0,5,610,1000,4-00697,Apr-26
4-01048,30/00/0950/027/027,PACKLINE  950 G/M² TKLINER / TKLINER  FSC recycled 100% CU-COC-810587,1240,800.0,5,608,950,4-01048,Apr-26
4-01084,30/00/1000/010/027,PACKLINE 1000 G/M² WHITE KRAFT / TKLINER  FSC mix 70% CU-COC-810587,686,886.0,5,664,1000,4-01084,Apr-26
4-01205,30/00/1000/027/087,PACKLINE 1000 G/M² TKLINER / TKLINER+WHITE PE-NC  FSC recycled 100% CU-COC-81058,880,1360.0,5,730,1000,4-01205,Apr-26
4-01210,30/00/1000/027/087,PACKLINE 1000 G/M² TKLINER / TKLINER+WHITE PE-NC  FSC recycled 100% CU-COC-81058,760,960.0,5,730,1000,4-01210,Apr-26
4-04486,30/12/0450/000/000,PACKLINE  450 G/M² DR UNLINED / UNLINED  FSC recycled 100% CU-COC-810587,800,1000.0,5,709,450,4-04486,Apr-26
4-05443,30/00/0750/010/020,PACKLINE  750 G/M² WHITE KRAFT / BROWN KRAFT  FSC mix 70% CU-COC-810587,990,595.0,5,703,750,4-05443,Apr-26
4-05700,30/00/0850/010/027,PACKLINE  850 G/M² WHITE KRAFT / TKLINER  FSC mix 70% CU-COC-810587,950,750.0,5,647,850,4-05700,Apr-26
4-05797,30/00/1000/027/027,PACKLINE 1000 G/M² TKLINER / TKLINER  FSC recycled 100% CU-COC-810587,980,650.0,5,610,1000,4-05797,Apr-26
4-06036,30/00/0800/010/027,PACKLINE  800 G/M² WHITE KRAFT / TKLINER  FSC mix 70% CU-COC-810587,1020,710.0,5,662,800,4-06036,Apr-26
4-06037,30/00/0800/027/010,PACKLINE  800 G/M² TKLINER / WHITE KRAFT  FSC mix 70% CU-COC-810587,1010,700.0,5,662,800,4-06037,Apr-26
4-06431,30/00/1000/010/027,PACKLINE 1000 G/M² WHITE KRAFT / TKLINER  FSC mix 70% CU-COC-810587,886,1372.0,5,664,1000,4-06431,Apr-26
4-06932,30/00/0900/010/010,PACKLINE  900 G/M² WHITE KRAFT / WHITE KRAFT  FSC mix 70% CU-COC-810587,1210,807.0,5,721,900,4-06932,Apr-26
4-07056,30/00/0700/020/020,PACKLINE  700 G/M² BROWN KRAFT / BROWN KRAFT  FSC mix 70% CU-COC-810587,654,992.0,5,805,700,4-07056,Apr-26
4-07886,30/00/1250/017/087,PACKLINE 1250 G/M² WHITE KRAFTLINER /  TKLINER+WHITE PE-NC FSC mix 70% CU-COC-81,750,950.0,5,809,1250,4-07886,Apr-26
4-08339,30/00/1000/027/087,PACKLINE 1000 G/M² TKLINER / TKLINER+WHITE PE-NC  FSC recycled 100% CU-COC-81058,950,750.0,5,730,1000,4-08339,Apr-26
4-08411,30/00/1000/016/087,PACKLINE 1000 G/M² WHITE TESTLINER /  TKLINER+WHITE PE-NC FSC mix 70% CU-COC-810,686,916.0,5,763,1000,4-08411,Apr-26
4-08527,30/00/0750/027/010,PACKLINE  750 G/M² TKLINER / WHITE KRAFT  FSC mix 70% CU-COC-810587,976,589.0,5,744,750,4-08527,Apr-26
4-08576,30/00/0800/010/069,PACKLINE  800 G/M² WHITE KRAFT / WHITE KRAFT  WHITE PE NC FSC mix 70% CU-COC-810,992,654.0,5,786,800,4-08576,Apr-26
4-08662,30/01/0850/064/071,PACKLINE  850 G/M² SAPINO WHITE KRAFT+WHITE PE /  BROWN KRAFT+PE FSC mix 70% CU-,558,846.0,5,942,850,4-08662,Apr-26
4-08663,30/01/0850/064/071,PACKLINE  850 G/M² SAPINO WHITE KRAFT+WHITE PE /  BROWN KRAFT+PE FSC mix 70% CU-,1116,708.0,5,942,850,4-08663,Apr-26
4-08732,30/00/0900/016/087,PACKLINE  900 G/M² WHITE TESTLINER /  TKLINER+WHITE PE-NC FSC mix 70% CU-COC-810,728,1010.0,5,793,900,4-08732,Apr-26
4-08744,30/00/0900/027/087,PACKLINE  900 G/M² TKLINER / TKLINER+WHITE PE-NC  FSC recycled 100% CU-COC-81058,1096,706.0,5,746,900,4-08744,Apr-26
4-08893,30/01/0850/064/071,PACKLINE  850 G/M² SAPINO WHITE KRAFT+WHITE PE /  BROWN KRAFT+PE FSC mix 70% CU-,1028,756.0,5,942,850,4-08893,Apr-26
4-08894,30/01/0850/071/064,PACKLINE  850 G/M²  SAPINO BROWN KRAFT+PE /  WHITE KRAFT+WPE FSC mix 70% CU-COC-,740,1012.0,5,942,850,4-08894,Apr-26
4-09159,30/01/0850/071/064,PACKLINE  850 G/M²  SAPINO BROWN KRAFT+PE /  WHITE KRAFT+WPE FSC mix 70% CU-COC-,1132,700.0,5,942,850,4-09159,Apr-26
4-09296,30/00/1250/027/027,PACKLINE 1250 G/M² TKLINER / TKLINER  FSC recycled 100% CU-COC-810587,740,940.0,5,626,1250,4-09296,Apr-26
4-09473,30/00/1000/027/027,PACKLINE 1000 G/M² TKLINER / TKLINER  FSC recycled 100% CU-COC-810587,1220,710.0,5,610,1000,4-09473,Apr-26
4-09599,30/00/1000/028/087,PACKLINE 1000 G/M² KRAFTLINER /  TKLINER+WHITE PE-NC FSC mix 70% CU-COC-810587,785,1158.0,5,794,1000,4-09599,Apr-26
4-09600,30/00/1000/016/087,PACKLINE 1000 G/M² WHITE TESTLINER /  TKLINER+WHITE PE-NC FSC mix 70% CU-COC-810,795,1168.0,5,763,1000,4-09600,Apr-26
4-09829,30/00/0900/010/027,PACKLINE  900 G/M² WHITE KRAFT / TKLINER  FSC mix 70% CU-COC-810587,1240,720.0,5,664,900,4-09829,Apr-26
4-09873,30/00/1000/016/087,PACKLINE 1000 G/M² WHITE TESTLINER /  TKLINER+WHITE PE-NC FSC mix 70% CU-COC-810,685,1224.0,5,763,1000,4-09873,Apr-26
4-09874,30/00/1000/027/087,PACKLINE 1000 G/M² TKLINER / TKLINER+WHITE PE-NC  FSC recycled 100% CU-COC-81058,1204,680.0,5,730,1000,4-09874,Apr-26
4-10111,30/00/0800/010/027,PACKLINE  800 G/M² WHITE KRAFT / TKLINER  FSC mix 70% CU-COC-810587,1090,645.0,5,662,800,4-10111,Apr-26
4-10793,30/00/1250/016/027,PACKLINE 1250 G/M² WHITE TESTLINER / TKLINER  FSC mix 70% CU-COC-810587,710,940.0,5,662,1250,4-10793,Apr-26
4-11140,30/01/0950/064/083,PACKLINE  950 G/M² SAPINO WHITE KRAFT+WHITE PE /  TKLINER+PE FSC mix 70% CU-COC-,830,552.0,5,891,950,4-11140,Apr-26
4-11249,30/00/1000/010/027,PACKLINE 1000 G/M² WHITE KRAFT / TKLINER  FSC mix 70% CU-COC-810587,920,1015.0,5,664,1000,4-11249,Apr-26
4-11258,30/00/1250/027/027,PACKLINE 1250 G/M² TKLINER / TKLINER  FSC recycled 100% CU-COC-810587,1360,880.0,5,626,1250,4-11258,Apr-26
4-11276,30/00/0850/010/027,PACKLINE  850 G/M² WHITE KRAFT / TKLINER  FSC mix 70% CU-COC-810587,808,1256.0,5,647,850,4-11276,Apr-26
4-11287,30/00/1250/016/027,PACKLINE 1250 G/M² WHITE TESTLINER / TKLINER  FSC mix 70% CU-COC-810587,886,1372.0,5,662,1250,4-11287,Apr-26
4-11470,30/00/0850/027/027,PACKLINE  850 G/M² TKLINER / TKLINER  FSC recycled 100% CU-COC-810587,1140,650.0,5,625,850,4-11470,Apr-26
4-11483,30/00/1250/017/087,PACKLINE 1250 G/M² WHITE KRAFTLINER /  TKLINER+WHITE PE-NC FSC mix 70% CU-COC-81,1372,886.0,5,809,1250,4-11483,Apr-26
4-11572,30/00/0900/027/087,PACKLINE  900 G/M² TKLINER / TKLINER+WHITE PE-NC  FSC recycled 100% CU-COC-81058,800,1200.0,5,746,900,4-11572,Apr-26
4-11638,30/00/1250/016/027,PACKLINE 1250 G/M² WHITE TESTLINER / TKLINER  FSC mix 70% CU-COC-810587,910,1420.0,5,662,1250,4-11638,Apr-26
4-11659,30/00/1250/016/027,PACKLINE 1250 G/M² WHITE TESTLINER / TKLINER  FSC mix 70% CU-COC-810587,886,1372.0,5,662,1250,4-11659,Apr-26
4-11860,30/01/0950/080/067,PACKLINE  950 G/M² SAPINO KRAFTLINER+PE /   WHITE TESTL.+WHITE  PE FSC mix 70% C,700,1100.0,5,978,950,4-11860,Apr-26
4-11872,30/00/1050/027/027,PACKLINE 1050 G/M² TKLINER / TKLINER  FSC recycled 100% CU-COC-810587,1086,936.0,5,615,1050,4-11872,Apr-26
4-11926,30/00/1050/027/027,PACKLINE 1050 G/M² TKLINER / TKLINER  FSC recycled 100% CU-COC-810587,1010,900.0,5,615,1050,4-11926,Apr-26
4-11931,30/00/0700/010/020,PACKLINE  700 G/M² WHITE KRAFT / BROWN KRAFT  FSC mix 70% CU-COC-810587,1020,710.0,5,807,700,4-11931,Apr-26
4-11932,30/00/0900/027/027,PACKLINE  900 G/M² TKLINER / TKLINER  FSC recycled 100% CU-COC-810587,1010,700.0,5,610,900,4-11932,Apr-26
4-12025,30/00/0600/010/020,PACKLINE  600 G/M² WHITE KRAFT / BROWN KRAFT  FSC mix 70% CU-COC-810587,788,1186.0,5,838,600,4-12025,Apr-26
4-12026,30/00/0850/027/027,PACKLINE  850 G/M² TKLINER / TKLINER  FSC recycled 100% CU-COC-810587,1170,780.0,5,625,850,4-12026,Apr-26
4-12086,30/00/1000/027/027,PACKLINE 1000 G/M² TKLINER / TKLINER  FSC recycled 100% CU-COC-810587,1268,834.0,5,610,1000,4-12086,Apr-26
4-12087,30/00/1000/010/027,PACKLINE 1000 G/M² WHITE KRAFT / TKLINER  FSC mix 70% CU-COC-810587,1276,837.0,5,664,1000,4-12087,Apr-26
4-12099,30/00/1100/067/067,PACKLINE 1100 G/M² WHITE TESTLINER+WHITE PE/  WHITE TESTL.+WHITE PE FSC mix 70%,800,1064.0,5,855,1100,4-12099,Apr-26
4-13051,30/00/0800/064/064,PACKLINE  800 G/M² WHITE KRAFT+WHITE PE /  WHITE KRAFT+WHITE PE FSC mix 70% CU-C,800,980.0,5,916,800,4-13051,Apr-26
4-13058,30/00/1250/017/087,PACKLINE 1250 G/M² WHITE KRAFTLINER /  TKLINER+WHITE PE-NC FSC mix 70% CU-COC-81,780,1062.0,5,809,1250,4-13058,Apr-26
4-13066,30/12/0450/000/000,PACKLINE  450 G/M² DR UNLINED / UNLINED  FSC recycled 100% CU-COC-810587,1000,1200.0,5,709,450,4-13066,Apr-26
4-13095,30/00/0750/010/020,PACKLINE  750 G/M² WHITE KRAFT / BROWN KRAFT  FSC mix 70% CU-COC-810587,845,645.0,5,703,750,4-13095,Apr-26
4-13179,30/00/1000/016/087,PACKLINE 1000 G/M² WHITE TESTLINER /  TKLINER+WHITE PE-NC FSC mix 70% CU-COC-810,660,1027.0,5,763,1000,4-13179,Apr-26
4-13186,30/00/0800/010/027,PACKLINE  800 G/M² WHITE KRAFT / TKLINER  FSC mix 70% CU-COC-810587,942,747.0,5,662,800,4-13186,Apr-26
4-13245,30/00/1200/027/027,PACKLINE 1200 G/M² TKLINER / TKLINER  FSC recycled 100% CU-COC-810587,745,940.0,5,623,1200,4-13245,Apr-26
4-13294,30/00/0800/010/027,PACKLINE  800 G/M² WHITE KRAFT / TKLINER  FSC mix 70% CU-COC-810587,880,740.0,5,662,800,4-13294,Apr-26
4-13295,30/00/1200/027/027,PACKLINE 1200 G/M² TKLINER / TKLINER  FSC recycled 100% CU-COC-810587,730,870.0,5,623,1200,4-13295,Apr-26
4-13322,30/00/1250/017/087,PACKLINE 1250 G/M² WHITE KRAFTLINER /  TKLINER+WHITE PE-NC FSC mix 70% CU-COC-81,916,686.0,5,809,1250,4-13322,Apr-26
4-13327,30/00/1000/010/027,PACKLINE 1000 G/M² WHITE KRAFT / TKLINER  FSC mix 70% CU-COC-810587,1270,803.0,5,664,1000,4-13327,Apr-26
4-13328,30/00/1000/010/027,PACKLINE 1000 G/M² WHITE KRAFT / TKLINER  FSC mix 70% CU-COC-810587,1118,727.0,5,664,1000,4-13328,Apr-26
4-13344,30/01/0950/080/067,PACKLINE  950 G/M² SAPINO KRAFTLINER+PE /   WHITE TESTL.+WHITE  PE FSC mix 70% C,552,830.0,5,978,950,4-13344,Apr-26
4-13400,30/00/1000/027/027,PACKLINE 1000 G/M² TKLINER / TKLINER  FSC recycled 100% CU-COC-810587,945,850.0,5,610,1000,4-13400,Apr-26
4-13401,30/00/1250/027/027,PACKLINE 1250 G/M² TKLINER / TKLINER  FSC recycled 100% CU-COC-810587,840,935.0,5,626,1250,4-13401,Apr-26
4-13510,30/00/0850/027/010,PACKLINE  850 G/M² TKLINER / WHITE KRAFT  FSC mix 70% CU-COC-810587,1148,660.0,5,647,850,4-13510,Apr-26
4-13511,30/00/0850/010/027,PACKLINE  850 G/M² WHITE KRAFT / TKLINER  FSC mix 70% CU-COC-810587,1172,674.0,5,647,850,4-13511,Apr-26
4-13537,30/11/0750/064/071,PACKLINE  750 G/M² SAPINO WHITE KRAFT+WHITE PE /  BROWN KRAFT+PE FSC mix 70% CU-,1124,708.0,5,993,750,4-13537,Apr-26
4-13739,30/00/1000/010/027,PACKLINE 1000 G/M² WHITE KRAFT / TKLINER  FSC mix 70% CU-COC-810587,691,1016.0,5,664,1000,4-13739,Apr-26
4-13758,30/00/1000/028/087,PACKLINE 1000 G/M² KRAFTLINER /  TKLINER+WHITE PE-NC FSC mix 70% CU-COC-810587,1200,678.0,5,794,1000,4-13758,Apr-26
4-13784,30/00/1150/016/016,PACKLINE 1150 G/M² WHITE TESTLINER/WHITE TESTLINER  FSC mix 70% CU-COC-810587,714,936.0,5,692,1150,4-13784,Apr-26
4-13889,30/00/1000/027/087,PACKLINE 1000 G/M² TKLINER / TKLINER+WHITE PE-NC  FSC recycled 100% CU-COC-81058,635,835.0,5,730,1000,4-13889,Apr-26
4-13902,30/00/1000/027/027,PACKLINE 1000 G/M² TKLINER / TKLINER  FSC recycled 100% CU-COC-810587,1298,808.0,5,610,1000,4-13902,Apr-26
4-13903,30/00/1000/016/087,PACKLINE 1000 G/M² WHITE TESTLINER /  TKLINER+WHITE PE-NC FSC mix 70% CU-COC-810,884,1370.0,5,763,1000,4-13903,Apr-26
4-13904,30/00/1250/017/087,PACKLINE 1250 G/M² WHITE KRAFTLINER /  TKLINER+WHITE PE-NC FSC mix 70% CU-COC-81,878,1358.0,5,809,1250,4-13904,Apr-26
4-13904/SHT,30/00/1250/017/087,PACKLINE 1250 G/M² WHITE KRAFTLINER /  TKLINER+WHITE PE-NC FSC mix 70% CU-COC-81,878,1358.0,5,809,1250,4-13904,Apr-26
4-13905,30/00/0900/010/027,PACKLINE  900 G/M² WHITE KRAFT / TKLINER  FSC mix 70% CU-COC-810587,1318,818.0,5,664,900,4-13905,Apr-26
4-13906,30/00/1000/028/087,PACKLINE 1000 G/M² KRAFTLINER /  TKLINER+WHITE PE-NC FSC mix 70% CU-COC-810587,878,1358.0,5,794,1000,4-13906,Apr-26
4-13914,30/00/1250/027/027,PACKLINE 1250 G/M² TKLINER / TKLINER  FSC recycled 100% CU-COC-810587,840,970.0,5,626,1250,4-13914,Apr-26
4-13916,30/01/0700/064/064,PACKLINE  700 G/M² SAPINO WHITE KRAFT+WHITE PE /  WHITE KRAFT+WHITE PE FSC mix 7,558,846.0,5,1161,700,4-13916,Apr-26
4-13921,30/00/1000/027/027,PACKLINE 1000 G/M² TKLINER / TKLINER  FSC recycled 100% CU-COC-810587,968,878.0,5,610,1000,4-13921,Apr-26
4-13922,30/00/0850/010/027,PACKLINE  850 G/M² WHITE KRAFT / TKLINER  FSC mix 70% CU-COC-810587,681,1062.0,5,647,850,4-13922,Apr-26
4-13925,30/00/1250/027/087,PACKLINE 1250 G/M² TKLINER / TKLINER+WHITE PE-NC  FSC recycled 100% CU-COC-81058,878,1358.0,5,727,1250,4-13925,Apr-26
4-13933,30/00/1250/017/087,PACKLINE 1250 G/M² WHITE KRAFTLINER /  TKLINER+WHITE PE-NC FSC mix 70% CU-COC-81,886,686.0,5,809,1250,4-13933,Apr-26
4-14043,30/00/1000/016/087,PACKLINE 1000 G/M² WHITE TESTLINER /  TKLINER+WHITE PE-NC FSC mix 70% CU-COC-810,1254,685.0,5,763,1000,4-14043,Apr-26
4-14124,30/00/0900/010/027,PACKLINE  900 G/M² WHITE KRAFT / TKLINER  FSC mix 70% CU-COC-810587,790,1310.0,5,664,900,4-14124,Apr-26
4-14125,30/00/1000/027/027,PACKLINE 1000 G/M² TKLINER / TKLINER  FSC recycled 100% CU-COC-810587,780,935.0,5,610,1000,4-14125,Apr-26
4-14170,30/00/1000/020/020,PACKLINE 1000 G/M² BROWN KRAFT / BROWN KRAFT  FSC mix 70% CU-COC-810587,1240,800.0,5,781,1000,4-14170,Apr-26
4-14191,30/00/1000/010/027,PACKLINE 1000 G/M² WHITE KRAFT / TKLINER  FSC mix 70% CU-COC-810587,1102,814.0,5,664,1000,4-14191,Apr-26
4-14205,30/00/0850/010/027,PACKLINE  850 G/M² WHITE KRAFT / TKLINER  FSC mix 70% CU-COC-810587,910,710.0,5,647,850,4-14205,Apr-26
4-14245,30/00/0800/010/069,PACKLINE  800 G/M² WHITE KRAFT / WHITE KRAFT  WHITE PE NC FSC mix 70% CU-COC-810,1116,708.0,5,786,800,4-14245,Apr-26
4-14411,30/00/0800/010/027,PACKLINE  800 G/M² WHITE KRAFT / TKLINER  FSC mix 70% CU-COC-810587,655,1150.0,5,662,800,4-14411,Apr-26
4-14412,30/00/0900/027/027,PACKLINE  900 G/M² TKLINER / TKLINER  FSC recycled 100% CU-COC-810587,1140,650.0,5,610,900,4-14412,Apr-26
4-14416,30/60/0900/027/027,PACKLINE  900 G/M² SIZED XS TKLINER / TKLINER  FSC recycled 100% CU-COC-810587,1216,808.0,5,610,900,4-14416,Apr-26
4-14442,30/00/1000/016/087,PACKLINE 1000 G/M² WHITE TESTLINER /  TKLINER+WHITE PE-NC FSC mix 70% CU-COC-810,810,1219.0,5,763,1000,4-14442,Apr-26
4-14466,30/00/1000/016/087,PACKLINE 1000 G/M² WHITE TESTLINER /  TKLINER+WHITE PE-NC FSC mix 70% CU-COC-810,1027,660.0,5,763,1000,4-14466,Apr-26
4-14469,30/00/0800/064/064,PACKLINE  800 G/M² WHITE KRAFT+WHITE PE /  WHITE KRAFT+WHITE PE FSC mix 70% CU-C,1096,1074.0,5,916,800,4-14469,Apr-26
4-14788,30/01/1100/067/083,PACKLINE 1100 G/M² SAPINO WHITE TESTLINER+WHITE PE  TKLINER+PE FSC mix 70% CU-CO,788,1056.0,5,865,1100,4-14788,Apr-26
4-14804,30/00/1000/028/087,PACKLINE 1000 G/M² KRAFTLINER /  TKLINER+WHITE PE-NC FSC mix 70% CU-COC-810587,916,686.0,5,794,1000,4-14804,Apr-26
4-14827,30/00/1000/016/087,PACKLINE 1000 G/M² WHITE TESTLINER /  TKLINER+WHITE PE-NC FSC mix 70% CU-COC-810,1002,830.0,5,763,1000,4-14827,Apr-26
4-14842,30/00/1000/027/087,PACKLINE 1000 G/M² TKLINER / TKLINER+WHITE PE-NC  FSC recycled 100% CU-COC-81058,795,1190.0,5,730,1000,4-14842,Apr-26
4-14843,30/00/0900/010/027,PACKLINE  900 G/M² WHITE KRAFT / TKLINER  FSC mix 70% CU-COC-810587,805,1240.0,5,664,900,4-14843,Apr-26
4-14858,30/12/0450/000/000,PACKLINE  450 G/M² DR UNLINED / UNLINED  FSC recycled 100% CU-COC-810587,1050,1250.0,5,709,450,4-14858,Apr-26
4-14859,30/12/0450/000/000,PACKLINE  450 G/M² DR UNLINED / UNLINED  FSC recycled 100% CU-COC-810587,850,1250.0,5,709,450,4-14859,Apr-26
4-14886,30/00/1000/017/087,PACKLINE 1000 G/M² WHITE KRAFTLINER /  TKLINER+WHITE PE-NC FSC mix 70% CU-COC-81,530,880.0,5,780,1000,4-14886,Apr-26
4-14894,30/01/0950/064/083,PACKLINE  950 G/M² SAPINO WHITE KRAFT+WHITE PE /  TKLINER+PE FSC mix 70% CU-COC-,552,830.0,5,891,950,4-14894,Apr-26
4-14958,30/00/1000/028/087,PACKLINE 1000 G/M² KRAFTLINER /  TKLINER+WHITE PE-NC FSC mix 70% CU-COC-810587,880,970.0,5,794,1000,4-14958,Apr-26
4-14995,30/00/0800/010/027,PACKLINE  800 G/M² WHITE KRAFT / TKLINER  FSC mix 70% CU-COC-810587,835,1266.0,5,662,800,4-14995,Apr-26
4-14996,30/00/0900/027/027,PACKLINE  900 G/M² TKLINER / TKLINER  FSC recycled 100% CU-COC-810587,1250,828.0,5,610,900,4-14996,Apr-26
4-15045,30/00/1000/016/087,PACKLINE 1000 G/M² WHITE TESTLINER /  TKLINER+WHITE PE-NC FSC mix 70% CU-COC-810,714,993.0,5,763,1000,4-15045,Apr-26
4-15214,30/00/1000/028/087,PACKLINE 1000 G/M² KRAFTLINER /  TKLINER+WHITE PE-NC FSC mix 70% CU-COC-810587,1360,876.0,5,794,1000,4-15214,Apr-26
4-15215,30/00/1000/028/087,PACKLINE 1000 G/M² KRAFTLINER /  TKLINER+WHITE PE-NC FSC mix 70% CU-COC-810587,680,876.0,5,794,1000,4-15215,Apr-26
4-15234,30/00/0800/020/020,PACKLINE  800 G/M² BROWN KRAFT / BROWN KRAFT  FSC mix 70% CU-COC-810587,1004,697.0,5,699,800,4-15234,Apr-26
4-15236,30/00/1000/010/027,PACKLINE 1000 G/M² WHITE KRAFT / TKLINER  FSC mix 70% CU-COC-810587,1310,765.0,5,664,1000,4-15236,Apr-26
4-15237,30/00/0800/010/027,PACKLINE  800 G/M² WHITE KRAFT / TKLINER  FSC mix 70% CU-COC-810587,1276,838.0,5,662,800,4-15237,Apr-26
4-15244,30/00/1000/010/027,PACKLINE 1000 G/M² WHITE KRAFT / TKLINER  FSC mix 70% CU-COC-810587,1380,885.0,5,664,1000,4-15244,Apr-26
4-15250,30/00/0950/027/027,PACKLINE  950 G/M² TKLINER / TKLINER  FSC recycled 100% CU-COC-810587,1310,856.0,5,608,950,4-15250,Apr-26
4-15250 LG,30/00/0950/027/027,PACKLINE  950 G/M² TKLINER / TKLINER  FSC recycled 100% CU-COC-810587,856,1310.0,5,608,950,4-15250,Apr-26
4-15251,30/00/0900/010/027,PACKLINE  900 G/M² WHITE KRAFT / TKLINER  FSC mix 70% CU-COC-810587,1332,867.0,5,664,900,4-15251,Apr-26
4-15256,30/00/0800/010/020,PACKLINE  800 G/M² WHITE KRAFT / BROWN KRAFT  FSC mix 70% CU-COC-810587,1012,707.0,5,691,800,4-15256,Apr-26
4-15257,30/00/1200/027/027,PACKLINE 1200 G/M² TKLINER / TKLINER  FSC recycled 100% CU-COC-810587,1290,755.0,5,623,1200,4-15257,Apr-26
4-15258,30/00/1050/027/027,PACKLINE 1050 G/M² TKLINER / TKLINER  FSC recycled 100% CU-COC-810587,1236,798.0,5,615,1050,4-15258,Apr-26
4-15259,30/00/0800/010/020,PACKLINE  800 G/M² WHITE KRAFT / BROWN KRAFT  FSC mix 70% CU-COC-810587,1252,807.0,5,691,800,4-15259,Apr-26
4-15260,30/00/1000/017/087,PACKLINE 1000 G/M² WHITE KRAFTLINER /  TKLINER+WHITE PE-NC FSC mix 70% CU-COC-81,885,690.0,5,780,1000,4-15260,Apr-26
4-15260.,30/00/1000/016/087,PACKLINE 1000 G/M² WHITE TESTLINER /  TKLINER+WHITE PE-NC FSC mix 70% CU-COC-810,885,690.0,5,763,1000,4-15260,Apr-26
4-15263,30/00/1000/017/087,PACKLINE 1000 G/M² WHITE KRAFTLINER /  TKLINER+WHITE PE-NC FSC mix 70% CU-COC-81,1380,885.0,5,780,1000,4-15263,Apr-26
4-15263-,30/00/1000/017/087,PACKLINE 1000 G/M² WHITE KRAFTLINER /  TKLINER+WHITE PE-NC FSC mix 70% CU-COC-81,885,1380.0,5,780,1000,4-15263,Apr-26
4-15264,30/00/1050/027/027,PACKLINE 1050 G/M² TKLINER / TKLINER  FSC recycled 100% CU-COC-810587,1360,876.0,5,615,1050,4-15264,Apr-26
4-15265,30/00/0800/020/020,PACKLINE  800 G/M² BROWN KRAFT / BROWN KRAFT  FSC mix 70% CU-COC-810587,1040,727.0,5,699,800,4-15265,Apr-26
4-15266,10/03/1500/012/012,"LUXLINE 1,50 MM GREY / GREY   FSC recycled 100% CU-COC-810587",1520,890.0,5,708,1500,4-15266,Apr-26
4-15267,30/12/0450/000/000,PACKLINE  450 G/M² DR UNLINED / UNLINED  FSC recycled 100% CU-COC-810587,1190,720.0,5,709,450,4-15267,Apr-26
4-15268,30/12/0450/000/000,PACKLINE  450 G/M² DR UNLINED / UNLINED  FSC recycled 100% CU-COC-810587,900,690.0,5,709,450,4-15268,Apr-26
4-15273,30/00/1000/020/020,PACKLINE 1000 G/M² BROWN KRAFT / BROWN KRAFT  FSC mix 70% CU-COC-810587,1256,828.0,5,781,1000,4-15273,Apr-26
4-15277,30/00/0900/016/087,PACKLINE  900 G/M² WHITE TESTLINER /  TKLINER+WHITE PE-NC FSC mix 70% CU-COC-810,1196,618.0,5,793,900,4-15277,Apr-26
4-15287,30/01/0950/064/083,PACKLINE  950 G/M² SAPINO WHITE KRAFT+WHITE PE /  TKLINER+PE FSC mix 70% CU-COC-,700,1100.0,5,891,950,4-15287,Apr-26
4-15300,30/00/0900/010/027,PACKLINE  900 G/M² WHITE KRAFT / TKLINER  FSC mix 70% CU-COC-810587,1310,815.0,5,664,900,4-15300,Apr-26
4-15301,30/00/1000/027/027,PACKLINE 1000 G/M² TKLINER / TKLINER  FSC recycled 100% CU-COC-810587,1290,803.0,5,610,1000,4-15301,Apr-26
4-15305,30/00/1000/020/020,PACKLINE 1000 G/M² BROWN KRAFT / BROWN KRAFT  FSC mix 70% CU-COC-810587,798,1236.0,5,781,1000,4-15305,Apr-26
4-15312,30/00/1250/027/087,PACKLINE 1250 G/M² TKLINER / TKLINER+WHITE PE-NC  FSC recycled 100% CU-COC-81058,1360,876.0,5,727,1250,4-15312,Apr-26
4-15320,30/00/1000/016/087,PACKLINE 1000 G/M² WHITE TESTLINER /  TKLINER+WHITE PE-NC FSC mix 70% CU-COC-810,1380,885.0,5,763,1000,4-15320,Apr-26
4-15327,30/12/0450/000/000,PACKLINE  450 G/M² DR UNLINED / UNLINED  FSC recycled 100% CU-COC-810587,1164,720.0,5,709,450,4-15327,Apr-26
4-15341,30/00/0900/010/020,PACKLINE  900 G/M² WHITE KRAFT / BROWN KRAFT  FSC mix 70% CU-COC-810587,815,1310.0,5,702,900,4-15341,Apr-26
4-15347,30/00/0800/010/069,PACKLINE  800 G/M² WHITE KRAFT / WHITE KRAFT  WHITE PE NC FSC mix 70% CU-COC-810,1320,803.0,5,786,800,4-15347,Apr-26
4-15348,30/00/0900/027/087,PACKLINE  900 G/M² TKLINER / TKLINER+WHITE PE-NC  FSC recycled 100% CU-COC-81058,1310,795.0,5,746,900,4-15348,Apr-26
4-15349,30/00/0900/016/087,PACKLINE  900 G/M² WHITE TESTLINER /  TKLINER+WHITE PE-NC FSC mix 70% CU-COC-810,1210,837.0,5,793,900,4-15349,Apr-26
4-15350,30/00/0900/027/027,PACKLINE  900 G/M² TKLINER / TKLINER  FSC recycled 100% CU-COC-810587,1332,778.0,5,610,900,4-15350,Apr-26
4-15357,30/00/1250/017/087,PACKLINE 1250 G/M² WHITE KRAFTLINER /  TKLINER+WHITE PE-NC FSC mix 70% CU-COC-81,1360,876.0,5,809,1250,4-15357,Apr-26
4-15394,30/00/0850/027/027,PACKLINE  850 G/M² TKLINER / TKLINER  FSC recycled 100% CU-COC-810587,1134,648.0,5,625,850,4-15394,Apr-26
4-15403,30/00/1000/027/027,PACKLINE 1000 G/M² TKLINER / TKLINER  FSC recycled 100% CU-COC-810587,1240,782.0,5,610,1000,4-15403,Apr-26
4-15410,30/00/0700/010/020,PACKLINE  700 G/M² WHITE KRAFT / BROWN KRAFT  FSC mix 70% CU-COC-810587,1054,691.0,5,807,700,4-15410,Apr-26
4-15413,30/00/0700/020/020,PACKLINE  700 G/M² BROWN KRAFT / BROWN KRAFT  FSC mix 70% CU-COC-810587,691,1054.0,5,805,700,4-15413,Apr-26
4-15437,30/00/1200/027/027,PACKLINE 1200 G/M² TKLINER / TKLINER  FSC recycled 100% CU-COC-810587,908,1008.0,5,623,1200,4-15437,Apr-26
4-15438,30/00/1100/027/027,PACKLINE 1100 G/M² TKLINER / TKLINER  FSC recycled 100% CU-COC-810587,940,1030.0,5,616,1100,4-15438,Apr-26
4-15439,30/00/1000/010/027,PACKLINE 1000 G/M² WHITE KRAFT / TKLINER  FSC mix 70% CU-COC-810587,1018,918.0,5,664,1000,4-15439,Apr-26
4-15440,30/00/1000/010/027,PACKLINE 1000 G/M² WHITE KRAFT / TKLINER  FSC mix 70% CU-COC-810587,1036,946.0,5,664,1000,4-15440,Apr-26
4-15441,30/00/1100/027/027,PACKLINE 1100 G/M² TKLINER / TKLINER  FSC recycled 100% CU-COC-810587,758,956.0,5,616,1100,4-15441,Apr-26
4-15442,30/00/0950/010/027,PACKLINE  950 G/M² WHITE KRAFT / TKLINER  FSC mix 70% CU-COC-810587,766,962.0,5,662,950,4-15442,Apr-26
4-15443,30/00/1000/027/027,PACKLINE 1000 G/M² TKLINER / TKLINER  FSC recycled 100% CU-COC-810587,1360,876.0,5,610,1000,4-15443,Apr-26
4-15447,30/00/0900/027/027,PACKLINE  900 G/M² TKLINER / TKLINER  FSC recycled 100% CU-COC-810587,1218,809.0,5,610,900,4-15447,Apr-26
4-15448,30/00/0900/010/027,PACKLINE  900 G/M² WHITE KRAFT / TKLINER  FSC mix 70% CU-COC-810587,815,1230.0,5,664,900,4-15448,Apr-26
4-15449,10/03/1500/012/012,"LUXLINE 1,50 MM GREY / GREY   FSC recycled 100% CU-COC-810587",780,1000.0,5,708,1500,4-15449,Apr-26
4-15450,10/03/1500/012/012,"LUXLINE 1,50 MM GREY / GREY   FSC recycled 100% CU-COC-810587",762,1065.0,5,708,1500,4-15450,Apr-26
4-15460,30/00/0700/010/020,PACKLINE  700 G/M² WHITE KRAFT / BROWN KRAFT  FSC mix 70% CU-COC-810587,652,1148.0,5,807,700,4-15460,Apr-26
4-15487,30/00/0700/020/000,PACKLINE  700 G/M² BROWN KRAFT / UNLINED  FSC mix 70% CU-COC-810587,1054,691.0,5,748,700,4-15487,Apr-26
4-15495,30/00/0900/027/087,PACKLINE  900 G/M² TKLINER / TKLINER+WHITE PE-NC  FSC recycled 100% CU-COC-81058,1196,798.0,5,746,900,4-15495,Apr-26
4-15498,30/00/1100/027/027,PACKLINE 1100 G/M² TKLINER / TKLINER  FSC recycled 100% CU-COC-810587,748,867.0,5,616,1100,4-15498,Apr-26
4-15499,30/00/0900/010/027,PACKLINE  900 G/M² WHITE KRAFT / TKLINER  FSC mix 70% CU-COC-810587,752,871.0,5,664,900,4-15499,Apr-26
4-15504,99/51/0400/000/000,LAMINATING xd 400 G/M² UNLINED / UNLINED  FSC recycled 100% CU-COC-810587,1060,,5,0,400,4-15504,Apr-26
4-15505,99/51/0343/000/000,LAMINATING xd 343 G/M² UNLINED / UNLINED  FSC recycled 100% CU-COC-810587,1040,,5,0,343,4-15505,Apr-26
4-15506,30/00/0700/020/020,PACKLINE  700 G/M² BROWN KRAFT / BROWN KRAFT  FSC mix 70% CU-COC-810587,1044,683.0,5,805,700,4-15506,Apr-26
4-15512,99/51/0343/000/000,LAMINATING xd 343 G/M² UNLINED / UNLINED  FSC recycled 100% CU-COC-810587,1060,,5,0,343,4-15512,Apr-26
4-15527,30/00/1000/027/087,PACKLINE 1000 G/M² TKLINER / TKLINER+WHITE PE-NC  FSC recycled 100% CU-COC-81058,1490,1270.0,5,730,1000,4-15527,Apr-26
4-15528,30/00/0750/010/027,PACKLINE  750 G/M² WHITE KRAFT / TKLINER  FSC mix 70% CU-COC-810587,838,1266.0,5,747,750,4-15528,Apr-26
4-15534,30/11/0750/064/071,PACKLINE  750 G/M² SAPINO WHITE KRAFT+WHITE PE /  BROWN KRAFT+PE FSC mix 70% CU-,846,1116.0,5,993,750,4-15534,Apr-26
4-15535,30/11/0750/064/071,PACKLINE  750 G/M² SAPINO WHITE KRAFT+WHITE PE /  BROWN KRAFT+PE FSC mix 70% CU-,1124,708.0,5,993,750,4-15535,Apr-26
4-15538,30/00/1250/027/087,PACKLINE 1250 G/M² TKLINER / TKLINER+WHITE PE-NC  FSC recycled 100% CU-COC-81058,1358,878.0,5,727,1250,4-15538,Apr-26
4-15545,30/00/0750/010/027,PACKLINE  750 G/M² WHITE KRAFT / TKLINER  FSC mix 70% CU-COC-810587,1296,838.0,5,747,750,4-15545,Apr-26
4-15548,30/00/0850/010/027,PACKLINE  850 G/M² WHITE KRAFT / TKLINER  FSC mix 70% CU-COC-810587,1130,675.0,5,647,850,4-15548,Apr-26
4-15549,30/00/1000/027/027,PACKLINE 1000 G/M² TKLINER / TKLINER  FSC recycled 100% CU-COC-810587,1120,665.0,5,610,1000,4-15549,Apr-26
4-15554,30/00/0900/010/020,PACKLINE  900 G/M² WHITE KRAFT / BROWN KRAFT  FSC mix 70% CU-COC-810587,683,1076.0,5,702,900,4-15554,Apr-26
4-15555,30/01/0850/071/064,PACKLINE  850 G/M²  SAPINO BROWN KRAFT+PE /  WHITE KRAFT+WPE FSC mix 70% CU-COC-,1065,984.0,5,942,850,4-15555,Apr-26
4-15613,30/00/1250/017/087,PACKLINE 1250 G/M² WHITE KRAFTLINER /  TKLINER+WHITE PE-NC FSC mix 70% CU-COC-81,1358,878.0,5,809,1250,4-15613,Apr-26
4-15614,30/00/1000/028/087,PACKLINE 1000 G/M² KRAFTLINER /  TKLINER+WHITE PE-NC FSC mix 70% CU-COC-810587,1358,878.0,5,794,1000,4-15614,Apr-26
4-15628,30/00/1000/064/087,PACKLINE 1000 G/M²  WHITE KRAFT+WHITE PE /  TKLINER+WHITE PE-NC FSC mix 70% CU-C,800,1000.0,5,866,1000,4-15628,Apr-26
4-15634,30/00/0900/027/087,PACKLINE  900 G/M² TKLINER / TKLINER+WHITE PE-NC  FSC recycled 100% CU-COC-81058,667,1010.0,5,746,900,4-15634,Apr-26
4-15635,30/00/0800/010/069,PACKLINE  800 G/M² WHITE KRAFT / WHITE KRAFT  WHITE PE NC FSC mix 70% CU-COC-810,675,1026.0,5,786,800,4-15635,Apr-26
4-15636,30/00/1000/028/087,PACKLINE 1000 G/M² KRAFTLINER /  TKLINER+WHITE PE-NC FSC mix 70% CU-COC-810587,782,1210.0,5,794,1000,4-15636,Apr-26
4-15637,30/00/0800/010/069,PACKLINE  800 G/M² WHITE KRAFT / WHITE KRAFT  WHITE PE NC FSC mix 70% CU-COC-810,1226,775.0,5,786,800,4-15637,Apr-26
4-15639,30/00/1000/016/087,PACKLINE 1000 G/M² WHITE TESTLINER /  TKLINER+WHITE PE-NC FSC mix 70% CU-COC-810,1370,884.0,5,763,1000,4-15639,Apr-26
4-15650,30/00/0900/016/087,PACKLINE  900 G/M² WHITE TESTLINER /  TKLINER+WHITE PE-NC FSC mix 70% CU-COC-810,705,1000.0,5,793,900,4-15650,Apr-26
4-15651,30/00/1000/010/027,PACKLINE 1000 G/M² WHITE KRAFT / TKLINER  FSC mix 70% CU-COC-810587,1260,792.0,5,664,1000,4-15651,Apr-26
4-15652,30/00/1000/020/020,PACKLINE 1000 G/M² BROWN KRAFT / BROWN KRAFT  FSC mix 70% CU-COC-810587,798,1236.0,5,781,1000,4-15652,Apr-26
4-15655,30/74/1100/083/067,PACKLINE XS 1100 G/M² SAPINO TKLINER+PE /  WHITE TESTL.+WHITE PE FSC mix 70% CU-,745,1080.0,5,876,1100,4-15655,Apr-26
4-15657,30/01/0700/064/064,PACKLINE  700 G/M² SAPINO WHITE KRAFT+WHITE PE /  WHITE KRAFT+WHITE PE FSC mix 7,1077,992.0,5,1161,700,4-15657,Apr-26
4-15658,30/01/0700/064/064,PACKLINE  700 G/M² SAPINO WHITE KRAFT+WHITE PE /  WHITE KRAFT+WHITE PE FSC mix 7,594,1242.0,5,1161,700,4-15658,Apr-26
4-15668,30/00/0900/027/010,PACKLINE  900 G/M² TKLINER / WHITE KRAFT  FSC mix 70% CU-COC-810587,685,800.0,5,664,900,4-15668,Apr-26
4-15670,30/00/1000/010/027,PACKLINE 1000 G/M² WHITE KRAFT / TKLINER  FSC mix 70% CU-COC-810587,885,690.0,5,664,1000,4-15670,Apr-26
4-15671,30/01/0950/080/067,PACKLINE  950 G/M² SAPINO KRAFTLINER+PE /   WHITE TESTL.+WHITE  PE FSC mix 70% C,700,1100.0,5,978,950,4-15671,Apr-26
4-15672,30/00/0900/027/087,PACKLINE  900 G/M² TKLINER / TKLINER+WHITE PE-NC  FSC recycled 100% CU-COC-81058,767,1020.0,5,746,900,4-15672,Apr-26
4-15673,30/00/0800/010/027,PACKLINE  800 G/M² WHITE KRAFT / TKLINER  FSC mix 70% CU-COC-810587,1066,623.0,5,662,800,4-15673,Apr-26
4-15679,30/00/0900/027/087,PACKLINE  900 G/M² TKLINER / TKLINER+WHITE PE-NC  FSC recycled 100% CU-COC-81058,1100,700.0,5,746,900,4-15679,Apr-26
4-15685,30/00/1200/027/027,PACKLINE 1200 G/M² TKLINER / TKLINER  FSC recycled 100% CU-COC-810587,1008,908.0,5,623,1200,4-15685,Apr-26
4-15686,30/00/1100/027/027,PACKLINE 1100 G/M² TKLINER / TKLINER  FSC recycled 100% CU-COC-810587,1030,940.0,5,616,1100,4-15686,Apr-26
4-15697,30/00/1000/010/027,PACKLINE 1000 G/M² WHITE KRAFT / TKLINER  FSC mix 70% CU-COC-810587,1015,920.0,5,664,1000,4-15697,Apr-26
4-15698,30/00/1000/010/027,PACKLINE 1000 G/M² WHITE KRAFT / TKLINER  FSC mix 70% CU-COC-810587,1050,960.0,5,664,1000,4-15698,Apr-26
4-15699,30/00/1100/027/027,PACKLINE 1100 G/M² TKLINER / TKLINER  FSC recycled 100% CU-COC-810587,1040,950.0,5,616,1100,4-15699,Apr-26
4-15700,30/00/1200/027/027,PACKLINE 1200 G/M² TKLINER / TKLINER  FSC recycled 100% CU-COC-810587,1005,910.0,5,623,1200,4-15700,Apr-26
4-15721,99/51/0343/000/000,LAMINATING xd 343 G/M² UNLINED / UNLINED  FSC recycled 100% CU-COC-810587,1430,,5,0,343,4-15721,Apr-26
4-15724,30/00/0850/027/027,PACKLINE  850 G/M² TKLINER / TKLINER  FSC recycled 100% CU-COC-810587,1236,798.0,5,625,850,4-15724,Apr-26
4-15725,30/01/0950/080/067,PACKLINE  950 G/M² SAPINO KRAFTLINER+PE /   WHITE TESTL.+WHITE  PE FSC mix 70% C,634,1020.0,5,978,950,4-15725,Apr-26
4-15730,30/00/0900/016/087,PACKLINE  900 G/M² WHITE TESTLINER /  TKLINER+WHITE PE-NC FSC mix 70% CU-COC-810,1080,740.0,5,793,900,4-15730,Apr-26
4-15737,99/51/0343/000/000,LAMINATING xd 343 G/M² UNLINED / UNLINED  FSC recycled 100% CU-COC-810587,1050,,5,0,343,4-15737,Apr-26
4-15738,99/51/0300/000/000,LAMINATING xd 300 G/M² UNLINED / UNLINED  FSC recycled 100% CU-COC-810587,1050,,5,0,300,4-15738,Apr-26
4-15739,99/51/0400/000/000,LAMINATING xd 400 G/M² UNLINED / UNLINED  FSC recycled 100% CU-COC-810587,1430,,5,0,400,4-15739,Apr-26
4-15740,99/51/0300/000/000,LAMINATING xd 300 G/M² UNLINED / UNLINED  FSC recycled 100% CU-COC-810587,1430,,5,0,300,4-15740,Apr-26
4-15742,99/51/0300/000/000,LAMINATING xd 300 G/M² UNLINED / UNLINED  FSC recycled 100% CU-COC-810587,1230,,5,0,300,4-15742,Apr-26
4-15743,99/51/0343/000/000,LAMINATING xd 343 G/M² UNLINED / UNLINED  FSC recycled 100% CU-COC-810587,1230,,5,0,343,4-15743,Apr-26
4-15745,30/01/0950/080/067,PACKLINE  950 G/M² SAPINO KRAFTLINER+PE /   WHITE TESTL.+WHITE  PE FSC mix 70% C,670,1050.0,5,978,950,4-15745,Apr-26
4-15772,30/00/0900/010/020,PACKLINE  900 G/M² WHITE KRAFT / BROWN KRAFT  FSC mix 70% CU-COC-810587,1076,683.0,5,702,900,4-15772,Apr-26
4-15777,99/51/0400/000/000,LAMINATING xd 400 G/M² UNLINED / UNLINED  FSC recycled 100% CU-COC-810587,1230,,5,0,400,4-15777,Apr-26
4-15780,30/00/0800/020/020,PACKLINE  800 G/M² BROWN KRAFT / BROWN KRAFT  FSC mix 70% CU-COC-810587,1052,618.0,5,699,800,4-15780,Apr-26
4-15798,99/51/0400/000/000,LAMINATING xd 400 G/M² UNLINED / UNLINED  FSC recycled 100% CU-COC-810587,1050,,5,0,400,4-15798,Apr-26
4-15822,30/74/1100/083/067,PACKLINE XS 1100 G/M² SAPINO TKLINER+PE /  WHITE TESTL.+WHITE PE FSC mix 70% CU-,1152,934.0,5,876,1100,4-15822,Apr-26
4-15823/SHT200323,30/01/1100/067/083,PACKLINE 1100 G/M² SAPINO WHITE TESTLINER+WHITE PE  TKLINER+PE FSC mix 70% CU-CO,1152,934.0,5,865,1100,4-15823|SHT200323,Apr-26
4-15831,30/00/0800/027/027,PACKLINE  800 G/M² TKLINER / TKLINER  FSC recycled 100% CU-COC-810587,1004,697.0,5,649,800,4-15831,Apr-26
4-15836,30/00/1050/027/027,PACKLINE 1050 G/M² TKLINER / TKLINER  FSC recycled 100% CU-COC-810587,1256,828.0,5,615,1050,4-15836,Apr-26
4-15843,30/00/1050/027/027,PACKLINE 1050 G/M² TKLINER / TKLINER  FSC recycled 100% CU-COC-810587,1066,677.0,5,615,1050,4-15843,Apr-26
4-15844,30/00/1000/027/087,PACKLINE 1000 G/M² TKLINER / TKLINER+WHITE PE-NC  FSC recycled 100% CU-COC-81058,1358,878.0,5,730,1000,4-15844,Apr-26
4-15852,30/00/0800/010/027,PACKLINE  800 G/M² WHITE KRAFT / TKLINER  FSC mix 70% CU-COC-810587,1012,707.0,5,662,800,4-15852,Apr-26
4-15863/SHT200209,30/01/0850/064/071,PACKLINE  850 G/M² SAPINO WHITE KRAFT+WHITE PE /  BROWN KRAFT+PE FSC mix 70% CU-,779,1172.0,5,942,850,4-15863|SHT200209,Apr-26
4-15865/SHT222222,30/00/1000/017/087,PACKLINE 1000 G/M² WHITE KRAFTLINER /  TKLINER+WHITE PE-NC FSC mix 70% CU-COC-81,1390,910.0,5,780,1000,4-15865|SHT222222,Apr-26
4-15866,30/00/1000/017/087,PACKLINE 1000 G/M² WHITE KRAFTLINER /  TKLINER+WHITE PE-NC FSC mix 70% CU-COC-81,1212,808.0,5,780,1000,4-15866,Apr-26
4-15867/SHT222226,30/00/1000/045/016,PACKLINE 1000 G/M² MC / WHITE TESTLINER  FSC mix 70% CU-COC-810587,1410,920.0,5,706,1000,4-15867|SHT222226,Apr-26
4-15868,30/00/0800/010/027,PACKLINE  800 G/M² WHITE KRAFT / TKLINER  FSC mix 70% CU-COC-810587,1208,734.0,5,662,800,4-15868,Apr-26
4-15869,30/00/1000/027/027,PACKLINE 1000 G/M² TKLINER / TKLINER  FSC recycled 100% CU-COC-810587,1186,730.0,5,610,1000,4-15869,Apr-26
4-15873,99/51/0421/000/000,LAMINATING xd 421 G/M² UNLINED / UNLINED  FSC recycled 100% CU-COC-810587,1430,,5,0,421,4-15873,Apr-26
4-15874,99/51/0500/000/000,LAMINATING xd 500 G/M² UNLINED / UNLINED  FSC recycled 100% CU-COC-810587,1430,,5,0,500,4-15874,Apr-26
4-15875,99/51/0300/000/000,LAMINATING xd 300 G/M² UNLINED / UNLINED  FSC recycled 100% CU-COC-810587,1320,,5,0,300,4-15875,Apr-26
4-15876,99/80/0294/000/000,LAMINATING xd 294 G/M² SAPINO UNLINED / UNLINED  FSC recycled 100% CU-COC-810587,1160,,5,0,294,4-15876,Apr-26
4-15877,99/80/0343/000/000,LAMINATING xd 343 G/M²  SAPINO UNLINED / UNLINED  FSC recycled 100% CU-COC-81058,1160,,5,0,343,4-15877,Apr-26
4-15878/SHT200600,30/00/0800/010/027,PACKLINE  800 G/M² WHITE KRAFT / TKLINER  FSC mix 70% CU-COC-810587,740,1250.0,5,662,800,4-15878|SHT200600,Apr-26
4-15879/SHT200558,30/00/0850/027/027,PACKLINE  850 G/M² TKLINER / TKLINER  FSC recycled 100% CU-COC-810587,730,1230.0,5,625,850,4-15879|SHT200558,Apr-26
4-15880/SHT222229,30/00/0900/045/069,PACKLINE  900 G/M² MC / WHITE KRAFT  +WHITE PE NC FSC mix 70% CU-COC-810587,1390,910.0,5,800,900,4-15880|SHT222229,Apr-26
4-15881/SHT200010,30/01/0950/080/067,PACKLINE  950 G/M² SAPINO KRAFTLINER+PE /   WHITE TESTL.+WHITE  PE FSC mix 70% C,1112,721.0,5,978,950,4-15881|SHT200010,Apr-26
4-15882/SHT200011,30/11/0750/064/071,PACKLINE  750 G/M² SAPINO WHITE KRAFT+WHITE PE /  BROWN KRAFT+PE FSC mix 70% CU-,1129,729.0,5,993,750,4-15882|SHT200011,Apr-26
4-15883/SHT200012,30/01/0850/071/064,PACKLINE  850 G/M²  SAPINO BROWN KRAFT+PE /  WHITE KRAFT+WPE FSC mix 70% CU-COC-,1121,842.0,5,942,850,4-15883|SHT200012,Apr-26
4-15884/SHT200015,30/11/0750/064/071,PACKLINE  750 G/M² SAPINO WHITE KRAFT+WHITE PE /  BROWN KRAFT+PE FSC mix 70% CU-,1137,858.0,5,993,750,4-15884|SHT200015,Apr-26
4-15885/SHT200017,30/01/0850/071/064,PACKLINE  850 G/M²  SAPINO BROWN KRAFT+PE /  WHITE KRAFT+WPE FSC mix 70% CU-COC-,1073,1001.0,5,942,850,4-15885|SHT200017,Apr-26
4-15885/SHT300017,30/01/0850/071/064,PACKLINE  850 G/M²  SAPINO BROWN KRAFT+PE /  WHITE KRAFT+WPE FSC mix 70% CU-COC-,1053,976.0,5,942,850,4-15885|SHT300017,Apr-26
4-15886/SHT300018,30/11/0750/064/071,PACKLINE  750 G/M² SAPINO WHITE KRAFT+WHITE PE /  BROWN KRAFT+PE FSC mix 70% CU-,1077,992.0,5,993,750,4-15886|SHT300018,Apr-26
4-15887/SHT201683,30/00/0750/045/020,PACKLINE  750 G/M² MC / BROWN KRAFT  FSC mix 70% CU-COC-810587,685,1010.0,5,758,750,4-15887|SHT201683,Apr-26
4-15889,30/00/1000/027/027,PACKLINE 1000 G/M² TKLINER / TKLINER  FSC recycled 100% CU-COC-810587,880,1360.0,5,610,1000,4-15889,Apr-26
4-15890/SHT200216,30/74/1100/083/067,PACKLINE XS 1100 G/M² SAPINO TKLINER+PE /  WHITE TESTL.+WHITE PE FSC mix 70% CU-,1236,860.0,5,876,1100,4-15890|SHT200216,Apr-26
4-15891/SHT200217,30/01/1100/067/083,PACKLINE 1100 G/M² SAPINO WHITE TESTLINER+WHITE PE  TKLINER+PE FSC mix 70% CU-CO,1236,860.0,5,865,1100,4-15891|SHT200217,Apr-26
4-15892,30/01/0950/080/067,PACKLINE  950 G/M² SAPINO KRAFTLINER+PE /   WHITE TESTL.+WHITE  PE FSC mix 70% C,1104,850.0,5,978,950,4-15892,Apr-26
4-15895,30/00/0900/027/027,PACKLINE  900 G/M² TKLINER / TKLINER  FSC recycled 100% CU-COC-810587,1216,760.0,5,610,900,4-15895,Apr-26
4-15896,30/00/0800/010/027,PACKLINE  800 G/M² WHITE KRAFT / TKLINER  FSC mix 70% CU-COC-810587,1232,768.0,5,662,800,4-15896,Apr-26
4-15898,30/11/0750/064/071,PACKLINE  750 G/M² SAPINO WHITE KRAFT+WHITE PE /  BROWN KRAFT+PE FSC mix 70% CU-,1116,866.0,5,993,750,4-15898,Apr-26
4-15900,30/00/1250/027/087,PACKLINE 1250 G/M² TKLINER / TKLINER+WHITE PE-NC  FSC recycled 100% CU-COC-81058,1084,906.0,5,727,1250,4-15900,Apr-26
4-15901,30/00/0800/010/027,PACKLINE  800 G/M² WHITE KRAFT / TKLINER  FSC mix 70% CU-COC-810587,1252,807.0,5,662,800,4-15901,Apr-26
4-15902/SHT200020,30/01/0950/064/083,PACKLINE  950 G/M² SAPINO WHITE KRAFT+WHITE PE /  TKLINER+PE FSC mix 70% CU-COC-,1272,830.0,5,891,950,4-15902|SHT200020,Apr-26
4-15904,99/51/0421/000/000,LAMINATING xd 421 G/M² UNLINED / UNLINED  FSC recycled 100% CU-COC-810587,1230,,5,0,421,4-15904,Apr-26
4-15906,30/00/0900/016/087,PACKLINE  900 G/M² WHITE TESTLINER /  TKLINER+WHITE PE-NC FSC mix 70% CU-COC-810,1184,676.0,5,793,900,4-15906,Apr-26
4-15908,30/00/0800/010/069,PACKLINE  800 G/M² WHITE KRAFT / WHITE KRAFT  WHITE PE NC FSC mix 70% CU-COC-810,810,1220.0,5,786,800,4-15908,Apr-26
4-15914,30/00/0800/027/027,PACKLINE  800 G/M² TKLINER / TKLINER  FSC recycled 100% CU-COC-810587,1290,912.0,5,649,800,4-15914,Apr-26
4-15915,30/00/0800/027/027,PACKLINE  800 G/M² TKLINER / TKLINER  FSC recycled 100% CU-COC-810587,1305,926.0,5,649,800,4-15915,Apr-26
4-15916,30/00/0900/016/087,PACKLINE  900 G/M² WHITE TESTLINER /  TKLINER+WHITE PE-NC FSC mix 70% CU-COC-810,806,1212.0,5,793,900,4-15916,Apr-26
4-15917,30/00/0800/027/027,PACKLINE  800 G/M² TKLINER / TKLINER  FSC recycled 100% CU-COC-810587,1052,618.0,5,649,800,4-15917,Apr-26
4-15918,30/12/0450/000/000,PACKLINE  450 G/M² DR UNLINED / UNLINED  FSC recycled 100% CU-COC-810587,980,720.0,5,709,450,4-15918,Apr-26
4-15920/SHT200120,30/00/0900/045/069,PACKLINE  900 G/M² MC / WHITE KRAFT  +WHITE PE NC FSC mix 70% CU-COC-810587,1280,855.0,5,800,900,4-15920|SHT200120,Apr-26
4-15923,30/00/0950/027/027,PACKLINE  950 G/M² TKLINER / TKLINER  FSC recycled 100% CU-COC-810587,1256,828.0,5,608,950,4-15923,Apr-26
4-15929/SHT200264,30/01/0950/064/083,PACKLINE  950 G/M² SAPINO WHITE KRAFT+WHITE PE /  TKLINER+PE FSC mix 70% CU-COC-,1328,1044.0,5,891,950,4-15929|SHT200264,Apr-26
4-15930/SHT201404,30/01/0950/064/083,PACKLINE  950 G/M² SAPINO WHITE KRAFT+WHITE PE /  TKLINER+PE FSC mix 70% CU-COC-,1060,1167.0,5,891,950,4-15930|SHT201404,Apr-26
4-15931/SHT200169,30/00/1250/027/087,PACKLINE 1250 G/M² TKLINER / TKLINER+WHITE PE-NC  FSC recycled 100% CU-COC-81058,1260,845.0,5,727,1250,4-15931|SHT200169,Apr-26
4-15932/SHT200531,30/00/1000/027/087,PACKLINE 1000 G/M² TKLINER / TKLINER+WHITE PE-NC  FSC recycled 100% CU-COC-81058,1456,806.0,5,730,1000,4-15932|SHT200531,Apr-26
4-15936,30/00/0900/016/087,PACKLINE  900 G/M² WHITE TESTLINER /  TKLINER+WHITE PE-NC FSC mix 70% CU-COC-810,1000,705.0,5,793,900,4-15936,Apr-26
4-15951,30/00/0750/010/027,PACKLINE  750 G/M² WHITE KRAFT / TKLINER  FSC mix 70% CU-COC-810587,1010,605.0,5,747,750,4-15951,Apr-26
4-15952,30/00/0750/027/010,PACKLINE  750 G/M² TKLINER / WHITE KRAFT  FSC mix 70% CU-COC-810587,990,595.0,5,744,750,4-15952,Apr-26
4-15953,30/00/0900/016/087,PACKLINE  900 G/M² WHITE TESTLINER /  TKLINER+WHITE PE-NC FSC mix 70% CU-COC-810,1284,970.0,5,793,900,4-15953,Apr-26
4-15959/SHT300378,30/00/0900/010/027,PACKLINE  900 G/M² WHITE KRAFT / TKLINER  FSC mix 70% CU-COC-810587,1320,820.0,5,664,900,4-15959|SHT300378,Apr-26
4-15960/SHT300377,30/00/1000/027/027,PACKLINE 1000 G/M² TKLINER / TKLINER  FSC recycled 100% CU-COC-810587,1300,810.0,5,610,1000,4-15960|SHT300377,Apr-26
4-15961,30/00/1000/027/027,PACKLINE 1000 G/M² TKLINER / TKLINER  FSC recycled 100% CU-COC-810587,798,1236.0,5,610,1000,4-15961,Apr-26
4-15964,30/01/0850/071/064,PACKLINE  850 G/M²  SAPINO BROWN KRAFT+PE /  WHITE KRAFT+WPE FSC mix 70% CU-COC-,830,1104.0,5,942,850,4-15964,Apr-26
4-15966/SHT201873,30/00/0750/045/020,PACKLINE  750 G/M² MC / BROWN KRAFT  FSC mix 70% CU-COC-810587,740,1250.0,5,758,750,4-15966|SHT201873,Apr-26
4-15967,30/00/1250/027/087,PACKLINE 1250 G/M² TKLINER / TKLINER+WHITE PE-NC  FSC recycled 100% CU-COC-81058,755,1550.0,5,727,1250,4-15967,Apr-26
4-16045,30/00/0900/027/027,PACKLINE  900 G/M² TKLINER / TKLINER  FSC recycled 100% CU-COC-810587,1095,1375.0,5,610,900,4-16045,Apr-26
4-16064,30/00/0900/010/027,PACKLINE  900 G/M² WHITE KRAFT / TKLINER  FSC mix 70% CU-COC-810587,683,1076.0,5,664,900,4-16064,Apr-26
4-16105,30/00/1000/016/087,PACKLINE 1000 G/M² WHITE TESTLINER /  TKLINER+WHITE PE-NC FSC mix 70% CU-COC-810,1212,808.0,5,763,1000,4-16105,Apr-26
4-16106,30/00/0800/027/027,PACKLINE  800 G/M² TKLINER / TKLINER  FSC recycled 100% CU-COC-810587,1040,727.0,5,649,800,4-16106,Apr-26
4-16107,30/00/0800/010/027,PACKLINE  800 G/M² WHITE KRAFT / TKLINER  FSC mix 70% CU-COC-810587,1056,737.0,5,662,800,4-16107,Apr-26
4-16108/SHT201541,30/01/0850/064/071,PACKLINE  850 G/M² SAPINO WHITE KRAFT+WHITE PE /  BROWN KRAFT+PE FSC mix 70% CU-,675,1090.0,5,942,850,4-16108|SHT201541,Apr-26
4-16109/SHT201540,30/01/0850/064/071,PACKLINE  850 G/M² SAPINO WHITE KRAFT+WHITE PE /  BROWN KRAFT+PE FSC mix 70% CU-,685,1110.0,5,942,850,4-16109|SHT201540,Apr-26
4-16110/SHT201081,30/11/0750/064/071,PACKLINE  750 G/M² SAPINO WHITE KRAFT+WHITE PE /  BROWN KRAFT+PE FSC mix 70% CU-,620,1010.0,5,993,750,4-16110|SHT201081,Apr-26
4-16111/SHT201082,30/11/0750/064/071,PACKLINE  750 G/M² SAPINO WHITE KRAFT+WHITE PE /  BROWN KRAFT+PE FSC mix 70% CU-,610,990.0,5,993,750,4-16111|SHT201082,Apr-26
4-16122SHT200112,30/01/1100/067/083,PACKLINE 1100 G/M² SAPINO WHITE TESTLINER+WHITE PE  TKLINER+PE FSC mix 70% CU-CO,1380,935.0,5,865,1100,4-16122|SHT200112,Apr-26
4-16123/SHT200113,30/01/0950/064/083,PACKLINE  950 G/M² SAPINO WHITE KRAFT+WHITE PE /  TKLINER+PE FSC mix 70% CU-COC-,1396,945.0,5,891,950,4-16123|SHT200113,Apr-26
4-16126,30/00/0700/010/020,PACKLINE  700 G/M² WHITE KRAFT / BROWN KRAFT  FSC mix 70% CU-COC-810587,1276,838.0,5,807,700,4-16126,Apr-26
4-16149/SHT200127,30/00/0900/045/069,PACKLINE  900 G/M² MC / WHITE KRAFT  +WHITE PE NC FSC mix 70% CU-COC-810587,1170,944.0,5,800,900,4-16149|SHT200127,Apr-26
4-16159,30/00/1250/027/027,PACKLINE 1250 G/M² TKLINER / TKLINER  FSC recycled 100% CU-COC-810587,748,867.0,5,626,1250,4-16159,Apr-26
4-16161,30/00/0950/027/027,PACKLINE  950 G/M² TKLINER / TKLINER  FSC recycled 100% CU-COC-810587,1310,866.0,5,608,950,4-16161,Apr-26
4-16167,30/00/1000/010/027,PACKLINE 1000 G/M² WHITE KRAFT / TKLINER  FSC mix 70% CU-COC-810587,980,850.0,5,664,1000,4-16167,Apr-26
4-16167/SHT201986,30/00/1000/010/027,PACKLINE 1000 G/M² WHITE KRAFT / TKLINER  FSC mix 70% CU-COC-810587,980,850.0,5,664,1000,4-16167|SHT201986,Apr-26
4-16168/SHT222228,30/00/0900/045/069,PACKLINE  900 G/M² MC / WHITE KRAFT  +WHITE PE NC FSC mix 70% CU-COC-810587,1190,695.0,5,800,900,4-16168|SHT222228,Apr-26
4-16174,30/00/0900/027/087,PACKLINE  900 G/M² TKLINER / TKLINER+WHITE PE-NC  FSC recycled 100% CU-COC-81058,1164,666.0,5,746,900,4-16174,Apr-26
4-16175/SHT300008,30/00/0900/016/087,PACKLINE  900 G/M² WHITE TESTLINER /  TKLINER+WHITE PE-NC FSC mix 70% CU-COC-810,1170,670.0,5,793,900,4-16175|SHT300008,Apr-26
4-16180,99/80/0294/000/000,LAMINATING xd 294 G/M² SAPINO UNLINED / UNLINED  FSC recycled 100% CU-COC-810587,1430,,5,0,294,4-16180,Apr-26
4-16239,30/00/1000/027/027,PACKLINE 1000 G/M² TKLINER / TKLINER  FSC recycled 100% CU-COC-810587,1026,919.0,5,610,1000,4-16239,Apr-26
4-16239/SHT200014,30/00/1000/027/027,PACKLINE 1000 G/M² TKLINER / TKLINER  FSC recycled 100% CU-COC-810587,1026,919.0,5,610,1000,4-16239|SHT200014,Apr-26
4-16240/SHT201110,30/00/0950/027/027,PACKLINE  950 G/M² TKLINER / TKLINER  FSC recycled 100% CU-COC-810587,1216,760.0,5,608,950,4-16240|SHT201110,Apr-26
4-16241/SHT201247,30/00/1250/027/087,PACKLINE 1250 G/M² TKLINER / TKLINER+WHITE PE-NC  FSC recycled 100% CU-COC-81058,1024,922.0,5,727,1250,4-16241|SHT201247,Apr-26
4-16435,30/00/0800/010/027,PACKLINE  800 G/M² WHITE KRAFT / TKLINER  FSC mix 70% CU-COC-810587,1332,867.0,5,662,800,4-16435,Apr-26
4-16550/SHT202024,30/01/0850/071/064,PACKLINE  850 G/M²  SAPINO BROWN KRAFT+PE /  WHITE KRAFT+WPE FSC mix 70% CU-COC-,1164,598.0,5,942,850,4-16550|SHT202024,Apr-26
4-16551/SHT202026,30/11/0750/064/071,PACKLINE  750 G/M² SAPINO WHITE KRAFT+WHITE PE /  BROWN KRAFT+PE FSC mix 70% CU-,1179,603.0,5,993,750,4-16551|SHT202026,Apr-26
4-16559,30/00/1050/010/027,PACKLINE 1050 G/M² WHITE KRAFT / TKLINER  FSC mix 70% CU-COC-810587,1000,770.0,5,664,1050,4-16559,Apr-26
4-16663/SHT201142,30/00/0700/010/010,PACKLINE  700 G/M² WHITE KRAFT / WHITE KRAFT  FSC mix 70% CU-COC-810587,733,1030.0,5,822,700,4-16663|SHT201142,Apr-26
4-16666,30/00/0750/010/020,PACKLINE  750 G/M² WHITE KRAFT / BROWN KRAFT  FSC mix 70% CU-COC-810587,1056,728.0,5,703,750,4-16666,Apr-26
4-16666/SHT202031,30/00/0750/010/020,PACKLINE  750 G/M² WHITE KRAFT / BROWN KRAFT  FSC mix 70% CU-COC-810587,1056,728.0,5,703,750,4-16666|SHT202031,Apr-26
4-16667,30/00/0800/020/020,PACKLINE  800 G/M² BROWN KRAFT / BROWN KRAFT  FSC mix 70% CU-COC-810587,1036,718.0,5,699,800,4-16667,Apr-26
4-16667/SHT202030,30/00/0800/020/020,PACKLINE  800 G/M² BROWN KRAFT / BROWN KRAFT  FSC mix 70% CU-COC-810587,1036,718.0,5,699,800,4-16667|SHT202030,Apr-26
4-16671/SHT202043,30/01/0850/064/071,PACKLINE  850 G/M² SAPINO WHITE KRAFT+WHITE PE /  BROWN KRAFT+PE FSC mix 70% CU-,600,930.0,5,942,850,4-16671|SHT202043,Apr-26
4-16672,30/01/0950/080/067,PACKLINE  950 G/M² SAPINO KRAFTLINER+PE /   WHITE TESTL.+WHITE  PE FSC mix 70% C,582,890.0,5,978,950,4-16672,Apr-26
4-16777,99/51/0500/000/000,LAMINATING xd 500 G/M² UNLINED / UNLINED  FSC recycled 100% CU-COC-810587,1050,,5,0,500,4-16777,Apr-26
4-16784,30/00/0750/027/010,PACKLINE  750 G/M² TKLINER / WHITE KRAFT  FSC mix 70% CU-COC-810587,480,770.0,5,744,750,4-16784,Apr-26
4-16785,30/00/0750/010/027,PACKLINE  750 G/M² WHITE KRAFT / TKLINER  FSC mix 70% CU-COC-810587,490,786.0,5,747,750,4-16785,Apr-26
4-16788/SHT201543,30/11/0750/064/071,PACKLINE  750 G/M² SAPINO WHITE KRAFT+WHITE PE /  BROWN KRAFT+PE FSC mix 70% CU-,1000,845.0,5,993,750,4-16788|SHT201543,Apr-26
4-16789/SHT201542,30/01/0850/071/064,PACKLINE  850 G/M²  SAPINO BROWN KRAFT+PE /  WHITE KRAFT+WPE FSC mix 70% CU-COC-,980,825.0,5,942,850,4-16789|SHT201542,Apr-26
4-16790/SHT202014,30/01/1100/067/083,PACKLINE 1100 G/M² SAPINO WHITE TESTLINER+WHITE PE  TKLINER+PE FSC mix 70% CU-CO,1068,815.0,5,865,1100,4-16790|SHT202014,Apr-26
4-16793/SHT200319,30/00/1200/027/027,PACKLINE 1200 G/M² TKLINER / TKLINER  FSC recycled 100% CU-COC-810587,1000,803.0,5,623,1200,4-16793|SHT200319,Apr-26
4-16794/SHT200114,30/00/1000/020/020,PACKLINE 1000 G/M² BROWN KRAFT / BROWN KRAFT  FSC mix 70% CU-COC-810587,1410,922.0,5,781,1000,4-16794|SHT200114,Apr-26
4-16795/SHT300002,30/00/1000/017/087,PACKLINE 1000 G/M² WHITE KRAFTLINER /  TKLINER+WHITE PE-NC FSC mix 70% CU-COC-81,1380,890.0,5,780,1000,4-16795|SHT300002,Apr-26
4-16796/SHT300003,30/00/1000/027/087,PACKLINE 1000 G/M² TKLINER / TKLINER+WHITE PE-NC  FSC recycled 100% CU-COC-81058,1360,880.0,5,730,1000,4-16796|SHT300003,Apr-26
4-16797/SHT300005,30/00/1250/027/087,PACKLINE 1250 G/M² TKLINER / TKLINER+WHITE PE-NC  FSC recycled 100% CU-COC-81058,1360,880.0,5,727,1250,4-16797|SHT300005,Apr-26
4-16798/SHT300007,30/00/1000/028/087,PACKLINE 1000 G/M² KRAFTLINER /  TKLINER+WHITE PE-NC FSC mix 70% CU-COC-810587,1360,880.0,5,794,1000,4-16798|SHT300007,Apr-26
4-16799,30/00/1000/027/027,PACKLINE 1000 G/M² TKLINER / TKLINER  FSC recycled 100% CU-COC-810587,990,905.0,5,610,1000,4-16799,Apr-26
4-16799/SHT201982,30/00/1000/027/027,PACKLINE 1000 G/M² TKLINER / TKLINER  FSC recycled 100% CU-COC-810587,990,905.0,5,610,1000,4-16799|SHT201982,Apr-26
4-16800/SHT300010,30/01/0950/080/067,PACKLINE  950 G/M² SAPINO KRAFTLINER+PE /   WHITE TESTL.+WHITE  PE FSC mix 70% C,1092,696.0,5,978,950,4-16800|SHT300010,Apr-26
4-16801/SHT300011,30/11/0750/064/071,PACKLINE  750 G/M² SAPINO WHITE KRAFT+WHITE PE /  BROWN KRAFT+PE FSC mix 70% CU-,1108,704.0,5,993,750,4-16801|SHT300011,Apr-26
4-16802/SHT201228,30/01/1100/067/083,PACKLINE 1100 G/M² SAPINO WHITE TESTLINER+WHITE PE  TKLINER+PE FSC mix 70% CU-CO,718,990.0,5,865,1100,4-16802|SHT201228,Apr-26
4-16803,30/00/0950/027/027,PACKLINE  950 G/M² TKLINER / TKLINER  FSC recycled 100% CU-COC-810587,655,856.0,5,608,950,4-16803,Apr-26
4-16805,30/00/1250/016/027,PACKLINE 1250 G/M² WHITE TESTLINER / TKLINER  FSC mix 70% CU-COC-810587,1180,770.0,5,662,1250,4-16805,Apr-26
4-16826,30/00/0900/027/027,PACKLINE  900 G/M² TKLINER / TKLINER  FSC recycled 100% CU-COC-810587,991,892.0,5,610,900,4-16826,Apr-26
4-16826/SHT200013,30/00/0900/027/027,PACKLINE  900 G/M² TKLINER / TKLINER  FSC recycled 100% CU-COC-810587,991,892.0,5,610,900,4-16826|SHT200013,Apr-26
4-16827,30/00/0800/027/027,PACKLINE  800 G/M² TKLINER / TKLINER  FSC recycled 100% CU-COC-810587,1054,691.0,5,649,800,4-16827,Apr-26
4-16834,30/00/1000/027/087,PACKLINE 1000 G/M² TKLINER / TKLINER+WHITE PE-NC  FSC recycled 100% CU-COC-81058,1186,712.0,5,730,1000,4-16834,Apr-26
4-16837,30/00/1200/027/027,PACKLINE 1200 G/M² TKLINER / TKLINER  FSC recycled 100% CU-COC-810587,645,755.0,5,623,1200,4-16837,Apr-26
4-16844,30/00/0600/010/020,PACKLINE  600 G/M² WHITE KRAFT / BROWN KRAFT  FSC mix 70% CU-COC-810587,1054,691.0,5,838,600,4-16844,Apr-26
4-16845,30/00/0600/020/020,PACKLINE  600 G/M² BROWN KRAFT / BROWN KRAFT  FSC mix 70% CU-COC-810587,1054,691.0,5,835,600,4-16845,Apr-26
4-16862 SHT300004,30/00/0800/010/069,PACKLINE  800 G/M² WHITE KRAFT / WHITE KRAFT  WHITE PE NC FSC mix 70% CU-COC-810,1380,890.0,5,786,800,4-16862|SHT300004,Apr-26
4-16864,30/00/0700/010/020,PACKLINE  700 G/M² WHITE KRAFT / BROWN KRAFT  FSC mix 70% CU-COC-810587,1012,707.0,5,807,700,4-16864,Apr-26
4-16897,30/00/0600/020/020,PACKLINE  600 G/M² BROWN KRAFT / BROWN KRAFT  FSC mix 70% CU-COC-810587,1044,683.0,5,835,600,4-16897,Apr-26
4-16928/SHT200033/A,30/01/1100/067/083,PACKLINE 1100 G/M² SAPINO WHITE TESTLINER+WHITE PE  TKLINER+PE FSC mix 70% CU-CO,1024,922.0,5,865,1100,4-16928|SHT200033/A|SHT200033,Apr-26
4-16939,30/12/0450/000/000,PACKLINE  450 G/M² DR UNLINED / UNLINED  FSC recycled 100% CU-COC-810587,1090,720.0,5,709,450,4-16939,Apr-26
4-16960,30/00/0850/027/027,PACKLINE  850 G/M² TKLINER / TKLINER  FSC recycled 100% CU-COC-810587,1250,840.0,5,625,850,4-16960,Apr-26
4-16961,30/00/0750/010/027,PACKLINE  750 G/M² WHITE KRAFT / TKLINER  FSC mix 70% CU-COC-810587,1250,840.0,5,747,750,4-16961,Apr-26
4-16971,30/00/1000/010/027,PACKLINE 1000 G/M² WHITE KRAFT / TKLINER  FSC mix 70% CU-COC-810587,1252,807.0,5,664,1000,4-16971,Apr-26
4-16971 Corby item,30/00/1000/010/027,PACKLINE 1000 G/M² WHITE KRAFT / TKLINER  FSC mix 70% CU-COC-810587,1252,826.0,5,664,1000,4-16971,Apr-26
4-16973,30/00/1300/028/028,PACKLINE 1300 G/M²  KRAFTLINER / KRAFTLINER FSC mix 70% CU-COC-810587,775,1160.0,5,726,1300,4-16973,Apr-26
4-16996,30/00/1050/027/027,PACKLINE 1050 G/M² TKLINER / TKLINER  FSC recycled 100% CU-COC-810587,1090,665.0,5,615,1050,4-16996,Apr-26
4-16997,30/00/0900/010/027,PACKLINE  900 G/M² WHITE KRAFT / TKLINER  FSC mix 70% CU-COC-810587,675,1110.0,5,664,900,4-16997,Apr-26
4-17008,30/00/1100/017/087,PACKLINE 1100 G/M² WHITE KRAFTLINER /  TKLINER+WHITE PE-NC FSC mix 70% CU-COC-81,1360,876.0,5,817,1100,4-17008,Apr-26
4-17049,30/00/0900/027/010,PACKLINE  900 G/M² TKLINER / WHITE KRAFT  FSC mix 70% CU-COC-810587,1220,810.0,5,664,900,4-17049,Apr-26
4-17050,30/00/0750/010/027,PACKLINE  750 G/M² WHITE KRAFT / TKLINER  FSC mix 70% CU-COC-810587,1240,818.0,5,747,750,4-17050,Apr-26
4-17054,30/00/1000/016/087,PACKLINE 1000 G/M² WHITE TESTLINER /  TKLINER+WHITE PE-NC FSC mix 70% CU-COC-810,885,1380.0,5,763,1000,4-17054,Apr-26
4-17093,30/00/0800/010/069,PACKLINE  800 G/M² WHITE KRAFT / WHITE KRAFT  WHITE PE NC FSC mix 70% CU-COC-810,1200,1000.0,5,786,800,4-17093,Apr-26
4-17112,30/00/1000/027/027,PACKLINE 1000 G/M² TKLINER / TKLINER  FSC recycled 100% CU-COC-810587,1120,775.0,5,610,1000,4-17112,Apr-26
4-17113,30/00/0850/010/027,PACKLINE  850 G/M² WHITE KRAFT / TKLINER  FSC mix 70% CU-COC-810587,1134,783.0,5,647,850,4-17113,Apr-26
4-17126,30/00/1000/027/087,PACKLINE 1000 G/M² TKLINER / TKLINER+WHITE PE-NC  FSC recycled 100% CU-COC-81058,1298,808.0,5,730,1000,4-17126,Apr-26
803X1290/1000GSM,30/00/1000/027/027,PACKLINE 1000 G/M² TKLINER / TKLINER  FSC recycled 100% CU-COC-810587,1290,803.0,5,610,1000,,Apr-26
Preston 500grs/1060,99/44/0500/000/000,LAMINATING 500 G/M² UNLINED / UNLINED  FSC recycled 100% CU-COC-810587,1060,,5,0,500,,Apr-26
Preston 500grs/780,99/44/0500/000/000,LAMINATING 500 G/M² UNLINED / UNLINED  FSC recycled 100% CU-COC-810587,780,,5,0,500,,Apr-26
Preston 600grs/930,99/44/0600/000/000,LAMINATING 600 G/M² UNLINED / UNLINED  FSC recycled 100% CU-COC-810587,930,,5,0,600,,Apr-26
Preston 600grs/964,99/44/0600/000/000,LAMINATING 600 G/M² UNLINED / UNLINED  FSC recycled 100% CU-COC-810587,964,,5,0,600,,Apr-26
4-00144,30/00/1000/028/087,PACKLINE 1000 G/M² KRAFTLINER /  TKLINER+WHITE PE-NC FSC mix 70% CU-COC-810587,1000,1000.0,5,794,1000,4-00144,Apr-26
4-00220,30/00/1200/027/027,PACKLINE 1200 G/M² TKLINER / TKLINER  FSC recycled 100% CU-COC-810587,1000,1000.0,5,623,1200,4-00220,Apr-26
4-00736,30/00/1000/027/027,PACKLINE 1000 G/M² TKLINER / TKLINER  FSC recycled 100% CU-COC-810587,1300,850.0,5,610,1000,4-00736,Apr-26
4-00825,30/00/0850/010/027,PACKLINE  850 G/M² WHITE KRAFT / TKLINER  FSC mix 70% CU-COC-810587,629,984.0,5,647,850,4-00825,Apr-26
4-01042,30/00/0950/027/010,PACKLINE  950 G/M² TKLINER / WHITE KRAFT  FSC mix 70% CU-COC-810587,629,984.0,5,662,950,4-01042,Apr-26
4-01052,30/01/0950/064/083,PACKLINE  950 G/M² SAPINO WHITE KRAFT+WHITE PE /  TKLINER+PE FSC mix 70% CU-COC-,555,780.0,5,891,950,4-01052,Apr-26
4-01062,30/01/0950/064/083,PACKLINE  950 G/M² SAPINO WHITE KRAFT+WHITE PE /  TKLINER+PE FSC mix 70% CU-COC-,686,916.0,5,891,950,4-01062,Apr-26
4-01076,30/01/0950/064/083,PACKLINE  950 G/M² SAPINO WHITE KRAFT+WHITE PE /  TKLINER+PE FSC mix 70% CU-COC-,745,1010.0,5,891,950,4-01076,Apr-26
4-01077,30/01/0950/064/083,PACKLINE  950 G/M² SAPINO WHITE KRAFT+WHITE PE /  TKLINER+PE FSC mix 70% CU-COC-,754,1028.0,5,891,950,4-01077,Apr-26
4-01181,30/00/1000/027/027,PACKLINE 1000 G/M² TKLINER / TKLINER  FSC recycled 100% CU-COC-810587,1300,810.0,5,610,1000,4-01181,Apr-26
4-01224,30/00/1050/027/027,PACKLINE 1050 G/M² TKLINER / TKLINER  FSC recycled 100% CU-COC-810587,880,1360.0,5,615,1050,4-01224,Apr-26
4-01279,30/00/1100/027/027,PACKLINE 1100 G/M² TKLINER / TKLINER  FSC recycled 100% CU-COC-810587,805,1410.0,5,616,1100,4-01279,Apr-26
4-01289,30/00/1000/028/087,PACKLINE 1000 G/M² KRAFTLINER /  TKLINER+WHITE PE-NC FSC mix 70% CU-COC-810587,680,1060.0,5,794,1000,4-01289,Apr-26
4-01295,30/00/1200/027/027,PACKLINE 1200 G/M² TKLINER / TKLINER  FSC recycled 100% CU-COC-810587,780,1340.0,5,623,1200,4-01295,Apr-26
4-01297,30/00/1200/027/027,PACKLINE 1200 G/M² TKLINER / TKLINER  FSC recycled 100% CU-COC-810587,880,1360.0,5,623,1200,4-01297,Apr-26
4-01920,30/11/0750/064/071,PACKLINE  750 G/M² SAPINO WHITE KRAFT+WHITE PE /  BROWN KRAFT+PE FSC mix 70% CU-,1000,1000.0,5,993,750,4-01920,Apr-26
4-02014,30/00/0750/010/020,PACKLINE  750 G/M² WHITE KRAFT / BROWN KRAFT  FSC mix 70% CU-COC-810587,718,1120.0,5,703,750,4-02014,Apr-26
4-02015,30/00/1000/027/027,PACKLINE 1000 G/M² TKLINER / TKLINER  FSC recycled 100% CU-COC-810587,710,1110.0,5,610,1000,4-02015,Apr-26
4-02206,30/00/0800/010/027,PACKLINE  800 G/M² WHITE KRAFT / TKLINER  FSC mix 70% CU-COC-810587,850,1294.0,5,662,800,4-02206,Apr-26
4-02632,30/00/0800/010/027,PACKLINE  800 G/M² WHITE KRAFT / TKLINER  FSC mix 70% CU-COC-810587,820,1320.0,5,662,800,4-02632,Apr-26
4-02730,30/01/0800/064/064,PACKLINE  800 G/M² SAPINO WHITE KRAFT+WHITE PE /  WHITE KRAFT+WHITE PE FSC mix 7,1000,1000.0,5,991,800,4-02730,Apr-26
4-02909,30/00/0900/027/027,PACKLINE  900 G/M² TKLINER / TKLINER  FSC recycled 100% CU-COC-810587,1260,830.0,5,610,900,4-02909,Apr-26
4-03043,30/00/0850/027/027,PACKLINE  850 G/M² TKLINER / TKLINER  FSC recycled 100% CU-COC-810587,1100,750.0,5,625,850,4-03043,Apr-26
4-03614,30/00/1250/027/027,PACKLINE 1250 G/M² TKLINER / TKLINER  FSC recycled 100% CU-COC-810587,1000,1000.0,5,626,1250,4-03614,Apr-26
4-03959,30/00/0850/010/027,PACKLINE  850 G/M² WHITE KRAFT / TKLINER  FSC mix 70% CU-COC-810587,683,1064.0,5,647,850,4-03959,Apr-26
4-05162,30/00/1200/027/027,PACKLINE 1200 G/M² TKLINER / TKLINER  FSC recycled 100% CU-COC-810587,1300,1100.0,5,623,1200,4-05162,Apr-26
4-05426,30/00/1000/027/027,PACKLINE 1000 G/M² TKLINER / TKLINER  FSC recycled 100% CU-COC-810587,880,1360.0,5,610,1000,4-05426,Apr-26
4-05444,30/00/0750/010/020,PACKLINE  750 G/M² WHITE KRAFT / BROWN KRAFT  FSC mix 70% CU-COC-810587,1010,605.0,5,703,750,4-05444,Apr-26
4-05478,30/00/1000/028/087,PACKLINE 1000 G/M² KRAFTLINER /  TKLINER+WHITE PE-NC FSC mix 70% CU-COC-810587,1192,870.0,5,794,1000,4-05478,Apr-26
4-05796,30/00/0750/010/020,PACKLINE  750 G/M² WHITE KRAFT / BROWN KRAFT  FSC mix 70% CU-COC-810587,657,990.0,5,703,750,4-05796,Apr-26
4-05958,30/00/1000/010/027,PACKLINE 1000 G/M² WHITE KRAFT / TKLINER  FSC mix 70% CU-COC-810587,750,950.0,5,664,1000,4-05958,Apr-26
4-06032,30/01/0950/064/083,PACKLINE  950 G/M² SAPINO WHITE KRAFT+WHITE PE /  TKLINER+PE FSC mix 70% CU-COC-,590,830.0,5,891,950,4-06032,Apr-26
4-06216,30/00/1000/028/087,PACKLINE 1000 G/M² KRAFTLINER /  TKLINER+WHITE PE-NC FSC mix 70% CU-COC-810587,680,1060.0,5,794,1000,4-06216,Apr-26
4-06254,30/00/1000/016/087,PACKLINE 1000 G/M² WHITE TESTLINER /  TKLINER+WHITE PE-NC FSC mix 70% CU-COC-810,686,886.0,5,763,1000,4-06254,Apr-26
4-06292,30/00/1050/027/010,PACKLINE 1050 G/M² TKLINER / WHITE KRAFT  FSC mix 70% CU-COC-810587,1000,1000.0,5,670,1050,4-06292,Apr-26
4-06344,30/00/0850/027/027,PACKLINE  850 G/M² TKLINER / TKLINER  FSC recycled 100% CU-COC-810587,1086,740.0,5,625,850,4-06344,Apr-26
4-06351,30/00/1000/010/027,PACKLINE 1000 G/M² WHITE KRAFT / TKLINER  FSC mix 70% CU-COC-810587,1192,870.0,5,664,1000,4-06351,Apr-26
4-06429,30/00/1000/016/087,PACKLINE 1000 G/M² WHITE TESTLINER /  TKLINER+WHITE PE-NC FSC mix 70% CU-COC-810,886,1372.0,5,763,1000,4-06429,Apr-26
4-06491,30/00/1150/016/027,PACKLINE 1150 G/M² WHITE TESTLINER / TKLINER  FSC mix 70% CU-COC-810587,1000,1000.0,5,655,1150,4-06491,Apr-26
4-06506,30/01/0950/064/083,PACKLINE  950 G/M² SAPINO WHITE KRAFT+WHITE PE /  TKLINER+PE FSC mix 70% CU-COC-,1030,795.0,5,891,950,4-06506,Apr-26
4-06589,30/00/1150/016/027,PACKLINE 1150 G/M² WHITE TESTLINER / TKLINER  FSC mix 70% CU-COC-810587,1152,690.0,5,655,1150,4-06589,Apr-26
4-06597,30/00/0900/027/027,PACKLINE  900 G/M² TKLINER / TKLINER  FSC recycled 100% CU-COC-810587,1090,780.0,5,610,900,4-06597,Apr-26
4-06662,30/01/1100/067/083,PACKLINE 1100 G/M² SAPINO WHITE TESTLINER+WHITE PE  TKLINER+PE FSC mix 70% CU-CO,1000,1000.0,5,865,1100,4-06662,Apr-26
4-06722,30/00/1000/028/087,PACKLINE 1000 G/M² KRAFTLINER /  TKLINER+WHITE PE-NC FSC mix 70% CU-COC-810587,1350,1190.0,5,794,1000,4-06722,Apr-26
4-06789,30/00/0950/027/027,PACKLINE  950 G/M² TKLINER / TKLINER  FSC recycled 100% CU-COC-810587,1320,860.0,5,608,950,4-06789,Apr-26
4-07065,30/01/0950/064/083,PACKLINE  950 G/M² SAPINO WHITE KRAFT+WHITE PE /  TKLINER+PE FSC mix 70% CU-COC-,960,760.0,5,891,950,4-07065,Apr-26
4-07074,30/00/0900/027/027,PACKLINE  900 G/M² TKLINER / TKLINER  FSC recycled 100% CU-COC-810587,1292,847.0,5,610,900,4-07074,Apr-26
4-07085,30/00/1000/028/087,PACKLINE 1000 G/M² KRAFTLINER /  TKLINER+WHITE PE-NC FSC mix 70% CU-COC-810587,1240,820.0,5,794,1000,4-07085,Apr-26
4-07104,30/01/0950/064/083,PACKLINE  950 G/M² SAPINO WHITE KRAFT+WHITE PE /  TKLINER+PE FSC mix 70% CU-COC-,1110,955.0,5,891,950,4-07104,Apr-26
4-07110,30/00/0850/010/027,PACKLINE  850 G/M² WHITE KRAFT / TKLINER  FSC mix 70% CU-COC-810587,808,628.0,5,647,850,4-07110,Apr-26
4-07115,30/00/1000/028/087,PACKLINE 1000 G/M² KRAFTLINER /  TKLINER+WHITE PE-NC FSC mix 70% CU-COC-810587,820,1240.0,5,794,1000,4-07115,Apr-26
4-07122,30/00/1000/028/087,PACKLINE 1000 G/M² KRAFTLINER /  TKLINER+WHITE PE-NC FSC mix 70% CU-COC-810587,1240,1270.0,5,794,1000,4-07122,Apr-26
4-07141,30/00/1200/027/027,PACKLINE 1200 G/M² TKLINER / TKLINER  FSC recycled 100% CU-COC-810587,1325,1065.0,5,623,1200,4-07141,Apr-26
4-07145,30/01/0950/064/083,PACKLINE  950 G/M² SAPINO WHITE KRAFT+WHITE PE /  TKLINER+PE FSC mix 70% CU-COC-,1072,726.0,5,891,950,4-07145,Apr-26
4-07148,30/01/0950/064/083,PACKLINE  950 G/M² SAPINO WHITE KRAFT+WHITE PE /  TKLINER+PE FSC mix 70% CU-COC-,1160,810.0,5,891,950,4-07148,Apr-26
4-07157,30/00/1200/027/027,PACKLINE 1200 G/M² TKLINER / TKLINER  FSC recycled 100% CU-COC-810587,1000,1275.0,5,623,1200,4-07157,Apr-26
4-07251,30/00/1100/027/027,PACKLINE 1100 G/M² TKLINER / TKLINER  FSC recycled 100% CU-COC-810587,725,800.0,5,616,1100,4-07251,Apr-26
4-07361,30/01/0950/064/083,PACKLINE  950 G/M² SAPINO WHITE KRAFT+WHITE PE /  TKLINER+PE FSC mix 70% CU-COC-,980,779.0,5,891,950,4-07361,Apr-26
4-07551,30/00/0800/010/027,PACKLINE  800 G/M² WHITE KRAFT / TKLINER  FSC mix 70% CU-COC-810587,1216,751.0,5,662,800,4-07551,Apr-26
4-07589,30/00/1200/027/027,PACKLINE 1200 G/M² TKLINER / TKLINER  FSC recycled 100% CU-COC-810587,1065,1325.0,5,623,1200,4-07589,Apr-26
4-07680,30/00/1200/027/027,PACKLINE 1200 G/M² TKLINER / TKLINER  FSC recycled 100% CU-COC-810587,1360,880.0,5,623,1200,4-07680,Apr-26
4-07723,30/01/1100/067/083,PACKLINE 1100 G/M² SAPINO WHITE TESTLINER+WHITE PE  TKLINER+PE FSC mix 70% CU-CO,745,1080.0,5,865,1100,4-07723,Apr-26
4-07895,30/01/0950/064/083,PACKLINE  950 G/M² SAPINO WHITE KRAFT+WHITE PE /  TKLINER+PE FSC mix 70% CU-COC-,795,1030.0,5,891,950,4-07895,Apr-26
4-07914,30/00/1000/028/087,PACKLINE 1000 G/M² KRAFTLINER /  TKLINER+WHITE PE-NC FSC mix 70% CU-COC-810587,1160,1215.0,5,794,1000,4-07914,Apr-26
4-07919,30/00/1000/028/087,PACKLINE 1000 G/M² KRAFTLINER /  TKLINER+WHITE PE-NC FSC mix 70% CU-COC-810587,1160,1390.0,5,794,1000,4-07919,Apr-26
4-07926,30/01/0950/064/083,PACKLINE  950 G/M² SAPINO WHITE KRAFT+WHITE PE /  TKLINER+PE FSC mix 70% CU-COC-,1220,895.0,5,891,950,4-07926,Apr-26
4-07930,30/01/1100/067/083,PACKLINE 1100 G/M² SAPINO WHITE TESTLINER+WHITE PE  TKLINER+PE FSC mix 70% CU-CO,593,984.0,5,865,1100,4-07930,Apr-26
4-08009,30/01/1100/067/083,PACKLINE 1100 G/M² SAPINO WHITE TESTLINER+WHITE PE  TKLINER+PE FSC mix 70% CU-CO,1090,1012.0,5,865,1100,4-08009,Apr-26
4-08047,30/01/0950/064/083,PACKLINE  950 G/M² SAPINO WHITE KRAFT+WHITE PE /  TKLINER+PE FSC mix 70% CU-COC-,779,980.0,5,891,950,4-08047,Apr-26
4-08048,30/01/0950/064/083,PACKLINE  950 G/M² SAPINO WHITE KRAFT+WHITE PE /  TKLINER+PE FSC mix 70% CU-COC-,760,960.0,5,891,950,4-08048,Apr-26
4-08144,30/00/1000/027/010,PACKLINE 1000 G/M² TKLINER / WHITE KRAFT  FSC mix 70% CU-COC-810587,745,1210.0,5,664,1000,4-08144,Apr-26
4-08192,30/00/1000/010/027,PACKLINE 1000 G/M² WHITE KRAFT / TKLINER  FSC mix 70% CU-COC-810587,1360,878.0,5,664,1000,4-08192,Apr-26
4-08212,30/00/1000/027/027,PACKLINE 1000 G/M² TKLINER / TKLINER  FSC recycled 100% CU-COC-810587,1000,1200.0,5,610,1000,4-08212,Apr-26
4-08242,30/00/1000/010/027,PACKLINE 1000 G/M² WHITE KRAFT / TKLINER  FSC mix 70% CU-COC-810587,810,1420.0,5,664,1000,4-08242,Apr-26
4-08249,30/01/0950/064/083,PACKLINE  950 G/M² SAPINO WHITE KRAFT+WHITE PE /  TKLINER+PE FSC mix 70% CU-COC-,811,1078.0,5,891,950,4-08249,Apr-26
4-08255,30/01/0950/064/083,PACKLINE  950 G/M² SAPINO WHITE KRAFT+WHITE PE /  TKLINER+PE FSC mix 70% CU-COC-,1120,650.0,5,891,950,4-08255,Apr-26
4-08256,30/01/0950/064/083,PACKLINE  950 G/M² SAPINO WHITE KRAFT+WHITE PE /  TKLINER+PE FSC mix 70% CU-COC-,1100,640.0,5,891,950,4-08256,Apr-26
4-08267,30/01/1100/067/083,PACKLINE 1100 G/M² SAPINO WHITE TESTLINER+WHITE PE  TKLINER+PE FSC mix 70% CU-CO,705,1010.0,5,865,1100,4-08267,Apr-26
4-08273,30/01/1100/067/083,PACKLINE 1100 G/M² SAPINO WHITE TESTLINER+WHITE PE  TKLINER+PE FSC mix 70% CU-CO,1096,756.0,5,865,1100,4-08273,Apr-26
4-08280,30/01/0950/064/083,PACKLINE  950 G/M² SAPINO WHITE KRAFT+WHITE PE /  TKLINER+PE FSC mix 70% CU-COC-,700,960.0,5,891,950,4-08280,Apr-26
4-08282,30/00/0900/010/027,PACKLINE  900 G/M² WHITE KRAFT / TKLINER  FSC mix 70% CU-COC-810587,605,827.0,5,664,900,4-08282,Apr-26
4-08290,30/00/0700/010/020,PACKLINE  700 G/M² WHITE KRAFT / BROWN KRAFT  FSC mix 70% CU-COC-810587,762,650.0,5,807,700,4-08290,Apr-26
4-08371,30/00/0750/020/020,PACKLINE  750 G/M² BROWN KRAFT / BROWN KRAFT  FSC mix 70% CU-COC-810587,1048,690.0,5,703,750,4-08371,Apr-26
4-08382,30/01/0950/064/083,PACKLINE  950 G/M² SAPINO WHITE KRAFT+WHITE PE /  TKLINER+PE FSC mix 70% CU-COC-,1171,831.0,5,891,950,4-08382,Apr-26
4-08384,30/00/1000/028/087,PACKLINE 1000 G/M² KRAFTLINER /  TKLINER+WHITE PE-NC FSC mix 70% CU-COC-810587,1230,1440.0,5,794,1000,4-08384,Apr-26
4-08528,30/00/0750/010/027,PACKLINE  750 G/M² WHITE KRAFT / TKLINER  FSC mix 70% CU-COC-810587,988,594.0,5,747,750,4-08528,Apr-26
4-08528 LG,30/00/0750/010/027,PACKLINE  750 G/M² WHITE KRAFT / TKLINER  FSC mix 70% CU-COC-810587,594,988.0,5,747,750,4-08528,Apr-26
4-08554,30/00/1000/028/087,PACKLINE 1000 G/M² KRAFTLINER /  TKLINER+WHITE PE-NC FSC mix 70% CU-COC-810587,985,1355.0,5,794,1000,4-08554,Apr-26
4-08585,30/00/1000/028/087,PACKLINE 1000 G/M² KRAFTLINER /  TKLINER+WHITE PE-NC FSC mix 70% CU-COC-810587,1355,985.0,5,794,1000,4-08585,Apr-26
4-08586,30/00/1000/028/087,PACKLINE 1000 G/M² KRAFTLINER /  TKLINER+WHITE PE-NC FSC mix 70% CU-COC-810587,1386,985.0,5,794,1000,4-08586,Apr-26
4-08587,30/00/1000/028/087,PACKLINE 1000 G/M² KRAFTLINER /  TKLINER+WHITE PE-NC FSC mix 70% CU-COC-810587,1185,1385.0,5,794,1000,4-08587,Apr-26
4-08588,30/00/1000/028/087,PACKLINE 1000 G/M² KRAFTLINER /  TKLINER+WHITE PE-NC FSC mix 70% CU-COC-810587,988,1220.0,5,794,1000,4-08588,Apr-26
4-08589,30/00/1000/028/087,PACKLINE 1000 G/M² KRAFTLINER /  TKLINER+WHITE PE-NC FSC mix 70% CU-COC-810587,970,1330.0,5,794,1000,4-08589,Apr-26
4-08590,30/00/1000/028/087,PACKLINE 1000 G/M² KRAFTLINER /  TKLINER+WHITE PE-NC FSC mix 70% CU-COC-810587,1215,1190.0,5,794,1000,4-08590,Apr-26
4-08591,30/00/1000/028/087,PACKLINE 1000 G/M² KRAFTLINER /  TKLINER+WHITE PE-NC FSC mix 70% CU-COC-810587,1137,1276.0,5,794,1000,4-08591,Apr-26
4-08592,30/00/1000/028/087,PACKLINE 1000 G/M² KRAFTLINER /  TKLINER+WHITE PE-NC FSC mix 70% CU-COC-810587,1240,1370.0,5,794,1000,4-08592,Apr-26
4-08593,30/00/1000/028/087,PACKLINE 1000 G/M² KRAFTLINER /  TKLINER+WHITE PE-NC FSC mix 70% CU-COC-810587,965,1335.0,5,794,1000,4-08593,Apr-26
4-08594,30/00/1000/028/087,PACKLINE 1000 G/M² KRAFTLINER /  TKLINER+WHITE PE-NC FSC mix 70% CU-COC-810587,1155,1303.0,5,794,1000,4-08594,Apr-26
4-08595,30/00/1000/028/087,PACKLINE 1000 G/M² KRAFTLINER /  TKLINER+WHITE PE-NC FSC mix 70% CU-COC-810587,895,1015.0,5,794,1000,4-08595,Apr-26
4-08596,30/00/1000/028/087,PACKLINE 1000 G/M² KRAFTLINER /  TKLINER+WHITE PE-NC FSC mix 70% CU-COC-810587,895,1370.0,5,794,1000,4-08596,Apr-26
4-08597,30/00/1000/028/087,PACKLINE 1000 G/M² KRAFTLINER /  TKLINER+WHITE PE-NC FSC mix 70% CU-COC-810587,970,1150.0,5,794,1000,4-08597,Apr-26
4-08598,30/00/1000/028/087,PACKLINE 1000 G/M² KRAFTLINER /  TKLINER+WHITE PE-NC FSC mix 70% CU-COC-810587,1150,1275.0,5,794,1000,4-08598,Apr-26
4-08599,30/00/1000/028/087,PACKLINE 1000 G/M² KRAFTLINER /  TKLINER+WHITE PE-NC FSC mix 70% CU-COC-810587,1225,1270.0,5,794,1000,4-08599,Apr-26
4-08600,30/00/1000/028/087,PACKLINE 1000 G/M² KRAFTLINER /  TKLINER+WHITE PE-NC FSC mix 70% CU-COC-810587,1565,1307.0,5,794,1000,4-08600,Apr-26
4-08608,30/01/0850/064/071,PACKLINE  850 G/M² SAPINO WHITE KRAFT+WHITE PE /  BROWN KRAFT+PE FSC mix 70% CU-,598,942.0,5,942,850,4-08608,Apr-26
4-08613,30/01/0950/064/083,PACKLINE  950 G/M² SAPINO WHITE KRAFT+WHITE PE /  TKLINER+PE FSC mix 70% CU-COC-,1000,1000.0,5,891,950,4-08613,Apr-26
4-08615,30/01/0950/064/083,PACKLINE  950 G/M² SAPINO WHITE KRAFT+WHITE PE /  TKLINER+PE FSC mix 70% CU-COC-,1366,783.0,5,891,950,4-08615,Apr-26
4-08620,30/00/1200/027/027,PACKLINE 1200 G/M² TKLINER / TKLINER  FSC recycled 100% CU-COC-810587,1000,1275.0,5,623,1200,4-08620,Apr-26
4-08652,30/11/0750/064/071,PACKLINE  750 G/M² SAPINO WHITE KRAFT+WHITE PE /  BROWN KRAFT+PE FSC mix 70% CU-,1060,710.0,5,993,750,4-08652,Apr-26
4-08654,30/11/0750/064/071,PACKLINE  750 G/M² SAPINO WHITE KRAFT+WHITE PE /  BROWN KRAFT+PE FSC mix 70% CU-,800,1200.0,5,993,750,4-08654,Apr-26
4-08655,30/11/0750/064/071,PACKLINE  750 G/M² SAPINO WHITE KRAFT+WHITE PE /  BROWN KRAFT+PE FSC mix 70% CU-,861,802.0,5,993,750,4-08655,Apr-26
4-08656,30/01/0950/064/083,PACKLINE  950 G/M² SAPINO WHITE KRAFT+WHITE PE /  TKLINER+PE FSC mix 70% CU-COC-,754,1028.0,5,891,950,4-08656,Apr-26
4-08657,30/11/0750/064/071,PACKLINE  750 G/M² SAPINO WHITE KRAFT+WHITE PE /  BROWN KRAFT+PE FSC mix 70% CU-,593,860.0,5,993,750,4-08657,Apr-26
4-08658,30/01/0950/064/083,PACKLINE  950 G/M² SAPINO WHITE KRAFT+WHITE PE /  TKLINER+PE FSC mix 70% CU-COC-,808,1266.0,5,891,950,4-08658,Apr-26
4-08664,30/01/0850/064/071,PACKLINE  850 G/M² SAPINO WHITE KRAFT+WHITE PE /  BROWN KRAFT+PE FSC mix 70% CU-,726,964.0,5,942,850,4-08664,Apr-26
4-08672,30/01/0850/064/071,PACKLINE  850 G/M² SAPINO WHITE KRAFT+WHITE PE /  BROWN KRAFT+PE FSC mix 70% CU-,635,916.0,5,942,850,4-08672,Apr-26
4-08680,30/01/0950/064/083,PACKLINE  950 G/M² SAPINO WHITE KRAFT+WHITE PE /  TKLINER+PE FSC mix 70% CU-COC-,1072,726.0,5,891,950,4-08680,Apr-26
4-08682,30/01/0950/064/083,PACKLINE  950 G/M² SAPINO WHITE KRAFT+WHITE PE /  TKLINER+PE FSC mix 70% CU-COC-,1160,810.0,5,891,950,4-08682,Apr-26
4-08689,30/01/0950/064/083,PACKLINE  950 G/M² SAPINO WHITE KRAFT+WHITE PE /  TKLINER+PE FSC mix 70% CU-COC-,1172,916.0,5,891,950,4-08689,Apr-26
4-08692,30/01/0950/064/083,PACKLINE  950 G/M² SAPINO WHITE KRAFT+WHITE PE /  TKLINER+PE FSC mix 70% CU-COC-,555,955.0,5,891,950,4-08692,Apr-26
4-08696,30/00/0900/016/087,PACKLINE  900 G/M² WHITE TESTLINER /  TKLINER+WHITE PE-NC FSC mix 70% CU-COC-810,1000,1000.0,5,793,900,4-08696,Apr-26
4-08698,30/00/0900/016/087,PACKLINE  900 G/M² WHITE TESTLINER /  TKLINER+WHITE PE-NC FSC mix 70% CU-COC-810,660,803.0,5,793,900,4-08698,Apr-26
4-08700,30/00/0900/016/087,PACKLINE  900 G/M² WHITE TESTLINER /  TKLINER+WHITE PE-NC FSC mix 70% CU-COC-810,686,886.0,5,793,900,4-08700,Apr-26
4-08704,30/01/0950/064/083,PACKLINE  950 G/M² SAPINO WHITE KRAFT+WHITE PE /  TKLINER+PE FSC mix 70% CU-COC-,1090,750.0,5,891,950,4-08704,Apr-26
4-08705,30/01/0950/064/083,PACKLINE  950 G/M² SAPINO WHITE KRAFT+WHITE PE /  TKLINER+PE FSC mix 70% CU-COC-,960,700.0,5,891,950,4-08705,Apr-26
4-08716,30/00/0900/016/087,PACKLINE  900 G/M² WHITE TESTLINER /  TKLINER+WHITE PE-NC FSC mix 70% CU-COC-810,865,1320.0,5,793,900,4-08716,Apr-26
4-08717,30/00/0900/016/087,PACKLINE  900 G/M² WHITE TESTLINER /  TKLINER+WHITE PE-NC FSC mix 70% CU-COC-810,810,610.0,5,793,900,4-08717,Apr-26
4-08718,30/00/0900/016/087,PACKLINE  900 G/M² WHITE TESTLINER /  TKLINER+WHITE PE-NC FSC mix 70% CU-COC-810,610,810.0,5,793,900,4-08718,Apr-26
4-08719,30/00/0900/016/087,PACKLINE  900 G/M² WHITE TESTLINER /  TKLINER+WHITE PE-NC FSC mix 70% CU-COC-810,1372,886.0,5,793,900,4-08719,Apr-26
4-08720,30/00/0900/016/087,PACKLINE  900 G/M² WHITE TESTLINER /  TKLINER+WHITE PE-NC FSC mix 70% CU-COC-810,1320,820.0,5,793,900,4-08720,Apr-26
4-08722,30/00/0900/016/087,PACKLINE  900 G/M² WHITE TESTLINER /  TKLINER+WHITE PE-NC FSC mix 70% CU-COC-810,1027,660.0,5,793,900,4-08722,Apr-26
4-08722 LL,30/00/0900/016/087,PACKLINE  900 G/M² WHITE TESTLINER /  TKLINER+WHITE PE-NC FSC mix 70% CU-COC-810,660,1027.0,5,793,900,4-08722,Apr-26
4-08723,30/00/0900/016/087,PACKLINE  900 G/M² WHITE TESTLINER /  TKLINER+WHITE PE-NC FSC mix 70% CU-COC-810,1098,747.0,5,793,900,4-08723,Apr-26
4-08724,30/00/0900/016/087,PACKLINE  900 G/M² WHITE TESTLINER /  TKLINER+WHITE PE-NC FSC mix 70% CU-COC-810,828,641.0,5,793,900,4-08724,Apr-26
4-08725,30/00/0900/016/087,PACKLINE  900 G/M² WHITE TESTLINER /  TKLINER+WHITE PE-NC FSC mix 70% CU-COC-810,685,1224.0,5,793,900,4-08725,Apr-26
4-08726,30/00/0900/016/087,PACKLINE  900 G/M² WHITE TESTLINER /  TKLINER+WHITE PE-NC FSC mix 70% CU-COC-810,1170,690.0,5,793,900,4-08726,Apr-26
4-08727,30/00/0900/016/087,PACKLINE  900 G/M² WHITE TESTLINER /  TKLINER+WHITE PE-NC FSC mix 70% CU-COC-810,683,1064.0,5,793,900,4-08727,Apr-26
4-08728,30/00/0900/016/087,PACKLINE  900 G/M² WHITE TESTLINER /  TKLINER+WHITE PE-NC FSC mix 70% CU-COC-810,1116,718.0,5,793,900,4-08728,Apr-26
4-08729,30/00/0900/016/087,PACKLINE  900 G/M² WHITE TESTLINER /  TKLINER+WHITE PE-NC FSC mix 70% CU-COC-810,824,607.0,5,793,900,4-08729,Apr-26
4-08730,30/00/0900/016/087,PACKLINE  900 G/M² WHITE TESTLINER /  TKLINER+WHITE PE-NC FSC mix 70% CU-COC-810,1260,830.0,5,793,900,4-08730,Apr-26
4-08738,30/00/0900/027/087,PACKLINE  900 G/M² TKLINER / TKLINER+WHITE PE-NC  FSC recycled 100% CU-COC-81058,1300,810.0,5,746,900,4-08738,Apr-26
4-08747,30/00/1250/016/027,PACKLINE 1250 G/M² WHITE TESTLINER / TKLINER  FSC mix 70% CU-COC-810587,1000,1000.0,5,662,1250,4-08747,Apr-26
4-08748,30/00/1250/016/027,PACKLINE 1250 G/M² WHITE TESTLINER / TKLINER  FSC mix 70% CU-COC-810587,750,950.0,5,662,1250,4-08748,Apr-26
4-08749,30/00/1250/016/027,PACKLINE 1250 G/M² WHITE TESTLINER / TKLINER  FSC mix 70% CU-COC-810587,686,886.0,5,662,1250,4-08749,Apr-26
4-08760,30/00/1250/027/087,PACKLINE 1250 G/M² TKLINER / TKLINER+WHITE PE-NC  FSC recycled 100% CU-COC-81058,880,1360.0,5,727,1250,4-08760,Apr-26
4-08762,30/00/1150/016/027,PACKLINE 1150 G/M² WHITE TESTLINER / TKLINER  FSC mix 70% CU-COC-810587,690,1152.0,5,655,1150,4-08762,Apr-26
4-08764,30/00/1150/016/027,PACKLINE 1150 G/M² WHITE TESTLINER / TKLINER  FSC mix 70% CU-COC-810587,1372,886.0,5,655,1150,4-08764,Apr-26
4-08765,30/00/1150/016/027,PACKLINE 1150 G/M² WHITE TESTLINER / TKLINER  FSC mix 70% CU-COC-810587,731,806.0,5,655,1150,4-08765,Apr-26
4-08786,30/01/0950/064/083,PACKLINE  950 G/M² SAPINO WHITE KRAFT+WHITE PE /  TKLINER+PE FSC mix 70% CU-COC-,700,960.0,5,891,950,4-08786,Apr-26
4-08795,30/00/1000/028/087,PACKLINE 1000 G/M² KRAFTLINER /  TKLINER+WHITE PE-NC FSC mix 70% CU-COC-810587,985,1386.0,5,794,1000,4-08795,Apr-26
4-08798,30/01/0950/064/083,PACKLINE  950 G/M² SAPINO WHITE KRAFT+WHITE PE /  TKLINER+PE FSC mix 70% CU-COC-,1096,756.0,5,891,950,4-08798,Apr-26
4-08809,30/00/0900/016/087,PACKLINE  900 G/M² WHITE TESTLINER /  TKLINER+WHITE PE-NC FSC mix 70% CU-COC-810,610,810.0,5,793,900,4-08809,Apr-26
4-08817,30/00/1000/028/087,PACKLINE 1000 G/M² KRAFTLINER /  TKLINER+WHITE PE-NC FSC mix 70% CU-COC-810587,770,1370.0,5,794,1000,4-08817,Apr-26
4-08819,30/00/0900/016/087,PACKLINE  900 G/M² WHITE TESTLINER /  TKLINER+WHITE PE-NC FSC mix 70% CU-COC-810,630,946.0,5,793,900,4-08819,Apr-26
4-08824,30/00/1150/016/027,PACKLINE 1150 G/M² WHITE TESTLINER / TKLINER  FSC mix 70% CU-COC-810587,1192,870.0,5,655,1150,4-08824,Apr-26
4-08855,30/00/0900/010/010,PACKLINE  900 G/M² WHITE KRAFT / WHITE KRAFT  FSC mix 70% CU-COC-810587,660,1027.0,5,721,900,4-08855,Apr-26
4-08899,30/00/0750/027/010,PACKLINE  750 G/M² TKLINER / WHITE KRAFT  FSC mix 70% CU-COC-810587,1040,635.0,5,744,750,4-08899,Apr-26
4-08900,30/00/0750/010/027,PACKLINE  750 G/M² WHITE KRAFT / TKLINER  FSC mix 70% CU-COC-810587,1052,640.0,5,747,750,4-08900,Apr-26
4-08901,30/00/1000/028/087,PACKLINE 1000 G/M² KRAFTLINER /  TKLINER+WHITE PE-NC FSC mix 70% CU-COC-810587,1040,1350.0,5,794,1000,4-08901,Apr-26
4-09044,30/00/1000/028/087,PACKLINE 1000 G/M² KRAFTLINER /  TKLINER+WHITE PE-NC FSC mix 70% CU-COC-810587,1375,1375.0,5,794,1000,4-09044,Apr-26
4-09072,30/01/0950/064/083,PACKLINE  950 G/M² SAPINO WHITE KRAFT+WHITE PE /  TKLINER+PE FSC mix 70% CU-COC-,940,685.0,5,891,950,4-09072,Apr-26
4-09092,30/00/0900/016/087,PACKLINE  900 G/M² WHITE TESTLINER /  TKLINER+WHITE PE-NC FSC mix 70% CU-COC-810,1116,708.0,5,793,900,4-09092,Apr-26
4-09108,30/00/1250/027/087,PACKLINE 1250 G/M² TKLINER / TKLINER+WHITE PE-NC  FSC recycled 100% CU-COC-81058,1520,720.0,5,727,1250,4-09108,Apr-26
4-09109,30/00/1250/027/087,PACKLINE 1250 G/M² TKLINER / TKLINER+WHITE PE-NC  FSC recycled 100% CU-COC-81058,730,1530.0,5,727,1250,4-09109,Apr-26
4-09117,30/01/1100/067/083,PACKLINE 1100 G/M² SAPINO WHITE TESTLINER+WHITE PE  TKLINER+PE FSC mix 70% CU-CO,700,960.0,5,865,1100,4-09117,Apr-26
4-09144,30/01/1100/067/083,PACKLINE 1100 G/M² SAPINO WHITE TESTLINER+WHITE PE  TKLINER+PE FSC mix 70% CU-CO,1172,916.0,5,865,1100,4-09144,Apr-26
4-09145,30/11/0750/064/071,PACKLINE  750 G/M² SAPINO WHITE KRAFT+WHITE PE /  BROWN KRAFT+PE FSC mix 70% CU-,607,740.0,5,993,750,4-09145,Apr-26
4-09163,30/01/1100/067/083,PACKLINE 1100 G/M² SAPINO WHITE TESTLINER+WHITE PE  TKLINER+PE FSC mix 70% CU-CO,750,1090.0,5,865,1100,4-09163,Apr-26
4-09169,30/01/0950/064/083,PACKLINE  950 G/M² SAPINO WHITE KRAFT+WHITE PE /  TKLINER+PE FSC mix 70% CU-COC-,954,622.0,5,891,950,4-09169,Apr-26
4-09170,30/01/1100/067/083,PACKLINE 1100 G/M² SAPINO WHITE TESTLINER+WHITE PE  TKLINER+PE FSC mix 70% CU-CO,875,1210.0,5,865,1100,4-09170,Apr-26
4-09202,30/01/0950/064/083,PACKLINE  950 G/M² SAPINO WHITE KRAFT+WHITE PE /  TKLINER+PE FSC mix 70% CU-COC-,944,612.0,5,891,950,4-09202,Apr-26
4-09203,30/01/1100/067/083,PACKLINE 1100 G/M² SAPINO WHITE TESTLINER+WHITE PE  TKLINER+PE FSC mix 70% CU-CO,865,1200.0,5,865,1100,4-09203,Apr-26
4-09219,30/01/0850/064/071,PACKLINE  850 G/M² SAPINO WHITE KRAFT+WHITE PE /  BROWN KRAFT+PE FSC mix 70% CU-,736,1010.0,5,942,850,4-09219,Apr-26
4-09222,30/01/0850/064/071,PACKLINE  850 G/M² SAPINO WHITE KRAFT+WHITE PE /  BROWN KRAFT+PE FSC mix 70% CU-,770,1188.0,5,942,850,4-09222,Apr-26
4-09230,30/01/0950/064/083,PACKLINE  950 G/M² SAPINO WHITE KRAFT+WHITE PE /  TKLINER+PE FSC mix 70% CU-COC-,830,1170.0,5,891,950,4-09230,Apr-26
4-09248,30/00/1000/028/087,PACKLINE 1000 G/M² KRAFTLINER /  TKLINER+WHITE PE-NC FSC mix 70% CU-COC-810587,1200,1000.0,5,794,1000,4-09248,Apr-26
4-09248LG,30/00/1000/028/087,PACKLINE 1000 G/M² KRAFTLINER /  TKLINER+WHITE PE-NC FSC mix 70% CU-COC-810587,1000,1200.0,5,794,1000,4-09248,Apr-26
4-09250,30/01/0950/064/083,PACKLINE  950 G/M² SAPINO WHITE KRAFT+WHITE PE /  TKLINER+PE FSC mix 70% CU-COC-,1228,754.0,5,891,950,4-09250,Apr-26
4-09251,30/11/0750/064/071,PACKLINE  750 G/M² SAPINO WHITE KRAFT+WHITE PE /  BROWN KRAFT+PE FSC mix 70% CU-,740,607.0,5,993,750,4-09251,Apr-26
4-09262,30/00/1000/028/087,PACKLINE 1000 G/M² KRAFTLINER /  TKLINER+WHITE PE-NC FSC mix 70% CU-COC-810587,1325,1125.0,5,794,1000,4-09262,Apr-26
4-09278,30/01/1100/067/083,PACKLINE 1100 G/M² SAPINO WHITE TESTLINER+WHITE PE  TKLINER+PE FSC mix 70% CU-CO,1139,722.0,5,865,1100,4-09278,Apr-26
4-09279,30/01/0950/064/083,PACKLINE  950 G/M² SAPINO WHITE KRAFT+WHITE PE /  TKLINER+PE FSC mix 70% CU-COC-,678,868.0,5,891,950,4-09279,Apr-26
4-09283,30/00/0900/016/087,PACKLINE  900 G/M² WHITE TESTLINER /  TKLINER+WHITE PE-NC FSC mix 70% CU-COC-810,1120,750.0,5,793,900,4-09283,Apr-26
4-09284,30/00/0900/016/087,PACKLINE  900 G/M² WHITE TESTLINER /  TKLINER+WHITE PE-NC FSC mix 70% CU-COC-810,830,1132.0,5,793,900,4-09284,Apr-26
4-09298,30/00/1250/027/027,PACKLINE 1250 G/M² TKLINER / TKLINER  FSC recycled 100% CU-COC-810587,950,1040.0,5,626,1250,4-09298,Apr-26
4-09317,30/00/1000/028/087,PACKLINE 1000 G/M² KRAFTLINER /  TKLINER+WHITE PE-NC FSC mix 70% CU-COC-810587,760,1310.0,5,794,1000,4-09317,Apr-26
4-09322,30/00/1000/028/087,PACKLINE 1000 G/M² KRAFTLINER /  TKLINER+WHITE PE-NC FSC mix 70% CU-COC-810587,1310,760.0,5,794,1000,4-09322,Apr-26
4-09330,30/01/0950/064/083,PACKLINE  950 G/M² SAPINO WHITE KRAFT+WHITE PE /  TKLINER+PE FSC mix 70% CU-COC-,690,1000.0,5,891,950,4-09330,Apr-26
4-09341,30/01/0800/064/064,PACKLINE  800 G/M² SAPINO WHITE KRAFT+WHITE PE /  WHITE KRAFT+WHITE PE FSC mix 7,910,875.0,5,991,800,4-09341,Apr-26
4-09342,30/01/0800/064/064,PACKLINE  800 G/M² SAPINO WHITE KRAFT+WHITE PE /  WHITE KRAFT+WHITE PE FSC mix 7,1010,735.0,5,991,800,4-09342,Apr-26
4-09351,30/01/0800/064/064,PACKLINE  800 G/M² SAPINO WHITE KRAFT+WHITE PE /  WHITE KRAFT+WHITE PE FSC mix 7,735,910.0,5,991,800,4-09351,Apr-26
4-09359,30/00/1000/028/087,PACKLINE 1000 G/M² KRAFTLINER /  TKLINER+WHITE PE-NC FSC mix 70% CU-COC-810587,1037,742.0,5,794,1000,4-09359,Apr-26
4-09368,30/00/1000/028/087,PACKLINE 1000 G/M² KRAFTLINER /  TKLINER+WHITE PE-NC FSC mix 70% CU-COC-810587,1307,1565.0,5,794,1000,4-09368,Apr-26
4-09372,30/00/1000/027/027,PACKLINE 1000 G/M² TKLINER / TKLINER  FSC recycled 100% CU-COC-810587,1080,695.0,5,610,1000,4-09372,Apr-26
4-09373,30/00/0700/020/020,PACKLINE  700 G/M² BROWN KRAFT / BROWN KRAFT  FSC mix 70% CU-COC-810587,1100,700.0,5,805,700,4-09373,Apr-26
4-09374,30/01/1100/067/083,PACKLINE 1100 G/M² SAPINO WHITE TESTLINER+WHITE PE  TKLINER+PE FSC mix 70% CU-CO,754,1228.0,5,865,1100,4-09374,Apr-26
4-09390,30/00/1000/028/087,PACKLINE 1000 G/M² KRAFTLINER /  TKLINER+WHITE PE-NC FSC mix 70% CU-COC-810587,750,1030.0,5,794,1000,4-09390,Apr-26
4-09404,30/00/0900/016/087,PACKLINE  900 G/M² WHITE TESTLINER /  TKLINER+WHITE PE-NC FSC mix 70% CU-COC-810,830,1132.0,5,793,900,4-09404,Apr-26
4-09405,30/00/1050/027/027,PACKLINE 1050 G/M² TKLINER / TKLINER  FSC recycled 100% CU-COC-810587,1200,785.0,5,615,1050,4-09405,Apr-26
4-09407,30/00/1200/027/027,PACKLINE 1200 G/M² TKLINER / TKLINER  FSC recycled 100% CU-COC-810587,936,1086.0,5,623,1200,4-09407,Apr-26
4-09466,30/00/0900/016/087,PACKLINE  900 G/M² WHITE TESTLINER /  TKLINER+WHITE PE-NC FSC mix 70% CU-COC-810,1012,655.0,5,793,900,4-09466,Apr-26
4-09471,30/00/0900/027/027,PACKLINE  900 G/M² TKLINER / TKLINER  FSC recycled 100% CU-COC-810587,1320,860.0,5,610,900,4-09471,Apr-26
4-09474,30/00/0900/027/027,PACKLINE  900 G/M² TKLINER / TKLINER  FSC recycled 100% CU-COC-810587,1240,720.0,5,610,900,4-09474,Apr-26
4-09479,30/00/0850/010/027,PACKLINE  850 G/M² WHITE KRAFT / TKLINER  FSC mix 70% CU-COC-810587,866,1332.0,5,647,850,4-09479,Apr-26
4-09484,30/00/0900/016/087,PACKLINE  900 G/M² WHITE TESTLINER /  TKLINER+WHITE PE-NC FSC mix 70% CU-COC-810,1082,886.0,5,793,900,4-09484,Apr-26
4-09500,30/01/0850/064/071,PACKLINE  850 G/M² SAPINO WHITE KRAFT+WHITE PE /  BROWN KRAFT+PE FSC mix 70% CU-,866,1140.0,5,942,850,4-09500,Apr-26
4-09502,30/01/0950/064/083,PACKLINE  950 G/M² SAPINO WHITE KRAFT+WHITE PE /  TKLINER+PE FSC mix 70% CU-COC-,796,1192.0,5,891,950,4-09502,Apr-26
4-09514,30/00/1050/027/027,PACKLINE 1050 G/M² TKLINER / TKLINER  FSC recycled 100% CU-COC-810587,1360,880.0,5,615,1050,4-09514,Apr-26
4-09518,30/00/1050/027/027,PACKLINE 1050 G/M² TKLINER / TKLINER  FSC recycled 100% CU-COC-810587,1270,1000.0,5,615,1050,4-09518,Apr-26
4-09520,30/00/0900/016/087,PACKLINE  900 G/M² WHITE TESTLINER /  TKLINER+WHITE PE-NC FSC mix 70% CU-COC-810,1188,672.0,5,793,900,4-09520,Apr-26
4-09534,30/00/1250/027/027,PACKLINE 1250 G/M² TKLINER / TKLINER  FSC recycled 100% CU-COC-810587,1081,571.0,5,626,1250,4-09534,Apr-26
4-09535,30/00/1000/010/027,PACKLINE 1000 G/M² WHITE KRAFT / TKLINER  FSC mix 70% CU-COC-810587,1204,940.0,5,664,1000,4-09535,Apr-26
4-09545,30/00/0750/010/027,PACKLINE  750 G/M² WHITE KRAFT / TKLINER  FSC mix 70% CU-COC-810587,1210,795.0,5,747,750,4-09545,Apr-26
4-09546,30/00/1000/028/087,PACKLINE 1000 G/M² KRAFTLINER /  TKLINER+WHITE PE-NC FSC mix 70% CU-COC-810587,1585,1357.0,5,794,1000,4-09546,Apr-26
4-09547,30/00/1000/028/087,PACKLINE 1000 G/M² KRAFTLINER /  TKLINER+WHITE PE-NC FSC mix 70% CU-COC-810587,1350,1340.0,5,794,1000,4-09547,Apr-26
4-09550,30/00/0900/016/087,PACKLINE  900 G/M² WHITE TESTLINER /  TKLINER+WHITE PE-NC FSC mix 70% CU-COC-810,1222,857.0,5,793,900,4-09550,Apr-26
4-09551,30/00/0900/016/087,PACKLINE  900 G/M² WHITE TESTLINER /  TKLINER+WHITE PE-NC FSC mix 70% CU-COC-810,1224,819.0,5,793,900,4-09551,Apr-26
4-09552,30/00/1000/028/087,PACKLINE 1000 G/M² KRAFTLINER /  TKLINER+WHITE PE-NC FSC mix 70% CU-COC-810587,1357,1585.0,5,794,1000,4-09552,Apr-26
4-09560,30/00/0900/010/010,PACKLINE  900 G/M² WHITE KRAFT / WHITE KRAFT  FSC mix 70% CU-COC-810587,1204,680.0,5,721,900,4-09560,Apr-26
4-09561,30/00/0900/010/010,PACKLINE  900 G/M² WHITE KRAFT / WHITE KRAFT  FSC mix 70% CU-COC-810587,685,1224.0,5,721,900,4-09561,Apr-26
4-09566,30/00/1250/016/027,PACKLINE 1250 G/M² WHITE TESTLINER / TKLINER  FSC mix 70% CU-COC-810587,1194,937.0,5,662,1250,4-09566,Apr-26
4-09567,30/00/1250/016/027,PACKLINE 1250 G/M² WHITE TESTLINER / TKLINER  FSC mix 70% CU-COC-810587,810,617.0,5,662,1250,4-09567,Apr-26
4-09568,30/00/1250/016/027,PACKLINE 1250 G/M² WHITE TESTLINER / TKLINER  FSC mix 70% CU-COC-810587,1006,782.0,5,662,1250,4-09568,Apr-26
4-09671,30/00/1250/027/087,PACKLINE 1250 G/M² TKLINER / TKLINER+WHITE PE-NC  FSC recycled 100% CU-COC-81058,660,940.0,5,727,1250,4-09671,Apr-26
4-09673,30/00/1000/016/087,PACKLINE 1000 G/M² WHITE TESTLINER /  TKLINER+WHITE PE-NC FSC mix 70% CU-COC-810,670,950.0,5,763,1000,4-09673,Apr-26
4-09676,30/01/0950/064/083,PACKLINE  950 G/M² SAPINO WHITE KRAFT+WHITE PE /  TKLINER+PE FSC mix 70% CU-COC-,685,940.0,5,891,950,4-09676,Apr-26
4-09680,30/00/0900/016/087,PACKLINE  900 G/M² WHITE TESTLINER /  TKLINER+WHITE PE-NC FSC mix 70% CU-COC-810,732,1080.0,5,793,900,4-09680,Apr-26
4-09681,30/01/1100/067/083,PACKLINE 1100 G/M² SAPINO WHITE TESTLINER+WHITE PE  TKLINER+PE FSC mix 70% CU-CO,1284,999.0,5,865,1100,4-09681,Apr-26
4-09685,30/01/1100/067/083,PACKLINE 1100 G/M² SAPINO WHITE TESTLINER+WHITE PE  TKLINER+PE FSC mix 70% CU-CO,999,1284.0,5,865,1100,4-09685,Apr-26
4-09792,30/00/1050/027/027,PACKLINE 1050 G/M² TKLINER / TKLINER  FSC recycled 100% CU-COC-810587,1240,800.0,5,615,1050,4-09792,Apr-26
4-09817,30/11/0750/064/071,PACKLINE  750 G/M² SAPINO WHITE KRAFT+WHITE PE /  BROWN KRAFT+PE FSC mix 70% CU-,790,573.0,5,993,750,4-09817,Apr-26
4-09821,30/00/0850/010/027,PACKLINE  850 G/M² WHITE KRAFT / TKLINER  FSC mix 70% CU-COC-810587,838,1268.0,5,647,850,4-09821,Apr-26
4-09828,30/00/1000/010/027,PACKLINE 1000 G/M² WHITE KRAFT / TKLINER  FSC mix 70% CU-COC-810587,1220,710.0,5,664,1000,4-09828,Apr-26
4-09835,30/00/0800/010/069,PACKLINE  800 G/M² WHITE KRAFT / WHITE KRAFT  WHITE PE NC FSC mix 70% CU-COC-810,803,1320.0,5,786,800,4-09835,Apr-26
4-09849,30/01/0950/064/083,PACKLINE  950 G/M² SAPINO WHITE KRAFT+WHITE PE /  TKLINER+PE FSC mix 70% CU-COC-,1248,726.0,5,891,950,4-09849,Apr-26
4-09869,30/00/0800/020/020,PACKLINE  800 G/M² BROWN KRAFT / BROWN KRAFT  FSC mix 70% CU-COC-810587,758,1108.0,5,699,800,4-09869,Apr-26
4-09895,30/00/0900/016/087,PACKLINE  900 G/M² WHITE TESTLINER /  TKLINER+WHITE PE-NC FSC mix 70% CU-COC-810,992,654.0,5,793,900,4-09895,Apr-26
4-09905,30/00/0900/016/087,PACKLINE  900 G/M² WHITE TESTLINER /  TKLINER+WHITE PE-NC FSC mix 70% CU-COC-810,654,992.0,5,793,900,4-09905,Apr-26
4-09915,30/00/0900/016/087,PACKLINE  900 G/M² WHITE TESTLINER /  TKLINER+WHITE PE-NC FSC mix 70% CU-COC-810,803,1320.0,5,793,900,4-09915,Apr-26
4-09916,30/00/1000/016/087,PACKLINE 1000 G/M² WHITE TESTLINER /  TKLINER+WHITE PE-NC FSC mix 70% CU-COC-810,1224,819.0,5,763,1000,4-09916,Apr-26
4-09926,30/00/0900/016/087,PACKLINE  900 G/M² WHITE TESTLINER /  TKLINER+WHITE PE-NC FSC mix 70% CU-COC-810,685,1224.0,5,793,900,4-09926,Apr-26
4-09938,30/00/0900/016/087,PACKLINE  900 G/M² WHITE TESTLINER /  TKLINER+WHITE PE-NC FSC mix 70% CU-COC-810,686,886.0,5,793,900,4-09938,Apr-26
4-09939,30/00/0900/016/087,PACKLINE  900 G/M² WHITE TESTLINER /  TKLINER+WHITE PE-NC FSC mix 70% CU-COC-810,686,886.0,5,793,900,4-09939,Apr-26
4-09941,30/00/0900/016/087,PACKLINE  900 G/M² WHITE TESTLINER /  TKLINER+WHITE PE-NC FSC mix 70% CU-COC-810,760,960.0,5,793,900,4-09941,Apr-26
4-09954,30/00/1200/027/027,PACKLINE 1200 G/M² TKLINER / TKLINER  FSC recycled 100% CU-COC-810587,870,1020.0,5,623,1200,4-09954,Apr-26
4-09959,30/00/0900/016/087,PACKLINE  900 G/M² WHITE TESTLINER /  TKLINER+WHITE PE-NC FSC mix 70% CU-COC-810,992,654.0,5,793,900,4-09959,Apr-26
4-10132,30/01/0950/064/083,PACKLINE  950 G/M² SAPINO WHITE KRAFT+WHITE PE /  TKLINER+PE FSC mix 70% CU-COC-,984,710.0,5,891,950,4-10132,Apr-26
4-10143,30/01/0950/064/083,PACKLINE  950 G/M² SAPINO WHITE KRAFT+WHITE PE /  TKLINER+PE FSC mix 70% CU-COC-,552,830.0,5,891,950,4-10143,Apr-26
4-10157,30/01/0850/071/064,PACKLINE  850 G/M²  SAPINO BROWN KRAFT+PE /  WHITE KRAFT+WPE FSC mix 70% CU-COC-,800,600.0,5,942,850,4-10157,Apr-26
4-10172,30/01/0950/064/083,PACKLINE  950 G/M² SAPINO WHITE KRAFT+WHITE PE /  TKLINER+PE FSC mix 70% CU-COC-,1192,736.0,5,891,950,4-10172,Apr-26
4-10173,30/01/0950/064/083,PACKLINE  950 G/M² SAPINO WHITE KRAFT+WHITE PE /  TKLINER+PE FSC mix 70% CU-COC-,704,1235.0,5,891,950,4-10173,Apr-26
4-10193,30/01/0850/064/071,PACKLINE  850 G/M² SAPINO WHITE KRAFT+WHITE PE /  BROWN KRAFT+PE FSC mix 70% CU-,718,992.0,5,942,850,4-10193,Apr-26
4-10194,30/11/0750/064/071,PACKLINE  750 G/M² SAPINO WHITE KRAFT+WHITE PE /  BROWN KRAFT+PE FSC mix 70% CU-,816,608.0,5,993,750,4-10194,Apr-26
4-10194.,30/11/0750/064/071,PACKLINE  750 G/M² SAPINO WHITE KRAFT+WHITE PE /  BROWN KRAFT+PE FSC mix 70% CU-,608,816.0,5,993,750,4-10194,Apr-26
4-10198,30/00/1000/028/087,PACKLINE 1000 G/M² KRAFTLINER /  TKLINER+WHITE PE-NC FSC mix 70% CU-COC-810587,1125,1325.0,5,794,1000,4-10198,Apr-26
4-10199,30/01/0950/064/083,PACKLINE  950 G/M² SAPINO WHITE KRAFT+WHITE PE /  TKLINER+PE FSC mix 70% CU-COC-,1040,810.0,5,891,950,4-10199,Apr-26
4-10279,30/00/0800/020/020,PACKLINE  800 G/M² BROWN KRAFT / BROWN KRAFT  FSC mix 70% CU-COC-810587,645,757.0,5,699,800,4-10279,Apr-26
4-10322,30/01/0850/071/064,PACKLINE  850 G/M²  SAPINO BROWN KRAFT+PE /  WHITE KRAFT+WPE FSC mix 70% CU-COC-,576,576.0,5,942,850,4-10322,Apr-26
4-10335,30/00/1150/016/027,PACKLINE 1150 G/M² WHITE TESTLINER / TKLINER  FSC mix 70% CU-COC-810587,1316,917.0,5,655,1150,4-10335,Apr-26
4-10435,30/00/1200/027/027,PACKLINE 1200 G/M² TKLINER / TKLINER  FSC recycled 100% CU-COC-810587,1100,1100.0,5,623,1200,4-10435,Apr-26
4-10439,30/11/0750/064/071,PACKLINE  750 G/M² SAPINO WHITE KRAFT+WHITE PE /  BROWN KRAFT+PE FSC mix 70% CU-,1212,932.0,5,993,750,4-10439,Apr-26
4-10450,30/01/1100/067/083,PACKLINE 1100 G/M² SAPINO WHITE TESTLINER+WHITE PE  TKLINER+PE FSC mix 70% CU-CO,1170,830.0,5,865,1100,4-10450,Apr-26
4-10516,30/00/0900/016/087,PACKLINE  900 G/M² WHITE TESTLINER /  TKLINER+WHITE PE-NC FSC mix 70% CU-COC-810,686,916.0,5,793,900,4-10516,Apr-26
4-10547,30/01/1100/067/083,PACKLINE 1100 G/M² SAPINO WHITE TESTLINER+WHITE PE  TKLINER+PE FSC mix 70% CU-CO,1100,700.0,5,865,1100,4-10547,Apr-26
4-10572,30/00/0900/016/087,PACKLINE  900 G/M² WHITE TESTLINER /  TKLINER+WHITE PE-NC FSC mix 70% CU-COC-810,610,810.0,5,793,900,4-10572,Apr-26
4-10587,30/00/0800/010/069,PACKLINE  800 G/M² WHITE KRAFT / WHITE KRAFT  WHITE PE NC FSC mix 70% CU-COC-810,660,1027.0,5,786,800,4-10587,Apr-26
4-10647,30/74/1100/083/067,PACKLINE XS 1100 G/M² SAPINO TKLINER+PE /  WHITE TESTL.+WHITE PE FSC mix 70% CU-,800,1200.0,5,876,1100,4-10647,Apr-26
4-10679,30/00/0900/027/027,PACKLINE  900 G/M² TKLINER / TKLINER  FSC recycled 100% CU-COC-810587,890,545.0,5,610,900,4-10679,Apr-26
4-10680,30/00/0800/010/027,PACKLINE  800 G/M² WHITE KRAFT / TKLINER  FSC mix 70% CU-COC-810587,910,555.0,5,662,800,4-10680,Apr-26
4-10685,30/00/0950/027/027,PACKLINE  950 G/M² TKLINER / TKLINER  FSC recycled 100% CU-COC-810587,1040,780.0,5,608,950,4-10685,Apr-26
4-10686,30/00/0850/010/027,PACKLINE  850 G/M² WHITE KRAFT / TKLINER  FSC mix 70% CU-COC-810587,1056,788.0,5,647,850,4-10686,Apr-26
4-10694,30/01/1100/067/083,PACKLINE 1100 G/M² SAPINO WHITE TESTLINER+WHITE PE  TKLINER+PE FSC mix 70% CU-CO,1192,736.0,5,865,1100,4-10694,Apr-26
4-10736,30/00/1000/027/027,PACKLINE 1000 G/M² TKLINER / TKLINER  FSC recycled 100% CU-COC-810587,970,880.0,5,610,1000,4-10736,Apr-26
4-10945,30/00/1000/027/010,PACKLINE 1000 G/M² TKLINER / WHITE KRAFT  FSC mix 70% CU-COC-810587,940,1090.0,5,664,1000,4-10945,Apr-26
4-11014,30/00/1000/027/027,PACKLINE 1000 G/M² TKLINER / TKLINER  FSC recycled 100% CU-COC-810587,1367,1063.0,5,610,1000,4-11014,Apr-26
4-11026,30/01/0850/071/064,PACKLINE  850 G/M²  SAPINO BROWN KRAFT+PE /  WHITE KRAFT+WPE FSC mix 70% CU-COC-,710,984.0,5,942,850,4-11026,Apr-26
4-11027,30/01/0700/064/064,PACKLINE  700 G/M² SAPINO WHITE KRAFT+WHITE PE /  WHITE KRAFT+WHITE PE FSC mix 7,718,992.0,5,1161,700,4-11027,Apr-26
4-11049,30/00/0700/010/010,PACKLINE  700 G/M² WHITE KRAFT / WHITE KRAFT  FSC mix 70% CU-COC-810587,1110,710.0,5,822,700,4-11049,Apr-26
4-11050,30/00/0700/010/010,PACKLINE  700 G/M² WHITE KRAFT / WHITE KRAFT  FSC mix 70% CU-COC-810587,835,1260.0,5,822,700,4-11050,Apr-26
4-11052,30/00/0900/027/027,PACKLINE  900 G/M² TKLINER / TKLINER  FSC recycled 100% CU-COC-810587,1240,825.0,5,610,900,4-11052,Apr-26
4-11066,30/00/0850/027/010,PACKLINE  850 G/M² TKLINER / WHITE KRAFT  FSC mix 70% CU-COC-810587,842,1288.0,5,647,850,4-11066,Apr-26
4-11094,30/00/1050/027/027,PACKLINE 1050 G/M² TKLINER / TKLINER  FSC recycled 100% CU-COC-810587,1214,782.0,5,615,1050,4-11094,Apr-26
4-11095,30/00/0800/010/027,PACKLINE  800 G/M² WHITE KRAFT / TKLINER  FSC mix 70% CU-COC-810587,1230,790.0,5,662,800,4-11095,Apr-26
4-11110,30/00/0800/010/069,PACKLINE  800 G/M² WHITE KRAFT / WHITE KRAFT  WHITE PE NC FSC mix 70% CU-COC-810,1138,794.0,5,786,800,4-11110,Apr-26
4-11132,30/00/0900/010/027,PACKLINE  900 G/M² WHITE KRAFT / TKLINER  FSC mix 70% CU-COC-810587,1212,806.0,5,664,900,4-11132,Apr-26
4-11133,30/00/1000/027/027,PACKLINE 1000 G/M² TKLINER / TKLINER  FSC recycled 100% CU-COC-810587,1192,796.0,5,610,1000,4-11133,Apr-26
4-11141,30/01/0950/064/083,PACKLINE  950 G/M² SAPINO WHITE KRAFT+WHITE PE /  TKLINER+PE FSC mix 70% CU-COC-,1100,700.0,5,891,950,4-11141,Apr-26
4-11142,30/00/0900/016/087,PACKLINE  900 G/M² WHITE TESTLINER /  TKLINER+WHITE PE-NC FSC mix 70% CU-COC-810,714,993.0,5,793,900,4-11142,Apr-26
4-11147,30/00/0900/016/087,PACKLINE  900 G/M² WHITE TESTLINER /  TKLINER+WHITE PE-NC FSC mix 70% CU-COC-810,886,686.0,5,793,900,4-11147,Apr-26
4-11155,30/00/1000/010/027,PACKLINE 1000 G/M² WHITE KRAFT / TKLINER  FSC mix 70% CU-COC-810587,1224,819.0,5,664,1000,4-11155,Apr-26
4-11156,30/00/1000/010/027,PACKLINE 1000 G/M² WHITE KRAFT / TKLINER  FSC mix 70% CU-COC-810587,1222,857.0,5,664,1000,4-11156,Apr-26
4-11163,30/00/1000/027/087,PACKLINE 1000 G/M² TKLINER / TKLINER+WHITE PE-NC  FSC recycled 100% CU-COC-81058,1440,1230.0,5,730,1000,4-11163,Apr-26
4-11168,30/01/0850/071/064,PACKLINE  850 G/M²  SAPINO BROWN KRAFT+PE /  WHITE KRAFT+WPE FSC mix 70% CU-COC-,776,598.0,5,942,850,4-11168,Apr-26
4-11169,30/11/0750/064/071,PACKLINE  750 G/M² SAPINO WHITE KRAFT+WHITE PE /  BROWN KRAFT+PE FSC mix 70% CU-,786,603.0,5,993,750,4-11169,Apr-26
4-11170,30/00/0900/027/087,PACKLINE  900 G/M² TKLINER / TKLINER+WHITE PE-NC  FSC recycled 100% CU-COC-81058,1118,787.0,5,746,900,4-11170,Apr-26
4-11202,30/00/1000/010/027,PACKLINE 1000 G/M² WHITE KRAFT / TKLINER  FSC mix 70% CU-COC-810587,760,920.0,5,664,1000,4-11202,Apr-26
4-11203,30/00/1100/027/027,PACKLINE 1100 G/M² TKLINER / TKLINER  FSC recycled 100% CU-COC-810587,750,910.0,5,616,1100,4-11203,Apr-26
4-11208,30/01/0950/064/083,PACKLINE  950 G/M² SAPINO WHITE KRAFT+WHITE PE /  TKLINER+PE FSC mix 70% CU-COC-,1300,695.0,5,891,950,4-11208,Apr-26
4-11232,30/00/0850/027/027,PACKLINE  850 G/M² TKLINER / TKLINER  FSC recycled 100% CU-COC-810587,808,1216.0,5,625,850,4-11232,Apr-26
4-11244,30/01/0850/071/064,PACKLINE  850 G/M²  SAPINO BROWN KRAFT+PE /  WHITE KRAFT+WPE FSC mix 70% CU-COC-,630,900.0,5,942,850,4-11244,Apr-26
4-11248,30/00/1250/027/027,PACKLINE 1250 G/M² TKLINER / TKLINER  FSC recycled 100% CU-COC-810587,910,1005.0,5,626,1250,4-11248,Apr-26
4-11267,30/00/1200/027/027,PACKLINE 1200 G/M² TKLINER / TKLINER  FSC recycled 100% CU-COC-810587,875,1250.0,5,623,1200,4-11267,Apr-26
4-11285,30/00/1050/010/027,PACKLINE 1050 G/M² WHITE KRAFT / TKLINER  FSC mix 70% CU-COC-810587,984,642.0,5,664,1050,4-11285,Apr-26
4-11287BL,30/00/1250/016/027,PACKLINE 1250 G/M² WHITE TESTLINER / TKLINER  FSC mix 70% CU-COC-810587,1372,886.0,5,662,1250,4-11287,Apr-26
4-11290,30/01/1100/067/083,PACKLINE 1100 G/M² SAPINO WHITE TESTLINER+WHITE PE  TKLINER+PE FSC mix 70% CU-CO,1105,785.0,5,865,1100,4-11290,Apr-26
4-11291,30/00/0850/010/027,PACKLINE  850 G/M² WHITE KRAFT / TKLINER  FSC mix 70% CU-COC-810587,790,1110.0,5,647,850,4-11291,Apr-26
4-11304,30/12/0450/000/000,PACKLINE  450 G/M² DR UNLINED / UNLINED  FSC recycled 100% CU-COC-810587,700,1000.0,5,709,450,4-11304,Apr-26
4-11323,30/00/0900/027/087,PACKLINE  900 G/M² TKLINER / TKLINER+WHITE PE-NC  FSC recycled 100% CU-COC-81058,720,1040.0,5,746,900,4-11323,Apr-26
4-11324,30/00/0900/016/087,PACKLINE  900 G/M² WHITE TESTLINER /  TKLINER+WHITE PE-NC FSC mix 70% CU-COC-810,1060,730.0,5,793,900,4-11324,Apr-26
4-11335,30/00/1000/027/087,PACKLINE 1000 G/M² TKLINER / TKLINER+WHITE PE-NC  FSC recycled 100% CU-COC-81058,870,1192.0,5,730,1000,4-11335,Apr-26
4-11349,30/00/0900/016/087,PACKLINE  900 G/M² WHITE TESTLINER /  TKLINER+WHITE PE-NC FSC mix 70% CU-COC-810,940,685.0,5,793,900,4-11349,Apr-26
4-11359,30/11/0750/064/071,PACKLINE  750 G/M² SAPINO WHITE KRAFT+WHITE PE /  BROWN KRAFT+PE FSC mix 70% CU-,800,1200.0,5,993,750,4-11359,Apr-26
4-11376,30/00/0900/010/027,PACKLINE  900 G/M² WHITE KRAFT / TKLINER  FSC mix 70% CU-COC-810587,886,1372.0,5,664,900,4-11376,Apr-26
4-11389,30/00/1100/010/027,PACKLINE 1100 G/M² WHITE KRAFT / TKLINER  FSC mix 70% CU-COC-810587,634,912.0,5,667,1100,4-11389,Apr-26
4-11396,30/00/1250/016/027,PACKLINE 1250 G/M² WHITE TESTLINER / TKLINER  FSC mix 70% CU-COC-810587,916,686.0,5,662,1250,4-11396,Apr-26
4-11428.,30/01/1100/067/083,PACKLINE 1100 G/M² SAPINO WHITE TESTLINER+WHITE PE  TKLINER+PE FSC mix 70% CU-CO,910,700.0,5,865,1100,4-11428,Apr-26
4-11439,30/00/1000/028/087,PACKLINE 1000 G/M² KRAFTLINER /  TKLINER+WHITE PE-NC FSC mix 70% CU-COC-810587,1200,800.0,5,794,1000,4-11439,Apr-26
4-11441,30/11/0750/064/071,PACKLINE  750 G/M² SAPINO WHITE KRAFT+WHITE PE /  BROWN KRAFT+PE FSC mix 70% CU-,558,846.0,5,993,750,4-11441,Apr-26
4-11441LG,30/11/0750/064/071,PACKLINE  750 G/M² SAPINO WHITE KRAFT+WHITE PE /  BROWN KRAFT+PE FSC mix 70% CU-,558,846.0,5,993,750,4-11441,Apr-26
4-11445,30/01/0850/071/064,PACKLINE  850 G/M²  SAPINO BROWN KRAFT+PE /  WHITE KRAFT+WPE FSC mix 70% CU-COC-,830,552.0,5,942,850,4-11445,Apr-26
4-11455,30/11/0750/064/071,PACKLINE  750 G/M² SAPINO WHITE KRAFT+WHITE PE /  BROWN KRAFT+PE FSC mix 70% CU-,606,932.0,5,993,750,4-11455,Apr-26
4-11466,30/00/0900/016/087,PACKLINE  900 G/M² WHITE TESTLINER /  TKLINER+WHITE PE-NC FSC mix 70% CU-COC-810,886,1372.0,5,793,900,4-11466,Apr-26
4-11471,30/00/0700/010/020,PACKLINE  700 G/M² WHITE KRAFT / BROWN KRAFT  FSC mix 70% CU-COC-810587,655,1150.0,5,807,700,4-11471,Apr-26
4-11552,30/01/0950/064/083,PACKLINE  950 G/M² SAPINO WHITE KRAFT+WHITE PE /  TKLINER+PE FSC mix 70% CU-COC-,970,560.0,5,891,950,4-11552,Apr-26
4-11553,30/00/0900/016/087,PACKLINE  900 G/M² WHITE TESTLINER /  TKLINER+WHITE PE-NC FSC mix 70% CU-COC-810,810,1220.0,5,793,900,4-11553,Apr-26
4-11570,30/00/1100/027/027,PACKLINE 1100 G/M² TKLINER / TKLINER  FSC recycled 100% CU-COC-810587,1339,780.0,5,616,1100,4-11570,Apr-26
4-11573,30/00/1000/016/087,PACKLINE 1000 G/M² WHITE TESTLINER /  TKLINER+WHITE PE-NC FSC mix 70% CU-COC-810,810,1219.0,5,763,1000,4-11573,Apr-26
4-11578,30/01/0850/064/071,PACKLINE  850 G/M² SAPINO WHITE KRAFT+WHITE PE /  BROWN KRAFT+PE FSC mix 70% CU-,1010,760.0,5,942,850,4-11578,Apr-26
4-11584,30/01/0950/064/083,PACKLINE  950 G/M² SAPINO WHITE KRAFT+WHITE PE /  TKLINER+PE FSC mix 70% CU-COC-,770,650.0,5,891,950,4-11584,Apr-26
4-11586,30/00/0900/027/087,PACKLINE  900 G/M² TKLINER / TKLINER+WHITE PE-NC  FSC recycled 100% CU-COC-81058,791,1300.0,5,746,900,4-11586,Apr-26
4-11587,30/00/1150/016/027,PACKLINE 1150 G/M² WHITE TESTLINER / TKLINER  FSC mix 70% CU-COC-810587,1104,757.0,5,655,1150,4-11587,Apr-26
4-11591,30/00/0900/010/027,PACKLINE  900 G/M² WHITE KRAFT / TKLINER  FSC mix 70% CU-COC-810587,836,606.0,5,664,900,4-11591,Apr-26
4-11593,30/00/0900/027/027,PACKLINE  900 G/M² TKLINER / TKLINER  FSC recycled 100% CU-COC-810587,875,945.0,5,610,900,4-11593,Apr-26
4-11594,30/00/0900/010/027,PACKLINE  900 G/M² WHITE KRAFT / TKLINER  FSC mix 70% CU-COC-810587,1350,890.0,5,664,900,4-11594,Apr-26
4-11599,30/00/1100/027/027,PACKLINE 1100 G/M² TKLINER / TKLINER  FSC recycled 100% CU-COC-810587,670,780.0,5,616,1100,4-11599,Apr-26
4-11600,30/00/1000/027/027,PACKLINE 1000 G/M² TKLINER / TKLINER  FSC recycled 100% CU-COC-810587,650,810.0,5,610,1000,4-11600,Apr-26
4-11605,30/01/1100/067/083,PACKLINE 1100 G/M² SAPINO WHITE TESTLINER+WHITE PE  TKLINER+PE FSC mix 70% CU-CO,600,916.0,5,865,1100,4-11605,Apr-26
4-11606,30/01/0950/064/083,PACKLINE  950 G/M² SAPINO WHITE KRAFT+WHITE PE /  TKLINER+PE FSC mix 70% CU-COC-,600,916.0,5,891,950,4-11606,Apr-26
4-11611,30/00/1250/027/027,PACKLINE 1250 G/M² TKLINER / TKLINER  FSC recycled 100% CU-COC-810587,570,808.0,5,626,1250,4-11611,Apr-26
4-11612,30/00/1250/027/027,PACKLINE 1250 G/M² TKLINER / TKLINER  FSC recycled 100% CU-COC-810587,1111,1508.0,5,626,1250,4-11612,Apr-26
4-11620,30/00/0850/027/027,PACKLINE  850 G/M² TKLINER / TKLINER  FSC recycled 100% CU-COC-810587,808,1215.0,5,625,850,4-11620,Apr-26
4-11633,30/11/0750/064/071,PACKLINE  750 G/M² SAPINO WHITE KRAFT+WHITE PE /  BROWN KRAFT+PE FSC mix 70% CU-,1116,708.0,5,993,750,4-11633,Apr-26
4-11655,30/00/0750/010/027,PACKLINE  750 G/M² WHITE KRAFT / TKLINER  FSC mix 70% CU-COC-810587,790,1280.0,5,747,750,4-11655,Apr-26
4-11656,30/00/0900/027/027,PACKLINE  900 G/M² TKLINER / TKLINER  FSC recycled 100% CU-COC-810587,1260,780.0,5,610,900,4-11656,Apr-26
4-11698,30/00/0800/064/064,PACKLINE  800 G/M² WHITE KRAFT+WHITE PE /  WHITE KRAFT+WHITE PE FSC mix 70% CU-C,956,1000.0,5,916,800,4-11698,Apr-26
4-11699,30/00/0800/064/064,PACKLINE  800 G/M² WHITE KRAFT+WHITE PE /  WHITE KRAFT+WHITE PE FSC mix 70% CU-C,722,1000.0,5,916,800,4-11699,Apr-26
4-11703,30/01/1100/067/083,PACKLINE 1100 G/M² SAPINO WHITE TESTLINER+WHITE PE  TKLINER+PE FSC mix 70% CU-CO,689,1060.0,5,865,1100,4-11703,Apr-26
4-11706,30/00/0800/020/020,PACKLINE  800 G/M² BROWN KRAFT / BROWN KRAFT  FSC mix 70% CU-COC-810587,1058,734.0,5,699,800,4-11706,Apr-26
4-11707,30/00/0800/010/027,PACKLINE  800 G/M² WHITE KRAFT / TKLINER  FSC mix 70% CU-COC-810587,742,1074.0,5,662,800,4-11707,Apr-26
4-11737,30/11/0750/064/071,PACKLINE  750 G/M² SAPINO WHITE KRAFT+WHITE PE /  BROWN KRAFT+PE FSC mix 70% CU-,710,950.0,5,993,750,4-11737,Apr-26
4-11740,30/11/0750/064/071,PACKLINE  750 G/M² SAPINO WHITE KRAFT+WHITE PE /  BROWN KRAFT+PE FSC mix 70% CU-,814,1196.0,5,993,750,4-11740,Apr-26
4-11741,30/00/0800/064/064,PACKLINE  800 G/M² WHITE KRAFT+WHITE PE /  WHITE KRAFT+WHITE PE FSC mix 70% CU-C,1150,1150.0,5,916,800,4-11741,Apr-26
4-11750,30/01/0850/064/071,PACKLINE  850 G/M² SAPINO WHITE KRAFT+WHITE PE /  BROWN KRAFT+PE FSC mix 70% CU-,744,1200.0,5,942,850,4-11750,Apr-26
4-11763,30/01/0950/064/083,PACKLINE  950 G/M² SAPINO WHITE KRAFT+WHITE PE /  TKLINER+PE FSC mix 70% CU-COC-,660,1027.0,5,891,950,4-11763,Apr-26
4-11765,30/00/0800/010/027,PACKLINE  800 G/M² WHITE KRAFT / TKLINER  FSC mix 70% CU-COC-810587,1230,815.0,5,662,800,4-11765,Apr-26
4-11766,30/00/0800/010/027,PACKLINE  800 G/M² WHITE KRAFT / TKLINER  FSC mix 70% CU-COC-810587,1248,822.0,5,662,800,4-11766,Apr-26
4-11767,30/00/0800/010/027,PACKLINE  800 G/M² WHITE KRAFT / TKLINER  FSC mix 70% CU-COC-810587,697,1134.0,5,662,800,4-11767,Apr-26
4-11768,30/00/0800/010/027,PACKLINE  800 G/M² WHITE KRAFT / TKLINER  FSC mix 70% CU-COC-810587,1120,690.0,5,662,800,4-11768,Apr-26
4-11782,30/00/0900/027/027,PACKLINE  900 G/M² TKLINER / TKLINER  FSC recycled 100% CU-COC-810587,1194,733.0,5,610,900,4-11782,Apr-26
4-11783,30/00/0800/010/027,PACKLINE  800 G/M² WHITE KRAFT / TKLINER  FSC mix 70% CU-COC-810587,735,1210.0,5,662,800,4-11783,Apr-26
4-11803,30/00/1000/010/027,PACKLINE 1000 G/M² WHITE KRAFT / TKLINER  FSC mix 70% CU-COC-810587,1254,685.0,5,664,1000,4-11803,Apr-26
4-11881,30/00/1000/010/027,PACKLINE 1000 G/M² WHITE KRAFT / TKLINER  FSC mix 70% CU-COC-810587,1420,910.0,5,664,1000,4-11881,Apr-26
4-11919,30/00/1150/016/016,PACKLINE 1150 G/M² WHITE TESTLINER/WHITE TESTLINER  FSC mix 70% CU-COC-810587,714,937.0,5,692,1150,4-11919,Apr-26
4-11942,30/00/0700/010/020,PACKLINE  700 G/M² WHITE KRAFT / BROWN KRAFT  FSC mix 70% CU-COC-810587,787,1000.0,5,807,700,4-11942,Apr-26
4-11983,30/00/0950/027/010,PACKLINE  950 G/M² TKLINER / WHITE KRAFT  FSC mix 70% CU-COC-810587,980,660.0,5,662,950,4-11983,Apr-26
4-11984,30/00/0850/010/027,PACKLINE  850 G/M² WHITE KRAFT / TKLINER  FSC mix 70% CU-COC-810587,668,996.0,5,647,850,4-11984,Apr-26
4-11986,30/00/0900/027/027,PACKLINE  900 G/M² TKLINER / TKLINER  FSC recycled 100% CU-COC-810587,945,875.0,5,610,900,4-11986,Apr-26
4-11999,30/01/1100/067/083,PACKLINE 1100 G/M² SAPINO WHITE TESTLINER+WHITE PE  TKLINER+PE FSC mix 70% CU-CO,1360,880.0,5,865,1100,4-11999,Apr-26
4-12046,30/00/0900/016/087,PACKLINE  900 G/M² WHITE TESTLINER /  TKLINER+WHITE PE-NC FSC mix 70% CU-COC-810,1100,750.0,5,793,900,4-12046,Apr-26
4-12047,30/00/0900/016/087,PACKLINE  900 G/M² WHITE TESTLINER /  TKLINER+WHITE PE-NC FSC mix 70% CU-COC-810,1300,750.0,5,793,900,4-12047,Apr-26
4-12054,30/00/0900/016/087,PACKLINE  900 G/M² WHITE TESTLINER /  TKLINER+WHITE PE-NC FSC mix 70% CU-COC-810,1280,740.0,5,793,900,4-12054,Apr-26
4-12055,30/01/0950/064/067,PACKLINE  950 G/M² SAPINO BLEACHED KRAFT+WHITE PE/  WHITE TESTL+WHITE PE FSC mix,1076,669.0,5,955,950,4-12055,Apr-26
4-12060,30/00/0700/010/020,PACKLINE  700 G/M² WHITE KRAFT / BROWN KRAFT  FSC mix 70% CU-COC-810587,820,1320.0,5,807,700,4-12060,Apr-26
4-12061,30/00/0900/027/027,PACKLINE  900 G/M² TKLINER / TKLINER  FSC recycled 100% CU-COC-810587,1300,810.0,5,610,900,4-12061,Apr-26
4-12063,30/00/0700/010/020,PACKLINE  700 G/M² WHITE KRAFT / BROWN KRAFT  FSC mix 70% CU-COC-810587,820,1350.0,5,807,700,4-12063,Apr-26
4-12082,30/01/0950/064/083,PACKLINE  950 G/M² SAPINO WHITE KRAFT+WHITE PE /  TKLINER+PE FSC mix 70% CU-COC-,1070,888.0,5,891,950,4-12082,Apr-26
4-12088,30/01/0950/064/083,PACKLINE  950 G/M² SAPINO WHITE KRAFT+WHITE PE /  TKLINER+PE FSC mix 70% CU-COC-,970,550.0,5,891,950,4-12088,Apr-26
4-13000,30/00/0700/010/020,PACKLINE  700 G/M² WHITE KRAFT / BROWN KRAFT  FSC mix 70% CU-COC-810587,1100,862.0,5,807,700,4-13000,Apr-26
4-13003,30/00/0600/020/020,PACKLINE  600 G/M² BROWN KRAFT / BROWN KRAFT  FSC mix 70% CU-COC-810587,1108,868.0,5,835,600,4-13003,Apr-26
4-13005,30/00/0850/027/027,PACKLINE  850 G/M² TKLINER / TKLINER  FSC recycled 100% CU-COC-810587,1184,792.0,5,625,850,4-13005,Apr-26
4-13028,30/00/0700/020/020,PACKLINE  700 G/M² BROWN KRAFT / BROWN KRAFT  FSC mix 70% CU-COC-810587,1254,775.0,5,805,700,4-13028,Apr-26
4-13029,30/00/0600/010/000,PACKLINE  600 G/M² WHITE KRAFT / UNLINED  FSC mix 70% CU-COC-810587,1270,783.0,5,767,600,4-13029,Apr-26
4-13068,30/00/0900/027/027,PACKLINE  900 G/M² TKLINER / TKLINER  FSC recycled 100% CU-COC-810587,1030,670.0,5,610,900,4-13068,Apr-26
4-13069,30/00/0700/010/010,PACKLINE  700 G/M² WHITE KRAFT / WHITE KRAFT  FSC mix 70% CU-COC-810587,1050,680.0,5,822,700,4-13069,Apr-26
4-13072,30/00/0600/010/020,PACKLINE  600 G/M² WHITE KRAFT / BROWN KRAFT  FSC mix 70% CU-COC-810587,626,1034.0,5,838,600,4-13072,Apr-26
4-13090,30/00/0800/010/027,PACKLINE  800 G/M² WHITE KRAFT / TKLINER  FSC mix 70% CU-COC-810587,1350,785.0,5,662,800,4-13090,Apr-26
4-13094,30/00/1000/027/087,PACKLINE 1000 G/M² TKLINER / TKLINER+WHITE PE-NC  FSC recycled 100% CU-COC-81058,1270,835.0,5,730,1000,4-13094,Apr-26
4-13096,30/01/0950/064/083,PACKLINE  950 G/M² SAPINO WHITE KRAFT+WHITE PE /  TKLINER+PE FSC mix 70% CU-COC-,792,782.0,5,891,950,4-13096,Apr-26
4-13113,30/00/0900/010/027,PACKLINE  900 G/M² WHITE KRAFT / TKLINER  FSC mix 70% CU-COC-810587,820,660.0,5,664,900,4-13113,Apr-26
4-13114,30/00/0900/010/027,PACKLINE  900 G/M² WHITE KRAFT / TKLINER  FSC mix 70% CU-COC-810587,760,1167.0,5,664,900,4-13114,Apr-26
4-13120,30/00/1000/027/087,PACKLINE 1000 G/M² TKLINER / TKLINER+WHITE PE-NC  FSC recycled 100% CU-COC-81058,1219,1380.0,5,730,1000,4-13120,Apr-26
4-13127,30/00/0850/010/027,PACKLINE  850 G/M² WHITE KRAFT / TKLINER  FSC mix 70% CU-COC-810587,808,1296.0,5,647,850,4-13127,Apr-26
4-13130,30/00/0800/020/020,PACKLINE  800 G/M² BROWN KRAFT / BROWN KRAFT  FSC mix 70% CU-COC-810587,1300,810.0,5,699,800,4-13130,Apr-26
4-13131,30/00/0700/020/020,PACKLINE  700 G/M² BROWN KRAFT / BROWN KRAFT  FSC mix 70% CU-COC-810587,820,1320.0,5,805,700,4-13131,Apr-26
4-13132,30/00/1000/027/027,PACKLINE 1000 G/M² TKLINER / TKLINER  FSC recycled 100% CU-COC-810587,1280,800.0,5,610,1000,4-13132,Apr-26
4-13133,30/00/0700/020/010,PACKLINE  700 G/M² BROWN KRAFT / WHITE KRAFT  FSC mix 70% CU-COC-810587,960,580.0,5,810,700,4-13133,Apr-26
4-13134,30/00/0700/010/020,PACKLINE  700 G/M² WHITE KRAFT / BROWN KRAFT  FSC mix 70% CU-COC-810587,590,980.0,5,807,700,4-13134,Apr-26
4-13138,30/01/0700/064/064,PACKLINE  700 G/M² SAPINO WHITE KRAFT+WHITE PE /  WHITE KRAFT+WHITE PE FSC mix 7,1196,814.0,5,1161,700,4-13138,Apr-26
4-13144,30/00/1000/027/087,PACKLINE 1000 G/M² TKLINER / TKLINER+WHITE PE-NC  FSC recycled 100% CU-COC-81058,685,1224.0,5,730,1000,4-13144,Apr-26
4-13151,30/11/0750/064/071,PACKLINE  750 G/M² SAPINO WHITE KRAFT+WHITE PE /  BROWN KRAFT+PE FSC mix 70% CU-,650,915.0,5,993,750,4-13151,Apr-26
4-13155,30/00/0700/010/020,PACKLINE  700 G/M² WHITE KRAFT / BROWN KRAFT  FSC mix 70% CU-COC-810587,833,1266.0,5,807,700,4-13155,Apr-26
4-13156,30/00/0700/010/020,PACKLINE  700 G/M² WHITE KRAFT / BROWN KRAFT  FSC mix 70% CU-COC-810587,844,660.0,5,807,700,4-13156,Apr-26
4-13159,30/01/0950/064/083,PACKLINE  950 G/M² SAPINO WHITE KRAFT+WHITE PE /  TKLINER+PE FSC mix 70% CU-COC-,984,700.0,5,891,950,4-13159,Apr-26
4-13168,30/00/0900/010/027,PACKLINE  900 G/M² WHITE KRAFT / TKLINER  FSC mix 70% CU-COC-810587,710,1380.0,5,664,900,4-13168,Apr-26
4-13169,30/00/0900/027/010,PACKLINE  900 G/M² TKLINER / WHITE KRAFT  FSC mix 70% CU-COC-810587,1360,700.0,5,664,900,4-13169,Apr-26
4-13185,30/00/1200/027/027,PACKLINE 1200 G/M² TKLINER / TKLINER  FSC recycled 100% CU-COC-810587,745,940.0,5,623,1200,4-13185,Apr-26
4-13187,30/00/1250/027/027,PACKLINE 1250 G/M² TKLINER / TKLINER  FSC recycled 100% CU-COC-810587,855,955.0,5,626,1250,4-13187,Apr-26
4-13188,30/00/1000/010/027,PACKLINE 1000 G/M² WHITE KRAFT / TKLINER  FSC mix 70% CU-COC-810587,865,965.0,5,664,1000,4-13188,Apr-26
4-13190,30/01/0700/064/064,PACKLINE  700 G/M² SAPINO WHITE KRAFT+WHITE PE /  WHITE KRAFT+WHITE PE FSC mix 7,1026,814.0,5,1161,700,4-13190,Apr-26
4-13191,30/00/0800/010/069,PACKLINE  800 G/M² WHITE KRAFT / WHITE KRAFT  WHITE PE NC FSC mix 70% CU-COC-810,1372,886.0,5,786,800,4-13191,Apr-26
4-13215,30/00/0950/027/027,PACKLINE  950 G/M² TKLINER / TKLINER  FSC recycled 100% CU-COC-810587,1200,1000.0,5,608,950,4-13215,Apr-26
4-13218,30/00/1050/027/027,PACKLINE 1050 G/M² TKLINER / TKLINER  FSC recycled 100% CU-COC-810587,1100,1100.0,5,615,1050,4-13218,Apr-26
4-13219,30/00/0900/010/027,PACKLINE  900 G/M² WHITE KRAFT / TKLINER  FSC mix 70% CU-COC-810587,838,1276.0,5,664,900,4-13219,Apr-26
4-13220,30/00/1000/027/027,PACKLINE 1000 G/M² TKLINER / TKLINER  FSC recycled 100% CU-COC-810587,1260,830.0,5,610,1000,4-13220,Apr-26
4-13223,30/00/0850/010/027,PACKLINE  850 G/M² WHITE KRAFT / TKLINER  FSC mix 70% CU-COC-810587,1108,758.0,5,647,850,4-13223,Apr-26
4-13224,30/00/0950/027/027,PACKLINE  950 G/M² TKLINER / TKLINER  FSC recycled 100% CU-COC-810587,1100,750.0,5,608,950,4-13224,Apr-26
4-13239,30/00/0800/010/027,PACKLINE  800 G/M² WHITE KRAFT / TKLINER  FSC mix 70% CU-COC-810587,1314,814.0,5,662,800,4-13239,Apr-26
4-13246,30/00/0800/020/020,PACKLINE  800 G/M² BROWN KRAFT / BROWN KRAFT  FSC mix 70% CU-COC-810587,1036,718.0,5,699,800,4-13246,Apr-26
4-13247,30/00/0750/010/020,PACKLINE  750 G/M² WHITE KRAFT / BROWN KRAFT  FSC mix 70% CU-COC-810587,1056,728.0,5,703,750,4-13247,Apr-26
4-13264,30/00/0800/010/027,PACKLINE  800 G/M² WHITE KRAFT / TKLINER  FSC mix 70% CU-COC-810587,819,1012.0,5,662,800,4-13264,Apr-26
4-13265,30/00/1250/027/027,PACKLINE 1250 G/M² TKLINER / TKLINER  FSC recycled 100% CU-COC-810587,815,1010.0,5,626,1250,4-13265,Apr-26
4-13285,30/01/0850/064/071,PACKLINE  850 G/M² SAPINO WHITE KRAFT+WHITE PE /  BROWN KRAFT+PE FSC mix 70% CU-,1196,657.0,5,942,850,4-13285,Apr-26
4-13286,30/00/0850/010/027,PACKLINE  850 G/M² WHITE KRAFT / TKLINER  FSC mix 70% CU-COC-810587,1080,756.0,5,647,850,4-13286,Apr-26
4-13287,30/00/0850/010/027,PACKLINE  850 G/M² WHITE KRAFT / TKLINER  FSC mix 70% CU-COC-810587,1064,746.0,5,647,850,4-13287,Apr-26
4-13290,30/01/0850/064/071,PACKLINE  850 G/M² SAPINO WHITE KRAFT+WHITE PE /  BROWN KRAFT+PE FSC mix 70% CU-,737,1356.0,5,942,850,4-13290,Apr-26
4-13291,30/01/1100/067/083,PACKLINE 1100 G/M² SAPINO WHITE TESTLINER+WHITE PE  TKLINER+PE FSC mix 70% CU-CO,1154,918.0,5,865,1100,4-13291,Apr-26
4-13292,30/01/1100/067/083,PACKLINE 1100 G/M² SAPINO WHITE TESTLINER+WHITE PE  TKLINER+PE FSC mix 70% CU-CO,994,838.0,5,865,1100,4-13292,Apr-26
4-13296,30/00/1000/028/087,PACKLINE 1000 G/M² KRAFTLINER /  TKLINER+WHITE PE-NC FSC mix 70% CU-COC-810587,820,1240.0,5,794,1000,4-13296,Apr-26
4-13297,30/00/1000/017/087,PACKLINE 1000 G/M² WHITE KRAFTLINER /  TKLINER+WHITE PE-NC FSC mix 70% CU-COC-81,826,1252.0,5,780,1000,4-13297,Apr-26
4-13302,30/00/1250/027/087,PACKLINE 1250 G/M² TKLINER / TKLINER+WHITE PE-NC  FSC recycled 100% CU-COC-81058,1142,1016.0,5,727,1250,4-13302,Apr-26
4-13307,30/12/0450/000/000,PACKLINE  450 G/M² DR UNLINED / UNLINED  FSC recycled 100% CU-COC-810587,160,588.0,5,709,450,4-13307,Apr-26
4-13316,30/00/0900/010/027,PACKLINE  900 G/M² WHITE KRAFT / TKLINER  FSC mix 70% CU-COC-810587,1242,806.0,5,664,900,4-13316,Apr-26
4-13324,30/00/0950/027/027,PACKLINE  950 G/M² TKLINER / TKLINER  FSC recycled 100% CU-COC-810587,1070,1360.0,5,608,950,4-13324,Apr-26
4-13331,30/00/0800/010/027,PACKLINE  800 G/M² WHITE KRAFT / TKLINER  FSC mix 70% CU-COC-810587,940,555.0,5,662,800,4-13331,Apr-26
4-13332,30/00/0800/010/027,PACKLINE  800 G/M² WHITE KRAFT / TKLINER  FSC mix 70% CU-COC-810587,1120,645.0,5,662,800,4-13332,Apr-26
4-13333,30/00/0900/027/027,PACKLINE  900 G/M² TKLINER / TKLINER  FSC recycled 100% CU-COC-810587,1296,812.0,5,610,900,4-13333,Apr-26
4-13355,30/11/0750/064/071,PACKLINE  750 G/M² SAPINO WHITE KRAFT+WHITE PE /  BROWN KRAFT+PE FSC mix 70% CU-,726,964.0,5,993,750,4-13355,Apr-26
4-13359,30/00/0850/027/027,PACKLINE  850 G/M² TKLINER / TKLINER  FSC recycled 100% CU-COC-810587,1260,780.0,5,625,850,4-13359,Apr-26
4-13367,30/00/1000/028/087,PACKLINE 1000 G/M² KRAFTLINER /  TKLINER+WHITE PE-NC FSC mix 70% CU-COC-810587,780,1340.0,5,794,1000,4-13367,Apr-26
4-13383,30/00/0900/016/087,PACKLINE  900 G/M² WHITE TESTLINER /  TKLINER+WHITE PE-NC FSC mix 70% CU-COC-810,1080,742.0,5,793,900,4-13383,Apr-26
4-13384,30/00/0750/010/020,PACKLINE  750 G/M² WHITE KRAFT / BROWN KRAFT  FSC mix 70% CU-COC-810587,677,1012.0,5,703,750,4-13384,Apr-26
4-13407,30/00/1000/027/087,PACKLINE 1000 G/M² TKLINER / TKLINER+WHITE PE-NC  FSC recycled 100% CU-COC-81058,1119,1280.0,5,730,1000,4-13407,Apr-26
4-13408,30/00/0900/016/087,PACKLINE  900 G/M² WHITE TESTLINER /  TKLINER+WHITE PE-NC FSC mix 70% CU-COC-810,1210,807.0,5,793,900,4-13408,Apr-26
4-13413,30/00/0700/020/020,PACKLINE  700 G/M² BROWN KRAFT / BROWN KRAFT  FSC mix 70% CU-COC-810587,1118,627.0,5,805,700,4-13413,Apr-26
4-13414,30/00/0700/020/020,PACKLINE  700 G/M² BROWN KRAFT / BROWN KRAFT  FSC mix 70% CU-COC-810587,1020,746.0,5,805,700,4-13414,Apr-26
4-13415,30/00/0700/020/020,PACKLINE  700 G/M² BROWN KRAFT / BROWN KRAFT  FSC mix 70% CU-COC-810587,848,847.0,5,805,700,4-13415,Apr-26
4-13422,30/00/0850/010/027,PACKLINE  850 G/M² WHITE KRAFT / TKLINER  FSC mix 70% CU-COC-810587,790,1140.0,5,647,850,4-13422,Apr-26
4-13426,30/00/0650/000/000,PACKLINE  650 G/M² UNLINED / UNLINED  FSC recycled 100% CU-COC-810587,245,325.0,5,581,650,4-13426,Apr-26
4-13445,30/00/1050/027/027,PACKLINE 1050 G/M² TKLINER / TKLINER  FSC recycled 100% CU-COC-810587,1100,750.0,5,615,1050,4-13445,Apr-26
4-13477,30/00/0900/027/087,PACKLINE  900 G/M² TKLINER / TKLINER+WHITE PE-NC  FSC recycled 100% CU-COC-81058,600,1162.0,5,746,900,4-13477,Apr-26
4-13481,30/01/0950/064/083,PACKLINE  950 G/M² SAPINO WHITE KRAFT+WHITE PE /  TKLINER+PE FSC mix 70% CU-COC-,1192,796.0,5,891,950,4-13481,Apr-26
4-13487,30/00/1050/027/027,PACKLINE 1050 G/M² TKLINER / TKLINER  FSC recycled 100% CU-COC-810587,805,1240.0,5,615,1050,4-13487,Apr-26
4-13488,30/00/0750/010/027,PACKLINE  750 G/M² WHITE KRAFT / TKLINER  FSC mix 70% CU-COC-810587,1250,815.0,5,747,750,4-13488,Apr-26
4-13492,30/00/0850/027/010,PACKLINE  850 G/M² TKLINER / WHITE KRAFT  FSC mix 70% CU-COC-810587,1018,672.0,5,647,850,4-13492,Apr-26
4-13493,30/00/0850/010/027,PACKLINE  850 G/M² WHITE KRAFT / TKLINER  FSC mix 70% CU-COC-810587,1034,680.0,5,647,850,4-13493,Apr-26
4-13494,30/00/0900/027/027,PACKLINE  900 G/M² TKLINER / TKLINER  FSC recycled 100% CU-COC-810587,880,970.0,5,610,900,4-13494,Apr-26
4-13504,30/00/0800/010/027,PACKLINE  800 G/M² WHITE KRAFT / TKLINER  FSC mix 70% CU-COC-810587,1260,740.0,5,662,800,4-13504,Apr-26
4-13505,30/00/0800/010/027,PACKLINE  800 G/M² WHITE KRAFT / TKLINER  FSC mix 70% CU-COC-810587,1276,748.0,5,662,800,4-13505,Apr-26
4-13507,30/00/1000/016/087,PACKLINE 1000 G/M² WHITE TESTLINER /  TKLINER+WHITE PE-NC FSC mix 70% CU-COC-810,870,750.0,5,763,1000,4-13507,Apr-26
4-13508,30/00/1000/016/087,PACKLINE 1000 G/M² WHITE TESTLINER /  TKLINER+WHITE PE-NC FSC mix 70% CU-COC-810,880,760.0,5,763,1000,4-13508,Apr-26
4-13514,30/00/1000/027/027,PACKLINE 1000 G/M² TKLINER / TKLINER  FSC recycled 100% CU-COC-810587,1500,1300.0,5,610,1000,4-13514,Apr-26
4-13515,30/00/1050/027/027,PACKLINE 1050 G/M² TKLINER / TKLINER  FSC recycled 100% CU-COC-810587,1010,760.0,5,615,1050,4-13515,Apr-26
4-13516,30/00/0750/010/027,PACKLINE  750 G/M² WHITE KRAFT / TKLINER  FSC mix 70% CU-COC-810587,838,1268.0,5,747,750,4-13516,Apr-26
4-13517,30/00/0850/027/027,PACKLINE  850 G/M² TKLINER / TKLINER  FSC recycled 100% CU-COC-810587,1260,830.0,5,625,850,4-13517,Apr-26
4-13518,30/00/0900/027/027,PACKLINE  900 G/M² TKLINER / TKLINER  FSC recycled 100% CU-COC-810587,1062,751.0,5,610,900,4-13518,Apr-26
4-13519,30/00/0850/010/027,PACKLINE  850 G/M² WHITE KRAFT / TKLINER  FSC mix 70% CU-COC-810587,1078,759.0,5,647,850,4-13519,Apr-26
4-13532,30/00/1050/027/010,PACKLINE 1050 G/M² TKLINER / WHITE KRAFT  FSC mix 70% CU-COC-810587,984,778.0,5,670,1050,4-13532,Apr-26
4-13533,30/00/0750/010/027,PACKLINE  750 G/M² WHITE KRAFT / TKLINER  FSC mix 70% CU-COC-810587,1004,788.0,5,747,750,4-13533,Apr-26
4-13534,30/01/0850/064/071,PACKLINE  850 G/M² SAPINO WHITE KRAFT+WHITE PE /  BROWN KRAFT+PE FSC mix 70% CU-,1136,703.0,5,942,850,4-13534,Apr-26
4-13536,30/01/0950/064/067,PACKLINE  950 G/M² SAPINO BLEACHED KRAFT+WHITE PE/  WHITE TESTL+WHITE PE FSC mix,1200,784.0,5,955,950,4-13536,Apr-26
4-13538,30/00/0800/010/020,PACKLINE  800 G/M² WHITE KRAFT / BROWN KRAFT  FSC mix 70% CU-COC-810587,1056,728.0,5,691,800,4-13538,Apr-26
4-13543,30/00/0900/016/087,PACKLINE  900 G/M² WHITE TESTLINER /  TKLINER+WHITE PE-NC FSC mix 70% CU-COC-810,1000,705.0,5,793,900,4-13543,Apr-26
4-13547,30/00/1100/027/027,PACKLINE 1100 G/M² TKLINER / TKLINER  FSC recycled 100% CU-COC-810587,1010,760.0,5,616,1100,4-13547,Apr-26
4-13572,30/00/1100/010/027,PACKLINE 1100 G/M² WHITE KRAFT / TKLINER  FSC mix 70% CU-COC-810587,820,1350.0,5,667,1100,4-13572,Apr-26
4-13574,30/11/0750/064/071,PACKLINE  750 G/M² SAPINO WHITE KRAFT+WHITE PE /  BROWN KRAFT+PE FSC mix 70% CU-,1116,708.0,5,993,750,4-13574,Apr-26
4-13575,30/01/0700/064/064,PACKLINE  700 G/M² SAPINO WHITE KRAFT+WHITE PE /  WHITE KRAFT+WHITE PE FSC mix 7,726,964.0,5,1161,700,4-13575,Apr-26
4-13576,30/11/0750/064/071,PACKLINE  750 G/M² SAPINO WHITE KRAFT+WHITE PE /  BROWN KRAFT+PE FSC mix 70% CU-,846,558.0,5,993,750,4-13576,Apr-26
4-13578,30/00/0900/010/027,PACKLINE  900 G/M² WHITE KRAFT / TKLINER  FSC mix 70% CU-COC-810587,1296,808.0,5,664,900,4-13578,Apr-26
4-13583,30/00/0900/010/027,PACKLINE  900 G/M² WHITE KRAFT / TKLINER  FSC mix 70% CU-COC-810587,820,1350.0,5,664,900,4-13583,Apr-26
4-13584,30/00/1250/017/087,PACKLINE 1250 G/M² WHITE KRAFTLINER /  TKLINER+WHITE PE-NC FSC mix 70% CU-COC-81,1160,860.0,5,809,1250,4-13584,Apr-26
4-13585,30/00/1000/017/087,PACKLINE 1000 G/M² WHITE KRAFTLINER /  TKLINER+WHITE PE-NC FSC mix 70% CU-COC-81,1180,870.0,5,780,1000,4-13585,Apr-26
4-13587,30/00/1250/027/027,PACKLINE 1250 G/M² TKLINER / TKLINER  FSC recycled 100% CU-COC-810587,863,738.0,5,626,1250,4-13587,Apr-26
4-13594,30/00/0800/010/069,PACKLINE  800 G/M² WHITE KRAFT / WHITE KRAFT  WHITE PE NC FSC mix 70% CU-COC-810,1176,708.0,5,786,800,4-13594,Apr-26
4-13595,30/00/0900/027/087,PACKLINE  900 G/M² TKLINER / TKLINER+WHITE PE-NC  FSC recycled 100% CU-COC-81058,700,1160.0,5,746,900,4-13595,Apr-26
4-13611,30/00/1250/027/087,PACKLINE 1250 G/M² TKLINER / TKLINER+WHITE PE-NC  FSC recycled 100% CU-COC-81058,1200,800.0,5,727,1250,4-13611,Apr-26
4-13612,30/00/1000/016/087,PACKLINE 1000 G/M² WHITE TESTLINER /  TKLINER+WHITE PE-NC FSC mix 70% CU-COC-810,810,1220.0,5,763,1000,4-13612,Apr-26
4-13613,30/00/1000/027/087,PACKLINE 1000 G/M² TKLINER / TKLINER+WHITE PE-NC  FSC recycled 100% CU-COC-81058,1132,651.0,5,730,1000,4-13613,Apr-26
4-13614,30/00/1000/016/087,PACKLINE 1000 G/M² WHITE TESTLINER /  TKLINER+WHITE PE-NC FSC mix 70% CU-COC-810,659,1148.0,5,763,1000,4-13614,Apr-26
4-13622,30/00/1250/017/087,PACKLINE 1250 G/M² WHITE KRAFTLINER /  TKLINER+WHITE PE-NC FSC mix 70% CU-COC-81,660,1027.0,5,809,1250,4-13622,Apr-26
4-13625,30/00/0750/010/027,PACKLINE  750 G/M² WHITE KRAFT / TKLINER  FSC mix 70% CU-COC-810587,1176,758.0,5,747,750,4-13625,Apr-26
4-13626,30/00/0900/027/010,PACKLINE  900 G/M² TKLINER / WHITE KRAFT  FSC mix 70% CU-COC-810587,1160,750.0,5,664,900,4-13626,Apr-26
4-13627,30/00/0800/027/027,PACKLINE  800 G/M² TKLINER / TKLINER  FSC recycled 100% CU-COC-810587,749,942.0,5,649,800,4-13627,Apr-26
4-13628,30/00/0850/010/027,PACKLINE  850 G/M² WHITE KRAFT / TKLINER  FSC mix 70% CU-COC-810587,655,1150.0,5,647,850,4-13628,Apr-26
4-13629,30/00/1000/027/010,PACKLINE 1000 G/M² TKLINER / WHITE KRAFT  FSC mix 70% CU-COC-810587,1140,650.0,5,664,1000,4-13629,Apr-26
4-13630,30/00/1100/010/027,PACKLINE 1100 G/M² WHITE KRAFT / TKLINER  FSC mix 70% CU-COC-810587,886,1372.0,5,667,1100,4-13630,Apr-26
4-13632,30/00/1200/027/027,PACKLINE 1200 G/M² TKLINER / TKLINER  FSC recycled 100% CU-COC-810587,747,940.0,5,623,1200,4-13632,Apr-26
4-13633,30/00/0900/027/010,PACKLINE  900 G/M² TKLINER / WHITE KRAFT  FSC mix 70% CU-COC-810587,1360,880.0,5,664,900,4-13633,Apr-26
4-13642,30/00/0700/010/020,PACKLINE  700 G/M² WHITE KRAFT / BROWN KRAFT  FSC mix 70% CU-COC-810587,1160,877.0,5,807,700,4-13642,Apr-26
4-13648,30/01/0950/080/067,PACKLINE  950 G/M² SAPINO KRAFTLINER+PE /   WHITE TESTL.+WHITE  PE FSC mix 70% C,490,710.0,5,978,950,4-13648,Apr-26
4-13653,30/00/1000/027/087,PACKLINE 1000 G/M² TKLINER / TKLINER+WHITE PE-NC  FSC recycled 100% CU-COC-81058,1180,1000.0,5,730,1000,4-13653,Apr-26
4-13656,30/00/0800/010/027,PACKLINE  800 G/M² WHITE KRAFT / TKLINER  FSC mix 70% CU-COC-810587,657,814.0,5,662,800,4-13656,Apr-26
4-13657,30/00/0900/027/027,PACKLINE  900 G/M² TKLINER / TKLINER  FSC recycled 100% CU-COC-810587,648,812.0,5,610,900,4-13657,Apr-26
4-13664,30/01/0950/064/083,PACKLINE  950 G/M² SAPINO WHITE KRAFT+WHITE PE /  TKLINER+PE FSC mix 70% CU-COC-,760,1140.0,5,891,950,4-13664,Apr-26
4-13668,30/00/1000/027/087,PACKLINE 1000 G/M² TKLINER / TKLINER+WHITE PE-NC  FSC recycled 100% CU-COC-81058,1100,1280.0,5,730,1000,4-13668,Apr-26
4-13678,30/00/0900/016/087,PACKLINE  900 G/M² WHITE TESTLINER /  TKLINER+WHITE PE-NC FSC mix 70% CU-COC-810,575,1350.0,5,793,900,4-13678,Apr-26
4-13697,30/01/0800/064/064,PACKLINE  800 G/M² SAPINO WHITE KRAFT+WHITE PE /  WHITE KRAFT+WHITE PE FSC mix 7,1108,836.0,5,991,800,4-13697,Apr-26
4-13698,30/01/0850/071/064,PACKLINE  850 G/M²  SAPINO BROWN KRAFT+PE /  WHITE KRAFT+WPE FSC mix 70% CU-COC-,1092,820.0,5,942,850,4-13698,Apr-26
4-13699,30/01/0850/071/064,PACKLINE  850 G/M²  SAPINO BROWN KRAFT+PE /  WHITE KRAFT+WPE FSC mix 70% CU-COC-,700,972.0,5,942,850,4-13699,Apr-26
4-13700,30/01/0800/064/064,PACKLINE  800 G/M² SAPINO WHITE KRAFT+WHITE PE /  WHITE KRAFT+WHITE PE FSC mix 7,716,988.0,5,991,800,4-13700,Apr-26
4-13711,30/00/0850/010/027,PACKLINE  850 G/M² WHITE KRAFT / TKLINER  FSC mix 70% CU-COC-810587,1076,754.0,5,647,850,4-13711,Apr-26
4-13712,30/00/0800/010/027,PACKLINE  800 G/M² WHITE KRAFT / TKLINER  FSC mix 70% CU-COC-810587,746,724.0,5,662,800,4-13712,Apr-26
4-13716,30/00/0750/010/027,PACKLINE  750 G/M² WHITE KRAFT / TKLINER  FSC mix 70% CU-COC-810587,645,1090.0,5,747,750,4-13716,Apr-26
4-13729,30/00/1250/027/087,PACKLINE 1250 G/M² TKLINER / TKLINER+WHITE PE-NC  FSC recycled 100% CU-COC-81058,1148,927.0,5,727,1250,4-13729,Apr-26
4-13765,30/00/1250/027/087,PACKLINE 1250 G/M² TKLINER / TKLINER+WHITE PE-NC  FSC recycled 100% CU-COC-81058,1100,1100.0,5,727,1250,4-13765,Apr-26
4-13768,30/00/1000/017/087,PACKLINE 1000 G/M² WHITE KRAFTLINER /  TKLINER+WHITE PE-NC FSC mix 70% CU-COC-81,686,886.0,5,780,1000,4-13768,Apr-26
4-13769,30/00/1000/017/087,PACKLINE 1000 G/M² WHITE KRAFTLINER /  TKLINER+WHITE PE-NC FSC mix 70% CU-COC-81,870,1192.0,5,780,1000,4-13769,Apr-26
4-13796,30/00/1000/017/087,PACKLINE 1000 G/M² WHITE KRAFTLINER /  TKLINER+WHITE PE-NC FSC mix 70% CU-COC-81,760,990.0,5,780,1000,4-13796,Apr-26
4-13829,30/00/1250/017/087,PACKLINE 1250 G/M² WHITE KRAFTLINER /  TKLINER+WHITE PE-NC FSC mix 70% CU-COC-81,1200,800.0,5,809,1250,4-13829,Apr-26
4-13834,30/01/0950/080/067,PACKLINE  950 G/M² SAPINO KRAFTLINER+PE /   WHITE TESTL.+WHITE  PE FSC mix 70% C,900,630.0,5,978,950,4-13834,Apr-26
4-13874,30/01/0850/064/071,PACKLINE  850 G/M² SAPINO WHITE KRAFT+WHITE PE /  BROWN KRAFT+PE FSC mix 70% CU-,768,1136.0,5,942,850,4-13874,Apr-26
4-13878,30/00/1000/016/087,PACKLINE 1000 G/M² WHITE TESTLINER /  TKLINER+WHITE PE-NC FSC mix 70% CU-COC-810,800,1162.0,5,763,1000,4-13878,Apr-26
4-13901,30/00/1250/027/027,PACKLINE 1250 G/M² TKLINER / TKLINER  FSC recycled 100% CU-COC-810587,840,1040.0,5,626,1250,4-13901,Apr-26
4-13909,30/00/0750/010/020,PACKLINE  750 G/M² WHITE KRAFT / BROWN KRAFT  FSC mix 70% CU-COC-810587,845,1320.0,5,703,750,4-13909,Apr-26
4-13911,30/00/1000/027/087,PACKLINE 1000 G/M² TKLINER / TKLINER+WHITE PE-NC  FSC recycled 100% CU-COC-81058,1075,1275.0,5,730,1000,4-13911,Apr-26
4-13913,30/00/0750/010/027,PACKLINE  750 G/M² WHITE KRAFT / TKLINER  FSC mix 70% CU-COC-810587,980,850.0,5,747,750,4-13913,Apr-26
4-13915,30/01/0700/064/064,PACKLINE  700 G/M² SAPINO WHITE KRAFT+WHITE PE /  WHITE KRAFT+WHITE PE FSC mix 7,480,726.0,5,1161,700,4-13915,Apr-26
4-13923,30/00/0900/027/027,PACKLINE  900 G/M² TKLINER / TKLINER  FSC recycled 100% CU-COC-810587,1318,858.0,5,610,900,4-13923,Apr-26
4-13924,30/00/0850/010/027,PACKLINE  850 G/M² WHITE KRAFT / TKLINER  FSC mix 70% CU-COC-810587,1330,864.0,5,647,850,4-13924,Apr-26
4-13943,30/00/0700/010/020,PACKLINE  700 G/M² WHITE KRAFT / BROWN KRAFT  FSC mix 70% CU-COC-810587,814,1232.0,5,807,700,4-13943,Apr-26
4-13948,30/00/1000/027/027,PACKLINE 1000 G/M² TKLINER / TKLINER  FSC recycled 100% CU-COC-810587,1064,882.0,5,610,1000,4-13948,Apr-26
4-13973,30/01/1100/067/083,PACKLINE 1100 G/M² SAPINO WHITE TESTLINER+WHITE PE  TKLINER+PE FSC mix 70% CU-CO,690,900.0,5,865,1100,4-13973,Apr-26
4-13974,30/01/1100/067/083,PACKLINE 1100 G/M² SAPINO WHITE TESTLINER+WHITE PE  TKLINER+PE FSC mix 70% CU-CO,1096,771.0,5,865,1100,4-13974,Apr-26
4-13984,30/01/0950/064/067,PACKLINE  950 G/M² SAPINO BLEACHED KRAFT+WHITE PE/  WHITE TESTL+WHITE PE FSC mix,705,900.0,5,955,950,4-13984,Apr-26
4-13999,30/00/1250/027/087,PACKLINE 1250 G/M² TKLINER / TKLINER+WHITE PE-NC  FSC recycled 100% CU-COC-81058,1300,1100.0,5,727,1250,4-13999,Apr-26
4-14009,30/00/0750/010/020,PACKLINE  750 G/M² WHITE KRAFT / BROWN KRAFT  FSC mix 70% CU-COC-810587,733,1142.0,5,703,750,4-14009,Apr-26
4-14010,30/00/1000/027/027,PACKLINE 1000 G/M² TKLINER / TKLINER  FSC recycled 100% CU-COC-810587,1132,726.0,5,610,1000,4-14010,Apr-26
4-14020,30/01/0950/080/067,PACKLINE  950 G/M² SAPINO KRAFTLINER+PE /   WHITE TESTL.+WHITE  PE FSC mix 70% C,690,1050.0,5,978,950,4-14020,Apr-26
4-14027,30/11/0750/064/071,PACKLINE  750 G/M² SAPINO WHITE KRAFT+WHITE PE /  BROWN KRAFT+PE FSC mix 70% CU-,490,710.0,5,993,750,4-14027,Apr-26
4-14029,30/00/1000/064/087,PACKLINE 1000 G/M²  WHITE KRAFT+WHITE PE /  TKLINER+WHITE PE-NC FSC mix 70% CU-C,745,1080.0,5,866,1000,4-14029,Apr-26
4-14058,30/00/0950/010/027,PACKLINE  950 G/M² WHITE KRAFT / TKLINER  FSC mix 70% CU-COC-810587,1230,720.0,5,662,950,4-14058,Apr-26
4-14092,30/01/0950/064/067,PACKLINE  950 G/M² SAPINO BLEACHED KRAFT+WHITE PE/  WHITE TESTL+WHITE PE FSC mix,1192,796.0,5,955,950,4-14092,Apr-26
4-14097,30/01/1100/067/083,PACKLINE 1100 G/M² SAPINO WHITE TESTLINER+WHITE PE  TKLINER+PE FSC mix 70% CU-CO,1070,772.0,5,865,1100,4-14097,Apr-26
4-14101,30/01/1100/067/083,PACKLINE 1100 G/M² SAPINO WHITE TESTLINER+WHITE PE  TKLINER+PE FSC mix 70% CU-CO,800,1068.0,5,865,1100,4-14101,Apr-26
4-14102,30/00/0900/010/027,PACKLINE  900 G/M² WHITE KRAFT / TKLINER  FSC mix 70% CU-COC-810587,1020,890.0,5,664,900,4-14102,Apr-26
4-14108,30/00/1000/027/027,PACKLINE 1000 G/M² TKLINER / TKLINER  FSC recycled 100% CU-COC-810587,1000,880.0,5,610,1000,4-14108,Apr-26
4-14132,30/11/0750/064/071,PACKLINE  750 G/M² SAPINO WHITE KRAFT+WHITE PE /  BROWN KRAFT+PE FSC mix 70% CU-,936,656.0,5,993,750,4-14132,Apr-26
4-14140,30/00/1250/027/027,PACKLINE 1250 G/M² TKLINER / TKLINER  FSC recycled 100% CU-COC-810587,1300,950.0,5,626,1250,4-14140,Apr-26
4-14141,30/00/1250/016/027,PACKLINE 1250 G/M² WHITE TESTLINER / TKLINER  FSC mix 70% CU-COC-810587,960,1320.0,5,662,1250,4-14141,Apr-26
4-14148,30/01/0850/071/064,PACKLINE  850 G/M²  SAPINO BROWN KRAFT+PE /  WHITE KRAFT+WPE FSC mix 70% CU-COC-,1074,1234.0,5,942,850,4-14148,Apr-26
4-14149,30/00/1000/020/020,PACKLINE 1000 G/M² BROWN KRAFT / BROWN KRAFT  FSC mix 70% CU-COC-810587,825,1250.0,5,781,1000,4-14149,Apr-26
4-14152,30/00/0900/010/010,PACKLINE  900 G/M² WHITE KRAFT / WHITE KRAFT  FSC mix 70% CU-COC-810587,680,1204.0,5,721,900,4-14152,Apr-26
4-14153,30/00/0900/010/010,PACKLINE  900 G/M² WHITE KRAFT / WHITE KRAFT  FSC mix 70% CU-COC-810587,685,1254.0,5,721,900,4-14153,Apr-26
4-14158,30/00/0900/010/010,PACKLINE  900 G/M² WHITE KRAFT / WHITE KRAFT  FSC mix 70% CU-COC-810587,675,920.0,5,721,900,4-14158,Apr-26
4-14173,30/01/1100/067/083,PACKLINE 1100 G/M² SAPINO WHITE TESTLINER+WHITE PE  TKLINER+PE FSC mix 70% CU-CO,772,1066.0,5,865,1100,4-14173,Apr-26
4-14177,30/00/1000/027/027,PACKLINE 1000 G/M² TKLINER / TKLINER  FSC recycled 100% CU-COC-810587,590,905.0,5,610,1000,4-14177,Apr-26
4-14184,30/00/0900/016/087,PACKLINE  900 G/M² WHITE TESTLINER /  TKLINER+WHITE PE-NC FSC mix 70% CU-COC-810,1116,708.0,5,793,900,4-14184,Apr-26
4-14185,30/00/1000/028/087,PACKLINE 1000 G/M² KRAFTLINER /  TKLINER+WHITE PE-NC FSC mix 70% CU-COC-810587,1100,700.0,5,794,1000,4-14185,Apr-26
4-14193,30/01/0850/071/064,PACKLINE  850 G/M²  SAPINO BROWN KRAFT+PE /  WHITE KRAFT+WPE FSC mix 70% CU-COC-,1100,740.0,5,942,850,4-14193,Apr-26
4-14194,30/00/0800/010/069,PACKLINE  800 G/M² WHITE KRAFT / WHITE KRAFT  WHITE PE NC FSC mix 70% CU-COC-810,750,1120.0,5,786,800,4-14194,Apr-26
4-14195,30/00/0700/020/020,PACKLINE  700 G/M² BROWN KRAFT / BROWN KRAFT  FSC mix 70% CU-COC-810587,1100,1380.0,5,805,700,4-14195,Apr-26
4-14210,30/01/0950/064/067,PACKLINE  950 G/M² SAPINO BLEACHED KRAFT+WHITE PE/  WHITE TESTL+WHITE PE FSC mix,600,916.0,5,955,950,4-14210,Apr-26
4-14213,30/00/0800/010/027,PACKLINE  800 G/M² WHITE KRAFT / TKLINER  FSC mix 70% CU-COC-810587,810,1220.0,5,662,800,4-14213,Apr-26
4-14214,30/00/0800/027/027,PACKLINE  800 G/M² TKLINER / TKLINER  FSC recycled 100% CU-COC-810587,1200,800.0,5,649,800,4-14214,Apr-26
4-14215,30/00/0800/027/027,PACKLINE  800 G/M² TKLINER / TKLINER  FSC recycled 100% CU-COC-810587,690,980.0,5,649,800,4-14215,Apr-26
4-14216,30/00/0900/010/027,PACKLINE  900 G/M² WHITE KRAFT / TKLINER  FSC mix 70% CU-COC-810587,675,810.0,5,664,900,4-14216,Apr-26
4-14217,30/00/0900/027/027,PACKLINE  900 G/M² TKLINER / TKLINER  FSC recycled 100% CU-COC-810587,665,770.0,5,610,900,4-14217,Apr-26
4-14220,30/00/1000/027/087,PACKLINE 1000 G/M² TKLINER / TKLINER+WHITE PE-NC  FSC recycled 100% CU-COC-81058,1100,1300.0,5,730,1000,4-14220,Apr-26
4-14221,30/00/0800/010/027,PACKLINE  800 G/M² WHITE KRAFT / TKLINER  FSC mix 70% CU-COC-810587,698,996.0,5,662,800,4-14221,Apr-26
4-14226,30/00/1000/010/027,PACKLINE 1000 G/M² WHITE KRAFT / TKLINER  FSC mix 70% CU-COC-810587,945,1015.0,5,664,1000,4-14226,Apr-26
4-14230,30/01/1100/067/083,PACKLINE 1100 G/M² SAPINO WHITE TESTLINER+WHITE PE  TKLINER+PE FSC mix 70% CU-CO,1124,828.0,5,865,1100,4-14230,Apr-26
4-14236,30/00/0900/071/020,PACKLINE  900 G/M² BROWN KRAFT+PE / BROWN KRAFT  FSC mix 70% CU-COC-810587,615,1549.0,5,756,900,4-14236,Apr-26
4-14257,30/00/0750/020/020,PACKLINE  750 G/M² BROWN KRAFT / BROWN KRAFT  FSC mix 70% CU-COC-810587,1200,1000.0,5,703,750,4-14257,Apr-26
4-14284,30/01/0950/080/067,PACKLINE  950 G/M² SAPINO KRAFTLINER+PE /   WHITE TESTL.+WHITE  PE FSC mix 70% C,740,1012.0,5,978,950,4-14284,Apr-26
4-14298,30/00/0850/010/027,PACKLINE  850 G/M² WHITE KRAFT / TKLINER  FSC mix 70% CU-COC-810587,975,775.0,5,647,850,4-14298,Apr-26
4-14299,30/00/0950/027/010,PACKLINE  950 G/M² TKLINER / WHITE KRAFT  FSC mix 70% CU-COC-810587,765,965.0,5,662,950,4-14299,Apr-26
4-14324,30/00/1000/027/027,PACKLINE 1000 G/M² TKLINER / TKLINER  FSC recycled 100% CU-COC-810587,1320,860.0,5,610,1000,4-14324,Apr-26
4-14325,30/00/1000/010/027,PACKLINE 1000 G/M² WHITE KRAFT / TKLINER  FSC mix 70% CU-COC-810587,866,1332.0,5,664,1000,4-14325,Apr-26
4-14326,30/00/1000/027/027,PACKLINE 1000 G/M² TKLINER / TKLINER  FSC recycled 100% CU-COC-810587,1140,650.0,5,610,1000,4-14326,Apr-26
4-14327,30/00/1000/010/027,PACKLINE 1000 G/M² WHITE KRAFT / TKLINER  FSC mix 70% CU-COC-810587,1150,655.0,5,664,1000,4-14327,Apr-26
4-14358,30/00/0900/027/027,PACKLINE  900 G/M² TKLINER / TKLINER  FSC recycled 100% CU-COC-810587,1030,670.0,5,610,900,4-14358,Apr-26
4-14359,30/00/0700/010/020,PACKLINE  700 G/M² WHITE KRAFT / BROWN KRAFT  FSC mix 70% CU-COC-810587,674,1042.0,5,807,700,4-14359,Apr-26
4-14360,30/11/0750/064/071,PACKLINE  750 G/M² SAPINO WHITE KRAFT+WHITE PE /  BROWN KRAFT+PE FSC mix 70% CU-,726,482.0,5,993,750,4-14360,Apr-26
4-14385,30/00/1250/027/087,PACKLINE 1250 G/M² TKLINER / TKLINER+WHITE PE-NC  FSC recycled 100% CU-COC-81058,660,1180.0,5,727,1250,4-14385,Apr-26
4-14417,30/60/0750/010/027,PACKLINE  750 G/M² SIZED XS WHITE KRAFT / TKLINER  FSC mix 70% CU-COC-810587,816,1234.0,5,690,750,4-14417,Apr-26
4-14421,30/00/1000/020/020,PACKLINE 1000 G/M² BROWN KRAFT / BROWN KRAFT  FSC mix 70% CU-COC-810587,620,800.0,5,781,1000,4-14421,Apr-26
4-14423,30/00/0900/027/087,PACKLINE  900 G/M² TKLINER / TKLINER+WHITE PE-NC  FSC recycled 100% CU-COC-81058,630,900.0,5,746,900,4-14423,Apr-26
4-14424,30/00/0800/010/027,PACKLINE  800 G/M² WHITE KRAFT / TKLINER  FSC mix 70% CU-COC-810587,823,1266.0,5,662,800,4-14424,Apr-26
4-14425,30/00/1000/010/027,PACKLINE 1000 G/M² WHITE KRAFT / TKLINER  FSC mix 70% CU-COC-810587,1250,815.0,5,664,1000,4-14425,Apr-26
4-14441,30/00/0900/010/027,PACKLINE  900 G/M² WHITE KRAFT / TKLINER  FSC mix 70% CU-COC-810587,916,686.0,5,664,900,4-14441,Apr-26
4-14448,30/00/0900/027/027,PACKLINE  900 G/M² TKLINER / TKLINER  FSC recycled 100% CU-COC-810587,1060,1360.0,5,610,900,4-14448,Apr-26
4-14449,30/00/1000/064/087,PACKLINE 1000 G/M²  WHITE KRAFT+WHITE PE /  TKLINER+WHITE PE-NC FSC mix 70% CU-C,869,1296.0,5,866,1000,4-14449,Apr-26
4-14450,30/00/0900/010/010,PACKLINE  900 G/M² WHITE KRAFT / WHITE KRAFT  FSC mix 70% CU-COC-810587,560,860.0,5,721,900,4-14450,Apr-26
4-14452,30/00/1250/027/087,PACKLINE 1250 G/M² TKLINER / TKLINER+WHITE PE-NC  FSC recycled 100% CU-COC-81058,1080,1080.0,5,727,1250,4-14452,Apr-26
4-14453,30/00/1250/027/087,PACKLINE 1250 G/M² TKLINER / TKLINER+WHITE PE-NC  FSC recycled 100% CU-COC-81058,1080,880.0,5,727,1250,4-14453,Apr-26
4-14454,30/00/1250/027/087,PACKLINE 1250 G/M² TKLINER / TKLINER+WHITE PE-NC  FSC recycled 100% CU-COC-81058,780,1080.0,5,727,1250,4-14454,Apr-26
4-14460,30/00/0700/020/020,PACKLINE  700 G/M² BROWN KRAFT / BROWN KRAFT  FSC mix 70% CU-COC-810587,1060,1360.0,5,805,700,4-14460,Apr-26
4-14471,30/00/0900/010/010,PACKLINE  900 G/M² WHITE KRAFT / WHITE KRAFT  FSC mix 70% CU-COC-810587,875,945.0,5,721,900,4-14471,Apr-26
4-14473,30/12/0450/000/000,PACKLINE  450 G/M² DR UNLINED / UNLINED  FSC recycled 100% CU-COC-810587,800,1200.0,5,709,450,4-14473,Apr-26
4-14484,30/00/0900/010/027,PACKLINE  900 G/M² WHITE KRAFT / TKLINER  FSC mix 70% CU-COC-810587,1200,690.0,5,664,900,4-14484,Apr-26
4-14485,30/00/0900/010/027,PACKLINE  900 G/M² WHITE KRAFT / TKLINER  FSC mix 70% CU-COC-810587,608,1016.0,5,664,900,4-14485,Apr-26
4-14493,30/00/0900/027/027,PACKLINE  900 G/M² TKLINER / TKLINER  FSC recycled 100% CU-COC-810587,970,650.0,5,610,900,4-14493,Apr-26
4-14495,30/00/1000/028/087,PACKLINE 1000 G/M² KRAFTLINER /  TKLINER+WHITE PE-NC FSC mix 70% CU-COC-810587,970,880.0,5,794,1000,4-14495,Apr-26
4-14502,30/00/0750/071/010,PACKLINE  750 G/M² BROWN KRAFT+PE /  WHITE KRAFT FSC mix 70% CU-COC-810587,800,530.0,5,787,750,4-14502,Apr-26
4-14507,30/00/1000/010/027,PACKLINE 1000 G/M² WHITE KRAFT / TKLINER  FSC mix 70% CU-COC-810587,820,1320.0,5,664,1000,4-14507,Apr-26
4-14508,30/00/1100/027/027,PACKLINE 1100 G/M² TKLINER / TKLINER  FSC recycled 100% CU-COC-810587,1300,810.0,5,616,1100,4-14508,Apr-26
4-14545,30/00/0850/027/010,PACKLINE  850 G/M² TKLINER / WHITE KRAFT  FSC mix 70% CU-COC-810587,789,720.0,5,647,850,4-14545,Apr-26
4-14546,30/00/1000/027/010,PACKLINE 1000 G/M² TKLINER / WHITE KRAFT  FSC mix 70% CU-COC-810587,968,878.0,5,664,1000,4-14546,Apr-26
4-14554,30/00/1250/027/027,PACKLINE 1250 G/M² TKLINER / TKLINER  FSC recycled 100% CU-COC-810587,777,975.0,5,626,1250,4-14554,Apr-26
4-14555,30/00/1000/027/027,PACKLINE 1000 G/M² TKLINER / TKLINER  FSC recycled 100% CU-COC-810587,985,787.0,5,610,1000,4-14555,Apr-26
4-14556,30/00/1100/027/027,PACKLINE 1100 G/M² TKLINER / TKLINER  FSC recycled 100% CU-COC-810587,855,955.0,5,616,1100,4-14556,Apr-26
4-14557,30/00/0900/027/027,PACKLINE  900 G/M² TKLINER / TKLINER  FSC recycled 100% CU-COC-810587,965,865.0,5,610,900,4-14557,Apr-26
4-14575,30/00/1000/020/020,PACKLINE 1000 G/M² BROWN KRAFT / BROWN KRAFT  FSC mix 70% CU-COC-810587,800,1240.0,5,781,1000,4-14575,Apr-26
4-14692,30/00/1000/017/087,PACKLINE 1000 G/M² WHITE KRAFTLINER /  TKLINER+WHITE PE-NC FSC mix 70% CU-COC-81,969,944.0,5,780,1000,4-14692,Apr-26
4-14704,30/00/0900/010/010,PACKLINE  900 G/M² WHITE KRAFT / WHITE KRAFT  FSC mix 70% CU-COC-810587,680,1204.0,5,721,900,4-14704,Apr-26
4-14712,30/00/0700/020/020,PACKLINE  700 G/M² BROWN KRAFT / BROWN KRAFT  FSC mix 70% CU-COC-810587,1050,680.0,5,805,700,4-14712,Apr-26
4-14720,30/00/0950/027/027,PACKLINE  950 G/M² TKLINER / TKLINER  FSC recycled 100% CU-COC-810587,1100,1380.0,5,608,950,4-14720,Apr-26
4-14732,30/01/1100/067/083,PACKLINE 1100 G/M² SAPINO WHITE TESTLINER+WHITE PE  TKLINER+PE FSC mix 70% CU-CO,758,1070.0,5,865,1100,4-14732,Apr-26
4-14734,30/00/0800/000/000,PACKLINE  800 G/M² UNLINED / UNLINED  FSC recycled 100% CU-COC-810587,1115,1200.0,5,591,800,4-14734,Apr-26
4-14764,30/00/1000/027/010,PACKLINE 1000 G/M² TKLINER / WHITE KRAFT  FSC mix 70% CU-COC-810587,1180,780.0,5,664,1000,4-14764,Apr-26
4-14771,30/00/0750/027/010,PACKLINE  750 G/M² TKLINER / WHITE KRAFT  FSC mix 70% CU-COC-810587,1014,616.0,5,744,750,4-14771,Apr-26
4-14772,30/00/0800/000/000,PACKLINE  800 G/M² UNLINED / UNLINED  FSC recycled 100% CU-COC-810587,800,1100.0,5,591,800,4-14772,Apr-26
4-14777,30/00/0750/010/027,PACKLINE  750 G/M² WHITE KRAFT / TKLINER  FSC mix 70% CU-COC-810587,626,1034.0,5,747,750,4-14777,Apr-26
4-14785,30/00/0800/027/027,PACKLINE  800 G/M² TKLINER / TKLINER  FSC recycled 100% CU-COC-810587,1048,690.0,5,649,800,4-14785,Apr-26
4-14786,30/00/0700/020/020,PACKLINE  700 G/M² BROWN KRAFT / BROWN KRAFT  FSC mix 70% CU-COC-810587,1064,698.0,5,805,700,4-14786,Apr-26
4-14792,30/01/1100/067/083,PACKLINE 1100 G/M² SAPINO WHITE TESTLINER+WHITE PE  TKLINER+PE FSC mix 70% CU-CO,800,534.0,5,865,1100,4-14792,Apr-26
4-14814,30/00/0800/027/027,PACKLINE  800 G/M² TKLINER / TKLINER  FSC recycled 100% CU-COC-810587,1018,675.0,5,649,800,4-14814,Apr-26
4-14815,30/00/0700/010/020,PACKLINE  700 G/M² WHITE KRAFT / BROWN KRAFT  FSC mix 70% CU-COC-810587,668,996.0,5,807,700,4-14815,Apr-26
4-14816,30/00/0700/020/020,PACKLINE  700 G/M² BROWN KRAFT / BROWN KRAFT  FSC mix 70% CU-COC-810587,1034,683.0,5,805,700,4-14816,Apr-26
4-14821,30/00/1050/027/027,PACKLINE 1050 G/M² TKLINER / TKLINER  FSC recycled 100% CU-COC-810587,980,660.0,5,615,1050,4-14821,Apr-26
4-14860,30/00/0700/000/000,PACKLINE  700 G/M² UNLINED / UNLINED  FSC recycled 100% CU-COC-810587,1200,1000.0,5,581,700,4-14860,Apr-26
4-14890,30/00/0850/027/010,PACKLINE  850 G/M² TKLINER / WHITE KRAFT  FSC mix 70% CU-COC-810587,625,620.0,5,647,850,4-14890,Apr-26
4-14892,30/01/0950/064/083,PACKLINE  950 G/M² SAPINO WHITE KRAFT+WHITE PE /  TKLINER+PE FSC mix 70% CU-COC-,700,1100.0,5,891,950,4-14892,Apr-26
4-14893,30/01/0950/064/083,PACKLINE  950 G/M² SAPINO WHITE KRAFT+WHITE PE /  TKLINER+PE FSC mix 70% CU-COC-,710,950.0,5,891,950,4-14893,Apr-26
4-14895,30/01/0950/064/083,PACKLINE  950 G/M² SAPINO WHITE KRAFT+WHITE PE /  TKLINER+PE FSC mix 70% CU-COC-,938,606.0,5,891,950,4-14895,Apr-26
4-14898,30/00/0900/027/087,PACKLINE  900 G/M² TKLINER / TKLINER+WHITE PE-NC  FSC recycled 100% CU-COC-81058,789,720.0,5,746,900,4-14898,Apr-26
4-14899,30/00/0850/027/027,PACKLINE  850 G/M² TKLINER / TKLINER  FSC recycled 100% CU-COC-810587,1040,700.0,5,625,850,4-14899,Apr-26
4-14900,30/00/0700/010/020,PACKLINE  700 G/M² WHITE KRAFT / BROWN KRAFT  FSC mix 70% CU-COC-810587,708,1056.0,5,807,700,4-14900,Apr-26
4-14902,30/00/1000/027/087,PACKLINE 1000 G/M² TKLINER / TKLINER+WHITE PE-NC  FSC recycled 100% CU-COC-81058,968,878.0,5,730,1000,4-14902,Apr-26
4-14912,30/00/0750/020/020,PACKLINE  750 G/M² BROWN KRAFT / BROWN KRAFT  FSC mix 70% CU-COC-810587,1018,675.0,5,703,750,4-14912,Apr-26
4-14940,30/00/0900/027/027,PACKLINE  900 G/M² TKLINER / TKLINER  FSC recycled 100% CU-COC-810587,675,810.0,5,610,900,4-14940,Apr-26
4-14966,30/01/0850/064/071,PACKLINE  850 G/M² SAPINO WHITE KRAFT+WHITE PE /  BROWN KRAFT+PE FSC mix 70% CU-,600,1020.0,5,942,850,4-14966,Apr-26
4-14973,30/00/1000/028/087,PACKLINE 1000 G/M² KRAFTLINER /  TKLINER+WHITE PE-NC FSC mix 70% CU-COC-810587,1000,880.0,5,794,1000,4-14973,Apr-26
4-14974,30/01/0950/080/067,PACKLINE  950 G/M² SAPINO KRAFTLINER+PE /   WHITE TESTL.+WHITE  PE FSC mix 70% C,1280,900.0,5,978,950,4-14974,Apr-26
4-14984,30/00/1000/016/087,PACKLINE 1000 G/M² WHITE TESTLINER /  TKLINER+WHITE PE-NC FSC mix 70% CU-COC-810,883,1374.0,5,763,1000,4-14984,Apr-26
4-14985,30/00/1000/016/087,PACKLINE 1000 G/M² WHITE TESTLINER /  TKLINER+WHITE PE-NC FSC mix 70% CU-COC-810,712,917.0,5,763,1000,4-14985,Apr-26
4-14987,30/00/1000/027/087,PACKLINE 1000 G/M² TKLINER / TKLINER+WHITE PE-NC  FSC recycled 100% CU-COC-81058,1080,880.0,5,730,1000,4-14987,Apr-26
4-15002,30/01/0950/064/083,PACKLINE  950 G/M² SAPINO WHITE KRAFT+WHITE PE /  TKLINER+PE FSC mix 70% CU-COC-,783,1306.0,5,891,950,4-15002,Apr-26
4-15022,30/00/1000/028/087,PACKLINE 1000 G/M² KRAFTLINER /  TKLINER+WHITE PE-NC FSC mix 70% CU-COC-810587,1192,870.0,5,794,1000,4-15022,Apr-26
4-15038,30/01/0950/064/083,PACKLINE  950 G/M² SAPINO WHITE KRAFT+WHITE PE /  TKLINER+PE FSC mix 70% CU-COC-,1080,912.0,5,891,950,4-15038,Apr-26
4-15039,30/01/0950/064/083,PACKLINE  950 G/M² SAPINO WHITE KRAFT+WHITE PE /  TKLINER+PE FSC mix 70% CU-COC-,1080,956.0,5,891,950,4-15039,Apr-26
4-15049,30/00/1000/016/087,PACKLINE 1000 G/M² WHITE TESTLINER /  TKLINER+WHITE PE-NC FSC mix 70% CU-COC-810,896,1398.0,5,763,1000,4-15049,Apr-26
4-15055,30/00/1250/027/027,PACKLINE 1250 G/M² TKLINER / TKLINER  FSC recycled 100% CU-COC-810587,1140,770.0,5,626,1250,4-15055,Apr-26
4-15062,30/00/0650/020/020,PACKLINE  650 G/M² BROWN KRAFT / BROWN KRAFT  FSC mix 70% CU-COC-810587,670,940.0,5,819,650,4-15062,Apr-26
4-15063,30/00/0650/020/020,PACKLINE  650 G/M² BROWN KRAFT / BROWN KRAFT  FSC mix 70% CU-COC-810587,928,664.0,5,819,650,4-15063,Apr-26
4-15070,30/00/1000/027/087,PACKLINE 1000 G/M² TKLINER / TKLINER+WHITE PE-NC  FSC recycled 100% CU-COC-81058,1110,815.0,5,730,1000,4-15070,Apr-26
4-15071,30/00/1000/027/087,PACKLINE 1000 G/M² TKLINER / TKLINER+WHITE PE-NC  FSC recycled 100% CU-COC-81058,1130,825.0,5,730,1000,4-15071,Apr-26
4-15080,30/01/0850/064/071,PACKLINE  850 G/M² SAPINO WHITE KRAFT+WHITE PE /  BROWN KRAFT+PE FSC mix 70% CU-,1152,754.0,5,942,850,4-15080,Apr-26
4-15094,30/00/0700/010/020,PACKLINE  700 G/M² WHITE KRAFT / BROWN KRAFT  FSC mix 70% CU-COC-810587,693,1060.0,5,807,700,4-15094,Apr-26
4-15095,30/00/0700/020/020,PACKLINE  700 G/M² BROWN KRAFT / BROWN KRAFT  FSC mix 70% CU-COC-810587,1044,685.0,5,805,700,4-15095,Apr-26
4-15097,30/74/1000/067/064,PACKLINE XS 1000 G/M² SAPINO WHITE TESTLINER+WPE   / BLEACHED KRAFT+ WPE FSC mix,940,685.0,5,947,1000,4-15097,Apr-26
4-15104,30/01/0700/064/064,PACKLINE  700 G/M² SAPINO WHITE KRAFT+WHITE PE /  WHITE KRAFT+WHITE PE FSC mix 7,653,922.0,5,1161,700,4-15104,Apr-26
4-15107,30/01/0700/064/064,PACKLINE  700 G/M² SAPINO WHITE KRAFT+WHITE PE /  WHITE KRAFT+WHITE PE FSC mix 7,649,810.0,5,1161,700,4-15107,Apr-26
4-15108,30/00/1250/027/027,PACKLINE 1250 G/M² TKLINER / TKLINER  FSC recycled 100% CU-COC-810587,1240,775.0,5,626,1250,4-15108,Apr-26
4-15123,30/00/0900/010/010,PACKLINE  900 G/M² WHITE KRAFT / WHITE KRAFT  FSC mix 70% CU-COC-810587,595,880.0,5,721,900,4-15123,Apr-26
4-15175,30/00/0900/010/027,PACKLINE  900 G/M² WHITE KRAFT / TKLINER  FSC mix 70% CU-COC-810587,685,1254.0,5,664,900,4-15175,Apr-26
4-15176,30/00/0900/010/027,PACKLINE  900 G/M² WHITE KRAFT / TKLINER  FSC mix 70% CU-COC-810587,675,920.0,5,664,900,4-15176,Apr-26
4-15179,30/00/1250/027/027,PACKLINE 1250 G/M² TKLINER / TKLINER  FSC recycled 100% CU-COC-810587,747,940.0,5,626,1250,4-15179,Apr-26
4-15180,30/00/1000/027/027,PACKLINE 1000 G/M² TKLINER / TKLINER  FSC recycled 100% CU-COC-810587,942,749.0,5,610,1000,4-15180,Apr-26
4-15183,30/00/1000/020/020,PACKLINE 1000 G/M² BROWN KRAFT / BROWN KRAFT  FSC mix 70% CU-COC-810587,750,950.0,5,781,1000,4-15183,Apr-26
4-15192,30/00/0850/010/027,PACKLINE  850 G/M² WHITE KRAFT / TKLINER  FSC mix 70% CU-COC-810587,630,677.0,5,647,850,4-15192,Apr-26
4-15195,30/00/0900/027/027,PACKLINE  900 G/M² TKLINER / TKLINER  FSC recycled 100% CU-COC-810587,605,1050.0,5,610,900,4-15195,Apr-26
4-15196,30/00/0800/027/027,PACKLINE  800 G/M² TKLINER / TKLINER  FSC recycled 100% CU-COC-810587,613,1066.0,5,649,800,4-15196,Apr-26
4-15202,30/00/1000/017/087,PACKLINE 1000 G/M² WHITE KRAFTLINER /  TKLINER+WHITE PE-NC FSC mix 70% CU-COC-81,686,886.0,5,780,1000,4-15202,Apr-26
4-15218,30/00/1000/027/010,PACKLINE 1000 G/M² TKLINER / WHITE KRAFT  FSC mix 70% CU-COC-810587,905,1000.0,5,664,1000,4-15218,Apr-26
4-15224,30/00/1000/020/020,PACKLINE 1000 G/M² BROWN KRAFT / BROWN KRAFT  FSC mix 70% CU-COC-810587,1180,1380.0,5,781,1000,4-15224,Apr-26
4-15269,30/00/1000/010/027,PACKLINE 1000 G/M² WHITE KRAFT / TKLINER  FSC mix 70% CU-COC-810587,686,916.0,5,664,1000,4-15269,Apr-26
4-15282,30/01/0850/071/064,PACKLINE  850 G/M²  SAPINO BROWN KRAFT+PE /  WHITE KRAFT+WPE FSC mix 70% CU-COC-,596,776.0,5,942,850,4-15282,Apr-26
4-15283,30/00/1250/016/027,PACKLINE 1250 G/M² WHITE TESTLINER / TKLINER  FSC mix 70% CU-COC-810587,686,916.0,5,662,1250,4-15283,Apr-26
4-15292,30/01/1100/067/083,PACKLINE 1100 G/M² SAPINO WHITE TESTLINER+WHITE PE  TKLINER+PE FSC mix 70% CU-CO,745,1080.0,5,865,1100,4-15292,Apr-26
4-15307,30/00/1000/028/087,PACKLINE 1000 G/M² KRAFTLINER /  TKLINER+WHITE PE-NC FSC mix 70% CU-COC-810587,910,1360.0,5,794,1000,4-15307,Apr-26
4-15314,30/00/1000/027/087,PACKLINE 1000 G/M² TKLINER / TKLINER+WHITE PE-NC  FSC recycled 100% CU-COC-81058,886,1372.0,5,730,1000,4-15314,Apr-26
4-15319,30/00/0800/064/064,PACKLINE  800 G/M² WHITE KRAFT+WHITE PE /  WHITE KRAFT+WHITE PE FSC mix 70% CU-C,1065,1050.0,5,916,800,4-15319,Apr-26
4-15339,30/00/1000/064/087,PACKLINE 1000 G/M²  WHITE KRAFT+WHITE PE /  TKLINER+WHITE PE-NC FSC mix 70% CU-C,1360,880.0,5,866,1000,4-15339,Apr-26
4-15340,30/00/1000/064/087,PACKLINE 1000 G/M²  WHITE KRAFT+WHITE PE /  TKLINER+WHITE PE-NC FSC mix 70% CU-C,886,1372.0,5,866,1000,4-15340,Apr-26
4-15385,30/00/1000/027/087,PACKLINE 1000 G/M² TKLINER / TKLINER+WHITE PE-NC  FSC recycled 100% CU-COC-81058,1140,665.0,5,730,1000,4-15385,Apr-26
4-15386,30/00/1000/017/087,PACKLINE 1000 G/M² WHITE KRAFTLINER /  TKLINER+WHITE PE-NC FSC mix 70% CU-COC-81,1186,698.0,5,780,1000,4-15386,Apr-26
4-15387,30/00/1250/027/087,PACKLINE 1250 G/M² TKLINER / TKLINER+WHITE PE-NC  FSC recycled 100% CU-COC-81058,820,1210.0,5,727,1250,4-15387,Apr-26
4-15388,30/00/1000/027/087,PACKLINE 1000 G/M² TKLINER / TKLINER+WHITE PE-NC  FSC recycled 100% CU-COC-81058,820,990.0,5,730,1000,4-15388,Apr-26
4-15389,30/00/1250/017/087,PACKLINE 1250 G/M² WHITE KRAFTLINER /  TKLINER+WHITE PE-NC FSC mix 70% CU-COC-81,853,1248.0,5,809,1250,4-15389,Apr-26
4-15390,30/00/1000/017/087,PACKLINE 1000 G/M² WHITE KRAFTLINER /  TKLINER+WHITE PE-NC FSC mix 70% CU-COC-81,1028,853.0,5,780,1000,4-15390,Apr-26
4-15396,30/01/0950/064/083,PACKLINE  950 G/M² SAPINO WHITE KRAFT+WHITE PE /  TKLINER+PE FSC mix 70% CU-COC-,792,1216.0,5,891,950,4-15396,Apr-26
4-15409,30/00/1000/017/087,PACKLINE 1000 G/M² WHITE KRAFTLINER /  TKLINER+WHITE PE-NC FSC mix 70% CU-COC-81,974,969.0,5,780,1000,4-15409,Apr-26
4-15411,30/00/0700/010/020,PACKLINE  700 G/M² WHITE KRAFT / BROWN KRAFT  FSC mix 70% CU-COC-810587,1092,867.0,5,807,700,4-15411,Apr-26
4-15412,30/00/0900/027/027,PACKLINE  900 G/M² TKLINER / TKLINER  FSC recycled 100% CU-COC-810587,1078,853.0,5,610,900,4-15412,Apr-26
4-15421,30/00/1000/027/010,PACKLINE 1000 G/M² TKLINER / WHITE KRAFT  FSC mix 70% CU-COC-810587,850,980.0,5,664,1000,4-15421,Apr-26
4-15446,30/00/0900/027/027,PACKLINE  900 G/M² TKLINER / TKLINER  FSC recycled 100% CU-COC-810587,1160,674.0,5,610,900,4-15446,Apr-26
4-15475,30/00/0800/010/027,PACKLINE  800 G/M² WHITE KRAFT / TKLINER  FSC mix 70% CU-COC-810587,650,900.0,5,662,800,4-15475,Apr-26
4-15476,30/00/0800/027/010,PACKLINE  800 G/M² TKLINER / WHITE KRAFT  FSC mix 70% CU-COC-810587,890,640.0,5,662,800,4-15476,Apr-26
4-15501,30/00/1000/027/027,PACKLINE 1000 G/M² TKLINER / TKLINER  FSC recycled 100% CU-COC-810587,1360,876.0,5,610,1000,4-15501,Apr-26
4-15503,30/00/1000/027/087,PACKLINE 1000 G/M² TKLINER / TKLINER+WHITE PE-NC  FSC recycled 100% CU-COC-81058,760,956.0,5,730,1000,4-15503,Apr-26
4-15529,30/00/1000/027/027,PACKLINE 1000 G/M² TKLINER / TKLINER  FSC recycled 100% CU-COC-810587,1256,828.0,5,610,1000,4-15529,Apr-26
4-15551,30/00/1050/010/027,PACKLINE 1050 G/M² WHITE KRAFT / TKLINER  FSC mix 70% CU-COC-810587,1240,885.0,5,664,1050,4-15551,Apr-26
4-15553,30/11/0750/064/071,PACKLINE  750 G/M² SAPINO WHITE KRAFT+WHITE PE /  BROWN KRAFT+PE FSC mix 70% CU-,816,608.0,5,993,750,4-15553,Apr-26
4-15556,30/11/0750/064/071,PACKLINE  750 G/M² SAPINO WHITE KRAFT+WHITE PE /  BROWN KRAFT+PE FSC mix 70% CU-,608,1036.0,5,993,750,4-15556,Apr-26
4-15557,30/01/1100/067/083,PACKLINE 1100 G/M² SAPINO WHITE TESTLINER+WHITE PE  TKLINER+PE FSC mix 70% CU-CO,1100,700.0,5,865,1100,4-15557,Apr-26
4-15558,30/00/0800/027/010,PACKLINE  800 G/M² TKLINER / WHITE KRAFT  FSC mix 70% CU-COC-810587,1014,616.0,5,662,800,4-15558,Apr-26
4-15559,30/60/0750/010/027,PACKLINE  750 G/M² SIZED XS WHITE KRAFT / TKLINER  FSC mix 70% CU-COC-810587,626,1034.0,5,690,750,4-15559,Apr-26
4-15562,30/00/0900/010/027,PACKLINE  900 G/M² WHITE KRAFT / TKLINER  FSC mix 70% CU-COC-810587,914,600.0,5,664,900,4-15562,Apr-26
4-15564,30/11/0750/064/071,PACKLINE  750 G/M² SAPINO WHITE KRAFT+WHITE PE /  BROWN KRAFT+PE FSC mix 70% CU-,950,710.0,5,993,750,4-15564,Apr-26
4-15565,30/74/1000/067/064,PACKLINE XS 1000 G/M² SAPINO WHITE TESTLINER+WPE   / BLEACHED KRAFT+ WPE FSC mix,600,916.0,5,947,1000,4-15565,Apr-26
4-15602,30/11/0750/064/071,PACKLINE  750 G/M² SAPINO WHITE KRAFT+WHITE PE /  BROWN KRAFT+PE FSC mix 70% CU-,756,1028.0,5,993,750,4-15602,Apr-26
4-15603,30/11/0750/064/071,PACKLINE  750 G/M² SAPINO WHITE KRAFT+WHITE PE /  BROWN KRAFT+PE FSC mix 70% CU-,558,846.0,5,993,750,4-15603,Apr-26
4-15606,30/00/1250/017/087,PACKLINE 1250 G/M² WHITE KRAFTLINER /  TKLINER+WHITE PE-NC FSC mix 70% CU-COC-81,886,1372.0,5,809,1250,4-15606,Apr-26
4-15642,30/00/1000/016/087,PACKLINE 1000 G/M² WHITE TESTLINER /  TKLINER+WHITE PE-NC FSC mix 70% CU-COC-810,660,1042.0,5,763,1000,4-15642,Apr-26
4-15647,30/00/0900/016/087,PACKLINE  900 G/M² WHITE TESTLINER /  TKLINER+WHITE PE-NC FSC mix 70% CU-COC-810,575,1350.0,5,793,900,4-15647,Apr-26
4-15653,30/11/0750/064/071,PACKLINE  750 G/M² SAPINO WHITE KRAFT+WHITE PE /  BROWN KRAFT+PE FSC mix 70% CU-,656,936.0,5,993,750,4-15653,Apr-26
4-15654,30/01/0800/064/064,PACKLINE  800 G/M² SAPINO WHITE KRAFT+WHITE PE /  WHITE KRAFT+WHITE PE FSC mix 7,650,930.0,5,991,800,4-15654,Apr-26
4-15659,30/00/0900/016/087,PACKLINE  900 G/M² WHITE TESTLINER /  TKLINER+WHITE PE-NC FSC mix 70% CU-COC-810,1222,857.0,5,793,900,4-15659,Apr-26
4-15663,30/74/1000/067/064,PACKLINE XS 1000 G/M² SAPINO WHITE TESTLINER+WPE   / BLEACHED KRAFT+ WPE FSC mix,596,776.0,5,947,1000,4-15663,Apr-26
4-15666,30/11/0750/064/071,PACKLINE  750 G/M² SAPINO WHITE KRAFT+WHITE PE /  BROWN KRAFT+PE FSC mix 70% CU-,786,603.0,5,993,750,4-15666,Apr-26
4-15677,30/00/0900/010/027,PACKLINE  900 G/M² WHITE KRAFT / TKLINER  FSC mix 70% CU-COC-810587,688,992.0,5,664,900,4-15677,Apr-26
4-15678,30/00/0900/027/027,PACKLINE  900 G/M² TKLINER / TKLINER  FSC recycled 100% CU-COC-810587,960,675.0,5,610,900,4-15678,Apr-26
4-15680,30/00/0900/010/027,PACKLINE  900 G/M² WHITE KRAFT / TKLINER  FSC mix 70% CU-COC-810587,630,1002.0,5,664,900,4-15680,Apr-26
4-15682,30/01/1050/067/064,PACKLINE 1050 G/M² SAPINO WHITE TESTLINER+WHITE PE   / WHITE KRAFT+WHITE PE FSC,705,900.0,5,929,1050,4-15682,Apr-26
4-15683,30/01/1050/067/064,PACKLINE 1050 G/M² SAPINO WHITE TESTLINER+WHITE PE   / WHITE KRAFT+WHITE PE FSC,700,910.0,5,929,1050,4-15683,Apr-26
4-15694,30/00/0900/010/027,PACKLINE  900 G/M² WHITE KRAFT / TKLINER  FSC mix 70% CU-COC-810587,805,690.0,5,664,900,4-15694,Apr-26
4-15702,30/00/1000/017/087,PACKLINE 1000 G/M² WHITE KRAFTLINER /  TKLINER+WHITE PE-NC FSC mix 70% CU-COC-81,686,1066.0,5,780,1000,4-15702,Apr-26
4-15703,30/00/0900/016/087,PACKLINE  900 G/M² WHITE TESTLINER /  TKLINER+WHITE PE-NC FSC mix 70% CU-COC-810,1196,618.0,5,793,900,4-15703,Apr-26
4-15704,30/00/1000/028/087,PACKLINE 1000 G/M² KRAFTLINER /  TKLINER+WHITE PE-NC FSC mix 70% CU-COC-810587,878,1358.0,5,794,1000,4-15704,Apr-26
4-15715,30/00/0900/010/020,PACKLINE  900 G/M² WHITE KRAFT / BROWN KRAFT  FSC mix 70% CU-COC-810587,675,810.0,5,702,900,4-15715,Apr-26
4-15728,30/01/0950/080/067,PACKLINE  950 G/M² SAPINO KRAFTLINER+PE /   WHITE TESTL.+WHITE  PE FSC mix 70% C,750,980.0,5,978,950,4-15728,Apr-26
4-15751,30/00/1000/017/087,PACKLINE 1000 G/M² WHITE KRAFTLINER /  TKLINER+WHITE PE-NC FSC mix 70% CU-COC-81,714,993.0,5,780,1000,4-15751,Apr-26
4-15775,30/01/0950/064/083,PACKLINE  950 G/M² SAPINO WHITE KRAFT+WHITE PE /  TKLINER+PE FSC mix 70% CU-COC-,925,1076.0,5,891,950,4-15775,Apr-26
4-15776,30/01/0950/064/083,PACKLINE  950 G/M² SAPINO WHITE KRAFT+WHITE PE /  TKLINER+PE FSC mix 70% CU-COC-,1060,900.0,5,891,950,4-15776,Apr-26
4-15784,30/01/1100/067/083,PACKLINE 1100 G/M² SAPINO WHITE TESTLINER+WHITE PE  TKLINER+PE FSC mix 70% CU-CO,1200,784.0,5,865,1100,4-15784,Apr-26
4-15829,30/00/0700/005/005,PACKLINE  700 G/M² BROWN SIZED / BROWN SIZED  FSC recycled 100% CU-COC-810587,1030,670.0,5,665,700,4-15829,Apr-26
4-15830,30/00/0700/010/005,PACKLINE  700 G/M² WHITE KRAFT / BROWN SIZED  FSC mix 70% CU-COC-810587,674,1042.0,5,684,700,4-15830,Apr-26
4-15832,30/00/0900/027/027,PACKLINE  900 G/M² TKLINER / TKLINER  FSC recycled 100% CU-COC-810587,968,878.0,5,610,900,4-15832,Apr-26
4-15872,30/11/0750/064/071,PACKLINE  750 G/M² SAPINO WHITE KRAFT+WHITE PE /  BROWN KRAFT+PE FSC mix 70% CU-,650,930.0,5,993,750,4-15872,Apr-26
4-15893,30/00/0700/005/005,PACKLINE  700 G/M² BROWN SIZED / BROWN SIZED  FSC recycled 100% CU-COC-810587,1240,825.0,5,665,700,4-15893,Apr-26
4-15894,30/00/0700/010/005,PACKLINE  700 G/M² WHITE KRAFT / BROWN SIZED  FSC mix 70% CU-COC-810587,835,1260.0,5,684,700,4-15894,Apr-26
4-15899,30/00/0650/020/020,PACKLINE  650 G/M² BROWN KRAFT / BROWN KRAFT  FSC mix 70% CU-COC-810587,1002,570.0,5,819,650,4-15899,Apr-26
4-15907,30/00/1000/027/087,PACKLINE 1000 G/M² TKLINER / TKLINER+WHITE PE-NC  FSC recycled 100% CU-COC-81058,1270,835.0,5,730,1000,4-15907,Apr-26
4-15909,30/00/1000/027/087,PACKLINE 1000 G/M² TKLINER / TKLINER+WHITE PE-NC  FSC recycled 100% CU-COC-81058,697,1070.0,5,730,1000,4-15909,Apr-26
4-15919,30/00/0900/016/087,PACKLINE  900 G/M² WHITE TESTLINER /  TKLINER+WHITE PE-NC FSC mix 70% CU-COC-810,1112,850.0,5,793,900,4-15919,Apr-26
4-16120,30/01/0850/064/071,PACKLINE  850 G/M² SAPINO WHITE KRAFT+WHITE PE /  BROWN KRAFT+PE FSC mix 70% CU-,1116,861.0,5,942,850,4-16120,Apr-26
4-16125,30/00/0900/010/027,PACKLINE  900 G/M² WHITE KRAFT / TKLINER  FSC mix 70% CU-COC-810587,685,1224.0,5,664,900,4-16125,Apr-26
4-16153,30/00/1000/010/027,PACKLINE 1000 G/M² WHITE KRAFT / TKLINER  FSC mix 70% CU-COC-810587,850,980.0,5,664,1000,4-16153,Apr-26
4-16229,30/00/0750/010/000,PACKLINE  750 G/M² WHITE KRAFT / UNLINED  FSC mix 70% CU-COC-810587,1200,1000.0,5,643,750,4-16229,Apr-26
4-16436,30/00/1000/027/087,PACKLINE 1000 G/M² TKLINER / TKLINER+WHITE PE-NC  FSC recycled 100% CU-COC-81058,1224,685.0,5,730,1000,4-16436,Apr-26
4-16438,30/00/0950/027/027,PACKLINE  950 G/M² TKLINER / TKLINER  FSC recycled 100% CU-COC-810587,765,965.0,5,608,950,4-16438,Apr-26
4-16445,30/00/0850/027/027,PACKLINE  850 G/M² TKLINER / TKLINER  FSC recycled 100% CU-COC-810587,775,975.0,5,625,850,4-16445,Apr-26
4-16552,30/00/0900/016/087,PACKLINE  900 G/M² WHITE TESTLINER /  TKLINER+WHITE PE-NC FSC mix 70% CU-COC-810,1200,678.0,5,793,900,4-16552,Apr-26
4-16553,30/00/0900/016/087,PACKLINE  900 G/M² WHITE TESTLINER /  TKLINER+WHITE PE-NC FSC mix 70% CU-COC-810,560,860.0,5,793,900,4-16553,Apr-26
4-16554,30/00/0900/016/087,PACKLINE  900 G/M² WHITE TESTLINER /  TKLINER+WHITE PE-NC FSC mix 70% CU-COC-810,595,880.0,5,793,900,4-16554,Apr-26
4-16555,30/00/0900/016/087,PACKLINE  900 G/M² WHITE TESTLINER /  TKLINER+WHITE PE-NC FSC mix 70% CU-COC-810,685,1254.0,5,793,900,4-16555,Apr-26
4-16556,30/00/0900/027/087,PACKLINE  900 G/M² TKLINER / TKLINER+WHITE PE-NC  FSC recycled 100% CU-COC-81058,1000,1200.0,5,746,900,4-16556,Apr-26
4-16804,30/00/1250/027/027,PACKLINE 1250 G/M² TKLINER / TKLINER  FSC recycled 100% CU-COC-810587,775,1160.0,5,626,1250,4-16804,Apr-26
4-16909,30/00/1100/027/027,PACKLINE 1100 G/M² TKLINER / TKLINER  FSC recycled 100% CU-COC-810587,1108,895.0,5,616,1100,4-16909,Apr-26
4-16934,30/00/1000/010/027,PACKLINE 1000 G/M² WHITE KRAFT / TKLINER  FSC mix 70% CU-COC-810587,710,1244.0,5,664,1000,4-16934,Apr-26
4-16994,30/01/0800/064/064,PACKLINE  800 G/M² SAPINO WHITE KRAFT+WHITE PE /  WHITE KRAFT+WHITE PE FSC mix 7,1000,648.0,5,991,800,4-16994,Apr-26
4-16995,30/01/0800/064/064,PACKLINE  800 G/M² SAPINO WHITE KRAFT+WHITE PE /  WHITE KRAFT+WHITE PE FSC mix 7,1032,656.0,5,991,800,4-16995,Apr-26
4-17038,30/00/1200/027/027,PACKLINE 1200 G/M² TKLINER / TKLINER  FSC recycled 100% CU-COC-810587,1358,878.0,5,623,1200,4-17038,Apr-26
4-99772,30/60/0900/027/027,PACKLINE  900 G/M² SIZED XS TKLINER / TKLINER  FSC recycled 100% CU-COC-810587,1216,804.0,5,610,900,4-99772,Apr-26
4-17074,30/00/1000/016/087,PACKLINE 1000 G/M² WHITE TESTLINER /  TKLINER+WHITE PE-NC FSC mix 70% CU-COC-810,685,884.0,5,763,1000,4-17074,Apr-26
4-17151,30/00/1000/027/027,PACKLINE 1000 G/M² TKLINER / TKLINER  FSC recycled 100% CU-COC-810587,909,1006.0,5,610,1000,4-17151,Apr-26
4-16834/SHT200235,30/00/1000/027/087,PACKLINE 1000 G/M² TKLINER / TKLINER+WHITE PE-NC  FSC recycled 100% CU-COC-81058,1186,712.0,5,730,1000,4-16834|SHT200235,Apr-26
4-15418,30/01/0700/071/071,PACKLINE  700 G/M² SAPINO BROWN KRAFT+PE /  BROWN KRAFT+PE FSC mix 70% CU-COC-81,1180,821.0,5,1092,700,4-15418,Apr-26
4-15867,30/00/1000/045/016,PACKLINE 1000 G/M² MC / WHITE TESTLINER  FSC mix 70% CU-COC-810587,1410,920.0,5,706,1000,4-15867,Apr-26
4-15880,30/00/0900/045/069,PACKLINE  900 G/M² MC / WHITE KRAFT  +WHITE PE NC FSC mix 70% CU-COC-810587,1390,910.0,5,800,900,4-15880,Apr-26
4-16789,30/01/0850/071/064,PACKLINE  850 G/M²  SAPINO BROWN KRAFT+PE /  WHITE KRAFT+WPE FSC mix 70% CU-COC-,980,825.0,5,942,850,4-16789,Apr-26
4-17072,30/00/1050/027/027,PACKLINE 1050 G/M² TKLINER / TKLINER  FSC recycled 100% CU-COC-810587,628,828.0,5,615,1050,4-17072,Apr-26
4-17073,30/00/1000/016/087,PACKLINE 1000 G/M² WHITE TESTLINER /  TKLINER+WHITE PE-NC FSC mix 70% CU-COC-810,690,885.0,5,763,1000,4-17073,Apr-26
4-17086,30/00/1000/010/027,PACKLINE 1000 G/M² WHITE KRAFT / TKLINER  FSC mix 70% CU-COC-810587,690,885.0,5,664,1000,4-17086,Apr-26
4-17102,30/00/1000/027/087,PACKLINE 1000 G/M² TKLINER / TKLINER+WHITE PE-NC  FSC recycled 100% CU-COC-81058,679,878.0,5,730,1000,4-17102,Apr-26
4-17156,30/00/0900/027/087,PACKLINE  900 G/M² TKLINER / TKLINER+WHITE PE-NC  FSC recycled 100% CU-COC-81058,1036,717.0,5,746,900,4-17156,Apr-26
