board_item_code,board_item_name,product_group,manufacturing_site,product_state,legacy_code,board_code_raw,board_gsm,board_width_mm,board_length_mm,fsc,resolved_article_no,price_per_tonne,price_period,price_source,resolved_width_mm,resolved_length_mm,resolved_gsm
BRD/101/NPB/950G/BB,BOARD1310X856/950GSM/TKL/TKL,Various Board,Solidus,RM Sheets Box,,4-15250 /,950.0,1310.0,856.0,Recycled 100%,4-15250,608.0,Apr-26,Mill price: article code,1310.0,856.0,950.0
BRD/101/NPB/950G/BW,BOARD670X1050/950GSM/BK.PE/WTKL.WPE,Various Board,Solidus,RM Sheets Box,,4-15745 /,950.0,670.0,1050.0,Mix 70%,4-15745,978.0,Apr-26,Mill price: article code,670.0,1050.0,950.0
BRD/101/YPB/850G/WB,BOARD779X1172/850GSM/WK.WPE/BK.PE,Various Board,Solidus,RM Sheets Box,4-15863/SHT200209,4-15863 /,850.0,779.0,1172.0,Mix 70%,4-15863/SHT200209,942.0,Apr-26,Mill price: article code,779.0,1172.0,850.0
BRD/101/YPL/1250G/BB,BOARD1550X755/1250GSM/TKL/TKL.WPE,Various Board,Soldius,RM Sheets Box,4-15967/SHT200054,4-15967 /,1250.0,1550.0,755.0,Mix 70%,4-15967,727.0,Apr-26,Mill price: article code,755.0,1550.0,1250.0
BRD/102/YPD/1050G/WB,BOARD 1154 x 918/WHTSTWPE / BRTKLCPE /1050GSM,Various Board,,RM Sheets Box,4-13291, / 4-13291,1050.0,918.0,1154.0,Mix 70%,4-13291,865.0,Apr-26,Mill price: article code,1154.0,918.0,1100.0
BRD001/101/LPB/1000G/BW,BOARD1358x878/1000GSM/BK/TKL.WPE,Various Board,101,RM Sheets Box,4-15614,4-15614,,1358.0,878.0,Mix 70%,4-15614,794.0,Apr-26,Mill price: article code,1358.0,878.0,1000.0
BRD001/101/LPB/1250G/WB,BOARD1358X878/1250GSM/WK/TK.PE,Various Board,101,RM Sheets Box,,,1250.0,1358.0,878.0,Mix 70%,,,,No unambiguous Apr-26 mill match,,,
BRD001/101/LPB/1250G/WW,BOARD876X1360/1250GSM/WKL/TKL.WPE,Various Board,Solidus,RM Sheets Box,4-15357,4-15357 /,1250.0,1360.0,876.0,Mix 70%,4-15357,809.0,Apr-26,Mill price: article code,1360.0,876.0,1250.0
BRD001/101/LPB/1250G/WW(2),BOARD876X680/1250GSM/WKL/TKL.WPE,Various Board,Solidus,RM Sheets Box,4-17075,4-17075 /,1250.0,680.0,876.0,Mix 70%,,,,No unambiguous Apr-26 mill match,,,
BRD001/101/NPB/1000G/BB,BOARD1360X876/1000GSM/TKL/TKL,Various Board,Solidus,RM Sheets Box,4-15443,4-15443 /,1000.0,1360.0,876.0,Recycled 100%,4-15443,610.0,Apr-26,Mill price: article code,1360.0,876.0,1000.0
BRD001/101/NPB/1000G/BW,BOARD1360X876/1000GSM/KL/TKL.WPE,Various Board,Solidus,RM Sheets Box,4-15214,4-15214 /,1000.0,1360.0,876.0,Mix 70%,4-15214,794.0,Apr-26,Mill price: article code,1360.0,876.0,1000.0
BRD001/101/NPB/1050G/BB,BOARD1360X876/1050GSM/TKL/TKL,Various Board,Solidus,RM Sheets Box,4-15264,4-15264 /,1050.0,1360.0,876.0,Recycled 100%,4-15264,615.0,Apr-26,Mill price: article code,1360.0,876.0,1050.0
BRD001/101/NPB/1050G/BB(2),BOARD680X876/1050GSM/TKL/TKL,Various Board,Solidus,RM Sheets Box,4-17087,4-17087 /,1050.0,680.0,876.0,Recycled 100%,,,,No unambiguous Apr-26 mill match,,,
BRD001/101/NPB/1200G/BB,BOARD1360X876/1200GSM/BK/BK,Various Board,101,RM Sheets Box,,,1200.0,1360.0,876.0,Mix 70%,,,,No unambiguous Apr-26 mill match,,,
BRD001/101/NPL/1000G/BB,BOARD1390X910/BK/BK/1000GSM,Various Board,,RM Sheets Box,4-17432,4-17432,1000.0,910.0,1390.0,Mix 70%,4-15865/SHT222222,780.0,Apr-26,Mill price: unique size/GSM,1390.0,910.0,1000.0
BRD001/101/NPL/1000G/WB,BOARD885X1380/1000GSM/WT/BT,Various Board,Solidus,RM Sheets Box,4-15244,4-15244 /,1000.0,1380.0,885.0,Mix 70%,4-15244,664.0,Apr-26,Mill price: article code,1380.0,885.0,1000.0
BRD001/101/NPL/1000G/WB(2),BOARD885X690/1000GSM/WT/BT,Various Board,Solidus,RM Sheets Box,4-17086,4-17086 /,1000.0,690.0,885.0,Mix 70%,4-17086,664.0,Apr-26,Mill price: article code,690.0,885.0,1000.0
BRD001/101/NPL/900G/WB,BRD1380X915/900G/WK/TKL,Various Board,Solidus,RM Sheets Box,4-17479,4-17479,900.0,1380.0,915.0,Mix 70%,,,,No unambiguous Apr-26 mill match,,,
BRD001/101/NPL/900G/WB(2),BRD1380X885/900G/WK/TKL,Various Board,Solidus,RM Sheets Box,4-17480,4-17480,900.0,1380.0,885.0,Mix 70%,,,,No unambiguous Apr-26 mill match,,,
BRD001/101/YPB/1000G/BB,BOARD1456X806/1000GSM/TKL/TKL.WPE,Various Board,Solidus,RM Sheets Box,4-15932/SHT200531,4-15932 /,1000.0,1456.0,806.0,Recycled 100%,4-15932/SHT200531,730.0,Apr-26,Mill price: article code,1456.0,806.0,1000.0
BRD001/101/YPB/1000G/BW,BOARD1358X878/1000GSM/TK/TK.PE,Various Board,Solidus,RM Sheets Box,4-15844,4-15844 / 4-15844,1000.0,1358.0,878.0,Recycled 100%,4-15844,730.0,Apr-26,Mill price: article code,1358.0,878.0,1000.0
BRD001/101/YPB/1000G/BW(2),BOARD679X878/1000G/TKL/TKL.WPE,Various Board,Solidus,RM Sheets Box,4-17102,4-17102,1000.0,679.0,878.0,Recycled 100%,4-17102,730.0,Apr-26,Mill price: article code,679.0,878.0,1000.0
BRD001/101/YPB/1250G/BB,BOARD878X1358/1250GSM/TKL/TKL.WPE,Various Board,Solidus,RM Sheets Box,4-13925,4-13925 /,1250.0,878.0,1358.0,Recycled 100%,4-13925,727.0,Apr-26,Mill price: article code,878.0,1358.0,1250.0
BRD001/101/YPB/1250G/BW,BOARD1360X876/1250GSM/TKL/TKL.WPE,Various Board,Solidus,RM Sheets Box,4-15312,4-15312,1250.0,1360.0,876.0,Recycled 100%,4-15312,727.0,Apr-26,Mill price: article code,1360.0,876.0,1250.0
BRD001/101/YPB/1250G/BW(2),1-OUT BOARD680X878/1250GSM/TKL/TKL.WPE,Various Board,Solidus,RM Sheets Box,Guillotine Only,Guillotine Only,1250.0,680.0,878.0,Recycled 100%,,,,No unambiguous Apr-26 mill match,,,
BRD001/101/YPL/1000G/BW,BOARD1380x885/1000GSM/TKL/TKL.WPE,Various Board,Solidus,RM Sheets Box,4-17548,TBC,1000.0,1380.0,885.0,Mix 70%,,,,No unambiguous Apr-26 mill match,,,
BRD001/101/YPL/1000G/WW,BOARD1380x885/1000GSM/WT/TKL.WPE,Various Board,Solidus,RM Sheets Box,4-15320,4-15320 /,1000.0,1380.0,885.0,Mix 70%,4-15320,763.0,Apr-26,Mill price: article code,1380.0,885.0,1000.0
BRD001/101/YPL/1000G/WW(2),BOARD885x1380/1000GSM/WT/TKL.WPE,Various Board,Solidus,RM Sheets Box,4-17054,4-17054 /,1000.0,885.0,1380.0,Mix 70%,4-17054,763.0,Apr-26,Mill price: article code,885.0,1380.0,1000.0
BRD001/101/YPL/1000G/WW(3),BOARD885x690/1000GSM/WT/TKL.WPE,Various Board,Solidus,RM SHEET,4-17073,4-17073 /,1000.0,690.0,885.0,Mix 70%,4-17073,763.0,Apr-26,Mill price: article code,690.0,885.0,1000.0
BRD001/101/YPL/900G/WW,BOARD1380X915/900GSM/MC/WK+WPE,Various Board,,RM Sheets Box,4-17283,4-17283,900.0,1380.0,915.0,Mix 70%,,,,No unambiguous Apr-26 mill match,,,
BRD001/101/YPL/900G/WW(2),BOARD1380X915/900GSM/WK/TKL+WPE,Various Board,,RM Sheets Box,,,900.0,1380.0,915.0,Mix 70%,,,,No unambiguous Apr-26 mill match,,,
BRD001/101/YPL/950G/WW,BOARD1380X885/950/WKPSN/WPE,Various Board,101,RM Sheets Box,,,950.0,1380.0,885.0,Mix 70%,,,,No unambiguous Apr-26 mill match,,,
BRD001/101/YPL/B0197/01/WW,PRINTED BOARD FOR LID - BW&DJ GLAVES 585x390x150 1000G,Printed Board,,RM Printed Sheet,,4-15320 /,,,,Mix 70%,4-15320,763.0,Apr-26,Mill price: article code,1380.0,885.0,1000.0
BRD001/101/YPL/S0275/01/WW,PRINTED BOARD FOR LID - SPENBOROUGH HALAL 585x390x150 1000G,Printed Board,,RM Printed Sheet,,4-15320 /,1000.0,,,Mix 70%,4-15320,763.0,Apr-26,Mill price: article code,1380.0,885.0,1000.0
BRD001/101/YPL/S0275/02/WW,PRINTED BOARD FOR LID - SPENBOROUGH RED STRIPE 585x390x150,Printed Board,,RM Printed Sheet,,4-15320 /,,,,Mix 70%,4-15320,763.0,Apr-26,Mill price: article code,1380.0,885.0,1000.0
BRD001/101/YPL/T0030/01/1000G,PRINTED BOARD - TASTE TRADITION BRD001/101/YPL/1000G/WW,Printed Board,,RM Printed Sheet,301101522,4-15320 /,1000.0,,,Mix 70%,4-15320,763.0,Apr-26,Mill price: article code,1380.0,885.0,1000.0
BRD001/101/YPL/T0042/01/1000G,PRINTED BRD - ARDGAY GAME 585mm x 390mm x 150mm,Various Board,Solidus,RM PRINTED BRD,,,1000.0,885.0,1380.0,Mix 70%,,,,No unambiguous Apr-26 mill match,,,
BRD001/102/DWB/1000G/BB,BOARD968X878/TKL/TKL,Various Board,,RM Sheets Box,4-13921,4-13921 /,1000.0,968.0,878.0,Recycled 100%,4-13921,610.0,Apr-26,Mill price: article code,968.0,878.0,1000.0
BRD001/102/DWB/900G/BB,BOARD966x872/BT/NW/BT/900GSM,Various Board,S142,RM Sheets Box,4-17302,4-17302 / 4-17302,,966.0,872.0,Recycled 100%,,,,No unambiguous Apr-26 mill match,,,
BRD001/102/LPB/1000G/BB,BOARD 1358 x 878/BRKFL / BRTKLWPENC /1000GSM,Various Board,,RM Sheets Box,4-13906, / 4-13906,1000.0,878.0,1358.0,Mix 70%,4-13906,794.0,Apr-26,Mill price: article code,878.0,1358.0,1000.0
BRD001/102/LPB/1250G/WB,BOARD 1358 x 878/WHKFL / BRTKLWPENC /1250GSM,Various Board,,RM Sheets Box,4-13904, / 4-13904,1250.0,878.0,1358.0,Mix 70%,4-13904,809.0,Apr-26,Mill price: article code,878.0,1358.0,1250.0
BRD001/102/NPB/1000G/BB,BOARD 1360 x 880/BRTKL / BRTKL /1000GSM,Various Board,,RM Sheets Box,4-15889, / 4-15889,1000.0,880.0,1360.0,Mix 70%,4-15889,610.0,Apr-26,Mill price: article code,880.0,1360.0,1000.0
BRD001/102/NPB/1000G/WB,BOARD 1360 x 878/WHKFT / BRTKL /1000GSM,Various Board,,RM Sheets Box,4-08192, / 4-08192,1000.0,878.0,1360.0,Mix 70%,4-08192,664.0,Apr-26,Mill price: article code,1360.0,878.0,1000.0
BRD001/102/NPB/1050G/BB,BOARD 880 x 1360/BRTKL / BRTKL /1050GSM,Various Board,,RM Sheets Box,4-01224, / 4-01224,1050.0,1360.0,880.0,Mix 70%,4-01224,615.0,Apr-26,Mill price: article code,880.0,1360.0,1050.0
BRD001/102/NPB/1250G/BB,BOARD 1360 x 880/BRTKL / BRTKL /1250GSM,Various Board,,RM Sheets Box,4-11258, / 4-11258,1250.0,880.0,1360.0,Mix 70%,4-11258,626.0,Apr-26,Mill price: article code,1360.0,880.0,1250.0
BRD001/102/NPB/900G/BB,BOARD 945 x 875/BRTKL / BRTKL /900GSM,Various Board,,RM Sheets Box,4-11986, / 4-11986,900.0,875.0,945.0,Mix 70%,4-11986,610.0,Apr-26,Mill price: article code,945.0,875.0,900.0
BRD001/102/NPL/1000G/WB,BOARD 1372 x 886/WHKFT / BRTKL /1000GSM,Various Board,,RM Sheets Box,4-06431, / 4-06431,1000.0,886.0,1372.0,Mix 70%,4-06431,664.0,Apr-26,Mill price: article code,886.0,1372.0,1000.0
BRD001/102/NPL/1000G/WB (2),BOARD 886 x 686/WHKFT / BRTKL /1000GSM,Various Board,,RM Sheets Box,4-01084,4-01084,1000.0,686.0,886.0,Mix 70%,4-01084,664.0,Apr-26,Mill price: article code,686.0,886.0,1000.0
BRD001/102/NPL/1000G/WB (3),BOARD 916 x 686/WHKFT / BRTKL /1000GSM,Various Board,,RM Sheets Box,4-15269, / 4-15269,1000.0,686.0,916.0,Mix 70%,4-15269,664.0,Apr-26,Mill price: article code,686.0,916.0,1000.0
BRD001/102/NPL/1000G/WB (4),BOARD1380x915/1000GSM/WHKFT/BRTKL,Various Board,,RM SHEETS BOX,4-17257,4-17257 /,1000.0,915.0,1380.0,Mix 70%,,,,No unambiguous Apr-26 mill match,,,
BRD001/102/NPL/1000G/WB (5),BOARD1380x915/1000GSM/WC/WT,Various Board,,RM SHEETS BOX,4-17300,4-17300,1000.0,915.0,1380.0,Mix 70%,,,,No unambiguous Apr-26 mill match,,,
BRD001/102/NPL/1000G/WW,BOARD1394x920/WCC/NW/WK/1000GSM,Various Board,,RM Sheets Box,4-17272,4-17272 / 4-17272,1000.0,1394.0,920.0,Mix 70%,,,,No unambiguous Apr-26 mill match,,,
BRD001/102/NPL/1000G/WW(2),BOARD1380x915/WCC/NW/WK/1000GSM,Various Board,,RM Sheets Box,,,1000.0,1380.0,915.0,Mix 70%,,,,No unambiguous Apr-26 mill match,,,
BRD001/102/NPL/1000G/WW(3),BOARD1380x900/1000GSM/MC/WT,Various Board,,RM Sheets Box,TBC,TBC,1000.0,1380.0,900.0,Mix 70%,,,,No unambiguous Apr-26 mill match,,,
BRD001/102/NPL/1250G/WB,BOARD 1372 x 886/WHTST / BRTKL /1250GSM,Various Board,,RM Sheets Box,4-11659, / 4-11659,1250.0,886.0,1372.0,Mix 70%,4-11659,662.0,Apr-26,Mill price: article code,886.0,1372.0,1250.0
BRD001/102/NPL/1250G/WB (2),BOARD 1372 x 886/WHKFL / BRTKL /1250GSM,Various Board,,RM Sheets Box,4-11287, / 4-11287,1250.0,886.0,1372.0,Mix 70%,4-11287,662.0,Apr-26,Mill price: article code,886.0,1372.0,1250.0
BRD001/102/YPB/1000G/BB,BOARD 1360 x 880/BRTKL / BRTKLWPENC /1000GSM,Various Board,,RM Sheets Box,4-01205, / 4-01205,1000.0,880.0,1360.0,Mix 70%,4-01205,730.0,Apr-26,Mill price: article code,880.0,1360.0,1000.0
BRD001/102/YPB/1000G/WB,BOARD 970 x 880/BRKFL / BRTKLWPENC /1000GSM,Various Board,,RM Sheets Box,4-14958, / 4-14958,1000.0,880.0,970.0,Mix 70%,4-14958,794.0,Apr-26,Mill price: article code,880.0,970.0,1000.0
BRD001/102/YPB/1250G/BB,BOARD 1358 x 878/BRTKL/BRTKLWPENC/1250GSM,Various Board,,RM Sheets Box,4-13925, / 4-13925,1250.0,878.0,1358.0,Mix 70%,4-13925,727.0,Apr-26,Mill price: article code,878.0,1358.0,1250.0
BRD001/102/YPB/1250G/WW,30/00/1250/017/087,Various Board,,RM Sheets Box,,,,,,Mix 70%,,,,No unambiguous Apr-26 mill match,,,
BRD001/102/YPB/900G/WW,30/00/0900/016/087,Various Board,,RM Sheets Box,,,,,,Mix 70%,,,,No unambiguous Apr-26 mill match,,,
BRD001/102/YPK/500G,BRD FOR PUNNET - 1SPE 817x946 500GSM Brown / BrownPE,Various Board,,RM Sheets Box,,,500.0,817.0,946.0,Mix 70%,,,,No unambiguous Apr-26 mill match,,,
BRD001/102/YPL/1000G/BB,BOARD 886 x 1372/BRTKL / BRTKLWPENC /1000GSM,Various Board,,RM Sheets Box,4-15314, / 4-15314,1000.0,1372.0,886.0,Mix 70%,4-15314,730.0,Apr-26,Mill price: article code,886.0,1372.0,1000.0
BRD001/102/YPL/1000G/BB (2),BOARD 916 x 686/BRKFL / BRTKLWPENC /1000GSM,Various Board,,RM Sheets Box,4-14804, / 4-14804,1000.0,686.0,916.0,Mix 70%,4-14804,794.0,Apr-26,Mill price: article code,916.0,686.0,1000.0
BRD001/102/YPL/1000G/WB,BOARD 1370 x 884/WHTST/BRTKLWPENC/1000GSM,Various Board,,RM Sheets Box,4-13903, / 4-13903,1000.0,884.0,1370.0,Mix 70%,4-13903,763.0,Apr-26,Mill price: article code,884.0,1370.0,1000.0
BRD001/102/YPL/1000G/WB (2),BOARD 886 x 686/WHTST / BRTKLWPENC /1000GSM,Various Board,,RM Sheets Box,4-06254, / 4-06254,1000.0,686.0,886.0,Mix 70%,4-06254,763.0,Apr-26,Mill price: article code,686.0,886.0,1000.0
BRD001/102/YPL/1000G/WB (3),BOARD 886 x 686/WHKFL / BRTKLWPENC /1000GSM,Various Board,,RM Sheets Box,4-15202, / 4-15202,1000.0,686.0,886.0,Mix 70%,4-15202,780.0,Apr-26,Mill price: article code,686.0,886.0,1000.0
BRD001/102/YPL/1000G/WB (4),BOARD 916 x 686/WHTST / TKL+WPENC /1000GSM,Various Board,,RM Sheets Box,4-08411,4-08411,1000.0,686.0,916.0,Mix 70%,4-08411,763.0,Apr-26,Mill price: article code,686.0,916.0,1000.0
BRD001/102/YPL/1000G/WB(5),BOARD 1370 x 884/WHTST/BRTKLWPENC/1000GSM,Various Board,,RM Sheets Box,4-15639,4-15639 / 4-15639,1000.0,884.0,1370.0,Mix 70%,4-15639,763.0,Apr-26,Mill price: article code,1370.0,884.0,1000.0
BRD001/102/YPL/1000G/WB(6),BOARD 1370 x 884/WHTST/BRTKLWPENC/1000GSM 685x884,Various Board,,RM Sheets Box,4-17074, / 4-17074,1000.0,884.0,1370.0,Mix 70%,4-17074,763.0,Apr-26,Mill price: article code,685.0,884.0,1000.0
BRD001/102/YPL/1000G/WW,BOARD884X1370/1000GSM/WK/WPNC,Various Board,,RM Sheets Box,,,,,,Mix 70%,,,,No unambiguous Apr-26 mill match,,,
BRD001/102/YPL/1000G/WW(2),BOARD1380x915/1000GSM/WT/TKL.WPE,Various Board,,RM SHEETS BOX,4-17237,4-17237 / 4-17237,1000.0,915.0,1380.0,Mix 70%,,,,No unambiguous Apr-26 mill match,,,
BRD001/102/YPL/1000G/WW(3),BOARD1380x900/1000GSM/WT/TKL.WPE,Various Board,,RM SHEETS BOX,TBC,TBC,1000.0,900.0,1380.0,Mix 70%,,,,No unambiguous Apr-26 mill match,,,
BRD001/102/YPL/1250G/WB,BOARD 1372 x 886/WHKFT/BRTKLWPENC/1250GSM,Various Board,,RM Sheets Box,4-11483, / 4-11483,1250.0,886.0,1372.0,Mix 70%,4-11483,809.0,Apr-26,Mill price: article code,1372.0,886.0,1250.0
BRD001/102/YPL/1250G/WB(2),BOARD916X686/WHKFT/BRTKL/WPENC/1250G,Various Board,,RM Sheets Box,4-13322, / 4-15283,1250.0,916.0,686.0,Mix 70%,,,,No unambiguous Apr-26 mill match,,,
BRD001/102/YPL/1250G/WB(3),BOARD 886 x 686/WHKFL / BRTKLWPENC /1250GSM,Various Board,,RM Sheets Box,4-13933, / 4-13933,1250.0,686.0,886.0,Mix 70%,4-13933,809.0,Apr-26,Mill price: article code,886.0,686.0,1250.0
BRD001/102/YPL/800G/WW,BOARD890 x 1380/WK/NW/WPE/800GSM,Various Board,Solidus,RM Sheets Box,4-16862,4-16862 / 4-16862,800.0,890.0,1380.0,Mix 70%,4-16862 SHT300004,786.0,Apr-26,Mill price: article code,1380.0,890.0,800.0
BRD001/102/YPL/900G/WW,BOARD1380x915/900GSM/WC/TKL.WPE,Various Board,,RM SHEETS BOX,4-17283,4-17283,900.0,915.0,1380.0,Mix 70%,,,,No unambiguous Apr-26 mill match,,,
BRD001/102/YPL/A0049/04/1250G,PRINTED BOARD - SCOTCH PRIME BLACK EURO LID,Printed Board,,RM Printed Sheet,101101224,,1250.0,390.0,590.0,Mix 70%,,,,No unambiguous Apr-26 mill match,,,
BRD001/102/YPL/R0038/01/WW,PRINTED BOARD - RAVENDALE EURO LID 1380x885 1000G,Printed Board,101,RM Printed Sheet,PRINT/HPK,4-15320 /,1000.0,1380.0,885.0,Mix 70%,4-15320,763.0,Apr-26,Mill price: article code,1380.0,885.0,1000.0
BRD001/102/YPL/S0275/04/WW,PRINTED BOARD - GREEN WORSLEY LID 1380x885 1000G,Printed Board,101,RM Printed Sheet,PRINT/HPK,4-15320 /,1000.0,1380.0,885.0,Mix 70%,4-15320,763.0,Apr-26,Mill price: article code,1380.0,885.0,1000.0
BRD001/103/DPB/1000G/BW,BOARD991X892/BPEC/W/WPEC/1000GSM,Various Board,103,RM Sheets Box,SHT201461/A,3-01000 /,1000.0,991.0,892.0,Mix 70%,,,,No unambiguous Apr-26 mill match,,,
BRD001/103/DWB/1000G/BB,BRD001/103/DWB/1000G/BB,Various Board,103,RM Sheets Box,SHT201982/A,,1000.0,990.0,905.0,Mix 70%,4-16799/SHT201982,610.0,Apr-26,Mill price: article code,990.0,905.0,1000.0
BRD001/103/DWB/1250G/BW,BOARD1024x922/BK/NW/WPE/1250GSM,Various Board,Solidus,RM Sheets Box,SHT201247/A,4-16241 /,1250.0,922.0,1024.0,Recycled 100%,4-16241/SHT201247,727.0,Apr-26,Mill price: article code,1024.0,922.0,1250.0
BRD001/103/LPB/1000G/BW,BOARD880 x 1360/BK/NW/WPE1000GSM,Various Board,Solidus,RM Sheets Box,SHT300007/A,,1000.0,1358.0,878.0,Mix 70%,4-16798/SHT300007,794.0,Apr-26,Mill price: article code,1360.0,880.0,1000.0
BRD001/103/LPB/1100G/WW,BOARD1380X905/WK/NW/WPE/1100GSM,Various Board,103,RM Sheets Box,SHT200006/A,3-02002 /,1100.0,1380.0,905.0,Mix 70%,,,,No unambiguous Apr-26 mill match,,,
BRD001/103/LPB/950G/BW,BOARD1360X880/BK/NW/WPE/950GSM,Various Board,103,RM Sheets Box,SHT300077/A,3-02003 /,950.0,1360.0,880.0,Mix 70%,,,,No unambiguous Apr-26 mill match,,,
BRD001/103/NPB/1000G/BB,BRD990X905/1000GSM/TKL/TKL,Various Board,Solidus,RM Sheets Box,4-16799,4-16799 / 4-16799,1000.0,990.0,905.0,Recycled 100%,4-16799,610.0,Apr-26,Mill price: article code,990.0,905.0,1000.0
BRD001/103/NPB/1000G/BB(2),BOARD1030X914/1000GSM/BT/NW/BT/1000GSM,Various Board,,RM Sheets Box,SHT200508/A,,1000.0,1030.0,914.0,Mix 70%,,,,No unambiguous Apr-26 mill match,,,
BRD001/103/NPB/1000G/BB(3),BOARD1026X919/BT/NW/BT/1000GSM,Various Board,Solidus,RM Sheets Box,4-16239,4-16239 /,1000.0,1026.0,919.0,Recycled 100%,4-16239,610.0,Apr-26,Mill price: article code,1026.0,919.0,1000.0
BRD001/103/NPB/1000G/BB(4),BOARD1006X909/BT/NW/BT/1000GSM,Various Board,Solidus,RM Sheets Box,4-17151,4-17151,1000.0,1006.0,909.0,Recycled 100%,4-17151,610.0,Apr-26,Mill price: article code,909.0,1006.0,1000.0
BRD001/103/NPB/1200G/BB,BOARD1360X880/BK/NW/BK/1200GSM,Various Board,103,RM Sheets Box,SHT200334/A,3-02004 /,1200.0,1360.0,880.0,Mix 70%,4-01297,623.0,Apr-26,Mill price: unique size/GSM,880.0,1360.0,1200.0
BRD001/103/NPB/1200G/WW,BOARD1390X910/WK/NW/WPENC/1200GSM,Various Board,103,RM Sheets Box,SHT201358/A,3-02005 /,1200.0,1390.0,910.0,Mix 70%,,,,No unambiguous Apr-26 mill match,,,
BRD001/103/NPB/900G/BB,BOARD991X892/BT/NW/BT/900GSM,Various Board,S142,RM Sheets Box,BOARD991X892/900GSM/TKL/TKL,4-16826 / 4-16826,,991.0,897.0,Recycled 100%,4-16826,610.0,Apr-26,Mill price: article code,991.0,892.0,900.0
BRD001/103/NPB/900G/BB (2),BOARD991X897/BT/NW/BT/900GSM,Various Board,103,RM Sheets Box,SHT200013/A,3-02006 /,900.0,991.0,897.0,Mix 70%,SHT200013/A,610.0,Apr-26,Mill price: article code,892.0,991.0,900.0
BRD001/103/NPL/1000G/WB,BOARD1410X920/WK/NW/BT/1000GSM,Various Board,103,RM Sheets Box,SHT200042/A,3-02008 /,1000.0,1410.0,920.0,Mix 70%,4-15867/SHT222226,706.0,Apr-26,Mill price: unique size/GSM,1410.0,920.0,1000.0
BRD001/103/NPL/1000G/WW,BOARD1410x920/WCC/NW/WK/1000GSM,Various Board,S142,RM Sheets Box,4-15867   SHT222226/A,4-15867 / 4-15867,1000.0,1410.0,920.0,Mix 70%,4-15867/SHT222226,706.0,Apr-26,Mill price: article code,1410.0,920.0,1000.0
BRD001/103/NPL/1100G/WW,BOARD1390X910/WK/NW/WK/1100GSM,Various Board,103,RM Sheets Box,SHT200335/A,3-02009 /,1100.0,1390.0,910.0,Mix 70%,,,,No unambiguous Apr-26 mill match,,,
BRD001/103/NPL/875G/WB,BOARD906X706/WK/NW/BT/875,Various Board,,RM Sheets Box,SHT202086/A,,875.0,906.0,706.0,Mix 70%,,,,No unambiguous Apr-26 mill match,,,
BRD001/103/NPL/950G/WB,BOARD1390X910/WCC/NW/BT/950GSM,Various Board,103,RM Sheets Box,SHT201645/A,3-02010 /,950.0,1390.0,910.0,Mix 70%,,,,No unambiguous Apr-26 mill match,,,
BRD001/103/NPL/950G/WW,BOARD1390X910/WCC/NW/WK/950GSM,Various Board,103,RM Sheets Box,SHT222224/A,3-02011 /,950.0,1390.0,910.0,Mix 70%,,,,No unambiguous Apr-26 mill match,,,
BRD001/103/YPB/1000G/BW,BOARD1185X705/BT/NW/WPE/1000GSM,Various Board,103,RM Sheets Box,SHT200055/A,3-02012 /,1000.0,1185.0,705.0,Mix 70%,,,,No unambiguous Apr-26 mill match,,,
BRD001/103/YPB/1000G/BW(2),BOARD1360x880/TKL/TKL/WPE/1000GSM,Various Board,Solidus,RM Sheets Box,SHT300003/A,4-16796 /,1000.0,1360.0,880.0,Recycled 100%,4-16796/SHT300003,730.0,Apr-26,Mill price: article code,1360.0,880.0,1000.0
BRD001/103/YPB/1100G/BW,BOARD928X1059/BPEC/NW/WPEC/1100GSM,Various Board,103,RM Sheets Box,SHT201526/A,3-02013 /,1100.0,928.0,1059.0,Mix 70%,,,,No unambiguous Apr-26 mill match,,,
BRD001/103/YPB/1100G/WB,BOARD1024X922/WPEC/W/BPEC1100GSM,Various Board,Solidus,RM Sheets Box,SHT200033/A,4-16928 /,1100.0,1024.0,922.0,Mix 70%,4-16928/SHT200033/A,865.0,Apr-26,Mill price: article code,1024.0,922.0,1100.0
BRD001/103/YPB/1100G/WW,BOARD978X901/WK/NW/WPE/1100GSM,Various Board,103,RM Sheets Box,SHT201641/A,3-02014 /,1100.0,978.0,901.0,Mix 70%,,,,No unambiguous Apr-26 mill match,,,
BRD001/103/YPB/1100G/WW(2),BOARD1360X876/WK/NW/WPENC,Various Board,103,RM Sheets Box,4-17008,4-17008 / 4-17008,1100.0,1360.0,876.0,Mix 70%,4-17008,817.0,Apr-26,Mill price: article code,1360.0,876.0,1100.0
BRD001/103/YPB/1200G/BW,BOARD1380X905/BK/NW/WPE/1200GSM,Various Board,103,RM Sheets Box,SHT200056/A,3-02015 /,1200.0,1380.0,905.0,Mix 70%,,,,No unambiguous Apr-26 mill match,,,
BRD001/103/YPB/1250G/BW,BOARD880 x 1360/BK/NW/WPE1250GSM,Various Board,Solidus,RM Sheets Box,SHT300005/A,4-15312 /,1250.0,876.0,1360.0,Recycled 100%,4-15312,727.0,Apr-26,Mill price: article code,1360.0,876.0,1250.0
BRD001/103/YPB/1250G/BW (2),BOARD1260X845/BT/NW/WPENC/1250GSM,Various Board,Soldius,RM Sheets Box,SHT200169/A,4-15931 / 4-15931,1250.0,845.0,1260.0,Recycled 100%,4-15931/SHT200169,727.0,Apr-26,Mill price: article code,1260.0,845.0,1250.0
BRD001/103/YPL/1000G/BW,BOARD880 x 1360/BT/NW/WPE/1000GSM,Various Board,Solidus,RM Sheets Box,SHT300003/A,4-15320 /,1000.0,880.0,1360.0,Recycled 100%,4-16796/SHT300003,730.0,Apr-26,Mill price: article code,1360.0,880.0,1000.0
BRD001/103/YPL/1000G/WB,BOARD1370X884/WK/NW/WPENC/1000GSM,Various Board,103,RM Sheets Box,SHT201730/A,3-02016 /,1000.0,1370.0,884.0,Mix 70%,4-13903,763.0,Apr-26,Mill price: unique size/GSM,884.0,1370.0,1000.0
BRD001/103/YPL/1000G/WW,BOARD1380X885/WK/NW/WPENC/1000GSM,Various Board,103,RM Sheets Box,SHT201719/A,3-02017 /,1000.0,1380.0,885.0,Mix 70%,,,,No unambiguous Apr-26 mill match,,,
BRD001/103/YPL/1000G/WW (2),BRD001/103/YPL/1000G/WW (2),Various Board,Solidus,RM Sheets Box,SHT300003/A,4-15320 /,1000.0,880.0,1360.0,Recycled 100%,4-16796/SHT300003,730.0,Apr-26,Mill price: article code,1360.0,880.0,1000.0
BRD001/103/YPL/1100G/WB,BOARD1444X942/WPEC/W/BPEC/1100GSM,Various Board,103,RM Sheets Box,SHT200280/A,3-01002 /,1100.0,1444.0,942.0,Mix 70%,,,,No unambiguous Apr-26 mill match,,,
BRD001/103/YPL/1200G/WW,BOARD1059X1223/WPEC/W/WPEC/1200G,Various Board,,RM Sheets Box,SHT200482/A,,1200.0,1223.0,1059.0,Recycled 100%,,,,No unambiguous Apr-26 mill match,,,
BRD001/103/YPL/900G/WW,BOARD1390X910/WCC/NW/WPENC/950GSM,Various Board,S142,RM Sheets Box,SHT200002/A,4-15880 / 4-15880,950.0,1380.0,890.0,Mix 70%,4-15880/SHT222229,800.0,Apr-26,Mill price: article code,1390.0,910.0,900.0
BRD001/103/YPL/950G/WB,BOARD1380X890/WCC/NW/BT/950GSM,Various Board,103,RM Sheets Box,SHT202065/A,,950.0,1380.0,890.0,Mix 70%,,,,No unambiguous Apr-26 mill match,,,
BRD001/103/YPL/950G/WW,BOARD1380X890/WK/NW/WPE/950GSM,Various Board,103,RM Sheets Box,SHT200002/A,3-02018 /,950.0,1380.0,890.0,Mix 70%,,,,No unambiguous Apr-26 mill match,,,
BRD001/103/YPL/950G/WW(2),BOARD1390X910/WCC/NW/WPENC/950GSM,Various Board,Solidus,RM Sheets Box,4-15880,4-15880 / 4-15880,950.0,1390.0,910.0,Mix 70%,4-15880/SHT222229,800.0,Apr-26,Mill price: article code,1390.0,910.0,900.0
BRD001/103/YPL/950G/WW(3),BRD001/103/YPL/950G/WW(3),Various Board,,RM Sheets Box,4-15865/SHT222222,,950.0,1390.0,910.0,Mix 70%,4-15865/SHT222222,780.0,Apr-26,Mill price: article code,1390.0,910.0,1000.0
BRD001/103/YPO/1000G/WW,BOARD1190X881/WK/NW/WPENC/1000GSM,Various Board,103,RM Sheets Box,SHT201562/A,3-02019 /,1000.0,1190.0,881.0,Mix 70%,,,,No unambiguous Apr-26 mill match,,,
BRD001/103/YPO/1100G/BW,BOARD1190X881/BT/NW/WPE/1100GSM,Various Board,103,RM Sheets Box,SHT200036/A,3-02020 /,1100.0,1190.0,881.0,Mix 70%,,,,No unambiguous Apr-26 mill match,,,
BRD001/103/YPS/800G/WW,SHEETBOARD1200X1000/WK/NW/WPENC/800GSM,Various Board,,RM Sheets Box,HPK200246,,800.0,1200.0,1000.0,Mix 70%,4-17093,786.0,Apr-26,Mill price: unique size/GSM,1200.0,1000.0,800.0
BRD001/NPB/900G/BB,PACKLINE 900 G/M^2 TKLINER / TKLINER FSC MIX 70%,Various Board,Solidus,RM Sheets Box,4-17683,4-17683,900.0,1360.0,876.0,Mix 70%,,,,No unambiguous Apr-26 mill match,,,
BRD001/NPL/1000G/BB,BOARD1390X910/TKL/TKL/1000GSM,Various Board,,RM Sheets Box,4-17558,4-17558,1000.0,910.0,1390.0,Mix 70%,4-15865/SHT222222,780.0,Apr-26,Mill price: unique size/GSM,1390.0,910.0,1000.0
BRD001/NPL/900G/WB,PACKLINE 900 G/M^2 WHITE TESTLINER / TKLINER FSC MIX 70%,Various Board,Solidus,RM Sheets Box,4-17684,4-17684,900.0,1380.0,885.0,Mix 70%,,,,No unambiguous Apr-26 mill match,,,
BRD001/NPL/A0105/01/1000G,PRINTED BOARD FOR LID - ALEC JARRETT ASHDALE 585x390x150mm,Printed Board,,RM Printed Sheet,,TBC,1000.0,1380.0,915.0,Mix 70%,,,,No unambiguous Apr-26 mill match,,,
BRD001/NPL/A0105/02/1000G,PRINTED BOARD FOR LID - ALEC JARRETT ISHAAH 585x390x150mm,Printed Board,,RM Printed Sheet,,,1000.0,1380.0,915.0,Mix 70%,,,,No unambiguous Apr-26 mill match,,,
BRD001/NPL/D0004/01/950G/WB,PRINTED BRD - EURO LID NP CC DB SELECT BEEF 585x385x150,Printed Board,,RM Printed Sheet,, / 4-17300,1000.0,920.0,1410.0,,4-15867/SHT222226,706.0,Apr-26,Mill price: unique size/GSM,1410.0,920.0,1000.0
BRD001/NPL/D9999/01/1000G/WW,PRINTED BOARD FOR LID -STD LID CALEDONIAN CROWN 583x385x156,Printed Board,,RM Printed Sheet,PRINT/HPK222226/CCSB,,1000.0,920.0,1410.0,,4-15867/SHT222226,706.0,Apr-26,Mill price: unique size/GSM,1410.0,920.0,1000.0
BRD001/NPL/D9999/02/1000G/WW,PRINTED BOARD FOR LID - PREMIUM BUTCHER 920x1394 1000G,Printed Board,,RM Printed Sheet,,4-15867   SHT222226/A /,,,,Mix 70%,4-15867/SHT222226,706.0,Apr-26,Mill price: article code,1410.0,920.0,1000.0
BRD001/NPL/D9999/03/1000G/WW,PRINTED BOARD - DUNBIA VINTAGE RESERVE 895x697 1000GSM WW,Printed Board,,RM Printed Sheet,,4-15867   SHT222226/A /,,,,Mix 70%,4-15867/SHT222226,706.0,Apr-26,Mill price: article code,1410.0,920.0,1000.0
BRD001/NPL/D9999/04/1000G/BB,PRINTED BOARD - BROWN DUNBIA STD PTD SHEET 583x385x156,Printed Board,,RM Printed Sheet,301101476,,1000.0,385.0,583.0,Mix 70%,,,,No unambiguous Apr-26 mill match,,,
BRD001/NPL/D9999/10/950G/WW,PRINTED BOARD -EURO LID GREEN PASTURES NO POLY 950G NW/WK,Glued Lid 4PT No Pol,103,RM Printed Sheet,,SHT200744/A /,950.0,1390.0,910.0,Mix 70%,,,,No unambiguous Apr-26 mill match,,,
BRD001/NPL/D9999/11/950G/WW,PRINTED BOARD - EURO LID PURE NATURE NO POLY 950G NW/WK,Various Board,103,FG Printed Board,,,950.0,1390.0,910.0,Mix 70%,,,,No unambiguous Apr-26 mill match,,,
BRD001/NPL/D9999/12/1000G/WW,PRINTED BRD - ANGUS 1808 NO POLY 583x385x156 1000G,Printed Board,,RM Printed Sheet,PRINT/HPK222226/A08,,1000.0,920.0,1410.0,,4-15867/SHT222226,706.0,Apr-26,Mill price: unique size/GSM,1410.0,920.0,1000.0
BRD001/NPL/D9999/14/1000G/WW,PRINTED BOARD - STD LID BLACK ANGUS NO POLY 1000G,Various Board,103,FG Printed Board,,4-15867 /,1000.0,1410.0,920.0,Mix 70%,4-15867/SHT222226,706.0,Apr-26,Mill price: article code,1410.0,920.0,1000.0
BRD001/NPL/D9999/15/1000G/BB,PRINTED BRD - USA BROWN DUNBIA PTD SHEET 583x385x156,Printed Board,,RM Printed Sheet,,,1000.0,385.0,583.0,Mix 70%,,,,No unambiguous Apr-26 mill match,,,
BRD001/NPL/D9999/16/950G/WW,PRINTED BOARD - EURO LID GREEN PASTURES NO POLY 950G NW/WK,Printed Board,103,RM Printed Sheet,,SHT200744/A /,950.0,1390.0,910.0,Mix 70%,,,,No unambiguous Apr-26 mill match,,,
BRD001/NPL/D9999/22/1000G/WW,PRINTED BOARD - STD LID DUNBIA ORGANIC BIO 583x385x156 1000G,Printed Board,,RM Printed Sheet,PRINT/HPK222226/DOB,,1000.0,920.0,1410.0,,4-15867/SHT222226,706.0,Apr-26,Mill price: unique size/GSM,1410.0,920.0,1000.0
BRD001/NPL/D9999/26/1000G/WW,PRINTED BRD-STD LID NATURES MEADOW BLUE NP 583x385x156 1000G,Printed Board,,RM Printed Sheet,, / 4-17272,1000.0,920.0,1410.0,,4-15867/SHT222226,706.0,Apr-26,Mill price: unique size/GSM,1410.0,920.0,1000.0
BRD001/NPL/D9999/29/1000G/WW,PRINTED BRD - STD LID RED HEREFORD (ROI) NO POLY,Glued Lid 4PT No Pol,,FG Box,,4-17272 /,1000.0,1410.0,920.0,Mix 70%,4-15867/SHT222226,706.0,Apr-26,Mill price: unique size/GSM,1410.0,920.0,1000.0
BRD001/NPL/D9999/30/1000G/WW,PRINTED BRD - STD LID RIDING RESERVE RED NP 583x385x156 1000,Glued Lid 4PT No Pol,103,FG Box,,4-15867 /,1000.0,1410.0,920.0,Mix 70%,4-15867/SHT222226,706.0,Apr-26,Mill price: article code,1410.0,920.0,1000.0
BRD001/NPL/D9999/32/1000G/WW,PRINTED BRD - STD LID STOCKMANS NO POLY 583 x 385 x 156 1000,Glued Lid 4PT No Pol,,FG Box,,4-17272 /,1000.0,1410.0,920.0,Mix 70%,4-15867/SHT222226,706.0,Apr-26,Mill price: unique size/GSM,1410.0,920.0,1000.0
BRD001/NPL/D9999/35/1000G/WW,PRINTED BRD - STD LID TICAN LAMB NO POLY 583 x 385 x 156,Glued Lid 4PT No Pol,,FG Box,,4-17272 /,1000.0,1410.0,920.0,Mix 70%,4-15867/SHT222226,706.0,Apr-26,Mill price: unique size/GSM,1410.0,920.0,1000.0
BRD001/NPL/D9999/37/1000G/WW,PRINTED BRD - STD LID TW LUDGATE 583x385x157 1000G,Printed Board,,FG Box,,4-17272 /,1000.0,1410.0,920.0,Mix 70%,4-15867/SHT222226,706.0,Apr-26,Mill price: unique size/GSM,1410.0,920.0,1000.0
BRD001/NPL/D9999/38/1000G/WW,PRINTED BRD - STD LID WEST COUNTRY CHOICE NP 583x385x156,Printed Board,,RM Printed Sheet,, / 4-17272,1000.0,920.0,1410.0,,4-15867/SHT222226,706.0,Apr-26,Mill price: unique size/GSM,1410.0,920.0,1000.0
BRD001/NPL/D9999/39/1000G/WW,PRINTED BOARD FOR LID - STD LID TOM HIXSON NO POLY 1000G,Various Board,103,FG Printed Board,,4-15867 /,1000.0,1410.0,920.0,Mix 70%,4-15867/SHT222226,706.0,Apr-26,Mill price: article code,1410.0,920.0,1000.0
BRD001/NPL/D9999/40/1000G/WW,PRINTED BOARD FOR LID - DAWN MEATS WAGYU 583x385x156mm,Printed Board,,RM Printed Sheet,, / 4-17272,1000.0,920.0,1394.0,,,,,No unambiguous Apr-26 mill match,,,
BRD001/NPL/D9999/41/1000G,PRINTED BOARD FOR LID - PREMIUM BUTCHER ORGANIC BIO NO POLY,Glued Lid 4PT No Pol,103,FG Box,,4-17272,1000.0,1394.0,920.0,Mix 70%,,,,No unambiguous Apr-26 mill match,,,
BRD001/NPL/F0029/01/1000G/WW,PRINTED BRD - EURO LID FARMERS BOY 585x390x150 1000G 1000P,Printed Board,,RM Printed Sheet,,TBC,1000.0,1380.0,900.0,Mix 70%,,,,No unambiguous Apr-26 mill match,,,
BRD001/NPL/H0063/01/900G/WB,PRINTED BRD - HEWITT CONNOISEUR LARGE LID 590x390x150 900G,Printed Board,,RM Printed Sheet,,,900.0,1380.0,915.0,,,,,No unambiguous Apr-26 mill match,,,
BRD001/NPL/H0063/02/900G/WB,PRINTED BRD - HEWITT EURO LID 585x390x150 900G,Printed Board,,RM Printed Sheet,,,900.0,1380.0,885.0,,,,,No unambiguous Apr-26 mill match,,,
BRD001/NPL/L0024/01/1000G/WB,PRINTED BOARD FOR LID -  LAKE DISTRICT FARMERS EURO PTD LID,Printed Board,,RM Printed Sheet,,4-15244,1000.0,1380.0,885.0,Mix 70%,4-15244,664.0,Apr-26,Mill price: article code,1380.0,885.0,1000.0
BRD001/NPL/P0073/02/1000G/WB,PRINTED BOARD FOR LID - MACDUFF 590x390x148 1000G 1120P,Printed Board,,RM Printed Sheet,301105622,4-06431 /,1250.0,390.0,590.0,Mix 70%,4-06431,664.0,Apr-26,Mill price: article code,886.0,1372.0,1000.0
BRD001/NPL/R0069/01/1000G/WW,PRINTED BRD - RGB WEBSTER PTD LID 2021 NON EU 1380X885,Printed Board,,RM Printed Sheet,,4-15244,1000.0,1380.0,885.0,Mix 70%,4-15244,664.0,Apr-26,Mill price: article code,1380.0,885.0,1000.0
BRD001/NPL/S0297/01/1000G/WB,PRINT BOARD FOR LID - STILLMANS LTD NO POLY 590x390x150 950G,Printed Board,,RM Printed Sheet,,,950.0,915.0,1380.0,Mix 70%,,,,No unambiguous Apr-26 mill match,,,
BRD001/NPL/W0034/01/1000G/WB,PRINTED BRD - WEEKS W/SALE LID 1000G WK/TKL 886x686,Printed Board,,RM Printed Sheet,,4-01084 /,1000.0,886.0,686.0,Mix 70%,4-01084,664.0,Apr-26,Mill price: article code,686.0,886.0,1000.0
BRD001/NPLH/B0070/01/1000G/WW,PRINTED BRD - NO POLY (HOLES) 585x390x150 1000G 750P,Glued Lid 4PT No Pol,101,FG Printed Board,,,1000.0,390.0,585.0,Mix 70%,,,,No unambiguous Apr-26 mill match,,,
BRD001/YPL/1250G/WW,BOARD1380X900/1250GSM/WK/TKL/WPE,Various Board,,RM Sheets Box,,,1250.0,1380.0,900.0,Mix 70%,,,,No unambiguous Apr-26 mill match,,,
BRD001/YPL/A0005/01/1000G/WW,PRINTED SHEET - AB & S BLACK GOLD 585mm x 390mm x 150mm 1000,Printed Board,,RM Printed Sheet,,4-15320 /,1000.0,,,Mix 70%,4-15320,763.0,Apr-26,Mill price: article code,1380.0,885.0,1000.0
BRD001/YPL/A0049/03/1250G/WB,PRINTED BOARD FOR LID - ABP BURGUNDY (SKIPTON PRINT),Printed Board,,RM Printed Sheet,,4-11483,1250.0,1372.0,886.0,Mix 70%,4-11483,809.0,Apr-26,Mill price: article code,1372.0,886.0,1250.0
BRD001/YPL/A0105/01/1000G/WB,PRINTED LID - JARRETT EURO LID 590mm x 390mm x 148mm 1000GSM,Printed Board,,FG Box,,4-13903,1000.0,884.0,1370.0,Mix 70%,4-13903,763.0,Apr-26,Mill price: article code,884.0,1370.0,1000.0
BRD001/YPL/A0166/02/1000G/WW,PRINTED BRD - Arun Meat & Livestock Co 1380x890 WK/NW/WPE,Printed Board,,RM Printed Sheet,,,950.0,890.0,1380.0,,,,,No unambiguous Apr-26 mill match,,,
BRD001/YPL/A0166/03/950G/WW,PRINTED BOARD FOR LID - ARUN MEATS 1380x890 WK/NW/WPE,Printed Board,,RM Printed Sheet,PRINT/HPK300002/ARUN+,,950.0,890.0,1380.0,,,,,No unambiguous Apr-26 mill match,,,
BRD001/YPL/A9999/02/1000G/WW,PRINTED BOARD - ABP KINGS VALLEY 590 x 390 x 150 1000G,Printed Board,,RM Printed Sheet,,4-17237,1000.0,915.0,1380.0,Mix 70%,,,,No unambiguous Apr-26 mill match,,,
BRD001/YPL/A9999/07/950G/WW,PRINTED BOARD -  ABP EURO LID  585 x 385 x 150 950G,Various Board,103,FG Printed Board,,SHT222229/A /,950.0,1390.0,910.0,Mix 70%,4-15880/SHT222229,800.0,Apr-26,Mill price: article code,1390.0,910.0,900.0
BRD001/YPL/B0143/02/1000G/WW,PRINTED BRD - BRADMILL MEATS 590x390x150 1000G,Printed Board,,RM Printed Sheet,,4-15320,1000.0,1380.0,885.0,Mix 70%,4-15320,763.0,Apr-26,Mill price: article code,1380.0,885.0,1000.0
BRD001/YPL/B0182/03/950G/WW,PRINTED BOARD - BUITELAAR EURO LID  585 x 385 x 150 950G 750,Various Board,,FG Printed Board,,4-14411 /,950.0,655.0,1150.0,Mix 70%,4-14411,662.0,Apr-26,Mill price: article code,655.0,1150.0,800.0
BRD001/YPL/C0004/01/1000G/BW,PRINTED BRD - C&K BROWN POLY PRINTED LID 585x390x150 1000G,Printed Board,,RM Printed Sheet,,TBC,1000.0,1380.0,885.0,Mix 70%,,,,No unambiguous Apr-26 mill match,,,
BRD001/YPL/C0157/02/1000G/WW,PRINTED BRD - Conwy Valley Meats Ltd  585 x 390 x 150 1000P,Various Board,,FG Printed Board,,4-15320,1000.0,1380.0,885.0,Mix 70%,4-15320,763.0,Apr-26,Mill price: article code,1380.0,885.0,1000.0
BRD001/YPL/C9999/01/1000G/WB,PRINTED BOARD - CRANSWICK EURO LID (WATTON) 590x390x148,Various Board,,FG Printed Board,,4-15639 /,1000.0,884.0,1370.0,Mix 70%,4-15639,763.0,Apr-26,Mill price: article code,1370.0,884.0,1000.0
BRD001/YPL/C9999/03/1000G/WB,PRINTED BRD - CRANSWICK EURO LID (NAV32410) 590x390x148,Various Board,,FG Printed Board,,4-15639 /,1000.0,884.0,1370.0,Mix 70%,4-15639,763.0,Apr-26,Mill price: article code,1370.0,884.0,1000.0
BRD001/YPL/C9999/04/1000G/WB,PRINTED BOARD - CRANSWICK EURO LID (WATTON),Various Board,103,FG Printed Board,,SHT222229/A /,950.0,1390.0,910.0,Mix 70%,4-15880/SHT222229,800.0,Apr-26,Mill price: article code,1390.0,910.0,900.0
BRD001/YPL/D9999/03/950G/WB,PRINTED BRD -EURO LID WELSH HILL BEEF & LAMB 585 x 385 x 150,Glued Lid 4PT Poly,,RM SHEETS BOX,,4-17283,950.0,915.0,1380.0,Mix 70%,,,,No unambiguous Apr-26 mill match,,,
BRD001/YPL/D9999/04/950G/WB,PRINTED BRD - EURO LID GOURMET 585x385x150 950G 1215P,Glued Lid 4PT Poly,,RM SHEETS BOX,,4-17283,950.0,915.0,1380.0,Mix 70%,,,,No unambiguous Apr-26 mill match,,,
BRD001/YPL/F0003/01/1000G/WB,PRINTED SHEET 102 - FA GILL (DUDLEY) PRINTED SHEET,Printed Board,,RM Printed Sheet,301101476,,1000.0,385.0,583.0,Mix 70%,,,,No unambiguous Apr-26 mill match,,,
BRD001/YPL/F0055/01/950G/WW,PRINTED BRD - FIELD FRESH TRADING LTD 950G,Printed Board,,RM Printed Sheet,PRINT/HPK300002/FF+,4-16795 /,950.0,885.0,1380.0,,4-16795/SHT300002,780.0,Apr-26,Mill price: article code,1380.0,890.0,1000.0
BRD001/YPL/F0097/01/1000G/WB,PRINTED BOARD -  FOYLE PTD LID (LB) 590mm x 390mm x 148mm 10,Various Board,103,FG Printed Board,,4-16795 /,950.0,1380.0,890.0,Mix 70%,4-16795/SHT300002,780.0,Apr-26,Mill price: article code,1380.0,890.0,1000.0
BRD001/YPL/F0097/02/1000G/WB,PRINTED BOARD - FOYLE PTD LID 2025 590mm x 390mm x 148mm,Printed Board,103,FG Printed Board,,4-16795 /,950.0,1380.0,890.0,Mix 70%,4-16795/SHT300002,780.0,Apr-26,Mill price: article code,1380.0,890.0,1000.0
BRD001/YPL/H0052/01/1000G,PRINTED BOARD  -  CAMPBELLS PRIME MEATS 585mm x 390mm x 150m,Printed Board,,RM Printed Sheet,,4-17237 /,1000.0,1380.0,915.0,Mix 70%,,,,No unambiguous Apr-26 mill match,,,
BRD001/YPL/J0003/01/1000G/WW,PRINTED BOARD -  PRINCE BISHOP 557mm x 376mm x 125mm 1000G,Various Board,101,FG Printed Board,,4-16971 /,800.0,1252.0,807.0,Mix 70%,4-16971,664.0,Apr-26,Mill price: article code,1252.0,807.0,1000.0
BRD001/YPL/J0070/02/1250G/WW,PRINTED BOARD FOR LID - JOHN SCOTT TAGH FEOIL 585x390x150mm,Printed Board,,RM PRINTED BRD,,,1250.0,1380.0,900.0,Mix 70%,,,,No unambiguous Apr-26 mill match,,,
BRD001/YPL/L0024/01/1000G/WW,PRINTED BOARD FOR LID - LAKE DISTRICT FARMERS EURO LID,Printed Board,,RM Printed Sheet,,4-08411 /,1000.0,,,Mix 70%,4-08411,763.0,Apr-26,Mill price: article code,686.0,916.0,1000.0
BRD001/YPL/M0001/01/1000G/WW,PRINTED BRD - M & J Meats  590x390x150 1000G 1250P WW,Printed Board,103,RM Printed Sheet,PRINT/HPK300002/MAJ,4-15320 /,1000.0,1380.0,890.0,Mix 70%,4-15320,763.0,Apr-26,Mill price: article code,1380.0,885.0,1000.0
BRD001/YPL/M0115/01/1000G/WW,PRINTED BRD - MILLERS VLEES DKS PE 59X39X15 100GSM,Printed Board,,FG Printed Sheet,,4-17237,1000.0,915.0,1380.0,Mix 70%,,,,No unambiguous Apr-26 mill match,,,
BRD001/YPL/M0115/02/1000G,PRINTED SHEET - EURO LID MILLERS CAIRNGORM SB 1000G,Printed Board,,RM Printed Sheet,,4-17237 /,1000.0,,,Mix 70%,,,,No unambiguous Apr-26 mill match,,,
BRD001/YPL/M0115/02/1000G/WW,PRINTED BRD - MILLERS OF SPEYSIDE HALAL 1380x915 1000G,Glued Lid 4PT Poly,,FG Box,n/a,4-17237,1000.0,1380.0,915.0,Mix 70%,,,,No unambiguous Apr-26 mill match,,,
BRD001/YPL/M0170/01/1000G/WW,PRINTED BOARD FOR LID - MAJESTIC MEATS 590x390x150 1000G,Printed Board,,RM Printed Sheet,,4-17237 /,1000.0,1380.0,915.0,Mix 70%,,,,No unambiguous Apr-26 mill match,,,
BRD001/YPL/P0167/01/1000G/WW,PRINTED BRD - PILGRIMS TILLYDOWN EURO LID 590x390x150,Printed Board,,RM Printed Sheet,,,950.0,890.0,1380.0,,,,,No unambiguous Apr-26 mill match,,,
BRD001/YPL/R0013/02/1000G/WW,PRINTED BOARD - R J TREVARTHEN 1380x885 1000G,Printed Board,,RM Printed Sheet,PRINT/HPK300002/RJT,,1000.0,1380.0,885.0,,,,,No unambiguous Apr-26 mill match,,,
BRD001/YPL/R0026/01/950G/WB,PRINTED BOARD - PEARSONS 585mm x 390mm x 150mm 950GSM,Various Board,101,FG Printed Board,,4-15320 /,950.0,1380.0,885.0,Mix 70%,4-15320,763.0,Apr-26,Mill price: article code,1380.0,885.0,1000.0
BRD001/YPL/R0086/01/1000G/WW,PRINTED BRD - RITTER FRESH 585mm x 390mm x 150mm 1000G,Printed Board,,RM Printed Sheet,,4-15230,1000.0,1380.0,915.0,Mix 70%,,,,No unambiguous Apr-26 mill match,,,
BRD001/YPL/S0275/03/1000G/WW,PRINTED BOARD FOR LID - B&G WORSLEY 585x390x150 1000G,Printed Board,,RM Printed Sheet,PRINT/HPK201718/WORG,4-15320,1000.0,1380.0,885.0,Mix 70%,4-15320,763.0,Apr-26,Mill price: article code,1380.0,885.0,1000.0
BRD001/YPL/T0089/01/1000G/WB,PRINTED BRD - THOMPSON W/SALE MEAT 2020 590x390x148,Various Board,,RM Printed Sheet,,4-08411,1000.0,916.0,686.0,Mix 70%,4-08411,763.0,Apr-26,Mill price: article code,686.0,916.0,1000.0
BRD001/YPL/T0150/01/900G/WW,PRINTED BOARD FOR LID - NORFOLK BLACK CHICKEN 590x390x150,Printed Board,,RM Printed Sheet,,TBC,900.0,1380.0,915.0,Mix 70%,,,,No unambiguous Apr-26 mill match,,,
BRD001/YPL/W0075/01/950G/WW,PRINTED BOARD - Easy Meats Euro Lid 950G NW/WPENC,Various Board,103,FG Printed Board,,SHT222229/A /,950.0,1390.0,910.0,Mix 70%,4-15880/SHT222229,800.0,Apr-26,Mill price: article code,1390.0,910.0,900.0
BRD001/YPL/W0075/02/950G/WW,PRINTED BRD -  Woodhead Beef Euro Lid 585 x 385 x 150 950GSM,Various Board,,FG Printed Board,,4-13922 /,850.0,681.0,1062.0,Mix 70%,4-13922,647.0,Apr-26,Mill price: article code,681.0,1062.0,850.0
BRD001/YPL/W0075/03/950G/WW,PRINTED BOARD - PORK Woodhead Euro Lid 950G NW/WPENC,Various Board,103,FG Printed Board,,,950.0,1390.0,910.0,Mix 70%,,,,No unambiguous Apr-26 mill match,,,
BRD001/YPL/W0075/05/950G/WW,PRINTED BOARD -  Prumples Town Pork Lid 585x385x150 950G,Various Board,,RM Printed Sheet,,SHT200002/A /,950.0,385.0,585.0,Mix 70%,,,,No unambiguous Apr-26 mill match,,,
BRD001/YPL/W0075/06/950G/WW,PRINTED BOARD -  Prumples Town Beef Lid 585x385x150 950G,Various Board,103,RM Printed Sheet,,SHT200002/A /,950.0,385.0,585.0,Mix 70%,,,,No unambiguous Apr-26 mill match,,,
BRD001/YPL/W0083/01/900G/WW,PRINTED BRD - PEAK DISTRICT SILVER 1380X915 900G MC/WK+WPE,Various Board,,RM Printed Sheet,,4-17283,900.0,1380.0,915.0,Mix 70%,,,,No unambiguous Apr-26 mill match,,,
BRD001/YPL/W0083/02/900G/WW,PRINTED BRD - PEAK DISTRICT GOLD 1380X915 900G MC/WK+WPE,Various Board,,RM Printed Sheet,,4-17283,900.0,1380.0,915.0,Mix 70%,,,,No unambiguous Apr-26 mill match,,,
BRD001/YPL/Y0010/01/1000G/WW,PRINTED BOARD - YORKSHIRE HALAL EURO LID 585x390x150,Printed Board,101,RM Printed Board,,4-15320 /,1000.0,1380.0,885.0,Mix 70%,4-15320,763.0,Apr-26,Mill price: article code,1380.0,885.0,1000.0
BRD001/YPL/Y0010/02/1000G/WW,PRINTED BOARD FOR LID - SHANS UK EURO LID 585 x 390 x 150mm,Printed Board,101,RM Printed Board,,4-15320 /,1000.0,1380.0,885.0,Mix 70%,4-15320,763.0,Apr-26,Mill price: article code,1380.0,885.0,1000.0
BRD002/101/YPB/900G/WW,BOARD970X1284/900GSM/WTL/TKL.WPE,Various Board,Solidus,RM Sheets Box,4-15953,4-15953 /,900.0,970.0,1284.0,Mix 70%,4-15953,793.0,Apr-26,Mill price: article code,1284.0,970.0,900.0
BRD002/101/YPO/900G/BW,BOARD970X1284/900GSM/TKL/TKL.WPE,Various Board,,RM Sheets Box,4-17547,4-17547,900.0,970.0,1284.0,Mix 70%,4-15953,793.0,Apr-26,Mill price: unique size/GSM,1284.0,970.0,900.0
BRD002/102/NPB/900G/BB,BOARD 1160 x 674/BRTKL / BRTKL /900GSM,Various Board,,RM Sheets Box,4-15446, / 4-15446,900.0,674.0,1160.0,Mix 70%,4-15446,610.0,Apr-26,Mill price: article code,1160.0,674.0,900.0
BRD002/102/YPK/500G/BB,1SPE BOARD787x1115/500G/B/BPES,Various Board,V059,RM Sheets Box,,3545087453 /,500.0,1115.0,787.0,Mix 70%,,,,No unambiguous Apr-26 mill match,,,
BRD002/102/YPK/600G/BB-LG,1SPE BOARD787x1115/600G/BK/BK+PES,Various Board,,RM Sheets Box,,,600.0,787.0,1115.0,Mix 70%,,,,No unambiguous Apr-26 mill match,,,
BRD002/102/YPK/600G/BB-SG,1SPE BOARD1115x787/600G/BK/BK+PES,Various Board,,RM Sheets Box,4-17342,,600.0,1115.0,787.0,Mix 70%,,,,No unambiguous Apr-26 mill match,,,
BRD002/102/YPL/1000G/WB,BOARD 1148 x 659/WHTST / BRTKLWPENC /1000GSM,Various Board,,RM Sheets Box,4-13614, / 4-13614,1000.0,659.0,1148.0,Mix 70%,4-13614,763.0,Apr-26,Mill price: article code,659.0,1148.0,1000.0
BRD002/102/YPP/500G/BB,BOARD882x1077/500G/BPE/BPES,Various Board,V059,RM Sheets Box,PUN001,,500.0,1077.0,882.0,Mix 70%,,,,No unambiguous Apr-26 mill match,,,
BRD002/102/YPP/500G/BB(2),BOARD882x1077/500G/B/BPES,Various Board,V059,RM Sheets Box,PUN003/PUN004/PUN005/PUN006,3545087402 /,500.0,1077.0,882.0,Mix 70%,,,,No unambiguous Apr-26 mill match,,,
BRD002/102/YPP/500G/BB(3),BOARD787x1115/500G/B/BPES,Various Board,V059,RM Sheets Box,PUN002,3545087433 /,500.0,1115.0,787.0,Mix 70%,,,,No unambiguous Apr-26 mill match,,,
BRD002/102/YPP/560G/BB,BOARD882x1026/560GSM/BPE/BPES,Various Board,V059,RM Sheets Box,PUN002/PUN004/PUN005/PUN006,,560.0,882.0,1026.0,Mix 70%,,,,No unambiguous Apr-26 mill match,,,
BRD002/102/YPP/565G/BB,BOARD882x1077/565GSM/BPE/BPES,Various Board,V059,RM Sheets Box,,,565.0,1077.0,882.0,Mix 70%,,,,No unambiguous Apr-26 mill match,,,
BRD002/103/DPL/800G/WB,BOARD800x1100/800GSM/WPEC/W/BPEC,Various Board,103,RM Sheets Box,HPK200301,,,1000.0,800.0,Mix 70%,,,,No unambiguous Apr-26 mill match,,,
BRD002/NPO/T0042/01/900G/WW,PRINTED BOARD - 6PT ARDGAY GAME 375mm x 295mm x 141mm,Various Board,Solidus,RM Printed Sheet,,4-15953 /,,1284.0,970.0,Mix 70%,4-15953,793.0,Apr-26,Mill price: article code,1284.0,970.0,900.0
BRD002/YPO/C0004/01/900G/BW,PRINTED BOARD - 6 PT CK Meat 375mm x 295mm x 141mm,Printed Board,,RM Printed Sheet,,TBC,,1284.0,970.0,Mix 70%,,,,No unambiguous Apr-26 mill match,,,
BRD003/102/NPO/900G/WW,BOARD 1210 x 807/WHKFT / WHKFT /900GSM,Various Board,,RM Sheets Box,4-06932,4-06932,900.0,807.0,1210.0,Mix 70%,4-06932,721.0,Apr-26,Mill price: article code,1210.0,807.0,900.0
BRD003/102/YPB/900G/BW,BOARD767X1020/TKL/WPENC,Various Board,,RM Sheets Box,4-15672,4-15672 /,900.0,767.0,1020.0,Recycled 100%,4-15672,746.0,Apr-26,Mill price: article code,767.0,1020.0,900.0
BRD004/101/NPB/800G/BB,BOARD1290X912/800GSM/TKL/TKL,Various Board,Solidus,RM Sheets Box,4-15914,4-15914 /,800.0,1290.0,912.0,Recycled 100%,4-15914,649.0,Apr-26,Mill price: article code,1290.0,912.0,800.0
BRD004/101/NPL/800G/BB,BOARD1305X926/800GSM/TKL/TKL,Various Board,Solidus,RM Sheets Box,4-15915,4-15915 /,800.0,1305.0,926.0,Recycled 100%,4-15915,649.0,Apr-26,Mill price: article code,1305.0,926.0,800.0
BRD004/102/YPK/560G/BB,1SPE BOARD730x980/560GSM/BPE/BPES,Various Board,V059,RM Sheets Box,,3545087454 /,560.0,730.0,980.0,Mix 70%,,,,No unambiguous Apr-26 mill match,,,
BRD004/102/YPK/600G/BB-LG,1SPE BOARD730x980/600G/BK/BK+PES,Various Board,,RM Sheets Box,,,600.0,730.0,980.0,Mix 70%,,,,No unambiguous Apr-26 mill match,,,
BRD004/102/YPK/600G/BB-SG,1SPE BOARD980x730/600G/BK/BK+PES,Various Board,,RM Sheets Box,4-17343,,600.0,730.0,980.0,Mix 70%,,,,No unambiguous Apr-26 mill match,,,
BRD004/102/YPP/560G/BB,BOARD730x980/560GSM/BPE/BPES,Various Board,V059,RM Sheets Box,PUN004,3545087113 /,560.0,730.0,980.0,Mix 70%,,,,No unambiguous Apr-26 mill match,,,
BRD004/103/NPB/1200G/BW,BOARD1007X642/BT/NW/WK/1200GSM,Various Board,103,RM Sheets Box,SHT200163/A,3-02021 /,1200.0,1007.0,642.0,Mix 70%,,,,No unambiguous Apr-26 mill match,,,
BRD004/103/YPO/750G/WW,BOARD1370X785/WK/NW/WPE/750GSM,Various Board,103,RM Sheets Box,SHT201626/A,3-02022 /,750.0,1370.0,785.0,Mix 70%,,,,No unambiguous Apr-26 mill match,,,
BRD005/101/NPB/1000G/BB,BOARD1290X803/1000GSM/TKL/TKL,Various Board,Solidus,RM Sheets Box,4-15301,4-15301 /,1000.0,1290.0,803.0,Recycled 100%,4-15301,610.0,Apr-26,Mill price: article code,1290.0,803.0,1000.0
BRD005/101/NPB/1100G/BB,BOARD1290X800/1100GSM/TKL/TKL,Various Board,Solidus,RM Sheets Box,4-17323,4-17323 / 4-17323,1100.0,1290.0,800.0,Recycled 100%,,,,No unambiguous Apr-26 mill match,,,
BRD005/101/NPB/1100G/BB(2),BOARD645X803/1100GSM/TKL/TKL 1OUT,Various Board,Solidus,RM Sheets Box,TBC,,1100.0,645.0,803.0,Recycled 100%,,,,No unambiguous Apr-26 mill match,,,
BRD005/101/NPL/850G/WB,BOARD1310X815/850GSM/WK/TKL,Various Board,Solidus,RM Sheets Box,4-17322,4-17322 / 4-17322,850.0,815.0,1310.0,Mix 70%,,,,No unambiguous Apr-26 mill match,,,
BRD005/101/NPL/900G/WB,BOARD815X1310/900GSM/WK/TKL,Various Board,Solidus,RM Sheets Box,4-15300,4-15300 /,900.0,815.0,1310.0,Mix 70%,4-15300,664.0,Apr-26,Mill price: article code,1310.0,815.0,900.0
BRD005/101/NPL/J0006/01/WB,PRINTED BOARD FOR LID -  J AND L WOOD 545x385x135 900G 1500P,Printed Board,,RM Printed Sheet,PRINT/HPK201800/JLW,4-15300 /,900.0,,,Mix 70%,4-15300,664.0,Apr-26,Mill price: article code,1310.0,815.0,900.0
BRD005/102/NPB/1000G/BB,BOARD 1298 x 808/BRTKL / BRTKL /1000GSM,Various Board,,RM Sheets Box,4-13902, / 4-13902,1000.0,808.0,1298.0,Mix 70%,4-13902,610.0,Apr-26,Mill price: article code,1298.0,808.0,1000.0
BRD005/102/NPB/900G/BB,BOARD 1296 x 812/BRTKL / BRTKL /900GSM,Various Board,,RM Sheets Box,4-13333, / 4-13333,900.0,812.0,1296.0,Mix 70%,4-13333,610.0,Apr-26,Mill price: article code,1296.0,812.0,900.0
BRD005/102/NPL/800G/WB,BOARD 1314 x 814/WHKFT / BRTKL /800GSM,Various Board,,RM Sheets Box,4-13239, / 4-13239,800.0,814.0,1314.0,Mix 70%,4-13239,662.0,Apr-26,Mill price: article code,1314.0,814.0,800.0
BRD005/102/YPB/1000G/BW,BOARD1298X808/TKL/TKL+WPE/NC,Various Board,,RM Sheets Box,4-17126,,1000.0,1298.0,808.0,Recycled 100%,4-17126,730.0,Apr-26,Mill price: article code,1298.0,808.0,1000.0
BRD005/102/YPK/560G/BB,1SPE  BOARD760x920/560GSM/BPE/BPES,Various Board,V059,RM Sheets Box,,3545087455 /,560.0,770.0,920.0,Mix 70%,,,,No unambiguous Apr-26 mill match,,,
BRD005/102/YPK/600G/BB-LG,1SPE BOARD760x920/600G/BK/BK+PES,Various Board,,RM Sheets Box,,,600.0,760.0,920.0,Mix 70%,,,,No unambiguous Apr-26 mill match,,,
BRD005/102/YPK/600G/BB-SG,1SPE BOARD920x760/600G/BK/BK+PES,Various Board,,RM Sheets Box,4-17344,,600.0,760.0,920.0,Mix 70%,,,,No unambiguous Apr-26 mill match,,,
BRD005/102/YPP/560G/BB,BOARD760x920/560GSM/BPE/BPES,Various Board,V059,RM Sheets Box,PUN005,3545087114 /,560.0,770.0,920.0,Mix 70%,,,,No unambiguous Apr-26 mill match,,,
BRD005/NPB/1000G/BB,PACKLINE 1000 G/M^2 TKLINER / TKLINER FSC Mix 70% 1350x833,Various Board,Solidus,RM Sheets Box,4-17662,4-17662,1000.0,1350.0,833.0,Mix 70%,,,,No unambiguous Apr-26 mill match,,,
BRD005/NPL/900G/WB,PACKLINE 900G/M^2 WHITE KRAFT / TKLINER FSC mix 70% 1370x845,Various Board,Solidus,RM Sheets Box,4-17663,4-17663,900.0,845.0,1370.0,Mix 70%,,,,No unambiguous Apr-26 mill match,,,
BRD005/NPL/J0006/01/900G/WB,PRINTED SHEET 102 - J&L WOOD & SON PRINTED SHEET,Printed Board,,RM Printed Sheet,301101536,,900.0,385.0,545.0,Mix 70%,,,,No unambiguous Apr-26 mill match,,,
BRD005/NPL/J0033/01/900G/WB,PRINTED BOARD FOR LID - CAVENDISH PTD LID NO TRIM 900G,Glued Lid 4PT No Pol,,RM Printed Sheet,,,900.0,390.0,550.0,Mix 70%,,,,No unambiguous Apr-26 mill match,,,
BRD005/NPL/P0142/01/900G/WW,PRINTED BRD - PREMIUM POULTRY PRODUCTS 545x385x135 900G,Printed Board,,RM Printed Sheet,,4-15300,900.0,1380.0,915.0,Mix 70%,4-15300,664.0,Apr-26,Mill price: article code,1310.0,815.0,900.0
BRD005/NPL/R0014/01/900G/WB,PRINTED BRD - R OWTON POULTRY LID 545x385x135 900G,Printed Board,,RM Printed Sheet,,4-15300,900.0,,,Mix 70%,4-15300,664.0,Apr-26,Mill price: article code,1310.0,815.0,900.0
BRD006/101/NPB/1050G/BB,BOARD1256X828/1050GSM/TKL/TKL,Various Board,Solidus,RM Sheets Box,4-15836,4-15836 /,1050.0,1256.0,828.0,Recycled 100%,4-15836,615.0,Apr-26,Mill price: article code,1256.0,828.0,1050.0
BRD006/101/NPB/1050G/BB(2),BOARD628X828/1050GSM/TKL/TKL,Various Board,Solidus,RM Sheets Box,4-17072,4-17072 /,1050.0,628.0,828.0,Recycled 100%,4-17072,615.0,Apr-26,Mill price: article code,628.0,828.0,1050.0
BRD006/101/NPB/950G/BB,BOARD1256X828/950GSM/TKL/TKL,Various Board,Solidus,RM Sheets Box,4-15923,4-15923 /,950.0,1256.0,828.0,Recycled 100%,4-15923,608.0,Apr-26,Mill price: article code,1256.0,828.0,950.0
BRD006/101/NPB/950G/BB(2),BOARD628X828/950GSM/TKL/TKL,Various Board,Solidus,RM Sheets Box,4-17085,4-17085 /,950.0,628.0,828.0,Recycled 100%,,,,No unambiguous Apr-26 mill match,,,
BRD006/101/NPL/700G/WB,BOARD1276X838/700GSM/WK/BK,Various Board,Solidus,RM Sheets Box,4-16126,4-16126 /,700.0,1276.0,838.0,Mix 70%,4-16126,807.0,Apr-26,Mill price: article code,1276.0,838.0,700.0
BRD006/101/NPL/800G/WB,BOARD1276X838/800GSM/WK/TKL,Various Board,Solidus,RM Sheets Box,4-15237,4-15237 /,800.0,1276.0,838.0,Mix 70%,4-15237,662.0,Apr-26,Mill price: article code,1276.0,838.0,800.0
BRD006/102/NPB/1000G/BB,BOARD 1268 x 834/BRTKL / BRTKL /1000GSM,Various Board,,RM Sheets Box,4-12086, / 4-12086,1000.0,834.0,1268.0,Mix 70%,4-12086,610.0,Apr-26,Mill price: article code,1268.0,834.0,1000.0
BRD006/102/NPB/1000G/BB (2),BOARD 1256 x 828/BRTKL / BRTKL /1000GSM,Various Board,,RM Sheets Box,4-15529, / 4-15529,1000.0,828.0,1256.0,Mix 70%,4-15529,610.0,Apr-26,Mill price: article code,1256.0,828.0,1000.0
BRD006/102/NPB/900G/BB,BOARD 1250 x 828/BRTKL / BRTKL /900GSM,Various Board,,RM Sheets Box,4-14996, / 4-14996,900.0,828.0,1250.0,Mix 70%,4-14996,610.0,Apr-26,Mill price: article code,1250.0,828.0,900.0
BRD006/102/NPL/700G/WB,BOARD 1260 x 835/WHKFT / BRSZE /700GSM,Various Board,,RM Sheets Box,4-15894, / 4-15894,700.0,835.0,1260.0,Mix 70%,4-15894,684.0,Apr-26,Mill price: article code,835.0,1260.0,700.0
BRD006/102/YPK/500G,DCB FOR PUNNET - 144x109x68 500GSM BrownPE / BrownPE,Various Board,,RM Sheets Box,,,500.0,865.0,1000.0,Mix 70%,,,,No unambiguous Apr-26 mill match,,,
BRD006/102/YPK/600G/BB-LG,1SPE BOARD865x1000/600G/BK/BK+PE,Various Board,,RM Sheets Box,,,600.0,1000.0,865.0,Mix 70%,,,,No unambiguous Apr-26 mill match,,,
BRD006/102/YPK/600G/BB-SG,1SPE BOARD1000x865/600G/BK/BK+PE,Various Board,,RM Sheets Box,4-17345,,600.0,1000.0,865.0,Mix 70%,,,,No unambiguous Apr-26 mill match,,,
BRD006/102/YPP/500G/BB,BOARD1000X865/500G/BPE/BPES,Various Board,V059,RM Sheets Box,PUN003,3545087185 /,500.0,1000.0,865.0,Mix 70%,,,,No unambiguous Apr-26 mill match,,,
BRD006/103/YPB/950G/BW,BOARD1320X825/BK/NW/WPE/950GSM,Various Board,103,RM Sheets Box,SHT200221/A,3-02023 /,950.0,1320.0,825.0,Mix 70%,,,,No unambiguous Apr-26 mill match,,,
BRD006/NPL/M0180/01/800G/WB,PRINTED BOARD FOR LID - MEAHAL 800 G/M^2 WK / TKLINER,Various Board,101,RM Printed Sheet,,4-15237 /,800.0,1276.0,838.0,Mix 70%,4-15237,662.0,Apr-26,Mill price: article code,1276.0,838.0,800.0
BRD006/NPL/S0134/01/800G/BB,PRINTED BOARD FOR LID -  SHAFA FARM 588x388x125 800GSM,Various Board,101,RM Printed Sheet,,4-15237 /,800.0,1276.0,838.0,Mix 70%,4-15237,662.0,Apr-26,Mill price: article code,1276.0,838.0,800.0
BRD007/101/NPB/1000G/BB,BOARD1310X856/1000GSM/TKL/TKL,Various Board,Solidus,RM Sheets Box,TBC,TBC,1000.0,1310.0,856.0,Mix 70%,,,,No unambiguous Apr-26 mill match,,,
BRD007/101/NPB/950G/BB,BOARD1310X856/950GSM/BT/BT,Various Board,Solidus,RM Sheets Box,4-15250,4-15250,950.0,1310.0,856.0,Recycled 100%,4-15250,608.0,Apr-26,Mill price: article code,1310.0,856.0,950.0
BRD007/101/NPB/950G/BB(2),BOARD655X856/950GSM/TKL/TKL,Various Board,Solidus,RM Sheets Box,4-16803,4-16803,950.0,655.0,856.0,Recycled 100%,4-16803,608.0,Apr-26,Mill price: article code,655.0,856.0,950.0
BRD007/101/NPL/900G/WB,BOARD1332X867/900GSM/WK/TKL,Various Board,Solidus,RM Sheets Box,4-15251,4-15251 /,900.0,1322.0,867.0,Mix 70%,4-15251,664.0,Apr-26,Mill price: article code,1332.0,867.0,900.0
BRD007/102/NPB/900G/BB,BOARD 1292 x 847/BRTKL / BRTKL /900GSM,Various Board,,RM Sheets Box,4-07074, / 4-07074,900.0,847.0,1292.0,Mix 70%,4-07074,610.0,Apr-26,Mill price: article code,1292.0,847.0,900.0
BRD007/102/NPL/1250G/WW,30/00/1250/016/027,Various Board,,RM Sheets Box,,,,,,Mix 70%,,,,No unambiguous Apr-26 mill match,,,
BRD007/103/NPB/850G/BW,BOARD876X933/BT/NW/WT/850GSM,Various Board,103,RM Sheets Box,SHT201665/A,3-02024 /,850.0,876.0,933.0,Mix 70%,,,,No unambiguous Apr-26 mill match,,,
BRD007/103/NPB/950G/BB,BOARD1334X882/BT/NW/BT/950GSM,Various Board,103,RM Sheets Box,SHT200971/A,3-02025 /,950.0,1334.0,882.0,Mix 70%,,,,No unambiguous Apr-26 mill match,,,
BRD007/103/NPL/900G/WB,BOARD1350X892/WT/NW/BT/900GSM,Various Board,103,RM Sheets Box,SHT200972/A,3-02026 /,900.0,1350.0,892.0,Mix 70%,,,,No unambiguous Apr-26 mill match,,,
BRD007/103/YPB/800G/WW,BOARD1380X890/WK/NW/WPE/800GSM,Various Board,103,RM Sheets Box,SHT201196/A,3-02027 /,800.0,1380.0,890.0,Mix 70%,4-16862 SHT300004,786.0,Apr-26,Mill price: unique size/GSM,1380.0,890.0,800.0
BRD007/103/YPB/950G/WW,BOARD1380X890/WK/NW/WPE/950GSM,Various Board,103,RM Sheets Box,SHT201818/A / SHT222221/A,3-02028 /,950.0,1380.0,890.0,Mix 70%,,,,No unambiguous Apr-26 mill match,,,
BRD007/103/YPL/1000G/WW,BOARD890 x 1380/WK/NW/WPE/1000GSM,Various Board,Solidus,RM Sheets Box,SHT300002/A,4-16795 /,1000.0,890.0,1380.0,Mix 70%,4-16795/SHT300002,780.0,Apr-26,Mill price: article code,1380.0,890.0,1000.0
BRD007/NPL/H0054/01/900G/WB,*** OBSOLETE - USE 02 CODE ***,Printed Board,,RM Printed Sheet,301101485,4-15251 /,900.0,385.0,545.0,Mix 70%,4-15251,664.0,Apr-26,Mill price: article code,1332.0,867.0,900.0
BRD007/NPL/H0054/02/900G/WB,PRINTED BRD - HERB FED PRINTED SHEET 588x388x139,Printed Board,,RM Printed Sheet,,4-15251 /,900.0,388.0,588.0,Mix 70%,4-15251,664.0,Apr-26,Mill price: article code,1332.0,867.0,900.0
BRD008/101/NPB/1100G/BB,BOARD758X956/1100GSM/TKL/TKL,Various Board,Solidus,RM Sheets Box,4-15441,4-15441,1100.0,758.0,956.0,Recycled 100%,4-15441,616.0,Apr-26,Mill price: article code,758.0,956.0,1100.0
BRD008/101/NPL/950G/WB,BOARD766X962/950GSM/WK/TKL,Various Board,Solidus,RM Sheets Box,4-15442,4-15442 /,950.0,766.0,962.0,Mix 70%,4-15442,662.0,Apr-26,Mill price: article code,766.0,962.0,950.0
BRD008/102/NPL/1000G/BB,BOARD 950 x 750/BRTKL / BRTKL /1000GSM,Various Board,,RM Sheets Box,4-00697,4-00697,1000.0,750.0,950.0,Mix 70%,4-00697,610.0,Apr-26,Mill price: article code,750.0,950.0,1000.0
BRD008/102/NPL/1000G/WB,BOARD 950 x 750/WHKFT / BRTKL /1000GSM,Various Board,,RM Sheets Box,4-05958, / 4-05958,1000.0,750.0,950.0,Mix 70%,4-05958,664.0,Apr-26,Mill price: article code,750.0,950.0,1000.0
BRD008/102/NPL/1050G/WB,BOARD 1000 x 770/WHKFT / BRTKL /1050GSM,Various Board,,RM Sheets Box,4-16559, / 4-16559,1050.0,770.0,1000.0,Mix 70%,4-16559,664.0,Apr-26,Mill price: article code,1000.0,770.0,1050.0
BRD008/102/NPL/850G/BB,BOARD 775 x 975/BRKFT / BRKFT /850GSM,Various Board,,RM Sheets Box,4-16445, / 4-16445,850.0,975.0,775.0,Mix 70%,4-16445,625.0,Apr-26,Mill price: article code,775.0,975.0,850.0
BRD008/102/NPL/850G/WB,BOARD 950 x 750/WHKFT / BRTKL /850GSM,Various Board,,RM Sheets Box,4-05700, / 4-05700,850.0,750.0,950.0,Mix 70%,4-05700,647.0,Apr-26,Mill price: article code,950.0,750.0,850.0
BRD008/102/YPK/565G,1SPE BOARD - 500g Closed Cup 931x936 565G BPE/BPE,Various Board,V059,RM Sheets Box,3545087621,3545087621 / 3545087621,565.0,931.0,936.0,Mix 70%,,,,No unambiguous Apr-26 mill match,,,
BRD008/102/YPK/600G/BB-LG,1SPE BOARD931x936/600G/BK/BK+PE,Various Board,,RM Sheets Box,,,600.0,936.0,931.0,Mix 70%,,,,No unambiguous Apr-26 mill match,,,
BRD008/102/YPK/600G/BB-SG,1SPE BOARD936x931/600G/BK/BK+PE,Various Board,,RM Sheets Box,4-17346,,600.0,931.0,936.0,Mix 70%,,,,No unambiguous Apr-26 mill match,,,
BRD008/102/YPK/664G,1SPE BOARD - 500g Closed Cup 931x936 664G BPE/BPE,Various Board,V059,RM Sheets Box,,,664.0,931.0,936.0,Mix 70%,,,,No unambiguous Apr-26 mill match,,,
BRD008/102/YPL/1000G/BB,BOARD 960 x 760/BRTKL / BRTKLWPENC /1000GSM,Various Board,,RM Sheets Box,4-01210, / 4-01210,1000.0,760.0,960.0,Mix 70%,4-01210,730.0,Apr-26,Mill price: article code,760.0,960.0,1000.0
BRD008/102/YPL/1000G/WB,BOARD 990 x 760/WHKFL / BRTKLWPENC /1000GSM,Various Board,,RM Sheets Box,4-13796, / 4-13796,1000.0,760.0,990.0,Mix 70%,4-13796,780.0,Apr-26,Mill price: article code,760.0,990.0,1000.0
BRD008/102/YPP/664G,BOARD FOR PUNNET - 500g Closed Cup 931x936 664G BPE/BPE,Punnets,,RM Sheets Punnet,,BRKFTCPE/BRKFTCPE /,664.0,931.0,936.0,,,,,No unambiguous Apr-26 mill match,,,
BRD008/103/NPL/1050G/WB,BOARD996X770/WK/NW/BT/1050GSM,Various Board,103,RM Sheets Box,SHT202051/A,3-02030 /,1050.0,996.0,770.0,Mix 70%,,,,No unambiguous Apr-26 mill match,,,
BRD008/103/YPL/800G/WW,BOARD970X775/WPEC/W/WPEC/800GSM,Various Board,103,RM Sheets Box,SHT201826/A,3-01003 /,800.0,970.0,775.0,Mix 70%,,,,No unambiguous Apr-26 mill match,,,
BRD008/NPL/D0113/01/850G/WB,PRINTED BRD - DMP FOODS 950x750 850G WK/TKL,Printed Board,,RM Printed Sheet,,4-05700,850.0,750.0,950.0,Mix 70%,4-05700,647.0,Apr-26,Mill price: article code,950.0,750.0,850.0
BRD009/102/NPL/700G/WB,BOARD 1020 x 710/WHKFT / BRKFT /700GSM,Various Board,,RM Sheets Box,4-11931, / 4-11931,700.0,710.0,1020.0,Mix 70%,4-11931,807.0,Apr-26,Mill price: article code,1020.0,710.0,700.0
BRD009/102/YPB/1100G/WW,30/01/1100/067/083,Various Board,,RM Sheets Box,,,,,,Mix 70%,,,,No unambiguous Apr-26 mill match,,,
BRD010/102/NPB/1000G/BB,BOARD 1260 x 830/BRTKL / BRTKL /1000GSM,Various Board,,RM Sheets Box,4-13220, / 4-13220,1000.0,830.0,1260.0,Mix 70%,4-13220,610.0,Apr-26,Mill price: article code,1260.0,830.0,1000.0
BRD010/102/NPB/700G/BB,BOARD 1240 x 825/BRSZE / BRSZE /700GSM,Various Board,,RM Sheets Box,4-15893, / 4-15893,700.0,825.0,1240.0,Mix 70%,4-15893,665.0,Apr-26,Mill price: article code,1240.0,825.0,700.0
BRD010/102/NPL/750G/WB,BOARD 1296 x 838/WHKFT / BRTKL /750GSM,Various Board,,RM Sheets Box,4-15545, / 4-15545,750.0,838.0,1296.0,Mix 70%,4-15545,747.0,Apr-26,Mill price: article code,1296.0,838.0,750.0
BRD010/102/NPL/750G/WB (2),BOARD 845 x 645/WHKFT / BRKFT /750GSM,Various Board,,RM Sheets Box,4-13095, / 4-13095,750.0,645.0,845.0,Mix 70%,4-13095,703.0,Apr-26,Mill price: article code,845.0,645.0,750.0
BRD010/102/NPL/750G/WB (3),BOARD 1266 x 838/WHKFT / BRTKL /750GSM,Various Board,,RM Sheets Box,4-15528, / 4-15528,750.0,838.0,1266.0,Mix 70%,4-15528,747.0,Apr-26,Mill price: article code,838.0,1266.0,750.0
BRD010/102/NPL/800G/WB,BOARD 1294 x 850/WHKFT / BRTKL /800GSM,Various Board,,RM Sheets Box,4-02206, / 4-02206,800.0,850.0,1294.0,Mix 70%,4-02206,662.0,Apr-26,Mill price: article code,850.0,1294.0,800.0
BRD010/102/NPL/800G/WB (2),BOARD 1266 x 835/WHKFT / BRTKL /800GSM,Various Board,,RM Sheets Box,4-14995, / 4-14995,800.0,835.0,1266.0,Mix 70%,4-14995,662.0,Apr-26,Mill price: article code,835.0,1266.0,800.0
BRD010/102/NPL/900G/WB,BOARD 1276 x 838/WHKFT / BRTKL /900GSM,Various Board,,RM Sheets Box,4-13219, / 4-13219,900.0,838.0,1276.0,Mix 70%,4-13219,664.0,Apr-26,Mill price: article code,838.0,1276.0,900.0
BRD010/102/NPT/1150G/WW,BOARD 936 x 714/WHTST / WHTST /1150GSM,Various Board,,RM Sheets Box,4-13784, / 4-13784,1150.0,714.0,936.0,Mix 70%,4-13784,692.0,Apr-26,Mill price: article code,714.0,936.0,1150.0
BRD010/102/YPB/1000G/BB,BOARD 835 x 635/BRTKL / BRTKLWPENC /1000GSM,Various Board,,RM Sheets Box,4-13889, / 4-13889,1000.0,635.0,835.0,Mix 70%,4-13889,730.0,Apr-26,Mill price: article code,635.0,835.0,1000.0
BRD010/103/NPB/1100G/WB,BOARD1074X652/WK/NW/BT/1100GSM,Various Board,103,RM Sheets Box,SHT201563/A,3-02031 /,1100.0,1074.0,652.0,Mix 70%,,,,No unambiguous Apr-26 mill match,,,
BRD011/101/NPB/800G/BB,BOARD1004X697/800GSM/TKL/TKL,Various Board,Solidus,RM Sheets Box,4-15831,4-15831,800.0,1004.0,697.0,Recycled 100%,4-15831,649.0,Apr-26,Mill price: article code,1004.0,697.0,800.0
BRD011/101/NPB/900G/BB,BOARD1004X697/900GSM/TKL/TKL,Various Board,Solidus,RM Sheets Box,4-17324,4-17324 / 4-17324,900.0,1004.0,697.0,Recycled 100%,,,,No unambiguous Apr-26 mill match,,,
BRD011/101/NPL/700G/WB,BOARD1012X707/700GSM/WK/BK,Various Board,Solidus,RM Sheets Box,4-16864,4-16864 /,800.0,1012.0,707.0,Mix 70%,4-16864,807.0,Apr-26,Mill price: article code,1012.0,707.0,700.0
BRD011/101/NPL/800G/WB,BOARD1012X707/800GSM/WK/TKL,Various Board,Solidus,RM Sheets Box,4-15852,4-15852 / 4-15852,800.0,1012.0,707.0,Mix 70%,4-15852,662.0,Apr-26,Mill price: article code,1012.0,707.0,800.0
BRD011/102/NPB/900G/BB,BOARD 1010 x 700/BRTKL / BRTKL /900GSM,Various Board,,RM Sheets Box,4-11932, / 4-11932,900.0,700.0,1010.0,Mix 70%,4-11932,610.0,Apr-26,Mill price: article code,1010.0,700.0,900.0
BRD011/102/NPL/1000G/WB,BOARD 1118 x 727/WHKFT / BRTKL /1000GSM,Various Board,,RM Sheets Box,4-13328, / 4-13328,1000.0,727.0,1118.0,Mix 70%,4-13328,664.0,Apr-26,Mill price: article code,1118.0,727.0,1000.0
BRD011/103/NPB/700G/BB,BOARD1018X725/BT/NW/BT/700GSM,Various Board,103,RM Sheets Box,SHT201114/A,3-02032 /,700.0,1018.0,725.0,Mix 70%,,,,No unambiguous Apr-26 mill match,,,
BRD011/103/NPB/800G/BB,BOARD1018X725/BT/NW/BT/800GSM,Various Board,103,RM Sheets Box,SHT200781/A,3-02033 /,800.0,1018.0,725.0,Mix 70%,,,,No unambiguous Apr-26 mill match,,,
BRD011/103/NPL/600G/WB,BOARD1030X733/WK/NW/BT/600GSM,Various Board,103,RM Sheets Box,SHT202058/A,3-02034 /,600.0,1030.0,733.0,Mix 70%,,,,No unambiguous Apr-26 mill match,,,
BRD011/103/NPL/700G/WW,BOARD1030X733/WK/NW/WK/700GSM,Various Board,S142,RM Sheets Box,SHT201115/A,4-16663 / 4-16663,700.0,1030.0,733.0,Mix 70%,4-16663/SHT201142,822.0,Apr-26,Mill price: article code,733.0,1030.0,700.0
BRD011/103/NPL/800G/WB,BOARD1012X707/WK/NW/BK/800GSM,Various Board,103,RM Sheets Box,SHT201707/A,3-02035 /,800.0,1012.0,707.0,Mix 70%,,,,No unambiguous Apr-26 mill match,,,
BRD011/NPB/700G/BW,PACKLINE 700 G/M^2 TKLINER / WHITE TESTLINER FSC MIX 70%,Various Board,Solidus,RM Sheets Box,,TBC,700.0,1004.0,697.0,Mix 70%,,,,No unambiguous Apr-26 mill match,,,
BRD011/NPB/800G/BB,BOARD1010X700/BRTKL/BRTKL/800GSM,Various Board,,RM Sheets Box,4-17627,4-17627,800.0,700.0,1010.0,Mix 70%,4-06037,662.0,Apr-26,Mill price: unique size/GSM,1010.0,700.0,800.0
BRD011/NPL/800G/WB,BOARD1020X710/WHKFT/BRKFT/800GSM,Various Board,,RM Sheets Box,4-17628,4-17628,800.0,710.0,1020.0,Mix 70%,4-06036,662.0,Apr-26,Mill price: unique size/GSM,1020.0,710.0,800.0
BRD011/NPL/A0005/01/800G/WB,PRINTED BOARD FOR LID - AB&S PRINTED SHEET 509x306x99,Printed Board,,RM Printed Sheet,BRD011/509X308X99/800/AB&S,4-15852 /,800.0,362.0,494.0,Mix 70%,4-15852,662.0,Apr-26,Mill price: article code,1012.0,707.0,800.0
BRD011/NPL/D0097/01/800G/WB,PRINTED SHEET 102 - DIBS DISTRIBUTION PRINTED SHEET,Printed Board,,RM Printed Sheet,301101480,4-15852 /,800.0,362.0,494.0,Mix 70%,4-15852,662.0,Apr-26,Mill price: article code,1012.0,707.0,800.0
BRD011/NPL/Q0012/01/800G/WB,PRINTED BRD - QUICK PRODUCTS 2-COLOUR 10KG 509x308x99 800GSM,Glued Lid 4PT No Pol,101,RM Printed Board,,4-15852 /,800.0,1012.0,707.0,Mix 70%,4-15852,662.0,Apr-26,Mill price: article code,1012.0,707.0,800.0
BRD011/NPL/Q0012/02/800G/WB,PRINTED BOARD FOR LID - QUICK PRODUCTS BIG 8 10KG,Glued Lid 4PT No Pol,101,RM Printed Board,,4-15852 /,800.0,1012.0,707.0,Mix 70%,4-15852,662.0,Apr-26,Mill price: article code,1012.0,707.0,800.0
BRD011/NPL/T0019/01/700G/WB,PRINTED SHEET 102 - SOANES 10KG FILLET PRINTED SHEET,Printed Board,,RM Printed Sheet,301101515,,800.0,362.0,494.0,Mix 70%,,,,No unambiguous Apr-26 mill match,,,
BRD011/NPL/T0019/02/950G/WB,PRINTED SHEET - SOANES CAPON 598mm x 398mm 950GSM,Printed Board,,RM Printed Sheet,301101529,,950.0,398.0,598.0,Mix 70%,,,,No unambiguous Apr-26 mill match,,,
BRD011/NPL/T0154/01/800G/WB,PRINTED BOARD FOR LID - TAKBEER POULTRY & PRODUCTS 10KG,Glued Lid 4PT No Pol,101,RM Printed Board,,4-15852 /,800.0,1012.0,707.0,Mix 70%,4-15852,662.0,Apr-26,Mill price: article code,1012.0,707.0,800.0
BRD012/102/YPK/600G,1SPE BOARD937x1096/600G/BK/BK+PE,Various Board,,RM Sheets Box,4-17364,4-17364 /,600.0,937.0,1096.0,Mix 70%,,,,No unambiguous Apr-26 mill match,,,
BRD013/102/YPK/600G/BB,1SPE BOARD773X1140/600G/BK/BK+PE,Various Board,,RM Sheets Box,,TBC /,600.0,773.0,1140.0,Mix 70%,,,,No unambiguous Apr-26 mill match,,,
BRD014/101/NPB/1000G/BB,BRD014/101/NPB/1000G/BB,Various Board,Solidus,RM Sheets Box,4-15961,4-15961 /,1000.0,798.0,1236.0,Recycled 100%,4-15961,610.0,Apr-26,Mill price: article code,798.0,1236.0,1000.0
BRD014/101/NPB/1000G/BB(2),BOARD1236X798/1000G/TKL/TKL/ - SHORT GRAIN,Various Board,Solidus,RM Sheets Box,4-17436,4-17436,1000.0,1236.0,798.0,Recycled 100%,,,,No unambiguous Apr-26 mill match,,,
BRD014/101/NPB/1050G/BB,BOARD1236X798/1050GSM/TKL/TKL,Various Board,Solidus,RM Sheets Box,4-15258,4-15258 /,1050.0,1236.0,798.0,Recycled 100%,4-15258,615.0,Apr-26,Mill price: article code,1236.0,798.0,1050.0
BRD014/101/NPB/1050G/BB(2),BOARD618X798/1050GSM/TKL/TKL,Various Board,Solidus,RM Sheets Box,4-17071,4-17071 /,1050.0,618.0,798.0,Recycled 100%,,,,No unambiguous Apr-26 mill match,,,
BRD014/101/NPB/850G/BB,BOARD1236X798/850GSM/TKL/TKL,Various Board,Solidus,RM Sheets Box,4-15724,4-15724 /,850.0,1236.0,798.0,Recycled 100%,4-15724,625.0,Apr-26,Mill price: article code,1236.0,798.0,850.0
BRD014/101/NPL/800G/WB,**INACTIVE - USE BRD052/101/NPL/800G/WB**,Various Board,Solidus,RM Sheets Box,,,800.0,1252.0,807.0,Mix 70%,,,,No unambiguous Apr-26 mill match,,,
BRD014/102/NPB/1050G/BB,BOARD 1240 x 800/BRTKL / BRTKL /1050GSM,Various Board,,RM Sheets Box,4-09792, / 4-09792,1050.0,800.0,1240.0,Mix 70%,4-09792,615.0,Apr-26,Mill price: article code,1240.0,800.0,1050.0
BRD014/102/NPB/950G/BB,BOARD 1240 x 800/BRTKL / BRTKL /950GSM,Various Board,,RM Sheets Box,4-01048, / 4-01048,950.0,800.0,1240.0,Mix 70%,4-01048,608.0,Apr-26,Mill price: article code,1240.0,800.0,950.0
BRD014/102/YPB/1000G/WW,BOARD596x776 XS 1000 G/M² SAPINO WHITE TESTLINER+WPE,Various Board,,RM Sheets Box,4-15663, / 4-15663,1000.0,596.0,776.0,Mix 70%,4-15663,947.0,Apr-26,Mill price: article code,596.0,776.0,1000.0
BRD014/103/NPB/1000G/BB,BOARD1320X835/BT/NW/BT/1000GSM,Various Board,103,RM Sheets Box,SHT200377/A,3-02036 /,1000.0,1320.0,835.0,Mix 70%,,,,No unambiguous Apr-26 mill match,,,
BRD014/103/NPB/1000G/BB (2),BOARD1300X810/BT/NW/BT/1000GSM,Various Board,S142,RM Sheets Box,SHT300377/A,4-15960 / 4-15960,1000.0,1320.0,835.0,Recycled 100%,4-15960/SHT300377,610.0,Apr-26,Mill price: article code,1300.0,810.0,1000.0
BRD014/103/NPB/1100G/BB,BOARD1232X795/BT/NW/BT/1100GSM,Various Board,103,RM Sheets Box,SHT200706/A,3-02037 /,1100.0,1232.0,795.0,Mix 70%,,,,No unambiguous Apr-26 mill match,,,
BRD014/103/NPB/950G/BB,BOARD1216X760/BT/NW/BT/950GSM,Various Board,103,RM Sheets Box,SHT301110/A,3-02038 /,950.0,1216.0,760.0,Mix 70%,4-16240/SHT201110,608.0,Apr-26,Mill price: unique size/GSM,1216.0,760.0,950.0
BRD014/103/YPB/950G/BW,BOARD1288X859/BPEC/W/WPEC/950GSM,Various Board,103,RM Sheets Box,SHT201934/A,3-01004 /,950.0,1288.0,859.0,Mix 70%,,,,No unambiguous Apr-26 mill match,,,
BRD014/103/YPL/950G/WB,BOARD1308X869/WPEC/W/BPEC/950GSM,Various Board,103,RM Sheets Box,SHT201935/A,3-01005 /,950.0,1308.0,869.0,Mix 70%,,,,No unambiguous Apr-26 mill match,,,
BRD014/NPB/1050G/BB,BOARD1240X800/1050G/TKL/TKL,Various Board,,RM Sheets Box,4-17687,4-17687,1050.0,1240.0,800.0,Recycled 100%,4-09792,615.0,Apr-26,Mill price: unique size/GSM,1240.0,800.0,1050.0
BRD014/NPL/800G/WB,BOARD1256X808/800G/WK/TKL,Various Board,,RM Sheets Box,4-17685,4-17685,800.0,1256.0,808.0,Mix 70%,,,,No unambiguous Apr-26 mill match,,,
BRD015/101/NPB/900G/BB,BOARD1332X778/900GSM/TKL/TKL,Various Board,Solidus,RM Sheets Box,,4-15350 /,900.0,1332.0,778.0,Recycled 100%,4-15350,610.0,Apr-26,Mill price: article code,1332.0,778.0,900.0
BRD015/102/NPB/1000G/BB,BOARD1326X774/1000GSM/TKL/TKL,Various Board,,RM Sheets Box,4-17550,4-17550,1000.0,1326.0,774.0,Mix 70%,,,,No unambiguous Apr-26 mill match,,,
BRD015/102/NPL/800G/WB,BOARD1346X782/800GSM/WK/TKL,Various Board,,RM Sheets Box,4-17551,4-17551,800.0,1346.0,782.0,Mix 70%,,,,No unambiguous Apr-26 mill match,,,
BRD015/103/NPL/800G/WB,BOARD1250X740/WK/NW/BT/800GSM,Various Board,S142,RM Sheets Box,SHT200600/A,4-15878 / 4-15878,800.0,1250.0,740.0,Mix 70%,4-15878/SHT200600,662.0,Apr-26,Mill price: article code,740.0,1250.0,800.0
BRD016/101/YPB/1000G/BW,BOARD1164X666/1000GSM/KFL/TKL.WPE,Various Board,,RM Sheets Box,TBC,,1000.0,1164.0,666.0,Recycled 100%,,,,No unambiguous Apr-26 mill match,,,
BRD016/101/YPB/900G/BW,BOARD1164X666/900GSM/TKL/TKL.WPE,Various Board,Solidus,RM Sheets Box,4-16174,4-16174,900.0,1164.0,666.0,Recycled 100%,4-16174,746.0,Apr-26,Mill price: article code,1164.0,666.0,900.0
BRD016/101/YPL/1000G/WW,BOARD1224X710/1000GSM/WK/TKL.WPE,Various Board,,RM Sheets Box,4-17433,4-17433,1000.0,1224.0,710.0,Mix 70%,,,,No unambiguous Apr-26 mill match,,,
BRD016/101/YPL/900G/WW,BOARD676X1184/900GSM/WTL/TKL.WPE,Various Board,Solidus,RM Sheets Box,4-15906,4-15906,900.0,676.0,1184.0,Mix 70%,4-15906,793.0,Apr-26,Mill price: article code,1184.0,676.0,900.0
BRD016/101/YPL/900G/WW(2),BOARD1170X695/900GSM/WMC/WPE,Various Board,,RM Sheets Box,4-17288,4-17288,900.0,1170.0,695.0,Mix 70%,,,,No unambiguous Apr-26 mill match,,,
BRD016/101/YPL/900G/WW(3),BOARD1312x781/900GSM/MC/WK+PE,Various Board,,RM Sheets Box,4-17287,4-17287,900.0,781.0,1312.0,Mix 70%,,,,No unambiguous Apr-26 mill match,,,
BRD016/102/LPB/900G/WW,BOARD 1200 x 678/WHKFL / WHKFTWPENC /900GSM,Various Board,,RM Sheets Box,4-16552, / 4-16552,900.0,678.0,1200.0,Mix 70%,4-16552,793.0,Apr-26,Mill price: article code,1200.0,678.0,900.0
BRD016/102/LPL/900G/WW,BOARD 685 x 1254/WHKFL / WHKFTWPENC /900GSM,Various Board,,RM Sheets Box,4-16555, / 4-16555,900.0,1254.0,685.0,Mix 70%,4-16555,793.0,Apr-26,Mill price: article code,685.0,1254.0,900.0
BRD016/102/NPB/900G/WB,BOARD 1200 x 680/WHKFT / TKL /900GSM,Various Board,,RM Sheets Box,4-17505,4-17505,900.0,680.0,1200.0,Mix 70%,,,,No unambiguous Apr-26 mill match,,,
BRD016/102/NPB/900G/WW,BOARD 680 x 1204/WHKFT / WHKFT /900GSM,Various Board,,RM Sheets Box,4-14704, / 4-14704,900.0,1204.0,680.0,Mix 70%,4-14704,721.0,Apr-26,Mill price: article code,680.0,1204.0,900.0
BRD016/102/NPB/900G/WW (2),BOARD 1204 x 680/WHKFT / WHKFT /900GSM,Various Board,,RM Sheets Box,4-09560, / 4-09560,900.0,680.0,1204.0,Mix 70%,4-09560,721.0,Apr-26,Mill price: article code,1204.0,680.0,900.0
BRD016/102/NPL/1000G/WB,BOARD 1254 x 685/WHKFT / BRTKL /1000GSM,Various Board,,RM Sheets Box,4-11803, / 4-11803,1000.0,685.0,1254.0,Mix 70%,4-11803,664.0,Apr-26,Mill price: article code,1254.0,685.0,1000.0
BRD016/102/NPL/1000G/WB(2),BOARD1224X710/1000GSM/WK/TKL,Various Board,,RM Sheets Box,4-17265,4-15304 / 4-15304,1000.0,710.0,1224.0,Mix 70%,,,,No unambiguous Apr-26 mill match,,,
BRD016/102/NPL/850G/WB,BOARD 1172 x 674/WHKFT / BRTKL /850GSM,Various Board,,RM Sheets Box,4-13511, / 4-13511,850.0,674.0,1172.0,Mix 70%,4-13511,647.0,Apr-26,Mill price: article code,1172.0,674.0,850.0
BRD016/102/NPL/900G/WB,BOARD 1224 x 685/WHKFT / TKL /900GSM,Various Board,,RM Sheets Box,4-17506,4-17506,900.0,1224.0,685.0,Mix 70%,,,,No unambiguous Apr-26 mill match,,,
BRD016/102/NPL/900G/WB (2),BOARD 684 x 1180/WHKFT / BRTKL /900GSM,Various Board,,RM Sheets Box,4-15445, / 4-15445,900.0,1180.0,684.0,Mix 70%,,,,No unambiguous Apr-26 mill match,,,
BRD016/102/NPL/A0049/02/1000G,PRINTED BOARD FOR LID - SCOTCH PRIME BLACK HALF EURO,Printed Board,,RM Printed Sheet,101101086,,1000.0,312.0,385.0,Mix 70%,,,,No unambiguous Apr-26 mill match,,,
BRD016/102/YPB/1000G/BB,BOARD 1204 x 680/BRTKL / BRTKLWPENC /1000GSM,Various Board,,RM Sheets Box,4-09874, / 4-09874,1000.0,680.0,1204.0,Mix 70%,4-09874,730.0,Apr-26,Mill price: article code,1204.0,680.0,1000.0
BRD016/102/YPB/1000G/BB (2),BOARD 1200 x 678/BRKFL / BRTKLWPENC /1000GSM,Various Board,,RM Sheets Box,4-13758, / 4-13758,1000.0,678.0,1200.0,Mix 70%,4-13758,794.0,Apr-26,Mill price: article code,1200.0,678.0,1000.0
BRD016/102/YPB/1000G/BW,BOARD1166X687/BT/NW/WPE/1000GSM,Various Board,S142,RM Sheets Box,4-17410,4-17410,1000.0,1166.0,687.0,Mix 70%,,,,No unambiguous Apr-26 mill match,,,
BRD016/102/YPB/1100G/WW,30/01/1100/067/083,Various Board,,RM Sheets Box,,,,,,Mix 70%,,,,No unambiguous Apr-26 mill match,,,
BRD016/102/YPL/1000G/WB,BOARD 1254 x 685/WHTST / BRTKLWPENC /1000GSM,Various Board,,RM Sheets Box,4-14043, / 4-14043,1000.0,685.0,1254.0,Mix 70%,4-14043,763.0,Apr-26,Mill price: article code,1254.0,685.0,1000.0
BRD016/102/YPL/1000G/WB (2),BOARD 1224 x 685/WHTST / BRTKLWPENC /1000GSM,Various Board,,RM Sheets Box,4-09873, / 4-09873,1000.0,685.0,1224.0,Mix 70%,4-09873,763.0,Apr-26,Mill price: article code,685.0,1224.0,1000.0
BRD016/102/YPL/900G/WW,BOARD1180X695/900GSM/WT/NW/TKL.WPE,Various Board,Solidus,RM Sheets Box,4-17362,,900.0,695.0,670.0,Mix 70%,,,,No unambiguous Apr-26 mill match,,,
BRD016/102/YPL/900G/WW(2),BOARD1224X710/900GSM/MC/WK+PE,Various Board,,RM Sheets Box,4-17273,,900.0,710.0,1224.0,Mix 70%,,,,No unambiguous Apr-26 mill match,,,
BRD016/103/LPB/950G/BW,BOARD1190X695/BT/NW/WPE/950GSM,Various Board,103,RM Sheets Box,SHT200023/A,3-02039 /,950.0,1190.0,695.0,Mix 70%,,,,No unambiguous Apr-26 mill match,,,
BRD016/103/NPB/1000G/WB,BOARD1384X637/WK/W/BT/1000GSM,Various Board,103,RM Sheets Box,SHT202070/A,3-01006 /,1000.0,1384.0,637.0,Mix 70%,,,,No unambiguous Apr-26 mill match,,,
BRD016/103/NPB/900G/WW,BOARD1224X705/WK/NW/WK/900GSM,Various Board,103,RM Sheets Box,SHT201669/A,3-02040 /,900.0,1224.0,705.0,Mix 70%,,,,No unambiguous Apr-26 mill match,,,
BRD016/103/NPL/900G/WW,BOARD1390X637/WK/NW/WK/900GSM,Various Board,103,RM Sheets Box,SHT201656/A,3-02041 /,900.0,1390.0,637.0,Mix 70%,,,,No unambiguous Apr-26 mill match,,,
BRD016/103/YPB/1000G/BW,BOARD1186X712/BT/NW/WPE/1000GSM,Various Board,S142,RM Sheets Box,4-16834,4-16834 / 4-16834,1000.0,1186.0,712.0,Recycled 100%,4-16834,730.0,Apr-26,Mill price: article code,1186.0,712.0,1000.0
BRD016/103/YPB/950G/BW,BOARD1170X685/BT/NW/WPE/950GSM,Various Board,103,RM Sheets Box,SHT200009/A,3-02042 /,950.0,1170.0,685.0,Mix 70%,,,,No unambiguous Apr-26 mill match,,,
BRD016/103/YPL/900G/WW,BOARD1170X670/900GSM/WT/NW/TKL.WPE,Various Board,Solidus,RM Sheets Box,4-16175,4-16175 /,900.0,1170.0,670.0,Mix 70%,4-16175/SHT300008,793.0,Apr-26,Mill price: article code,1170.0,670.0,900.0
BRD016/103/YPL/900G/WW(2),BOARD1190X695/WCC/NW/WPENC/900GSM,Various Board,103,RM Sheets Box,SHT222228/A/4-16168,,900.0,1190.0,695.0,Mix 70%,4-16168/SHT222228,800.0,Apr-26,Mill price: article code,1190.0,695.0,900.0
BRD016/103/YPL/900G/WW(3),BOARD685X612/WCC/NW/BT/900G,Various Board,,RM Sheets Box,SHT202087/A,,900.0,685.0,612.0,Mix 70%,,,,No unambiguous Apr-26 mill match,,,
BRD016/NPB/1000G/BB,BOARD1164X666/1000GSM/TKL/TKL,Various Board,,RM Sheets Box,TBC,TBC,1000.0,1164.0,666.0,Mix 70%,,,,No unambiguous Apr-26 mill match,,,
BRD016/NPL/1000G/WW,BOARD1170X695/1000G/MC/WT,Various Board,,RM Sheets Box,TBC,TBC,1000.0,695.0,1170.0,Mix 70%,,,,No unambiguous Apr-26 mill match,,,
BRD016/NPL/A0042/01/1000G/WB,PRINTED BOARD - PRIME SELECT 1/2 EURO LID 385x312x150 1000G,Printed Board,,RM Printed Sheet,,,1000.0,312.0,385.0,Mix 70%,,,,No unambiguous Apr-26 mill match,,,
BRD016/NPL/C9999/04/850G/WB,PRINTED BRD  - CRANSWICK HALF EURO LID (NAV32409) 1080 P/P,Printed Board,,RM PRINTED SHEET,,4-13511 /,850.0,674.0,1172.0,Mix 70%,4-13511,647.0,Apr-26,Mill price: article code,1172.0,674.0,850.0
BRD016/NPL/F0029/01/1000G/WW,PRINTED BRD - 1/2 EURO LID FARMERS BOY 1000G MC/WT,Printed Board,,FG Printed Board,,TBC,1000.0,1170.0,695.0,Mix 70%,,,,No unambiguous Apr-26 mill match,,,
BRD016/NPL/L0024/01/1000G/WB,PRINTED BOARD FOR LID - LAKE DISTRICT FARMERS HALF EURO,Printed Board,,RM Printed Sheet,,4-11803 /,1000.0,,,Mix 70%,4-11803,664.0,Apr-26,Mill price: article code,1254.0,685.0,1000.0
BRD016/NPL/M0115/01/1000G/WB,PRINTED BOARD - MILLERS OVIMPEX HALF EURO PRINTED SHEET 385m,DCB Slip Sheet,,FG Box,301101273,4-15304 /,1000.0,710.0,1224.0,Mix 70%,,,,No unambiguous Apr-26 mill match,,,
BRD016/YPL/900G/WB,BOARD 1224 x 685/WHTST / BRTKLWPENC /900GSM,Various Board,,RM Sheets Box,4-17608,4-17608,900.0,685.0,1224.0,Mix 70%,,,,No unambiguous Apr-26 mill match,,,
BRD016/YPL/A9999/01/900G/WW,PRINTED BOARD FOR LID -  1/2 EURO LID ABERDEEN ANGUS LTD,Glued Lid 4PT No Pol,,FG Box,BOX016/103/YPL/A9999/01/900G,SHT200008/A,900.0,1190.0,695.0,Mix 70%,4-16168/SHT222228,800.0,Apr-26,Mill price: unique size/GSM,1190.0,695.0,900.0
BRD016/YPL/D9999/01/915G/WW,PRINTED LID - 1/2 EURO DEEP STOCKMAN 756x656 915G,Printed Board,,RM Printed Sheet,,4-15906 /,,756.0,656.0,Mix 70%,4-15906,793.0,Apr-26,Mill price: article code,1184.0,676.0,900.0
BRD016/YPL/D9999/02/915G/WW,PRINTED BOARD FOR LID - 1/2 EURO PREMIUM BUTCHER 756x656,Printed Board,,RM Printed Sheet,,4-15906 /,,756.0,656.0,Mix 70%,4-15906,793.0,Apr-26,Mill price: article code,1184.0,676.0,900.0
BRD016/YPL/D9999/03/915G/WW,PRINTED BOARD FOR LID -1/2 EURO LID DEEP RED HEREFORD,Glued Lid 4PT Poly,103,FG Box,,,915.0,1312.0,781.0,Mix 70%,,,,No unambiguous Apr-26 mill match,,,
BRD016/YPL/D9999/04/915G/WW,PRINTED LID - 1/2 EURO DEEP STOCKMAN 756x656 915G,Printed Board,,RM Printed Sheet,,4-17287 / 4-17287,,756.0,656.0,Mix 70%,,,,No unambiguous Apr-26 mill match,,,
BRD016/YPL/D9999/05/900G/WW,PRINTED BOARD -1/2 EURO LID DEEP BLACK ANGUS 1312x781,Glued Lid 4PT Poly,103,FG Box,,BRD016/101/YPL/900G/WW(3) /,900.0,1312.0,781.0,Mix 70%,,,,No unambiguous Apr-26 mill match,,,
BRD016/YPL/D9999/06/900G/WW,PRINTED BOARD -1/2 EURO LID GREENEST FIELDS 900G,Glued Lid 4PT Poly,103,FG Printed Board,,SHT201985/A,900.0,1312.0,781.0,Mix 70%,,,,No unambiguous Apr-26 mill match,,,
BRD016/YPL/D9999/07/900G/WW,PRINTED BOARD -1/2 EURO LID DEEP PREGIS MEAT SELECTION 900G,Glued Lid 4PT Poly,103,FG Printed Board,,BRD016/102/YPL/900G/WW /,915.0,1200.0,720.0,Mix 70%,,,,No unambiguous Apr-26 mill match,,,
BRD016/YPL/D9999/08/900G/WW,PRINTED BOARD -1/2 EURO NATURES MEADOW BLUE 900G,Glued Lid 4PT Poly,103,FG Printed Board,,BRD016/102/YPL/900G/WW,915.0,1200.0,720.0,Mix 70%,,,,No unambiguous Apr-26 mill match,,,
BRD016/YPL/D9999/09/900G/WW,PRINTED BRD -1/2 EURO DUNBIA VINTAGE 900G,Glued Lid 4PT Poly,,FG Printed Board,,4-17287,900.0,1312.0,781.0,Mix 70%,,,,No unambiguous Apr-26 mill match,,,
BRD016/YPL/W0025/01/1000G/WW,PRINTED BOARD - WARRENDALE WAGYU 1/2 EURO POLY 1224 x 710,Printed Board,101,RM Printed Board,,,1000.0,1224.0,710.0,Mix 70%,,,,No unambiguous Apr-26 mill match,,,
BRD016/YPL/Y0010/01/900G/WW,PRINTED BOARD - YORKSHIRE HALAL 1/2 EURO LID 388x304x144,Printed Board,101,RM Printed Board,,4-15906 /,900.0,676.0,1184.0,Mix 70%,4-15906,793.0,Apr-26,Mill price: article code,1184.0,676.0,900.0
BRD016/YPL/Y0010/02/900G/WW,PRINTED BOARD FOR LID - SHANS UK 1/2 EURO LID 388 x 304 144,Printed Board,101,RM Printed Board,,4-15906 /,900.0,676.0,1184.0,Mix 70%,4-15906,793.0,Apr-26,Mill price: article code,1184.0,676.0,900.0
BRD018/101/NPB/1050G/BB,BOARD1066X677/1050GSM/TKL/TKL,Various Board,Solidus,RM Sheets Box,4-15843,4-15843 /,1050.0,1066.0,677.0,Recycled 100%,4-15843,615.0,Apr-26,Mill price: article code,1066.0,677.0,1050.0
BRD018/101/NPL/900G/WB,BOARD683X1076/900GSM/WK/TKL,Various Board,Solidus,RM Sheets Box,4-16064,4-16064,900.0,683.0,1076.0,Mix 70%,4-16064,664.0,Apr-26,Mill price: article code,683.0,1076.0,900.0
BRD018/101/NPL/900G/WB(2),BOARD698X1076/900GSM/WK/TKL,Various Board,S142,RM Sheets Box,4-17443,4-17443,900.0,698.0,1076.0,Mix 70%,,,,No unambiguous Apr-26 mill match,,,
BRD018/102/NPB/700G/BB,BOARD 1030 x 670/BRSZE / BRSZE /700GSM,Various Board,,RM Sheets Box,4-15829, / 4-15829,700.0,670.0,1030.0,Mix 70%,4-15829,665.0,Apr-26,Mill price: article code,1030.0,670.0,700.0
BRD018/102/YPB/900G/BB,BOARD 1010 x 667/BRTKL / BRTKLWPENC /900GSM,Various Board,,RM Sheets Box,4-15634, / 4-15634,900.0,667.0,1010.0,Mix 70%,4-15634,746.0,Apr-26,Mill price: article code,667.0,1010.0,900.0
BRD018/103/LPB/1000G/BW,BOARD687X530/BK/NW/WPE/1000GSM,Various Board,103,RM Sheets Box,SHT201820/A,3-02043 /,1000.0,687.0,530.0,Mix 70%,,,,No unambiguous Apr-26 mill match,,,
BRD018/103/NPL/800G/WB,BOARD1076X683/WK/NW/BK/800GSM,Various Board,103,RM Sheets Box,SHT201979/A,3-02044 /,800.0,1076.0,683.0,Mix 70%,,,,No unambiguous Apr-26 mill match,,,
BRD018/103/YPB/850G/WB,BOARD1090X675/WPEC/W/BPEC/850GSM,Various Board,S142,RM Sheets Box,SHT201541/A,4-16108 / 4-16108,850.0,1090.0,675.0,Mix 70%,4-16108/SHT201541,942.0,Apr-26,Mill price: article code,675.0,1090.0,850.0
BRD018/103/YPL/1000G/WW,BOARD1076X683/WK/NW/WPENC/1000GSM,Various Board,103,RM Sheets Box,SHT201726/A,3-02045 /,1000.0,1076.0,683.0,Mix 70%,,,,No unambiguous Apr-26 mill match,,,
BRD018/103/YPL/750G/WB,BOARD704 x 1108/WPEC/W/BPEC/750GSM,Various Board,Solidus,RM Sheets Box,SHT300011/A,4-16801 /,750.0,704.0,1108.0,Mix 70%,4-16801/SHT300011,993.0,Apr-26,Mill price: article code,1108.0,704.0,750.0
BRD018/103/YPL/750G/WB (2),BOARD729X1129/WPEC/W/BPEC/750GSM,Various Board,S142,RM Sheets Box,SHT200011/A,4-15882 / 4-15882,800.0,1129.0,729.0,Mix 70%,4-15882/SHT200011,993.0,Apr-26,Mill price: article code,1129.0,729.0,750.0
BRD018/103/YPL/900G/WW,BOARD1130X702/WK/NW/WPEC/900GSM,Various Board,103,RM Sheets Box,SHT201498/A,3-02046 /,900.0,1130.0,702.0,Mix 70%,,,,No unambiguous Apr-26 mill match,,,
BRD018/DCB/102/NPS/900G/WB,BOARD 683 x 1076/WHKFT / BRTKL /900GSM,Various Board,,RM Sheets Box,4-16064, / 4-16064,900.0,1076.0,683.0,Mix 70%,4-16064,664.0,Apr-26,Mill price: article code,683.0,1076.0,900.0
BRD018/NPL/P0017/01/900G/WW,PRINTED SHEET 102 - PACKINGTON FREE RANGE PTD SHEET,Printed Board,,RM Printed Sheet,301101536,,900.0,385.0,545.0,Mix 70%,,,,No unambiguous Apr-26 mill match,,,
BRD018/NPL/R0038/01/900G/WB,PRINTED SHEET - RAVENDALE FOODS PTD SHEET 465mm x 318mm x 11,DCB Slip Sheet,,RM Printed Sheet,301101478,4-16064 /,900.0,318.0,465.0,Mix 70%,4-16064,664.0,Apr-26,Mill price: article code,683.0,1076.0,900.0
BRD018/NPL/R0038/02/900G/WB,PRINTED BOARD FOR LID - SPRING FARM COLLARS 12KG,Printed Board,,RM Printed Sheet,,,900.0,,,,,,,No unambiguous Apr-26 mill match,,,
BRD018/NPL/R0038/03/900G/WB,PRINTED BOARD FOR LID -  TIGER DELIGHT FROZEN PORK COLLARS,Printed Board,,RM Printed Sheet,,TBC,900.0,698.0,1076.0,,,,,No unambiguous Apr-26 mill match,,,
BRD019/102/LPB/950G/BW,BOARD 1012 x 740/BRKFLCPE/WHTSTWPE/950GSM,Various Board,,RM Sheets Box,4-15862, / 4-15862,950.0,740.0,1012.0,Mix 70%,4-14284,978.0,Apr-26,Mill price: unique size/GSM,740.0,1012.0,950.0
BRD019/102/YPB/850G/BW,BOARD 1012 x 740/BRKFTCPE / WHKFTCPE /850GSM,Various Board,,RM Sheets Box,4-08894, / 4-08894,850.0,740.0,1012.0,Mix 70%,4-08894,942.0,Apr-26,Mill price: article code,740.0,1012.0,850.0
BRD019/103/YPB/695G/WB,BOARD1060X815/WPEC/W/BPEC/695GSM,Various Board,103,RM Sheets Box,SHT201597/A,3-01007 /,695.0,1060.0,815.0,Mix 70%,,,,No unambiguous Apr-26 mill match,,,
BRD021/101/NPB/1200G/BB,BOARD1290X755/1200GSM/TKL/TKL,Various Board,Solidus,RM Sheets Box,4-15257,4-15257,1200.0,1290.0,755.0,Recycled 100%,4-15257,623.0,Apr-26,Mill price: article code,1290.0,755.0,1200.0
BRD021/101/NPB/1200G/BB(2),BOARD645X755/1200GSM/TKL/TKL,Various Board,Solidus,RM Sheets Box,4-16837,4-16837,1200.0,645.0,755.0,Mix 70%,4-16837,623.0,Apr-26,Mill price: article code,645.0,755.0,1200.0
BRD021/101/NPB/1250G/BB,BOARD645x755/1250GSM/TKL/TKL,Various Board,Solidus,RM Sheets Box,4-17303,4-17303,1250.0,645.0,755.0,Mix 70%,,,,No unambiguous Apr-26 mill match,,,
BRD021/101/NPB/1250G/BW,BOARD1290X755/1250GSM/BT/WPENC,Various Board,Solidus,RM Sheets Box,Guillotine Only,Guillotine Only,1250.0,1290.0,755.0,Mix 70%,,,,No unambiguous Apr-26 mill match,,,
BRD021/101/NPL/1000G/WB,BOARD1310X765/1000GSM/WK/TKL,Various Board,Solidus,RM Sheets Box,4-15236,4-15236,1000.0,1310.0,765.0,Mix 70%,4-15236,664.0,Apr-26,Mill price: article code,1310.0,765.0,1000.0
BRD021/101/NPL/1000G/WB(2),BOARD655x765/1000GSM/WK/TKL,Various Board,Solidus,RM Sheets Box,TBC,TBC,1000.0,655.0,765.0,Mix 70%,,,,No unambiguous Apr-26 mill match,,,
BRD021/102/NPB/1000G/BB,BOARD 1220 x 710/BRTKL / BRTKL /1000GSM,Various Board,,RM Sheets Box,4-09473, / 4-09473,1000.0,710.0,1220.0,Mix 70%,4-09473,610.0,Apr-26,Mill price: article code,1220.0,710.0,1000.0
BRD021/102/NPB/1000G/WB,BOARD 1220 x 710/WHKFT / BRTKL /1000GSM,Various Board,,RM Sheets Box,4-09828, / 4-09828,1000.0,710.0,1220.0,Mix 70%,4-09828,664.0,Apr-26,Mill price: article code,1220.0,710.0,1000.0
BRD021/102/NPL/900G/BB,BOARD 1240 x 720/BRTKL / BRTKL /900GSM,Various Board,,RM Sheets Box,4-09474, / 4-09474,900.0,720.0,1240.0,Mix 70%,4-09474,610.0,Apr-26,Mill price: article code,1240.0,720.0,900.0
BRD021/102/NPL/900G/WB,BOARD 1240 x 720/WHKFT / BRTKL /900GSM,Various Board,,RM Sheets Box,4-09829, / 4-09829,900.0,720.0,1240.0,Mix 70%,4-09829,664.0,Apr-26,Mill price: article code,1240.0,720.0,900.0
BRD021/103/NPB/700G/BB,BOARD1330X752/BT/NW/BT/700GSM,Various Board,103,RM Sheets Box,SHT201510/A,3-02047 /,700.0,1330.0,752.0,Mix 70%,,,,No unambiguous Apr-26 mill match,,,
BRD021/103/NPB/850G/BB,BOARD1230X730/BT/NW/BT/850GSM,Various Board,S142,RM Sheets Box,SHT200558/A,4-15879 / 4-15879,850.0,1230.0,730.0,Recycled 100%,4-15879/SHT200558,625.0,Apr-26,Mill price: article code,730.0,1230.0,850.0
BRD021/103/NPL/700G/WB,BOARD1330X762/WK/NW/BT/700GSM,Various Board,103,RM Sheets Box,SHT201511/A,3-02048 /,700.0,1330.0,762.0,Mix 70%,,,,No unambiguous Apr-26 mill match,,,
BRD021/103/NPL/750G/WB,BOARD1250X740/WCC/NW/BK/800GSM,Various Board,S142,RM Sheets Box,4-15966,,800.0,1250.0,740.0,Mix 70%,4-15966/SHT201873,758.0,Apr-26,Mill price: article code,740.0,1250.0,750.0
BRD021/NPL/A0205/01/1000G/WB,PRINTED BRD - A1 MEAT & POULTRY 505x395x130 1000G,Printed Board,,RM Printed Sheet,,4-15236,1000.0,1310.0,765.0,Mix 70%,4-15236,664.0,Apr-26,Mill price: article code,1310.0,765.0,1000.0
BRD021/NPL/I0046/01/1000G/WB,PRINTED BOARD FOR LID - IJAZ HALAL POULTRY 505 x 395 x 130mm,Printed Board,,RM Printed Sheet,,4-15236,1000.0,1310.0,765.0,Mix 70%,4-15236,664.0,Apr-26,Mill price: article code,1310.0,765.0,1000.0
BRD021/NPL/T0154/01/1000G/WB,PRINTED BOARD FOR LID - TAKBEER POULTRY & PRODUCTS 20kg,Printed Board,,RM Printed Sheet,,4-15236,1000.0,1310.0,765.0,Mix 70%,4-15236,664.0,Apr-26,Mill price: article code,1310.0,765.0,1000.0
BRD023/101/NPB/900G/BB,BOARD1216X760/900GSM/TKL/TKL,Various Board,Solidus,RM Sheets Box,4-15895,4-15895,900.0,1216.0,760.0,Recycled 100%,4-15895,610.0,Apr-26,Mill price: article code,1216.0,760.0,900.0
BRD023/101/NPL/800G/WB,BOARD1232X768/800GSM/WK/TKL,Various Board,Solidus,RM Sheets Box,4-15896,4-15896 /,800.0,1232.0,768.0,Mix 70%,4-15896,662.0,Apr-26,Mill price: article code,1232.0,768.0,800.0
BRD023/103/NPB/950G/BB,BOARD1216X760/BT/NW/BT/950GSM,Various Board,S142,RM Sheets Box,SHT201110/A,4-16240 / 4-16240,950.0,1216.0,760.0,Recycled 100%,4-16240/SHT201110,608.0,Apr-26,Mill price: article code,1216.0,760.0,950.0
BRD023/103/NPL/800G/WB,BOARD1232X768/WK/NW/BT/800GSM,Various Board,103,RM Sheets Box,SHT201111/A,3-02049 /,800.0,1232.0,768.0,Mix 70%,4-15896,662.0,Apr-26,Mill price: unique size/GSM,1232.0,768.0,800.0
BRD023/103/YPB/1000G/BW,BOARD1456X806/BT/NW/WPE/1000GSM,Various Board,S142,RM Sheets Box,SHT200531/A,4-15932 / 4-15932,1000.0,1456.0,806.0,Recycled 100%,4-15932/SHT200531,730.0,Apr-26,Mill price: article code,1456.0,806.0,1000.0
BRD024/101/NPB/750G/BW,BOARD990X595/750GSM/TKL/WK,Various Board,Solidus,RM Sheets Box,4-15952,4-15952,750.0,990.0,595.0,Mix 70%,4-15952,744.0,Apr-26,Mill price: article code,990.0,595.0,750.0
BRD024/101/NPL/750G/WB,BOARD1010X605/750GSM/WK/TKL,Various Board,Solidus,RM Sheets Box,4-15951,4-15951,750.0,1010.0,605.0,Mix 70%,4-15951,747.0,Apr-26,Mill price: article code,1010.0,605.0,750.0
BRD024/102/NPB/750G/WB,BOARD 990 x 595/WHKFT / BRKFT /750GSM,Various Board,,RM Sheets Box,4-05443, / 4-05443,750.0,595.0,990.0,Mix 70%,4-05443,703.0,Apr-26,Mill price: article code,990.0,595.0,750.0
BRD024/102/NPB/900G/BB,BOARD 890 x 545/BRTKL / BRTKL /900GSM,Various Board,,RM Sheets Box,4-10679, / 4-10679,900.0,545.0,890.0,Mix 70%,4-10679,610.0,Apr-26,Mill price: article code,890.0,545.0,900.0
BRD024/102/NPL/750G/WB,BOARD 1010 x 605/WHKFT / BRKFT /750GSM,Various Board,,RM Sheets Box,4-05444, / 4-05444,750.0,605.0,1010.0,Mix 70%,4-05444,703.0,Apr-26,Mill price: article code,1010.0,605.0,750.0
BRD024/102/NPL/750G/WB (2),BOARD 988 x 594/WHKFT / BRTKL /750GSM,Various Board,,RM Sheets Box,4-08528, / 4-08528,750.0,594.0,988.0,Mix 70%,4-08528,747.0,Apr-26,Mill price: article code,988.0,594.0,750.0
BRD024/102/YPO/900G/WW,BOARD 1112 x 850/WHKFL / WHKFTWPENC /900GSM,Various Board,,RM Sheets Box,4-15919, / 4-15919,900.0,850.0,1112.0,Mix 70%,4-15919,793.0,Apr-26,Mill price: article code,1112.0,850.0,900.0
BRD024/103/NPL/750G/WB,BOARD1010X605/WK/NW/BT/750GSM,Various Board,103,RM Sheets Box,SHT202033/A,3-02050 /,750.0,1010.0,605.0,Mix 70%,,,,No unambiguous Apr-26 mill match,,,
BRD024/103/NPL/750G/WB (2),BOARD990X610/WT/NW/BT/750GSM,Various Board,103,RM Sheets Box,SHT201267/A,3-02051 /,750.0,990.0,610.0,Mix 70%,4-16111/SHT201082,993.0,Apr-26,Mill price: unique size/GSM,610.0,990.0,750.0
BRD024/NPL/M0180/01/750G/WB,PRINTED BOARD -  (HOLES) MEAHAL 405mm x 305mm x 100mm 750GSM,Glued Lid 4PT No Pol,,RM PRINTED SHEET,,4-15951 /,750.0,1010.0,605.0,Mix 70%,4-15951,747.0,Apr-26,Mill price: article code,1010.0,605.0,750.0
BRD024/NPL/R0014/01/750G/WB,PRINTED BRD - (HOLES) R OWTONS 405x305x100 750G 2000P,Glued Lid 4PT No Pol,,RM PRINTED SHEET,,4-15951 /,750.0,1010.0,605.0,Mix 70%,4-15951,747.0,Apr-26,Mill price: article code,1010.0,605.0,750.0
BRD024/NPL/S0134/01/750G/WB,PRINTED BOARD FOR LID -  SHAFA FARM LTD NO POLY 405x303x100,Glued Lid 4PT No Pol,103,RM Printed Sheet,SHT202033/SHAFA,SHT202033/A /,750.0,303.0,405.0,Mix 70%,,,,No unambiguous Apr-26 mill match,,,
BRD025/101/LPB/900G/BW,BOARD1196X798/900GSM/TKL/TKL.WPE,Various Board,Solidus,RM Sheets Box,4-15495,4-15495 /,900.0,1196.0,798.0,Recycled 100%,4-15495,746.0,Apr-26,Mill price: article code,1196.0,798.0,900.0
BRD025/101/YPL/900G/WW,BOARD806X1212/900GSM/WTL/TKL.WPE,Various Board,Solidus,RM Sheets Box,4-15916,4-15916,900.0,806.0,1212.0,Mix 70%,4-15916,793.0,Apr-26,Mill price: article code,806.0,1212.0,900.0
BRD025/102/NPB/900G/BB,BOARD 1218 x 809/BRTKL / BRTKL /900GSM,Various Board,,RM Sheets Box,4-15447, / 4-15447,900.0,809.0,1218.0,Mix 70%,4-15447,610.0,Apr-26,Mill price: article code,1218.0,809.0,900.0
BRD025/102/NPL/900G/WB,BOARD 1242 x 806/WHKFT / BRTKL /900GSM,Various Board,,RM Sheets Box,4-13316, / 4-13316,900.0,806.0,1242.0,Mix 70%,4-13316,664.0,Apr-26,Mill price: article code,1242.0,806.0,900.0
BRD025/102/NPL/900G/WB (2),BOARD 836 x 606/WHKFT / BRTKL /900GSM,Various Board,,RM Sheets Box,4-11591, / 4-11591,900.0,606.0,836.0,Mix 70%,4-11591,664.0,Apr-26,Mill price: article code,836.0,606.0,900.0
BRD025/102/NPL/900G/WB (3),BOARD 1212 x 806/WHKFT / BRTKL /900GSM,Various Board,,RM Sheets Box,4-11132, / 4-11132,900.0,806.0,1212.0,Mix 70%,4-11132,664.0,Apr-26,Mill price: article code,1212.0,806.0,900.0
BRD025/102/NPL/900G/WB (4),BOARD 1230 x 815/WHKFT / BRTKL /900GSM,Various Board,,RM Sheets Box,4-15448, / 4-15448,900.0,815.0,1230.0,Mix 70%,4-15448,664.0,Apr-26,Mill price: article code,815.0,1230.0,900.0
BRD025/102/YPL/1000G/WB,BOARD 1219 x 810/WHTST / BRTKLWPENC /1000GSM,Various Board,,RM Sheets Box,4-14442, / 4-14442,1000.0,810.0,1219.0,Mix 70%,4-14442,763.0,Apr-26,Mill price: article code,810.0,1219.0,1000.0
BRD025/103/NPL/750G/WB,BOARD1250X840/WK/NW/BT/750GSM,Various Board,103,RM Sheets Box,SHT201493/A,3-02052 /,750.0,1250.0,840.0,Mix 70%,4-16961,747.0,Apr-26,Mill price: unique size/GSM,1250.0,840.0,750.0
BRD025/103/YPL/900G/WW,BOARD1280X855/WCC/NW/WPENC/900GSM,Various Board,S142,RM Sheets Box,SHT200120/A,4-15920 / 4-15920,900.0,1280.0,855.0,Mix 70%,4-15920/SHT200120,800.0,Apr-26,Mill price: article code,1280.0,855.0,900.0
BRD025/103/YPL/950G/WW,BOARD1320X835/WK/NW/WPE/950GSM,Various Board,103,RM Sheets Box,SHT200222/A,3-02053 /,950.0,1320.0,835.0,Mix 70%,,,,No unambiguous Apr-26 mill match,,,
BRD026/101/YPB/1100G/WW,BOARD986X716/1100GSM/WT.WPE/TKL.WPE,Various Board,S142,RM Sheets Box,TBC,TBC,1100.0,986.0,716.0,Mix 70%,,,,No unambiguous Apr-26 mill match,,,
BRD026/102/NPB/900G/BB,BOARD 675 x 960/BRTKL / BRTKL /900GSM,Various Board,,RM Sheets Box,4-15678, / 4-15678,900.0,960.0,675.0,Mix 70%,4-15678,610.0,Apr-26,Mill price: article code,960.0,675.0,900.0
BRD026/102/NPL/900G/WB,BOARD 688 x 992/WHKFT / BRTKL /900GSM,Various Board,,RM Sheets Box,4-15677, / 4-15677,900.0,992.0,688.0,Mix 70%,4-15677,664.0,Apr-26,Mill price: article code,688.0,992.0,900.0
BRD026/102/YPB/W0023/01/WW,PRINTED BOARD - WARREN FRUIT FARM 485x285x108 1100G 1400P,Printed Board,,RM Printed Sheet,,SHT201228/A /,1100.0,,,,4-16802/SHT201228,865.0,Apr-26,Mill price: article code,718.0,990.0,1100.0
BRD026/103/YPB/1100G/WW,BOARD990X718/WPEC/W/WPEC/1100GSM,Various Board,S142,RM Sheets Box,SHT201228/A,4-16802 / 4-16802,1100.0,990.0,718.0,Mix 70%,4-16802/SHT201228,865.0,Apr-26,Mill price: article code,718.0,990.0,1100.0
BRD026/103/YPB/950G/WB,BOARD988X709/WPEC/W/BPEC/950GSM,Various Board,103,RM Sheets Box,SHT201932/A,3-010008 /,950.0,988.0,709.0,Mix 70%,,,,No unambiguous Apr-26 mill match,,,
BRD026/103/YPL/750G/WB,BOARD1008X719/WPEC/W/BPEC/750GSM,Various Board,103,RM Sheets Box,SHT201933/A,3-010009 /,750.0,1008.0,719.0,Mix 70%,,,,No unambiguous Apr-26 mill match,,,
BRD026/YPB/1100G/WW,BOARD986X726/WTL+WPE/WTL+WPE/1100G,Various Board,,RM Sheets Box,4-17424,4-17424,1100.0,986.0,726.0,Mix 70%,,,,No unambiguous Apr-26 mill match,,,
BRD026/YPB/W0023/01/1100G/WW,PRINTED BOARD - WARREN FRUIT FARM 485x285x108 1100G 1400P,Printed Board,,RM Printed Sheet,BRD026/102/YPB/W0023/02/WW,TBC,1100.0,986.0,716.0,Mix 70%,,,,No unambiguous Apr-26 mill match,,,
BRD026/YPB/W0023/02/1100G/WW,PRINTED BOARD - WARREN FRUIT FARM 986x726 1100G,Printed Board,,RM Printed Sheet,301105955,n/a,1100.0,986.0,726.0,Mix 70%,,,,No unambiguous Apr-26 mill match,,,
BRD027/101/NPB/850G/BB,BOARD1134X648/850GSM/TKL/TKL,Various Board,Solidus,RM Sheets Box,4-15394,4-15394,850.0,1134.0,648.0,Recycled 100%,4-15394,625.0,Apr-26,Mill price: article code,1134.0,648.0,850.0
BRD027/101/NPL/700G/WB,BOARD652X1148/700GSM/WK/BK,Various Board,Solidus,RM Sheets Box,4-15460,4-15460 /,700.0,652.0,1148.0,Mix 70%,4-15460,807.0,Apr-26,Mill price: article code,652.0,1148.0,700.0
BRD027/102/NPB/900G/BB,BOARD 1080 x 635/TKL/TKL/900GSM,Various Board,,RM Sheets Box,4-17599,4-17599,900.0,635.0,1080.0,Mix 70%,4-00426,610.0,Apr-26,Mill price: unique size/GSM,1080.0,635.0,900.0
BRD027/102/NPL/900G/WB,BOARD 1100 x 645/WK/TKL/900GSM,Various Board,,RM Sheets Box,4-17600,4-17600,900.0,645.0,1100.0,Mix 70%,,,,No unambiguous Apr-26 mill match,,,
BRD027/102/YPB/1000G/BB,BOARD 1132 x 651/BRTKL/BRTKLWPENC/1000GSM,Various Board,,RM Sheets Box,4-13613, / 4-13613,1000.0,651.0,1132.0,Mix 70%,4-13613,730.0,Apr-26,Mill price: article code,1132.0,651.0,1000.0
BRD027/102/YPL/1000G/WW,30/00/1000/017/087,Various Board,,RM Sheets Box,,,,,,Mix 70%,,,,No unambiguous Apr-26 mill match,,,
BRD027/102/YPO/1000G/WB,BOARD 1027 x 660/WHTST / BRTKLWPENC /1000GSM,Various Board,,RM Sheets Box,4-14466, / 4-14466,1000.0,660.0,1027.0,Mix 70%,4-14466,763.0,Apr-26,Mill price: article code,1027.0,660.0,1000.0
BRD027/102/YPO/1000G/WB (2),BOARD 1027 x 660/WHTST / BRTKLWPENC /1000GSM,Various Board,,RM Sheets Box,4-13179, / 4-13179,1000.0,660.0,1027.0,Mix 70%,4-13179,763.0,Apr-26,Mill price: article code,660.0,1027.0,1000.0
BRD027/102/YPO/1000G/WB(3),BOARD 1027 x 660/WHTST / BRTKLWPENC /1000GSM,Various Board,,RM Sheets Box,4-08722, / 4-08722,1000.0,660.0,1027.0,Mix 70%,4-08722,793.0,Apr-26,Mill price: article code,1027.0,660.0,900.0
BRD027/103/YPO/900G/WW,BOARD1332X1050/WK/NW/WPENC/900GSM,Various Board,103,RM Sheets Box,SHT200099/A,3-020054 /,900.0,1332.0,1050.0,Mix 70%,,,,No unambiguous Apr-26 mill match,,,
BRD027/NPL/GENPRT/01/700G/WB,PRINTED BOARD - ICC PTD 100MM LID 1148x652,Various Board,,FG Printed Board,,4-15460,700.0,1148.0,652.0,Mix 70%,4-15460,807.0,Apr-26,Mill price: article code,652.0,1148.0,700.0
BRD028/101/NPB/800G/BB,BOARD1052X618/800GSM/TKL/TKL,Various Board,Solidus,RM Sheets Box,4-15917,4-15917 /,800.0,1052.0,618.0,Recycled 100%,4-15917,649.0,Apr-26,Mill price: article code,1052.0,618.0,800.0
BRD028/101/NPL/800G/WB,BOARD1066X623/800GSM/WK/TKL,Various Board,Solidus,RM Sheets Box,4-15673,4-15673 /,800.0,1066.0,623.0,Mix 70%,4-15673,662.0,Apr-26,Mill price: article code,1066.0,623.0,800.0
BRD028/102/LPB/850G/WB,BOARD 600 x 1020/WHKFTCPE / BRKFTCPE /850GSM,Various Board,,RM Sheets Box,4-14966, / 4-14966,850.0,1020.0,600.0,Mix 70%,4-14966,942.0,Apr-26,Mill price: article code,600.0,1020.0,850.0
BRD028/102/NPB/700G/BB,BOARD848X847/700GSM/BK/BK,Various Board,,RM Sheets Box,4-13415,4-13415 / 4-13415,700.0,848.0,847.0,Mix 70%,4-13415,805.0,Apr-26,Mill price: article code,848.0,847.0,700.0
BRD028/102/NPB/750G/BW,BOARD 976 x 589/BRTKL / WHKFT /750GSM,Various Board,,RM Sheets Box,4-08527, / 4-08527,750.0,589.0,976.0,Mix 70%,4-08527,744.0,Apr-26,Mill price: article code,976.0,589.0,750.0
BRD028/102/NPB/900G/BB,BOARD 1080 x 635/BRTKL / BRTKL /900GSM,Various Board,,RM Sheets Box,4-00426, / 4-00426,900.0,635.0,1080.0,Mix 70%,4-00426,610.0,Apr-26,Mill price: article code,1080.0,635.0,900.0
BRD028/102/NPL/700G/BB,BOARD1118X627/700GSM/BK/BK,Various Board,,RM Sheets Box,4-13413,4-13413 / 4-13413,700.0,627.0,1118.0,Mix 70%,4-13413,805.0,Apr-26,Mill price: article code,1118.0,627.0,700.0
BRD028/102/NPL/800G/WB,BOARD 1090 x 645/WHKFT / BRTKL /800GSM,Various Board,,RM Sheets Box,4-10111, / 4-10111,800.0,645.0,1090.0,Mix 70%,4-10111,662.0,Apr-26,Mill price: article code,1090.0,645.0,800.0
BRD028/102/YPL/750G/WB,BOARD 608 x 1036/WHKFTWPE / BRKFTCPE /750GSM,Various Board,,RM Sheets Box,4-15556, / 4-15556,750.0,1036.0,608.0,Mix 70%,4-15556,993.0,Apr-26,Mill price: article code,608.0,1036.0,750.0
BRD028/102/YPT/1100G/WB,BOARD 772 x 1066/WHTSTWPE / BRTKLCPE /1100GSM,Various Board,,RM Sheets Box,4-14173, / 4-14173,1100.0,1066.0,772.0,Mix 70%,4-14173,865.0,Apr-26,Mill price: article code,772.0,1066.0,1100.0
BRD028/102/YPT/1150G/BB,BOARD 1148 x 661/BRTKLCPE / BRTKLCPE /1150GSM,Various Board,,RM Sheets Box,4-11974, / 4-11974,1150.0,661.0,1148.0,Mix 70%,,,,No unambiguous Apr-26 mill match,,,
BRD028/103/NPL/850G/WB,BOARD1130X661/WCC/NW/BT/850GSM,Various Board,103,RM Sheets Box,SHT201564/A,3-020055 /,850.0,1130.0,661.0,Mix 70%,,,,No unambiguous Apr-26 mill match,,,
BRD028/103/NPO/1100G/WB,BOARD1300X985/WK/NW/BT/1100GSM,Various Board,103,RM Sheets Box,SHT200981/A,3-020056 /,1100.0,1300.0,985.0,Mix 70%,,,,No unambiguous Apr-26 mill match,,,
BRD028/103/NPO/850G/BB,BOARD1030X905/BT/NW/BT/850GSM,Various Board,103,RM Sheets Box,SHT201226/A,3-020057 /,850.0,1030.0,905.0,Mix 70%,,,,No unambiguous Apr-26 mill match,,,
BRD028/NPL/D0097/01/800G/WB,PRINTED BRD - DIBS (HOLES) 383mm x 293mm x 120mm 800GSM,Printed Board,,FG Box,,4-15673,800.0,1066.0,623.0,Mix 70%,4-15673,662.0,Apr-26,Mill price: article code,1066.0,623.0,800.0
BRD029/101/NPB/800G/BB,BOARD1040X727/800GSM/TKL/TKL,Various Board,Solidus,RM Sheets Box,4-16106,4-16106 /,800.0,1040.0,727.0,Recycled 100%,4-16106,649.0,Apr-26,Mill price: article code,1040.0,727.0,800.0
BRD029/101/NPB/800G/BB(2),BOARD1070X751/800GSM/TKL/TKL,Various Board,Solidus,RM Sheets Box,4-17554,4-17554,800.0,1070.0,751.0,Recycled 100%,,,,No unambiguous Apr-26 mill match,,,
BRD029/101/NPL/800G/WB,BOARD1056X737/800GSM/WK/TKL,Various Board,Solidus,RM Sheets Box,4-16107,4-16107 /,800.0,1056.0,737.0,Mix 70%,4-16107,662.0,Apr-26,Mill price: article code,1056.0,737.0,800.0
BRD029/101/NPL/800G/WB(2),BOARD1082X759/800GSM/WK/TKL,Various Board,,RM Sheets Box,4-17555,4-17555,800.0,1082.0,759.0,Mix 70%,,,,No unambiguous Apr-26 mill match,,,
BRD029/103/NPB/900G/BB,BOARD1180X795/BT/NW/BT/900GSM,Various Board,103,RM Sheets Box,SHT201443/A,3-020058 /,900.0,1180.0,795.0,Mix 70%,,,,No unambiguous Apr-26 mill match,,,
BRD029/103/NPL/800G/WB,BOARD1232X768/WK/NW/BT/800GSM,Various Board,103,RM Sheets Box,SHT202032/A,3-020059 /,800.0,1232.0,768.0,Mix 70%,4-15896,662.0,Apr-26,Mill price: unique size/GSM,1232.0,768.0,800.0
BRD029/DWB/800G/BB,BOARD707X728/TKL/TKL/800GSM,Various Board,,RM Sheets Box,4-17603,4-17603,800.0,707.0,728.0,Mix 70%,,,,No unambiguous Apr-26 mill match,,,
BRD029/DWB/800G/BB(2),BOARD1414X743/TKL/TKL/800GSM,Various Board,,RM Sheets Box,4-17625,4-17625,800.0,1414.0,743.0,Mix 70%,,,,No unambiguous Apr-26 mill match,,,
BRD029/NPL/M0175/01/800G/WB,PRINTED BRD FOR LID - (HOLES) QUALIKO 537x328x100 800G 1850P,Printed Board,,RM PRINTED SHEET,,4-16107,800.0,1056.0,737.0,Mix 70%,4-16107,662.0,Apr-26,Mill price: article code,1056.0,737.0,800.0
BRD029/NPL/M0175/02/800G/WB,PRINTED BRD FOR LID - (HOLES) HILLTOP FARMS 537x328x100 800G,Printed Board,,RM PRINTED SHEET,,4-16107,800.0,1056.0,737.0,Mix 70%,4-16107,662.0,Apr-26,Mill price: article code,1056.0,737.0,800.0
BRD029/NPL/R0014/01/800G/WB,PRINTED BRD FOR LID - (HOLES) R OWTONS 537x328x100 800G 1850,Printed Board,,RM PRINTED SHEET,,4-16107 /,800.0,1056.0,737.0,Mix 70%,4-16107,662.0,Apr-26,Mill price: article code,1056.0,737.0,800.0
BRD029/NPL/S0128/01/800G/WB,PRINTED BRD FOR LID - SEVERN POULTRY 537x328x100 800G 1850P,Printed Board,,RM PRINTED SHEET,,4-16107,800.0,1056.0,737.0,Mix 70%,4-16107,662.0,Apr-26,Mill price: article code,1056.0,737.0,800.0
BRD030/102/YPL/700G/WW,BOARD 846 x 558/WHKFTWPE / WHKFTWPE /700GSM,Various Board,,RM Sheets Box,4-13916, / 4-13916,700.0,558.0,846.0,Mix 70%,4-13916,1161.0,Apr-26,Mill price: article code,558.0,846.0,700.0
BRD030/102/YPL/850G/WB,BOARD 846 x 558/WHKFTCPE / BRKFTCPE /850GSM,Various Board,,RM Sheets Box,4-08662, / 4-08662,850.0,558.0,846.0,Mix 70%,4-08662,942.0,Apr-26,Mill price: article code,558.0,846.0,850.0
BRD031/101/NPB/1000G/BB,BOARD1186X730/1000GSM/TKL/TKL,Various Board,Solidus,RM Sheets Box,4-15869,4-15869,1000.0,1186.0,730.0,Recycled 100%,4-15869,610.0,Apr-26,Mill price: article code,1186.0,730.0,1000.0
BRD031/101/NPL/800G/WB,BOARD1208X734/800GSM/WK/TKL,Various Board,Solidus,RM Sheets Box,4-15868,4-15868 /,800.0,1208.0,734.0,Mix 70%,4-15868,662.0,Apr-26,Mill price: article code,1208.0,734.0,800.0
BRD031/NPL/S0183/01/800G/WB,PRINTED SHEET 101 - SMITHFIELD MURRAY PRINTED SHEET,Printed Board,,RM Printed Sheet,301101541,4-15868 /,800.0,362.0,494.0,Mix 70%,4-15868,662.0,Apr-26,Mill price: article code,1208.0,734.0,800.0
BRD032/102/NPL/700G/BB,BOARD 1034 x 683/BRKFT / BRKFT /700GSM,Various Board,,RM Sheets Box,4-14816, / 4-14816,700.0,683.0,1034.0,Mix 70%,4-14816,805.0,Apr-26,Mill price: article code,1034.0,683.0,700.0
BRD032/102/YPO/900G/WW,BOARD728X1010/W/TKL/WPE-NC,Various Board,103,RM Sheets Box,4-08732,4-08732 /,900.0,728.0,1010.0,Mix 70%,4-08732,793.0,Apr-26,Mill price: article code,728.0,1010.0,900.0
BRD032/103/NPB/800G/BB,BOARD1320X995/BT/NW/BT/800GSM,Various Board,103,RM Sheets Box,SHT200167/A,3-020060 /,800.0,1320.0,995.0,Mix 70%,,,,No unambiguous Apr-26 mill match,,,
BRD033/101/DCB/700G/BB,BOARD1180X821/700GSM/BK.PE/BK.PE,Various Board,,RM Sheets Box,4-15418,4-15418 /,700.0,1180.0,821.0,Mix 70%,4-15418,1092.0,Apr-26,Mill price: article code,1180.0,821.0,700.0
BRD033/102/NPB/1200G/BB,BOARD 910 x 1005/BRTKL / BRTKL /1200GSM,Various Board,,RM Sheets Box,4-15700, / 4-15700,1200.0,1005.0,910.0,Mix 70%,4-15700,623.0,Apr-26,Mill price: article code,1005.0,910.0,1200.0
BRD033/102/NPL/1000G/WB,BOARD 920 x 1015/WHKFT / BRTKL /1000GSM,Various Board,,RM Sheets Box,4-15697, / 4-15697,1000.0,1015.0,920.0,Mix 70%,4-15697,664.0,Apr-26,Mill price: article code,1015.0,920.0,1000.0
BRD033/102/NPL/1000G/WB (2),BOARD 1015 x 920/WHKFT / BRTKL /1000GSM,Various Board,,RM Sheets Box,4-11249, / 4-11249,1000.0,920.0,1015.0,Mix 70%,4-11249,664.0,Apr-26,Mill price: article code,920.0,1015.0,1000.0
BRD033/103/NPB/1250G/BB,BOARD1005X910/BT/NW/BT/1250GSM,Various Board,103,RM Sheets Box,SHT202017/A,3-020061 /,1250.0,1005.0,910.0,Mix 70%,4-11248,626.0,Apr-26,Mill price: unique size/GSM,910.0,1005.0,1250.0
BRD033/103/NPL/1000G/WB,BOARD1015X920/WK/NW/BT/1000GSM,Various Board,103,RM Sheets Box,SHT202018/A,3-020062 /,1000.0,1015.0,920.0,Mix 70%,4-11249,664.0,Apr-26,Mill price: unique size/GSM,920.0,1015.0,1000.0
BRD034/101/NPB/1100G/BB,BOARD1040x950/1100GSM/TKL/TKL,Various Board,Solidus,RM Sheets Box,,4-15699 /,1100.0,1040.0,950.0,Recycled 100%,4-15699,616.0,Apr-26,Mill price: article code,1040.0,950.0,1100.0
BRD034/101/NPL/1000G/WB,BOARD1050x960/1000GSM/WKL/TKL,Various Board,Solidus,RM Sheets Box,,4-15698 /,1100.0,1050.0,960.0,Mix 70%,4-15698,664.0,Apr-26,Mill price: article code,1050.0,960.0,1000.0
BRD034/101/NPL/1000G/WB(2),BOARD1036x946/1000GSM/WKL/TKL,Various Board,Solidus,RM Sheets Box,4-15440,4-15440 / 4-15440,1100.0,1050.0,960.0,Mix 70%,4-15440,664.0,Apr-26,Mill price: article code,1036.0,946.0,1000.0
BRD034/102/NPB/1100G/BB,BOARD 950 x 1040/BRTKL / BRTKL /1100GSM,Various Board,,RM Sheets Box,4-15699, / 4-15699,1100.0,1040.0,950.0,Mix 70%,4-15699,616.0,Apr-26,Mill price: article code,1040.0,950.0,1100.0
BRD034/102/NPL/1000G/WB,BOARD 1050 x 960/WHKFT / BRTKL /1000GSM,Various Board,,RM Sheets Box,4-15698, / 4-15698,1000.0,960.0,1050.0,Mix 70%,4-15698,664.0,Apr-26,Mill price: article code,1050.0,960.0,1000.0
BRD034/103/NPB/1200G/BB,BOARD960X1055/BT/NW/BT/1200GSM,Various Board,103,RM Sheets Box,SHT201233/A,3-020063 /,1200.0,960.0,1055.0,Mix 70%,,,,No unambiguous Apr-26 mill match,,,
BRD034/103/NPL/800G/WB,BOARD973X1058/WK/NW/BT/800GSM,Various Board,103,RM Sheets Box,SHT201234/A,3-020064 /,800.0,973.0,1058.0,Mix 70%,,,,No unambiguous Apr-26 mill match,,,
BRD035/101/NPB/1000G/BB,BOARD1240X782/1000GSM/TKL/TKL,Various Board,Solidus,RM Sheets Box,4-15403,4-15403 /,1000.0,1240.0,782.0,Recycled 100%,4-15403,610.0,Apr-26,Mill price: article code,1240.0,782.0,1000.0
BRD035/101/NPL/1000G/WB,BOARD1260X792/1000GSM/WK/TKL,Various Board,Solidus,RM Sheets Box,4-15651,4-15651 /,1000.0,1260.0,792.0,Mix 70%,4-15651,664.0,Apr-26,Mill price: article code,1260.0,792.0,1000.0
BRD035/102/NPB/1000G/BB,BOARD 935 x 780/BRTKL / BRTKL /1000GSM,Various Board,,RM Sheets Box,4-14125, / 4-14125,1000.0,780.0,935.0,Mix 70%,4-14125,610.0,Apr-26,Mill price: article code,780.0,935.0,1000.0
BRD035/102/NPL/1000G/WB,BOARD 1270 x 803/WHKFT / BRTKL /1000GSM,Various Board,,RM Sheets Box,4-13327, / 4-13327,1000.0,803.0,1270.0,Mix 70%,4-13327,664.0,Apr-26,Mill price: article code,1270.0,803.0,1000.0
BRD035/102/NPL/1250G/WB,PACKLINE 1250 G/M² WHITE TESTLINER / TKLINER  FSC mix 70% CU,Various Board,Solidus,RM Sheets Box,4-16805,4-16805 /,1250.0,1180.0,770.0,Mix 70%,4-16805,662.0,Apr-26,Mill price: article code,1180.0,770.0,1250.0
BRD036/101/YPB/900G/WW,BOARD1210X837/900GSM/WTL/TKL.WPE,Various Board,Solidus,RM Sheets Box,4-15349,4-15349 /,900.0,1210.0,837.0,Mix 70%,4-15349,793.0,Apr-26,Mill price: article code,1210.0,837.0,900.0
BRD036/101/YPB/900G/WW(2),BOARD837X1210/900GSM/WTL/TKL.WPE,Various Board,Solidus,RM Sheets Box,TBC,,900.0,837.0,1210.0,Mix 70%,4-15349,793.0,Apr-26,Mill price: unique size/GSM,1210.0,837.0,900.0
BRD036/102/LPB/900G/WW,BOARD 560 x 860/WHKFL / WHKFTWPENC /900GSM,Various Board,,RM Sheets Box,4-16553, / 4-16553,900.0,860.0,560.0,Mix 70%,4-16553,793.0,Apr-26,Mill price: article code,560.0,860.0,900.0
BRD036/102/LPL/900G/WW,BOARD 595 x 880/WHKFL / WHKFTWPENC /900GSM,Various Board,,RM Sheets Box,4-16554, / 4-16554,900.0,880.0,595.0,Mix 70%,4-16554,793.0,Apr-26,Mill price: article code,595.0,880.0,900.0
BRD036/102/NPB/900G/WW,BOARD 860 x 560/WHKFT / WHKFT /900GSM,Various Board,,RM Sheets Box,4-14450, / 4-14450,900.0,560.0,860.0,Mix 70%,4-14450,721.0,Apr-26,Mill price: article code,560.0,860.0,900.0
BRD036/102/NPL/900G/WW,BOARD 595 x 880/WHKFT / WHKFT /900GSM,Various Board,,RM Sheets Box,4-15123, / 4-15123,900.0,880.0,595.0,Mix 70%,4-15123,721.0,Apr-26,Mill price: article code,595.0,880.0,900.0
BRD036/102/YPB/1100G/WB,BOARD800x534/1100G/WTL/WPE/TKL,Various Board,Solidus,RM Sheets Box,4-14792,4-14792 /,1100.0,800.0,534.0,Mix 70%,4-14792,865.0,Apr-26,Mill price: article code,800.0,534.0,1100.0
BRD036/102/YPO/900G/WW,BOARD 1222 x 857/WHKFL / WHKFTWPENC /900GSM,Various Board,,RM Sheets Box,4-15659, / 4-15659,900.0,857.0,1222.0,Mix 70%,4-15659,793.0,Apr-26,Mill price: article code,1222.0,857.0,900.0
BRD036/103/YPB/950G/BW,BOARD963X1232/BPE/W/WPE/950GSM,Various Board,103,RM Sheets Box,SHT200398/A,3-010010 /,950.0,963.0,1232.0,Mix 70%,,,,No unambiguous Apr-26 mill match,,,
BRD037/101/YPB/1000G/WW,BOARD1212X808/1000GSM/WTL/TLK.WPE,Various Board,Solidus,RM Sheets Box,4-16105,4-16105 /,1000.0,1212.0,808.0,Mix 70%,4-16105,763.0,Apr-26,Mill price: article code,1212.0,808.0,1000.0
BRD037/102/YPO/1000G/WB,BOARD 1224 x 819/WHTST / BRTKLWPENC /1000GSM,Various Board,,RM Sheets Box,4-09916, / 4-09916,1000.0,819.0,1224.0,Mix 70%,4-09916,763.0,Apr-26,Mill price: article code,1224.0,819.0,1000.0
BRD038/101/YPB/900G/WW,BOARD1080X740/900GSM/WTL/TKL.WPE,Various Board,Solidus,RM Sheets Box,4-15730,4-15730 /,900.0,1080.0,740.0,Mix 70%,4-15730,793.0,Apr-26,Mill price: article code,1080.0,740.0,900.0
BRD038/102/NPL/800G/WB,BOARD 910 x 555/WHKFT / BRTKL /800GSM,Various Board,,RM Sheets Box,4-10680, / 4-10680,800.0,555.0,910.0,Mix 70%,4-10680,662.0,Apr-26,Mill price: article code,910.0,555.0,800.0
BRD038/103/YPB/800G/BW,BRD038/103/YPB/800G/BW,Various Board,Solidus,RM Sheets Box,SHT200012/A,,800.0,1121.0,842.0,Mix 70%,4-15883/SHT200012,942.0,Apr-26,Mill price: article code,1121.0,842.0,850.0
BRD038/103/YPB/850G/BW,BOARD1001x1073/BPEC/W/WPEC/850GSM,Various Board,Solidus,RM Sheets Box,4-15885,4-15885 /,850.0,1001.0,1073.0,Mix 70%,4-15885/SHT200017,942.0,Apr-26,Mill price: article code,1073.0,1001.0,850.0
BRD038/103/YPL/750G/WB,BOARD858 x 1137/WPEC/W/BPEC/750GSM,Various Board,Solidus,RM Sheets Box,SHT200015/A,4-15884 /,750.0,858.0,1137.0,Mix 70%,4-15884/SHT200015,993.0,Apr-26,Mill price: article code,1137.0,858.0,750.0
BRD038/103/YPL/750G/WB (2),BOARD1097X1017/WPEC/W/BPEC/800GSM,Various Board,S142,RM Sheets Box,SHT200018/A,4-15886 / 4-15886,800.0,1097.0,1017.0,Mix 70%,4-15886/SHT300018,993.0,Apr-26,Mill price: article code,1077.0,992.0,750.0
BRD038/103/YPL/750G/WB (3),BOARD1104X849/WPEC/W/BPEC/750GSM,Various Board,103,RM Sheets Box,SHT200989/A,3-010011 /,750.0,1104.0,849.0,Mix 70%,,,,No unambiguous Apr-26 mill match,,,
BRD038/103/YPL/800G/WB,BOARD858X1137/WPEC/W/BPEC/800GSM,Various Board,103,RM Sheets Box,SHT200087/A,3-010012 /,800.0,858.0,1137.0,Mix 70%,,,,No unambiguous Apr-26 mill match,,,
BRD038/YPL/A0109/03/800G/WW,ALFRED ENDERBY  376 x 239 x 60 800GSM 2080 Per Pallet,Printed Board,,RM Printed Sheet,PRINT/HPK200018/BFA,,750.0,1017.0,1097.0,,,,,No unambiguous Apr-26 mill match,,,
BRD039/101/NPL/900G/WW,BOARD1000X705/900GSM/WK.PE,Various Board,Solidus,RM Sheets Box,BOARD1000X705/900GSM/WK.PE, / 4-15936,900.0,1000.0,705.0,Mix 70%,4-15936,793.0,Apr-26,Mill price: article code,1000.0,705.0,900.0
BRD039/101/YPB/900G/WW,BOARD1000X705/900GSM/WTL/TKL.WPE,Various Board,Solidus,RM Sheets Box,4-15936,4-15936 /,900.0,1000.0,705.0,Mix 70%,4-15936,793.0,Apr-26,Mill price: article code,1000.0,705.0,900.0
BRD039/102/YPB/1100G/WW,BOARD1056X788/WT/WPE/WT/1100GSM,Various Board,Solidus,RM Sheets Box,4-14788,4-14788,1100.0,788.0,1056.0,Mix 70%,4-14788,865.0,Apr-26,Mill price: article code,788.0,1056.0,1100.0
BRD039/103/YPB/850G/BW,BOARD980X825/BPEC/W/WPEC/850GSM,Various Board,S142,RM Sheets Box, 4-16789,4-16789 / 4-16789,850.0,980.0,825.0,Mix 70%,4-16789/SHT201542,942.0,Apr-26,Mill price: article code,980.0,825.0,850.0
BRD039/YPL/L0152/01/650G/WW,PRINTED BAORD FOR LID - LARRY'S FISHCAKES 310x213x90 650G,Printed Board,,RM Printed Sheet,,,,,,Mix 70%,,,,No unambiguous Apr-26 mill match,,,
BRD040/101/NPB/900G/WW,BOARD1378X829/900G/WK/WK,Various Board,,RM Sheets Box,4-17493,4-17493,900.0,1378.0,829.0,Mix 70%,,,,No unambiguous Apr-26 mill match,,,
BRD040/103/NPB/1100G/WW,BOARD1398X839/WK/NW/WK/1100GSM,Various Board,103,RM Sheets Box,SHT200098/A,3-020065 /,1100.0,1398.0,839.0,Mix 70%,,,,No unambiguous Apr-26 mill match,,,
BRD040/NPB/D0129/01/900G/WW,PRINTED BRD - DOUGLAS WILLIS NO POLY 510 x 385 x 152 900G,Glud Base 4PT No Pol,,RM PRINTED SHEET,,TBC,900.0,1378.0,829.0,Mix 70%,,,,No unambiguous Apr-26 mill match,,,
BRD041/102/NPL/800G/WB,BOARD 1230 x 790/WHKFT / BRTKL /800GSM,Various Board,,RM Sheets Box,4-11095, / 4-11095,800.0,790.0,1230.0,Mix 70%,4-11095,662.0,Apr-26,Mill price: article code,1230.0,790.0,800.0
BRD041/102/NPL/900G/WB,BOARD 1350 x 820/WHKFT / BRTKL /900GSM,Various Board,,RM Sheets Box,4-13583, / 4-13583,900.0,820.0,1350.0,Mix 70%,4-13583,664.0,Apr-26,Mill price: article code,820.0,1350.0,900.0
BRD041/102/NPL/900G/WB (2),BOARD 1318 x 818/WHKFT / BRTKL /900GSM,Various Board,,RM Sheets Box,4-13905, / 4-13905,900.0,818.0,1318.0,Mix 70%,4-13905,664.0,Apr-26,Mill price: article code,1318.0,818.0,900.0
BRD041/102/YPL/900G/WW,BOARD1350x575 900G WHITE TESTLINER /  TKLINER+WHITE PE-NC FS,Various Board,,RM Sheets Box,4-15647,,900.0,1350.0,575.0,,4-15647,793.0,Apr-26,Mill price: article code,575.0,1350.0,900.0
BRD041/103/NPL/900G/WB,BOARD1310X815/WK/NW/BT/900GSM,Various Board,103,RM Sheets Box,SHT201800/A,3-020066 /,900.0,1310.0,815.0,Mix 70%,,,,No unambiguous Apr-26 mill match,,,
BRD041/103/NPL/900G/WW,BOARD1340X845/WK/NW/WK/900GSM,Various Board,103,RM Sheets Box,SHT201121/A,3-020067 /,900.0,1340.0,845.0,Mix 70%,,,,No unambiguous Apr-26 mill match,,,
BRD041/NPL/D0096/02/900G/WB,PRINTED BRD - DIAPER GREY LID 2018 550mm x 390mm x 135mm,Printed Board,,RM PRINTED BRD,,4-13905,900.0,818.0,1318.0,Mix 70%,4-13905,664.0,Apr-26,Mill price: article code,1318.0,818.0,900.0
BRD042/102/NPB/1100G/BB,30/00/1100/027/027,Various Board,,RM Sheets Box,,,,,,Mix 70%,,,,No unambiguous Apr-26 mill match,,,
BRD044/102/YPL/800G/WB,BOARD1000X845/WPE-NC/W/BPE-NC/800GSM,Various Board,,RM Sheets Box,3545087845,3545087845 / 3545087845,800.0,1000.0,845.0,Mix 70%,,,,No unambiguous Apr-26 mill match,,,
BRD044/103/YPL/750G/WB,BOARD1000X845/WPEC/W/BPEC/750GSM,Various Board,S142,RM Sheets Box,SHT201543/A,4-16788 / 4-16788,750.0,1000.0,845.0,Mix 70%,4-16788/SHT201543,993.0,Apr-26,Mill price: article code,1000.0,845.0,750.0
BRD045/102/LP/900G/BB,BOARD 1100 x 700/BRTKL / BRTKLWPENC /900GSM,Various Board,,RM Sheets Box,4-15679, / 4-15679,900.0,700.0,1100.0,Mix 70%,4-15679,746.0,Apr-26,Mill price: article code,1100.0,700.0,900.0
BRD045/102/NPB/900G/BB,BOARD 1096 x 706/BRTKL / BRTKL /900GSM,Various Board,,RM Sheets Box,4-00387, / 4-00387,900.0,706.0,1096.0,Mix 70%,4-00387,610.0,Apr-26,Mill price: article code,706.0,1096.0,900.0
BRD045/102/YPB/1050G/BB,BOARD 1090 x 665/TKL/TKL/1050GSM,Various Board,,RM Sheets Box,4-16996, / 4-16996,1050.0,665.0,1090.0,Mix 70%,4-16996,615.0,Apr-26,Mill price: article code,1090.0,665.0,1050.0
BRD045/102/YPB/1200G/BB,BOARD 1100 x 700/BRTKLCPE / BRTKLCPE /1200GSM,Various Board,,RM Sheets Box,4-15631, / 4-15631,1200.0,700.0,1100.0,Mix 70%,,,,No unambiguous Apr-26 mill match,,,
BRD045/102/YPB/900G/BB,BOARD 1096 x 706/BRTKL / BRTKLWPENC /900GSM,Various Board,,RM Sheets Box,4-08744, / 4-08744,900.0,706.0,1096.0,Mix 70%,4-08744,746.0,Apr-26,Mill price: article code,1096.0,706.0,900.0
BRD045/102/YPB/950G/WB,BOARD 1100 x 700/WHKFTCPE / BRKFTCPE /950GSM,Various Board,,RM Sheets Box,4-14892, / 4-14892,950.0,700.0,1100.0,Mix 70%,4-14892,891.0,Apr-26,Mill price: article code,700.0,1100.0,950.0
BRD045/102/YPL/900G/WB,BOARD 1110 x 675/WK/TKL/900GSM,Various Board,,RM Sheets Box,4-16997, / 4-16997,900.0,675.0,1110.0,Mix 70%,4-16997,664.0,Apr-26,Mill price: article code,675.0,1110.0,900.0
BRD045/103/YPB/900G/BW,BOARD1112X721/BPEC/W/WPEC/900GSM,Various Board,S142,RM Sheets Box,SHT200010/A,4-15881 / 4-15881,900.0,1112.0,721.0,Mix 70%,4-15881/SHT200010,978.0,Apr-26,Mill price: article code,1112.0,721.0,950.0
BRD045/103/YPB/950G/BW,BOARD696 x 1092/BPEC/W/WPEC/950GSM,Various Board,Solidus,RM Sheets Box,SHT300010/A,4-16800 /,950.0,700.0,1100.0,Mix 70%,4-16800/SHT300010,978.0,Apr-26,Mill price: article code,1092.0,696.0,950.0
BRD046/101/NPB/900G/BW,PACKLINE 900GSM TK LINER / WHITE KRAFT 1220 x 810,Various Board,,RM Sheets Box,,,900.0,1220.0,810.0,Mix 70%,,,,No unambiguous Apr-26 mill match,,,
BRD046/101/NPL/750G/WB,PACKLINE 750GSM WHITE KRAFT / BROWN KRAFT 1240 x 818,Various Board,,RM Sheets Box,,,750.0,1240.0,818.0,Mix 70%,4-17050,747.0,Apr-26,Mill price: unique size/GSM,1240.0,818.0,750.0
BRD046/101/YPB/1000G/WW,BOARD1120X760/1000GSM/TKL/TKL.WPE,Various Board,,RM Sheets Box,4-17492,TBC,1000.0,1120.0,760.0,Mix 70%,,,,No unambiguous Apr-26 mill match,,,
BRD046/101/YPB/1100G/BW,BOARD1120X760/1100GSM/TKL/WT.WPE,Various Board,,RM Sheets Box,Guillotine Only,n/a,1100.0,1120.0,760.0,Mix 70%,,,,No unambiguous Apr-26 mill match,,,
BRD046/101/YPL/1000G/WW,BOARD1140X785/1000G/WT/TKL.WPE,Various Board,,RM Sheets Box,4-17491,TBC,1000.0,1140.0,785.0,Mix 70%,,,,No unambiguous Apr-26 mill match,,,
BRD046/102/NPB/1000G/BB,BOARD 1192 x 796/BRTKL / BRTKL /1000GSM,Various Board,,RM Sheets Box,4-11133, / 4-11133,1000.0,796.0,1192.0,Mix 70%,4-11133,610.0,Apr-26,Mill price: article code,1192.0,796.0,1000.0
BRD046/102/NPB/900G/BB,BOARD 1216 x 808/BRTKL / BRTKL /900GSM,Various Board,,RM Sheets Box,4-14416, / 4-14416,900.0,808.0,1216.0,Mix 70%,4-14416,610.0,Apr-26,Mill price: article code,1216.0,808.0,900.0
BRD046/102/NPL/900G/WB,BOARD 1240 x 805/WHKFT / BRTKL /900GSM,Various Board,,RM Sheets Box,4-14843, / 4-14843,900.0,805.0,1240.0,Mix 70%,4-14843,664.0,Apr-26,Mill price: article code,805.0,1240.0,900.0
BRD046/102/YPB/1000G/BB,BOARD 1190 x 795/BRTKL / BRTKLWPENC /1000GSM,Various Board,,RM Sheets Box,4-14842, / 4-14842,1000.0,795.0,1190.0,Mix 70%,4-14842,730.0,Apr-26,Mill price: article code,795.0,1190.0,1000.0
BRD046/102/YPB/1000G/BW,BOARD 1190 x 795/BRKFT/TKL+WPENC /1000GSM,Various Board,,RM Sheets Box,4-17604,4-17604,1000.0,795.0,1190.0,Mix 70%,4-14842,730.0,Apr-26,Mill price: unique size/GSM,795.0,1190.0,1000.0
BRD046/102/YPB/900G/BB,BOARD 1200 x 800/BRTKL/BRTKLWPENC/900GSM,Various Board,,RM Sheets Box,4-11572, / 4-11572,900.0,800.0,1200.0,Mix 70%,4-11572,746.0,Apr-26,Mill price: article code,800.0,1200.0,900.0
BRD046/102/YPL/800G/WW,BOARD 1220 x 810/WHKFT / WHKFTWPENC /800GSM,Various Board,,RM Sheets Box,4-15908, / 4-15908,800.0,810.0,1220.0,Mix 70%,4-15908,786.0,Apr-26,Mill price: article code,810.0,1220.0,800.0
BRD046/102/YPO/1250G/WB,BOARD 1062 x 780/WHKFL / BRTKLWPENC /1250GSM,Various Board,,RM Sheets Box,4-13058, / 4-13058,1250.0,780.0,1062.0,Mix 70%,4-13058,809.0,Apr-26,Mill price: article code,780.0,1062.0,1250.0
BRD046/103/NPB/1000G/BB,BOARD1240X816/BT/NW/BT/1000GSM,Various Board,103,RM Sheets Box,SHT202048/A,3-020068 /,1000.0,1240.0,816.0,Mix 70%,,,,No unambiguous Apr-26 mill match,,,
BRD046/103/NPB/1100G/BB,BOARD1240X835/BT/NW/BT/1100GSM,Various Board,103,RM Sheets Box,SHT201437/A,3-020069 /,1100.0,1240.0,835.0,Mix 70%,,,,No unambiguous Apr-26 mill match,,,
BRD046/103/NPB/850G/1650P,BOARD 1250X840/BK/NW/BK/850GSM,Various Board,Solidus,RM Sheets Box,SHT200832/A,,850.0,1250.0,840.0,Mix 70%,4-16960,625.0,Apr-26,Mill price: unique size/GSM,1250.0,840.0,850.0
BRD046/103/NPB/850G/BB,BOARD1250X840/BK/NW/BK/850GSM,Various Board,103,RM Sheets Box,SHT200832/A,3-020070 /,850.0,1250.0,840.0,Mix 70%,4-16960,625.0,Apr-26,Mill price: unique size/GSM,1250.0,840.0,850.0
BRD046/103/NPL/750G/1650P,BOARD 1250X840/WK/NW/BK 750GSM,Various Board,Solidus,RM Sheets Box,SHT200833/A,,750.0,1250.0,840.0,Mix 70%,4-16961,747.0,Apr-26,Mill price: unique size/GSM,1250.0,840.0,750.0
BRD046/103/NPL/750G/WB,BOARD1250X840/WK/NW/BK/750GSM,Various Board,103,RM Sheets Box,SHT200833/A,3-020071 /,750.0,1250.0,840.0,Mix 70%,4-16961,747.0,Apr-26,Mill price: unique size/GSM,1250.0,840.0,750.0
BRD046/103/NPL/850G/WB,BOARD1280X855/WT/NW/BT/850GSM,Various Board,103,RM Sheets Box,SHT201556/A,3-020072 /,850.0,1280.0,855.0,Mix 70%,,,,No unambiguous Apr-26 mill match,,,
BRD046/NPL/900G/WB,BOARD 1210 x 805/WHKFT / BRTKL /900GSM,Various Board,,RM Sheets Box,4-17570,4-17570,900.0,805.0,1210.0,Mix 70%,,,,No unambiguous Apr-26 mill match,,,
BRD046/YPL/F0097/01/1000G/WW,PRINTED BRD - FOYLE 90MM LID 590x390x90 1000G,Printed Board,,RM PRINTED BRD,,TBC,1000.0,1140.0,785.0,Mix 70%,,,,No unambiguous Apr-26 mill match,,,
BRD047/102/NPB/1100G/BB,BOARD 1410 x 805/TKL/TKL/1100GSM,Various Board,,RM Sheets Box,4-17552,4-17552,1100.0,1410.0,805.0,Mix 70%,4-01279,616.0,Apr-26,Mill price: unique size/GSM,805.0,1410.0,1100.0
BRD047/102/NPL/950G/WB,BOARD 1420 x 810/WK/TKL/950GSM,Various Board,,RM Sheets Box,4-17553,4-17553,950.0,1420.0,810.0,Mix 70%,,,,No unambiguous Apr-26 mill match,,,
BRD047/103/NPO/1100G/WB,BOARD1165X813/WK/NW/BT/1100GSM,Various Board,103,RM Sheets Box,SHT200980/A,3-020073 /,1100.0,1165.0,813.0,Mix 70%,,,,No unambiguous Apr-26 mill match,,,
BRD048/101/NPL/700G/BB,BOARD1024X678/700GSM/BK/BK,Various Board,,RM Sheets Box,BOARD1024X678/700GSM/BK/BK,9101600 /,700.0,1024.0,678.0,Mix 70%,,,,No unambiguous Apr-26 mill match,,,
BRD048/102/NPB/1000G/BB,BOARD 980 x 650/BRTKL / BRTKL /1000GSM,Various Board,,RM Sheets Box,4-05797, / 4-05797,1000.0,650.0,980.0,Mix 70%,4-05797,610.0,Apr-26,Mill price: article code,980.0,650.0,1000.0
BRD048/102/NPB/800G/BB,BOARD 1018 x 675/BRTKL / BRTKL /800GSM,Various Board,,RM Sheets Box,4-14814, / 4-14814,800.0,675.0,1018.0,Mix 70%,4-14814,649.0,Apr-26,Mill price: article code,1018.0,675.0,800.0
BRD048/102/NPL/700G/BB,BOARD 992 x 654/BRKFT / BRKFT /700GSM,Various Board,,RM Sheets Box,4-07056, / 4-07056,700.0,654.0,992.0,Mix 70%,4-07056,805.0,Apr-26,Mill price: article code,654.0,992.0,700.0
BRD048/102/NPL/700G/WB,BOARD 1042 x 674/WHKFT / BRSZE /700GSM,Various Board,,RM Sheets Box,4-15830, / 4-15830,700.0,674.0,1042.0,Mix 70%,4-15830,684.0,Apr-26,Mill price: article code,674.0,1042.0,700.0
BRD048/102/YPL/800G/WW,BOARD 1026 x 675/WHKFT / WHKFTWPENC /800GSM,Various Board,,RM Sheets Box,4-15635, / 4-15635,800.0,675.0,1026.0,Mix 70%,4-15635,786.0,Apr-26,Mill price: article code,675.0,1026.0,800.0
BRD048/102/YPL/800G/WW (2),BOARD 992 x 654/WHKFT / WHKFTWPENC /800GSM,Various Board,,RM Sheets Box,4-08576, / 4-08576,800.0,654.0,992.0,Mix 70%,4-08576,786.0,Apr-26,Mill price: article code,992.0,654.0,800.0
BRD048/103/NPB/750G/WB,BOARD950X638/WK/NW/BK/750GSM,Various Board,103,RM Sheets Box,SHT202046/A,3-020074 /,750.0,950.0,638.0,Mix 70%,,,,No unambiguous Apr-26 mill match,,,
BRD048/YPL/M0146/01/800G/WW,PRINTED BOARD- MP 600213781 PTD 100MM LID 475mm x 313mm x 10,Various Board,,FG Printed Board,,4-15635,800.0,675.0,1026.0,Mix 70%,4-15635,786.0,Apr-26,Mill price: article code,675.0,1026.0,800.0
BRD049/101/NPB/600G/BB,BOARD1044X683/600GSM/BK/BK,Various Board,Solidus,RM Sheets Box,4-16897,4-16897 /,600.0,1044.0,683.0,Mix 70%,4-16897,835.0,Apr-26,Mill price: article code,1044.0,683.0,600.0
BRD049/101/NPB/700G/BB,***Inactive - Do not Order***,Various Board,,RM Sheets Box,,,,,,Mix 70%,,,,No unambiguous Apr-26 mill match,,,
BRD049/101/NPL/600G/BB,BOARD1054X691/600G/BK/BK,Various Board,Solidus,RM Sheets Box,,,600.0,1054.0,691.0,Mix 70%,,,,No unambiguous Apr-26 mill match,,,
BRD049/101/NPL/600G/WB,BOARD1054X691/600G/WK/BK,Various Board,Solidus,RM Sheets Box,4-16844,4-16844 /,600.0,1054.0,691.0,Mix 70%,4-16844,838.0,Apr-26,Mill price: article code,1054.0,691.0,600.0
BRD049/101/NPL/700G/BB,BOARD1054X691/700GSM/BK/UL,Various Board,Solidus,RM Sheets Box,4-15487,4-15487 /,700.0,1054.0,691.0,Mix 70%,4-15487,748.0,Apr-26,Mill price: article code,1054.0,691.0,700.0
BRD049/101/NPL/700G/WB,BOARD1054X691/700GSM/WK/BK,Various Board,Solidus,RM Sheets Box,,4-15410 /,700.0,1054.0,691.0,Mix 70%,4-15410,807.0,Apr-26,Mill price: article code,1054.0,691.0,700.0
BRD049/101/NPL/800G/WB,BOARD1054X691/800GSM/W/B,Various Board,101,RM Sheets Box,,,800.0,1054.0,691.0,Mix 70%,4-16827,649.0,Apr-26,Mill price: unique size/GSM,1054.0,691.0,800.0
BRD049/101/NPL/H0041/06/600G,HW PRINTED BOARD 1054X691/600G/WK/BK,Printed Board,Solidus,RM Printed Sheet,,4-16844 /,600.0,1054.0,691.0,Mix 70%,4-16844,838.0,Apr-26,Mill price: article code,1054.0,691.0,600.0
BRD049/101/NPL/H0041/07/600G,PRINTED BOARD  1054X691/600G/WK/BK,Various Board,Solidus,RM Printed Board,,4-16844 /,600.0,691.0,1054.0,Mix 70%,4-16844,838.0,Apr-26,Mill price: article code,1054.0,691.0,600.0
BRD049/101/NPL/H0041/09/600G,COCAS PRINTED BOARD 1054x691/600G/WK/BK,Various Board,Solidus,RM Printed Sheet,,4-16844 /,,691.0,1054.0,Mix 70%,4-16844,838.0,Apr-26,Mill price: article code,1054.0,691.0,600.0
BRD049/102/NPL/450G/BB,BOARD 1200 x 1000/GRUNL / GRUNL /450GSM,Various Board,,RM Sheets Box,4-13066, / 4-13066,450.0,1000.0,1200.0,Mix 70%,4-13066,709.0,Apr-26,Mill price: article code,1000.0,1200.0,450.0
BRD049/102/NPL/750G/WB,BOARD 990 x 657/WHKFT / BRKFT /750GSM,Various Board,,RM Sheets Box,4-05796, / 4-05796,750.0,657.0,990.0,Mix 70%,4-05796,703.0,Apr-26,Mill price: article code,657.0,990.0,750.0
BRD049/102/NPS/600G/WB,SHEET 1054 x 691/WHKFT / BRKFT /600GSM,Various Board,,RM Sheets Box,4-16844, / 4-16844,600.0,691.0,1054.0,Mix 70%,4-16844,838.0,Apr-26,Mill price: article code,1054.0,691.0,600.0
BRD049/102/YPO/1000G/WB,BOARD 714 x 993/WHTST / BRTKLWPENC /1000GSM,Various Board,,RM Sheets Box,4-15045, / 4-15045,1000.0,993.0,714.0,Mix 70%,4-15045,763.0,Apr-26,Mill price: article code,714.0,993.0,1000.0
BRD049/102/YPT/1200G/WW,BOARD 690 x 1052/WHKFLWPE / WHKFLWPE /1200GSM,Various Board,,RM Sheets Box,4-11149, / 4-11149,1200.0,1052.0,690.0,Mix 70%,,,,No unambiguous Apr-26 mill match,,,
BRD049/103/NPL/700G/WB,BOARD1054X691/WK/NW/BT/700GSM,Various Board,103,RM Sheets Box,SHT201733/A,3-020075 /,700.0,1054.0,691.0,Mix 70%,,,,No unambiguous Apr-26 mill match,,,
BRD049/103/NPL/800G/WB,BOARD685X1010/WK/NW/BK/800GSM,Various Board,103,RM Sheets Box,SHT200102/A,3-020076 /,800.0,685.0,1010.0,Mix 70%,,,,No unambiguous Apr-26 mill match,,,
BRD049/103/NPL/H0041/01/700G,PP PRINTED BOARD 1054X691/700GSM/BK/UL,Various Board,Solidus,RM Printed Sheet,,4-15487 /,700.0,1054.0,691.0,Mix 70%,4-15487,748.0,Apr-26,Mill price: article code,1054.0,691.0,700.0
BRD049/103/NPL/H0041/02/700G,CV1 PRINTED BOARD 1054X691/700GSM/BK/UL,Various Board,Solidus,RM Printed Sheet,,4-15487 /,700.0,1054.0,691.0,Mix 70%,4-15487,748.0,Apr-26,Mill price: article code,1054.0,691.0,700.0
BRD049/103/NPL/H0041/03/700G,BBK PRINTED BOARD 1054X691/700GSM/BK/UL,Various Board,Solidus,RM Printed Sheet,,4-15487 /,700.0,1054.0,691.0,Mix 70%,4-15487,748.0,Apr-26,Mill price: article code,1054.0,691.0,700.0
BRD049/103/NPL/H0041/04/700G,FW PRINTED BOARD 1054X691/700GSM/BK/UL,Various Board,Solidus,RM Printed Sheet,,4-15487 /,700.0,1054.0,691.0,Mix 70%,4-15487,748.0,Apr-26,Mill price: article code,1054.0,691.0,700.0
BRD049/103/NPL/H0041/05/700G,FLQ PRINTED BOARD 1054X691/700GSM/BK/UL,Various Board,Solidus,RM Printed Sheet,,4-15487 /,700.0,1054.0,691.0,Mix 70%,4-15487,748.0,Apr-26,Mill price: article code,1054.0,691.0,700.0
BRD049/103/NPL/H0041/06/800G,HW PRINTED BOARD 1054X691/800GSM/W/B,Various Board,,RM Printed Sheet,,BRD049/101/NPL/800G/WB /,800.0,1054.0,691.0,Mix 70%,4-16827,649.0,Apr-26,Mill price: unique size/GSM,1054.0,691.0,800.0
BRD049/103/NPL/H0041/07/600G,MA PRINTED BOARD 1054X691/600G/WK/BK,Various Board,Solidus,RM Printed Sheet,,4-16844 /,600.0,1054.0,691.0,Mix 70%,4-16844,838.0,Apr-26,Mill price: article code,1054.0,691.0,600.0
BRD049/103/NPL/H0041/08/600G,CLQ PRINTED BOARD 1054X691/600G/WK/BK,Various Board,Solidus,RM Printed Sheet,,4-16844,600.0,1054.0,691.0,Mix 70%,4-16844,838.0,Apr-26,Mill price: article code,1054.0,691.0,600.0
BRD049/103/NPL/H0041/09/600G,CC PRINTED BOARD 1054X691/600G/WK/BK,Various Board,Solidus,RM Printed Sheet,,4-16844 /,600.0,1054.0,691.0,Mix 70%,4-16844,838.0,Apr-26,Mill price: article code,1054.0,691.0,600.0
BRD049/103/NPL/H0041/10/600G,CW PRINTED BOARD 1054X691/600G/WK/BK,Various Board,Solidus,RM Printed Sheet,,4-16844 /,600.0,1054.0,691.0,Mix 70%,4-16844,838.0,Apr-26,Mill price: article code,1054.0,691.0,600.0
BRD049/103/YPB/1150G/WW,BOARD1060X706/WPEC/W/WPEC/1150GSM,Various Board,103,RM Sheets Box,SHT200368/A,3-010013 /,1150.0,1060.0,706.0,Mix 70%,,,,No unambiguous Apr-26 mill match,,,
BRD049/103/YPL/850G/WB,BOARD1110X685/WPEC/W/BPEC/850GSM,Various Board,S142,RM Sheets Box,SHT201540/A,4-16109 / 4-16109,850.0,1110.0,685.0,Mix 70%,4-16109/SHT201540,942.0,Apr-26,Mill price: article code,685.0,1110.0,850.0
BRD049/DWB/800G/WB,PACKLINE 800 G/M^2 WHITE KRAFT / TEST KRAFT LINER,Various Board,101,RM Sheets Box,4-17679,4-17679,800.0,632.0,642.0,Mix 70%,,,,No unambiguous Apr-26 mill match,,,
BRD049/NPB/650G/UU,BOARD1044X683/650GSM/UL/UL,Various Board,,RM Sheets Box,4-17606,4-17606,650.0,1044.0,683.0,Mix 70%,,,,No unambiguous Apr-26 mill match,,,
BRD049/NPL/600G/WU,BOARD1054X691/600GSM/WK/UL,Various Board,,RM Sheets Box,4-17605,TBC,600.0,1054.0,691.0,Mix 70%,,,,No unambiguous Apr-26 mill match,,,
BRD049/NPL/800G/WB,PACKLINE 800 G/M^2 WHITE KRAFT / TEST KRAFT LINER,Various Board,101,RM Sheets Box,4-17680,4-17680,800.0,980.0,652.0,Mix 70%,,,,No unambiguous Apr-26 mill match,,,
BRD049/NPL/H0041/08/600G/WB,PRINTED SHEET 102 - HCF POULTRY CLASSICO LEG QUARTERS,Printed Board,,RM Printed Sheet,301101479,,600.0,329.0,493.0,Mix 70%,,,,No unambiguous Apr-26 mill match,,,
BRD049/NPL/H0041/09/600G/WB,PRINTED SHEET 102 - HCF POULTRY COCAS IMPEX PTD SHEET,Printed Board,,RM Printed Sheet,301101479,,600.0,329.0,493.0,Mix 70%,,,,No unambiguous Apr-26 mill match,,,
BRD049/NPL/H0041/10/600G/WB,PRINTED BRD - CW 1054X691/600G/WK/BK,Various Board,Solidus,RM Printed Sheet,,4-16844 /,600.0,1054.0,691.0,Mix 70%,4-16844,838.0,Apr-26,Mill price: article code,1054.0,691.0,600.0
BRD049/NPLH/H0041/08/600G/WU,PRINTED BRD - HCF POULTRY CLASSICO LEG QUARTERS,Printed Board,,RM Printed Sheet,,TBC,600.0,329.0,493.0,Mix 70%,,,,No unambiguous Apr-26 mill match,,,
BRD050/102/LPO/1200G/BB,BOARD 940 x 745/BRTKL / BRTKL /1200GSM,Various Board,,RM Sheets Box,4-13245, / 4-13245,1200.0,745.0,940.0,Mix 70%,4-13245,623.0,Apr-26,Mill price: article code,745.0,940.0,1200.0
BRD050/102/NPB/1200G/BB,BOARD793X980/TKL/TKL/1200G,Various Board,,RM Sheets Box,4-17296,4-17296,1200.0,793.0,980.0,Mix 70%,,,,No unambiguous Apr-26 mill match,,,
BRD050/102/NPB/1200G/BB(2),BOARD740X940/TKL/TKL/1200G,Various Board,,RM Sheets Box,4-17456,4-17456,1200.0,740.0,940.0,Mix 70%,,,,No unambiguous Apr-26 mill match,,,
BRD050/102/NPB/1250G/BB,BOARD 940 x 740/BRTKL / BRTKL /1250GSM,Various Board,,RM Sheets Box,4-09296,4-09296,1250.0,740.0,940.0,Mix 70%,4-09296,626.0,Apr-26,Mill price: article code,740.0,940.0,1250.0
BRD050/102/NPL/1000G/BB,BOARD 942 x 749/BRTKL / BRTKL /1000GSM,Various Board,,RM Sheets Box,4-15180, / 4-15180,1000.0,749.0,942.0,Mix 70%,4-15180,610.0,Apr-26,Mill price: article code,942.0,749.0,1000.0
BRD050/102/NPL/800G/WB,BOARD 942 x 747/WHKFT / BRTKL /800GSM,Various Board,,RM Sheets Box,4-13186, / 4-13186,800.0,747.0,942.0,Mix 70%,4-13186,662.0,Apr-26,Mill price: article code,942.0,747.0,800.0
BRD050/102/NPL/800G/WB(2),BOARD 750 x 950 / WHKFT / TKL / 800GSM,Various Board,,RM Sheets Box,4-17455,4-17455,800.0,750.0,950.0,Mix 70%,,,,No unambiguous Apr-26 mill match,,,
BRD050/102/NPT/950G/BB,BOARD 765 x 965/BRTKL / BRTKL /950GSM,Various Board,,RM Sheets Box,4-16438, / 4-16438,950.0,965.0,765.0,Mix 70%,4-16438,608.0,Apr-26,Mill price: article code,765.0,965.0,950.0
BRD050/102/YPB/1000G/BB,BOARD 956 x 760/BRTKL / BRTKLWPENC /1000GSM,Various Board,,RM Sheets Box,4-15503, / 4-15503,1000.0,760.0,956.0,Mix 70%,4-15503,730.0,Apr-26,Mill price: article code,760.0,956.0,1000.0
BRD050/102/YPB/1000G/BB (2),BOARD 950 x 750/BRTKL / BRTKLWPENC /1000GSM,Various Board,,RM Sheets Box,4-08339,4-08339,1000.0,750.0,950.0,Mix 70%,4-08339,730.0,Apr-26,Mill price: article code,950.0,750.0,1000.0
BRD050/102/YPB/1100G/WW,BOARD793X980/WK/TKL+WPE/1100G,Various Board,,RM Sheets Box,4-17293,4-17293,1100.0,793.0,980.0,Mix 70%,,,,No unambiguous Apr-26 mill match,,,
BRD050/102/YPB/1250G/WB,BOARD 950 x 750/WHKFL / BRTKLWPENC /1250GSM,Various Board,,RM Sheets Box,4-07886, / 4-07886,1250.0,750.0,950.0,Mix 70%,4-07886,809.0,Apr-26,Mill price: article code,750.0,950.0,1250.0
BRD050/102/YPT/1100G/BW,BOARD 1080 x 745/BRTKLCPE / WHTSTWPE /1100GSM,Various Board,,RM Sheets Box,4-15655, / 4-15655,1100.0,745.0,1080.0,Mix 70%,4-15655,876.0,Apr-26,Mill price: article code,745.0,1080.0,1100.0
BRD050/103/NP/950G/WB,BOARD955X760/WT/NW/BT/950GSM,Various Board,103,RM Sheets Box,SHT201428/A,3-020077 /,950.0,955.0,760.0,Mix 70%,,,,No unambiguous Apr-26 mill match,,,
BRD050/103/NPB/1100G/BB,BOARD970X1082/BT/NW/BT/1100GSM,Various Board,103,RM Sheets Box,SHT200037/A,3-020078 /,1100.0,970.0,1082.0,Mix 70%,,,,No unambiguous Apr-26 mill match,,,
BRD050/103/NPB/1200G/BB,BOARD1000X803/BT/NW/BT/1200GSM,Various Board,S142,RM Sheets Box,SHT200319/A,4-16793 / 4-16793,1200.0,1000.0,803.0,Recycled 100%,4-16793/SHT200319,623.0,Apr-26,Mill price: article code,1000.0,803.0,1200.0
BRD050/103/NPB/1250G/WB,BOARD945X750/WK/W/BT/1250GSM,Various Board,103,RM Sheets Box,SHT201427/A,3-010014 /,1250.0,945.0,750.0,Mix 70%,,,,No unambiguous Apr-26 mill match,,,
BRD050/103/NPB/950G/BB,BOARD946X1087/BT/NW/BT/950GSM,Various Board,103,RM Sheets Box,SHT201442/A,3-020079 /,950.0,946.0,1087.0,Mix 70%,,,,No unambiguous Apr-26 mill match,,,
BRD050/103/NPL/1000G/WW,BOARD956X757/WCC/NW/WK/1000GSM,Various Board,103,RM Sheets Box,SHT200081/A,3-020080 /,1000.0,956.0,757.0,Mix 70%,,,,No unambiguous Apr-26 mill match,,,
BRD050/103/NPL/800G/WB,BOARD970X780/WK/NW/BT/800GSM,Various Board,103,RM Sheets Box,SHT201603/A,3-020081 /,800.0,970.0,780.0,Mix 70%,,,,No unambiguous Apr-26 mill match,,,
BRD050/103/NPL/800G/WB (2),BOARD956X757/WK/NW/BT/800GSM,Various Board,103,RM Sheets Box,SHT201357/A,3-020082 /,800.0,956.0,757.0,Mix 70%,,,,No unambiguous Apr-26 mill match,,,
BRD051/101/NPB/1250G/BB,BOARD748X867/1250GSM/TKL/TKL,Various Board,Solidus,RM Sheets Box,,4-16159 /,1250.0,748.0,867.0,Recycled 100%,4-16159,626.0,Apr-26,Mill price: article code,748.0,867.0,1250.0
BRD051/101/NPL/900G/WB,BOARD752X871/900GSM/WK/TKL,Various Board,Solidus,RM Sheets Box,4-15499,4-15499 /,900.0,752.0,871.0,Mix 70%,4-15499,664.0,Apr-26,Mill price: article code,752.0,871.0,900.0
BRD051/103/NPL/900G/WB,BOARD871X752/WK/NW/BT/900GSM,Various Board,103,RM Sheets Box,SHT201978/A,3-020083 /,900.0,871.0,752.0,Mix 70%,4-15499,664.0,Apr-26,Mill price: unique size/GSM,752.0,871.0,900.0
BRD051/NPB/1100G/BW,PACKLINE 1100 G/M^2 TKLINER / WHITE TESTLINER  FSC MIX 70%,Various Board,Solidus,RM Sheets Box,4-17681,4-17681,1100.0,745.0,866.0,Mix 70%,,,,No unambiguous Apr-26 mill match,,,
BRD051/NPL/900G/WB,PACKLINE 900 G/M^2 WHITE TESTLINER / TKLINER  FSC MIX 70%,Various Board,Solidus,RM Sheets Box,4-17682,4-17682,900.0,747.0,864.0,Mix 70%,,,,No unambiguous Apr-26 mill match,,,
BRD052/101/NPL/1000G/WB,BOARD1252x807/1000G/WK/TKL,Various Board,S142,RM Sheets Box,4-16971,,,1000.0,1252.0,Mix 70%,4-16971,664.0,Apr-26,Mill price: article code,1252.0,807.0,1000.0
BRD052/101/NPL/800G/WB,BOARD1252x807/800G/WK/TKL,Various Board,101,RM Sheets Box,4-15901,4-15901,800.0,1252.0,807.0,Mix 70%,4-15901,662.0,Apr-26,Mill price: article code,1252.0,807.0,800.0
BRD052/102/NPB/1050G/BB,BOARD 1214 x 782/BRTKL / BRTKL /1050GSM,Various Board,,RM Sheets Box,4-11094, / 4-11094,1050.0,782.0,1214.0,Mix 70%,4-11094,615.0,Apr-26,Mill price: article code,1214.0,782.0,1050.0
BRD052/102/NPL/850G/WB,BOARD 1256 x 808/WHKFT / BRTKL /850GSM,Various Board,,RM Sheets Box,4-11276, / 4-11276,850.0,808.0,1256.0,Mix 70%,4-11276,647.0,Apr-26,Mill price: article code,808.0,1256.0,850.0
BRD052/102/NPL/850G/WB (2),BOARD 808 x 628/WHKFT / BRTKL /850GSM,Various Board,,RM Sheets Box,4-07110, / 4-07110,850.0,628.0,808.0,Mix 70%,4-07110,647.0,Apr-26,Mill price: article code,808.0,628.0,850.0
BRD052/103/NP/800G/WB,BOARD1252X807/WK/NW/BK/800GSM,Various Board,103,RM Sheets Box,SHT201706/A,3-020084 /,800.0,1252.0,807.0,Mix 70%,,,,No unambiguous Apr-26 mill match,,,
BRD052/103/NPL/800G/WB,BOARD1248X805/WK/NW/BT/800GSM,Various Board,103,RM Sheets Box,SHT200707/A,3-020085 /,800.0,1248.0,805.0,Mix 70%,,,,No unambiguous Apr-26 mill match,,,
BRD052/103/NPL/900G/WB,BOARD1340X845/WK/NW/BT/900GSM,Various Board,103,RM Sheets Box,SHT200378/A,3-020086 /,900.0,1340.0,845.0,Mix 70%,,,,No unambiguous Apr-26 mill match,,,
BRD052/103/NPL/900G/WB (2),BOARD1320X820/WK/NW/BT/900GSM,Various Board,S142,RM Sheets Box,SHT200378/A,4-15959 / 4-15959,900.0,1340.0,845.0,Mix 70%,4-15959/SHT300378,664.0,Apr-26,Mill price: article code,1320.0,820.0,900.0
BRD052/NPL/H0073/01/800G/WB,PRINTED BRD - HIGHBURY POULTRY PRINTED SHEET,Printed Board,,RM Printed Sheet,301101484,4-15901 /,800.0,362.0,494.0,Mix 70%,4-15901,662.0,Apr-26,Mill price: article code,1252.0,807.0,800.0
BRD052/NPL/H0073/01/850G/WB,PRINTED BRD - 125MM POULTRY LID 558x378x125 850G,Printed Board,,RM Printed Sheet,,4-11276 /,850.0,,,Mix 70%,4-11276,647.0,Apr-26,Mill price: article code,808.0,1256.0,850.0
BRD052/NPL/H0073/02/1000G/WB,PRINTED BOARD - PRINCE BISHOP 585mm x 390mm x 150mm,Various Board,101,FG Printed Board,,4-15320 /,1000.0,1380.0,885.0,Mix 70%,4-15320,763.0,Apr-26,Mill price: article code,1380.0,885.0,1000.0
BRD052/NPL/H0073/02/800G/WB,PRINTED SHEET 102 - HIGHBURY POULTRY PRINTED SHEET 2022,Printed Board,,RM Printed Sheet,301101504,,800.0,362.0,494.0,Mix 70%,,,,No unambiguous Apr-26 mill match,,,
BRD052/NPL/S0134/01/800G/WB,PRINTED SHEET 102 - SHAFA FARM PRINTED SHEET,Printed Board,,RM Printed Sheet,301101483,,800.0,362.0,494.0,Mix 70%,,,,No unambiguous Apr-26 mill match,,,
BRD052/NPL/T0154/01/800G/WB,PRINTED BOARD FOR LID - TAKBEER POULTRY & PRODUCTS 15kg,Printed Board,,RM Printed Sheet,,4-15901 /,800.0,1252.0,807.0,Mix 70%,4-15901,662.0,Apr-26,Mill price: article code,1252.0,807.0,800.0
BRD053/101/NPB/1000G/BB,BOARD1120X665/1000GSM/TKL/TKL,Various Board,Solidus,RM Sheets Box,4-15549,4-15549 /,1000.0,1120.0,665.0,Recycled 100%,4-15549,610.0,Apr-26,Mill price: article code,1120.0,665.0,1000.0
BRD053/101/NPL/850G/WB,BOARD1130X675/850GSM/WK/TKL,Various Board,Solidus,RM Sheets Box,4-15548,4-15548 /,850.0,1130.0,675.0,Mix 70%,4-15548,647.0,Apr-26,Mill price: article code,1130.0,675.0,850.0
BRD053/101/NPL/H0073/01/2450P,PRINTED BOARD FOR LID - HIGHBURY 425x315x125 850G W/B,Printed Board,,RM Printed Sheet,BRD053/101/NPL/H0073/01/2450P,4-15548 /,850.0,1130.0,675.0,Mix 70%,4-15548,647.0,Apr-26,Mill price: article code,1130.0,675.0,850.0
BRD053/102/NPB/1000G/WB,BOARD 1016 x 691/WHKFT / BRTKL /1000GSM,Various Board,,RM Sheets Box,4-13739, / 4-13739,1000.0,691.0,1016.0,Mix 70%,4-13739,664.0,Apr-26,Mill price: article code,691.0,1016.0,1000.0
BRD053/102/NPB/750G/BW,BOARD 1040 x 635/BRTKL / WHKFT /750GSM,Various Board,,RM Sheets Box,4-08899, / 4-08899,750.0,635.0,1040.0,Mix 70%,4-08899,744.0,Apr-26,Mill price: article code,1040.0,635.0,750.0
BRD053/102/NPL/750G/WB,BOARD 1052 x 640/WHKFT / BRTKL /750GSM,Various Board,,RM Sheets Box,4-08900, / 4-08900,750.0,640.0,1052.0,Mix 70%,4-08900,747.0,Apr-26,Mill price: article code,1052.0,640.0,750.0
BRD054/101/NPL/800G/WB,BOARD1330x773/WHKFT / BRTKL 800GSM,Various Board,,RM Sheets Box,4-17366,4-17366,800.0,773.0,1330.0,Mix 70%,,,,No unambiguous Apr-26 mill match,,,
BRD054/101/NPL/800G/WB(2),BOARD 1148 x 652/WHKFT / BRTKL /800GSM,Various Board,,RM Sheets Box,TBC,TBC,800.0,1148.0,652.0,Mix 70%,,,,No unambiguous Apr-26 mill match,,,
BRD054/102/NPB/900G/BB,BOARD 1140 x 650/BRTKL / BRTKL /900GSM,Various Board,,RM Sheets Box,4-14412, / 4-14412,900.0,650.0,1140.0,Mix 70%,4-14412,610.0,Apr-26,Mill price: article code,1140.0,650.0,900.0
BRD054/102/NPL/800G/WB,BOARD 1150 x 655/WHKFT / BRTKL /800GSM,Various Board,,RM Sheets Box,4-14411, / 4-14411,800.0,655.0,1150.0,Mix 70%,4-14411,662.0,Apr-26,Mill price: article code,655.0,1150.0,800.0
BRD054/102/NPL/L0105/01/800/WB,PRINTED BOARD FOR LID - METRO CHEF IRISH BEEF 375x295x140,Printed Board,,RM Printed Sheet,,4-14411 / 4-14411,800.0,655.0,1150.0,Mix 70%,4-14411,662.0,Apr-26,Mill price: article code,655.0,1150.0,800.0
BRD054/NPL/GENPRT/01/800G/WB,PRINTED BOARD - MP 600213781 PTD 100MM LID 475313x100,Various Board,,FG Printed Board,,4-15635 /,800.0,675.0,1026.0,Mix 70%,4-15635,786.0,Apr-26,Mill price: article code,675.0,1026.0,800.0
BRD055/101/NPB/900G/BW,BOARD685X800/900GSM/TKL/WK,Various Board,Solidus,RM Sheets Box,,4-15668 /,900.0,685.0,800.0,Mix 70%,4-15668,664.0,Apr-26,Mill price: article code,685.0,800.0,900.0
BRD055/102/NPB/900G/WB,BOARD 810 x 675/WHKFT / BRTKL /900GSM,Various Board,,RM Sheets Box,4-14216, / 4-14216,900.0,675.0,810.0,Mix 70%,4-14216,664.0,Apr-26,Mill price: article code,675.0,810.0,900.0
BRD055/102/NPL/900G/WB,BOARD 675 x 810/WHKFT / BRKFT /900GSM,Various Board,,RM Sheets Box,4-15715, / 4-15715,900.0,810.0,675.0,Mix 70%,4-15715,702.0,Apr-26,Mill price: article code,675.0,810.0,900.0
BRD055/102/YPT/950G/WB,BOARD 1306 x 783/WHKFTCPE / BRKFTCPE /950GSM,Various Board,,RM Sheets Box,4-15002, / 4-15002,950.0,783.0,1306.0,Mix 70%,4-15002,891.0,Apr-26,Mill price: article code,783.0,1306.0,950.0
BRD055/102/YPT/H0029/01/950G,PRINTED BOARD - CLEMATIS TRAY 393x278x180 950G 1440P,Printed Board,,RM Printed Sheet,,4-15002 /,950.0,278.0,393.0,Mix 70%,4-15002,891.0,Apr-26,Mill price: article code,783.0,1306.0,950.0
BRD056/102/YPB/1100G/BB,BOARD 1060 x 680/TKLINER / TKLINERWPENC /1100GSM,Various Board,,RM Sheets Box,4-17477,4-17477,1100.0,680.0,1060.0,Mix 70%,,,,No unambiguous Apr-26 mill match,,,
BRD056/102/YPL/1000G/WB,BOARD 1066 x 686/WHTEST / BRTKLWPENC /1000GSM,Various Board,,RM Sheets Box,4-17476,4-17476,1000.0,686.0,1066.0,Mix 70%,4-15702,780.0,Apr-26,Mill price: unique size/GSM,686.0,1066.0,1000.0
BRD056/103/YPB/1200G/WW,BOARD1210X1045/WPEC/W/WPEC/1200GSM,Various Board,103,RM Sheets Box,SHT201851/A,3-010015 /,1200.0,1210.0,1045.0,Mix 70%,,,,No unambiguous Apr-26 mill match,,,
BRD057/101/NPB/1000G/WB,BOARD691X1016/1000GSM/WK/TKL,Various Board,Solidus,RM Sheets Box,,4-13739 /,1000.0,691.0,1016.0,Mix 70%,4-13739,664.0,Apr-26,Mill price: article code,691.0,1016.0,1000.0
BRD058/101/NPL/600G/WB,BOARD788X1186/600GSM/WK/BK,Various Board,Solidus,RM Sheets Box,,4-12025 /,600.0,788.0,1186.0,Mix 70%,4-12025,838.0,Apr-26,Mill price: article code,788.0,1186.0,600.0
BRD058/101/NPL/850G/BB,BOARD1170X780/850GSM/TKL/TKL,Various Board,Solidus,RM Sheets Box,,4-12026 /,850.0,1170.0,780.0,Recycled 100%,4-12026,625.0,Apr-26,Mill price: article code,1170.0,780.0,850.0
BRD058/102/NPB/850G/BB,BOARD 1170 x 780/BRTKL / BRTKL /850GSM,Various Board,,RM Sheets Box,4-12026, / 4-12026,850.0,780.0,1170.0,Mix 70%,4-12026,625.0,Apr-26,Mill price: article code,1170.0,780.0,850.0
BRD058/102/NPL/600G/WB,BOARD 788 x 1186/WHKFT / BRKFT /600GSM,Various Board,,RM Sheets Box,4-12025, / 4-12025,600.0,1186.0,788.0,Mix 70%,4-12025,838.0,Apr-26,Mill price: article code,788.0,1186.0,600.0
BRD058/103/YPB/950G/BW,BOARD1272X830/BPEC/W/WPEC/950GSM,Various Board,103,RM Sheets Box,SHT200019/A,3-010016 /,950.0,1272.0,830.0,Mix 70%,4-15902/SHT200020,891.0,Apr-26,Mill price: unique size/GSM,1272.0,830.0,950.0
BRD058/103/YPL/950G/WB,BOARD1272X830/WPEC/W/BPEC/950GSM,Various Board,Solidus,RM Sheets Box,SHT200020/A,4-15902 / 4-15902,950.0,1272.0,830.0,Mix 70%,4-15902/SHT200020,891.0,Apr-26,Mill price: article code,1272.0,830.0,950.0
BRD059/102/YPO/900G/WB,BOARD 1196 x 618/WHTST / BRTKLWPENC /900GSM,Various Board,,RM Sheets Box,4-15277, / 4-15277,900.0,618.0,1196.0,Mix 70%,4-15277,793.0,Apr-26,Mill price: article code,1196.0,618.0,900.0
BRD060/102/NPB/1050G/BB,BOARD 1086 x 936/BRTKL / BRTKL /1050GSM,Various Board,,RM Sheets Box,4-11872, / 4-11872,1050.0,936.0,1086.0,Mix 70%,4-11872,615.0,Apr-26,Mill price: article code,1086.0,936.0,1050.0
BRD060/102/NPB/1050G/BB (2),BOARD 1010 x 900/BRTKL / BRTKL /1050GSM,Various Board,,RM Sheets Box,4-11926,4-11926,1050.0,900.0,1010.0,Mix 70%,4-11926,615.0,Apr-26,Mill price: article code,1010.0,900.0,1050.0
BRD060/102/NPL/1000G/BB,BOARD1394X920/BK/NW/BK/1000GSM,Various Board,,RM Sheets Box,4-17262,4-17262,1000.0,1394.0,920.0,Mix 70%,,,,No unambiguous Apr-26 mill match,,,
BRD060/102/NPL/1000G/WB,BOARD 1276 x 837/WHKFT / BRTKL /1000GSM,Various Board,,RM Sheets Box,4-12087, / 4-12087,1000.0,837.0,1276.0,Mix 70%,4-12087,664.0,Apr-26,Mill price: article code,1276.0,837.0,1000.0
BRD060/102/NPL/1250G/WB,BOARD 1420 x 910/WHTST / BRTKL /1250GSM,Various Board,,RM Sheets Box,4-11638, / 4-11638,1250.0,910.0,1420.0,Mix 70%,4-11638,662.0,Apr-26,Mill price: article code,910.0,1420.0,1250.0
BRD060/102/NPL/1250G/WB(2),BOARD710X940/WT/TKL,Various Board,,RM Sheets Box,4-10793, / 4-10793,1250.0,710.0,940.0,Mix 70%,4-10793,662.0,Apr-26,Mill price: article code,710.0,940.0,1250.0
BRD060/102/NPL/850G/WB,BOARD 910 x 710/WHKFT / BRTKL /850GSM,Various Board,,RM Sheets Box,4-14205, / 4-14205,850.0,710.0,910.0,Mix 70%,4-14205,647.0,Apr-26,Mill price: article code,910.0,710.0,850.0
BRD060/102/YPL/1000G/WW,BOARD747X917/WHTST/BRTKL.WPENC/1000GSM,Various Board,,RM Sheets Box,4-14500,4-14500 / 4-14500,1000.0,747.0,917.0,Mix 70%,,,,No unambiguous Apr-26 mill match,,,
BRD060/103/NPB/1000G/WW,BOARD1410X920/WCC/NW/WK/1000GSM,Various Board,103,RM Sheets Box,SHT201911/A,3-020087 /,1000.0,1410.0,920.0,Mix 70%,4-15867/SHT222226,706.0,Apr-26,Mill price: unique size/GSM,1410.0,920.0,1000.0
BRD060/103/NPL/1000G/BB,BOARD1410X922/BK/NW/BK/1000GSM,Various Board,S142,RM Sheets Box,SHT200114/A,4-16794 / 4-16794,1000.0,1410.0,922.0,Mix 70%,4-16794/SHT200114,781.0,Apr-26,Mill price: article code,1410.0,922.0,1000.0
BRD060/103/NPL/1000G/WB,BOARD1410X920/WK/NW/BT/1000GSM,Various Board,103,RM Sheets Box,SHT200095/A,3-020088 /,1000.0,1410.0,920.0,Mix 70%,4-15867/SHT222226,706.0,Apr-26,Mill price: unique size/GSM,1410.0,920.0,1000.0
BRD060/103/NPL/1000G/WW,BOARD1410X920/WCC/NW/WK/1000GSM,Various Board,103,RM Sheets Box,SHT200140/A,3-020089 /,1000.0,1410.0,920.0,Mix 70%,4-15867/SHT222226,706.0,Apr-26,Mill price: unique size/GSM,1410.0,920.0,1000.0
BRD060/103/YPB/1000G/BW,BOARD990X895/BT/NW/WPE/1000GSM,Various Board,103,RM Sheets Box,SHT200533/A,3-020090 /,1000.0,990.0,895.0,Mix 70%,,,,No unambiguous Apr-26 mill match,,,
BRD061/101/NPO/1000G/WB,BOARD1102X829/1000G/WK/TKL,Various Board,,RM Sheets Box,4-17546,TBC,1000.0,1102.0,829.0,Mix 70%,,,,No unambiguous Apr-26 mill match,,,
BRD061/101/YPL/1000G/WW,BOARD1180x720/1000GSM/WK/WPE,Various Board,,RM Sheets Box,4-17261,4-17261 / 4-17261,1000.0,720.0,1180.0,Mix 70%,,,,No unambiguous Apr-26 mill match,,,
BRD061/101/YPL/900G/WW,BOARD1180x720/900GSM/MC/WPE,Various Board,,RM Sheets Box,4-17298,4-17298 / 4-17298,900.0,720.0,1180.0,Mix 70%,,,,No unambiguous Apr-26 mill match,,,
BRD061/101/YPL/900G/WW(2),BOARD1170x695/900GSM/WT/TKL+WPE,Various Board,,RM Sheets Box,4-17448,4-17448,900.0,695.0,1170.0,Mix 70%,,,,No unambiguous Apr-26 mill match,,,
BRD061/101/YPL/950G/WW,BOARD1180x720/950GSM/WK/WPE,Various Board,,RM Sheets Box,,,950.0,720.0,1180.0,Mix 70%,,,,No unambiguous Apr-26 mill match,,,
BRD061/102/NPL/1000G/WB,BOARD1102X814/WK/TKL/1000GSM,Various Board,S142,RM Sheets Box,4-14191,4-14191 / 4-14191,1000.0,1102.0,814.0,Mix 70%,4-14191,664.0,Apr-26,Mill price: article code,1102.0,814.0,1000.0
BRD061/102/NPL/900G/WW,BOARD 1224 x 685/WHKFT / WHKFT /900GSM,Various Board,,RM Sheets Box,4-09561, / 4-09561,900.0,685.0,1224.0,Mix 70%,4-09561,721.0,Apr-26,Mill price: article code,685.0,1224.0,900.0
BRD061/102/NPO/850G/WB,BOARD 30/00/0850/010/027,Various Board,,RM Sheets Box,4-13922,4-13922 / 4-13922,,681.0,1062.0,Mix 70%,4-13922,647.0,Apr-26,Mill price: article code,681.0,1062.0,850.0
BRD061/102/YPL/1050G/BB,BOARD968X878/TKL/TKL,Various Board,,RM Sheets Box,,,1000.0,968.0,878.0,Mix 70%,,,,No unambiguous Apr-26 mill match,,,
BRD061/102/YPL/900G/WW,BOARD1200X678/WTKL/WPENC/900G,Various Board,103,RM Sheets Box,4-16552,4-16552 /,900.0,1200.0,720.0,Mix 70%,4-16552,793.0,Apr-26,Mill price: article code,1200.0,678.0,900.0
BRD061/102/YPL/W0075/01/WW,PRINTED BOARD - Woodhead Lamb 390x305x140 900G WW,Printed Board,,RM Printed Sheet,,,900.0,,,Mix 70%,,,,No unambiguous Apr-26 mill match,,,
BRD061/102/YPT/950G/WW,BOARD 1192 x 796/WHKFTWPE / WHTSTWPE /950GSM,Various Board,,RM Sheets Box,4-14092, / 4-14092,950.0,796.0,1192.0,Mix 70%,4-14092,955.0,Apr-26,Mill price: article code,1192.0,796.0,950.0
BRD061/103/NPB/950G/BW,BOARD1360X600/BT/NW/WK/950GSM,Various Board,103,RM Sheets Box,SHT200513/A,3-020091 /,950.0,1360.0,600.0,Mix 70%,,,,No unambiguous Apr-26 mill match,,,
BRD061/103/NPL/945G/WB,BOARD1376X603/WK/NW/BT/945GSM,Various Board,103,RM Sheets Box,SHT200514/A,3-020092 /,945.0,1376.0,603.0,Mix 70%,,,,No unambiguous Apr-26 mill match,,,
BRD061/103/NPL/950G/WB,BOARD1190X695/WK/NW/BT/950GSM,Various Board,103,RM Sheets Box,SHT201611/A,3-020093 /,950.0,1190.0,695.0,Mix 70%,,,,No unambiguous Apr-26 mill match,,,
BRD061/103/YPL/900G/WW,BOARD1200X720/WK/NW/WPEC/900GSM,Various Board,103,RM Sheets Box,SHT201985/A,3-020094 /,900.0,1190.0,695.0,Mix 70%,4-16168/SHT222228,800.0,Apr-26,Mill price: unique size/GSM,1190.0,695.0,900.0
BRD061/103/YPL/900G/WW (2),BOARD695 x 1190/WCC/NW/WPENC/900GSM,Various Board,S142,RM Sheets Box,,,900.0,1200.0,720.0,Mix 70%,,,,No unambiguous Apr-26 mill match,,,
BRD061/103/YPL/900G/WW (3),BOARD1170X670/WK/NW/WPE/900GSM,Various Board,S142,RM Sheets Box,SHT300008/A,4-15906 / 4-15906,900.0,1184.0,676.0,Mix 70%,4-15906,793.0,Apr-26,Mill price: article code,1184.0,676.0,900.0
BRD061/103/YPL/950G/WW,BOARD1190X695/WK/NW/WPE/950GSM,Various Board,103,RM Sheets Box,SHT200008/A,3-020096 /,950.0,1190.0,695.0,Mix 70%,,,,No unambiguous Apr-26 mill match,,,
BRD061/103/YPL/950G/WW(2),BOARD1200X720/WK/NW/WPEC/950GSM,Various Board,103,RM Sheets Box,SHT200239/A,,950.0,1190.0,720.0,Mix 70%,,,,No unambiguous Apr-26 mill match,,,
BRD061/NPL/C9999/01/1000G/WB,PRINTED BOARD - 7KG (WATTON) 383x280x84 1000GSM,Various Board,,FG Printed Board,,4-17191 /,1000.0,814.0,1102.0,Mix 70%,4-14191,664.0,Apr-26,Mill price: unique size/GSM,1102.0,814.0,1000.0
BRD061/NPL/C9999/02/1000G/WB,PRINTED BRD - 7KG TENDERLOIN(NAV32411)NonEU 383x280x84 1000G,Printed Board,,RM PRINTED SHEET,,4-09873 /,1000.0,685.0,1224.0,Mix 70%,4-09873,763.0,Apr-26,Mill price: article code,685.0,1224.0,1000.0
BRD061/NPO/C9999/01/850G/WB,PRINTED BRD - CRANSWICK WATTON PTD 6PG NonEU 391x312x146 850,Printed Board,,RM PRINTED SHEET,,4-13922 /,850.0,681.0,1062.0,Mix 70%,4-13922,647.0,Apr-26,Mill price: article code,681.0,1062.0,850.0
BRD061/NPO/C9999/03/1000G/WB,PRINTED BRD - SPARE RIB BOX 6PG 383x280x84 1000GSM,Printed Board,,FG Printed Board,,TBC,1000.0,1102.0,829.0,Mix 70%,,,,No unambiguous Apr-26 mill match,,,
BRD061/YPL/A9999/01/900G/WW,PRINTED BOARD FOR LID - 1/2 EURO LID KINGS VALLEY,Glued Lid 4PT No Pol,,FG Printed Board,,4-17448,900.0,695.0,1170.0,Mix 70%,,,,No unambiguous Apr-26 mill match,,,
BRD061/YPL/D9999/04/950G/WW,PRINTED BRD - 1/2 EURO LID SMALL WELSH HILL BEEF & LAMB,Printed Board,,RM Printed Board,PRINT/HPK200239/WH+,SHT200239 /,950.0,1200.0,720.0,Mix 70%,,,,No unambiguous Apr-26 mill match,,,
BRD061/YPL/D9999/08/950G/WW,PRINTED BRD - 1/2 EURO LID SMALL GOURMET,Printed Board,,RM Printed Board,,4-17298 / 4-17298,950.0,1200.0,720.0,Mix 70%,,,,No unambiguous Apr-26 mill match,,,
BRD061/YPL/D9999/09/900G/WW,PRINTED LID -1/2 EURO LID SMALL PURE NATURE 900GSM,Printed Board,,RM Printed Board,,4-17298,900.0,1180.0,720.0,Mix 70%,,,,No unambiguous Apr-26 mill match,,,
BRD061/YPL/D9999/10/950G/WW,PRINTED BOARD FOR LID - SMALL TEIFI VALLEY LAMB 1180x720,Printed Board,,RM Printed Sheet,,,950.0,1180.0,720.0,,,,,No unambiguous Apr-26 mill match,,,
BRD061/YPL/W0075/01/900G/WW,PRINTED BOARD FOR LID -  EASY MEATS Half Euro 390x305x140 WW,Printed Board,,RM Printed Sheet,,4-17288,900.0,695.0,1170.0,,,,,No unambiguous Apr-26 mill match,,,
BRD061/YPL/W0075/02/900G/WW,PRINTED BOARD FOR LID - PORK Woodhead 900G WCC/NW/WPENC,Printed Board,,RM Printed Sheet,HPK222228/WP1/2,4-16168,900.0,695.0,1190.0,,4-16168/SHT222228,800.0,Apr-26,Mill price: article code,1190.0,695.0,900.0
BRD070/102/YPB/1100G/WW,BOARD1160X885/WK/TKL+WPE/1100G,Various Board,,RM Sheets Box,4-17689,4-17689,1100.0,1160.0,885.0,Mix 70%,,,,No unambiguous Apr-26 mill match,,,
BRD070/103/YPL/1100G/WW,BOARD1180X895/WK/NW/WPE/1100GSM,Various Board,103,RM Sheets Box,SHT200142/A,3-020097 /,1100.0,1180.0,895.0,Mix 70%,,,,No unambiguous Apr-26 mill match,,,
BRD070/YPB/1100G/WW,PACKLINE WHITE KRAFT / WHITE PE 1100GSM FSC Mix 70% 1150x860,Various Board,103,RM Sheets Box,4-17655,4-17655,1100.0,1150.0,860.0,Mix 70%,,,,No unambiguous Apr-26 mill match,,,
BRD071/102/LPB/1000G/BB,BOARD 1360 x 910/BRKFL / BRTKLWPENC /1000GSM,Various Board,,RM Sheets Box,4-15307, / 4-15307,1000.0,910.0,1360.0,Mix 70%,4-15307,794.0,Apr-26,Mill price: article code,910.0,1360.0,1000.0
BRD071/102/NPL/900G/WB,BOARD 1350 x 890/WHKFT / BRTKL /900GSM,Various Board,,RM Sheets Box,4-11594, / 4-11594,900.0,890.0,1350.0,Mix 70%,4-11594,664.0,Apr-26,Mill price: article code,1350.0,890.0,900.0
BRD071/102/YPB/1050G/WW,BOARD 900 x 705/WHTSTWPE / WHKFTWPE /1050GSM,Various Board,,RM Sheets Box,4-15682, / 4-15682,1050.0,705.0,900.0,Mix 70%,4-15682,929.0,Apr-26,Mill price: article code,705.0,900.0,1050.0
BRD071/102/YPL/1050G/WW,BOARD 910 x 700/WHTSTWPE/WHKFTWPE/1050GSM,Various Board,,RM Sheets Box,4-15683, / 4-15683,1050.0,700.0,910.0,Mix 70%,4-15683,929.0,Apr-26,Mill price: article code,700.0,910.0,1050.0
BRD071/103/YPB/1100G/WB,BOARD1380X935/WPEC/W/BPEC/1100GSM,Various Board,S142,RM Sheets Box,SHT200112/A,4-16122 / 4-16122,1100.0,1380.0,935.0,Mix 70%,4-16122SHT200112,865.0,Apr-26,Mill price: article code,1380.0,935.0,1100.0
BRD071/103/YPL/950G/WB,BOARD1396X945/WPEC/W/BPEC/950GSM,Various Board,S142,RM Sheets Box,SHT200113/A,4-16123 / 4-16123,950.0,1396.0,945.0,Mix 70%,4-16123/SHT200113,891.0,Apr-26,Mill price: article code,1396.0,945.0,950.0
BRD073/103/YPB/1250G/BW,BOARD1200X685/BT/NW/WPENC/125GSM,Various Board,103,RM Sheets Box,SHT201508/A,3-020098 /,125.0,1200.0,685.0,Mix 70%,,,,No unambiguous Apr-26 mill match,,,
BRD073/103/YPL/1250G/WW,BOARD695X1210/WK/NW/WPE/1250GSM,Various Board,103,RM Sheets Box,SHT200687/A,3-020099 /,1250.0,695.0,1210.0,Mix 70%,,,,No unambiguous Apr-26 mill match,,,
BRD074/102/LPB/900G/BB,BOARD1036X717/900GSM/BK/BK,Various Board,,RM Sheets Box,,,900.0,1036.0,717.0,Mix 70%,4-17156,746.0,Apr-26,Mill price: unique size/GSM,1036.0,717.0,900.0
BRD074/102/LPB/900G/BW,BOARD1036X717/900GSM/TKL/TKL+WPE-NC,Various Board,,RM Sheets Box,,4-17156 / 4-17156,900.0,1036.0,717.0,Mix 70%,4-17156,746.0,Apr-26,Mill price: article code,1036.0,717.0,900.0
BRD074/102/NPL/750G/WB,BOARD 1056 x 728/WHKFT / BRKFT /750GSM,Various Board,,RM Sheets Box,4-16666, / 4-16666,750.0,728.0,1056.0,Mix 70%,4-16666,703.0,Apr-26,Mill price: article code,1056.0,728.0,750.0
BRD074/102/NPL/850G/WB,BOARD 1108 x 758/WHKFT / BRTKL /850GSM,Various Board,,RM Sheets Box,4-13223, / 4-13223,850.0,758.0,1108.0,Mix 70%,4-13223,647.0,Apr-26,Mill price: article code,1108.0,758.0,850.0
BRD074/103/NPB/1000G/BB,BOARD1120X775/BT/NW/BT/1000GSM,Various Board,103,RM Sheets Box,4-17112/SHT200375/A,3-020100 /,1000.0,1120.0,775.0,Mix 70%,4-17112,610.0,Apr-26,Mill price: article code,1120.0,775.0,1000.0
BRD074/103/NPB/800/BB,BOARD1036X718/800GSM/BK/BK,Various Board,,RM Sheets Box,,,800.0,1036.0,718.0,Mix 70%,4-16667,699.0,Apr-26,Mill price: unique size/GSM,1036.0,718.0,800.0
BRD074/103/NPB/800G/BB,BOARD1036X718/BK/NW/BK/800GSM,Various Board,S142,RM Sheets Box,4-16667,4-16667 / 4-16667,800.0,1036.0,718.0,Mix 70%,4-16667,699.0,Apr-26,Mill price: article code,1036.0,718.0,800.0
BRD074/103/NPB/850G/BB,BOARD1070X750/BT/NW/BT/850GSM,Various Board,103,RM Sheets Box,SHT201100/A,3-020101 /,850.0,1070.0,750.0,Mix 70%,,,,No unambiguous Apr-26 mill match,,,
BRD074/103/NPL/750G/WB,BOARD1056X728/750GSM/WK/BK,Various Board,Solidus,RM Sheets Box,SHT202031/A,4-16666 / 4-16666,750.0,1056.0,728.0,Mix 70%,4-16666,703.0,Apr-26,Mill price: article code,1056.0,728.0,750.0
BRD074/103/NPL/750G/WB (2),BOARD1086X758/WT/NW/BT/750GSM,Various Board,103,RM Sheets Box,SHT201101/A,3-020102 /,750.0,1086.0,758.0,Mix 70%,,,,No unambiguous Apr-26 mill match,,,
BRD074/103/NPL/850G/WB,BOARD1134X783/WK/NW/BT/850GSM,Various Board,103,RM Sheets Box,SHT200376/A,4-17113/3-020103 /,850.0,1134.0,783.0,Mix 70%,4-17113,647.0,Apr-26,Mill price: article code,1134.0,783.0,850.0
BRD074/103/YPB/1000G/BW,BOARD1080X755/BPEC/W/WPEC/1000GSM,Various Board,103,RM Sheets Box,SHT201879/A,3-010017 /,1000.0,1080.0,755.0,Mix 70%,,,,No unambiguous Apr-26 mill match,,,
BRD074/103/YPL/800G/WB,BOARD1096X763/WPEC/W/BPEC/800GSM,Various Board,103,RM Sheets Box,SHT201878/A,3-010018 /,800.0,1096.0,763.0,Mix 70%,,,,No unambiguous Apr-26 mill match,,,
BRD075/102/NPB/1250G/BB,BOARD 1300 x 950/BRTKL / BRTKL /1250GSM,Various Board,,RM Sheets Box,4-14140, / 4-14140,1250.0,950.0,1300.0,Mix 70%,4-14140,626.0,Apr-26,Mill price: article code,1300.0,950.0,1250.0
BRD075/102/NPL/1250G/WB,BOARD 1320 x 960/WHTST / BRTKL /1250GSM,Various Board,,RM Sheets Box,4-14141, / 4-14141,1250.0,960.0,1320.0,Mix 70%,4-14141,662.0,Apr-26,Mill price: article code,960.0,1320.0,1250.0
BRD075/103/NPL/1450G/WB,BOARD1314X957/WCC/NW/BT/1450GSM,Various Board,103,RM Sheets Box,SHT200441/A,3-020104 /,1450.0,1314.0,957.0,Mix 70%,,,,No unambiguous Apr-26 mill match,,,
BRD075/103/NPL/900G/WB,BOARD1350X982/WK/NW/BT/900GSM,Various Board,103,RM Sheets Box,SHT201677/A,3-020105 /,900.0,1350.0,982.0,Mix 70%,,,,No unambiguous Apr-26 mill match,,,
BRD075/103/NPL/950G/WW,BOARD1350X982/WCC/NW/WK/950GSM,Various Board,103,RM Sheets Box,SHT200083/A,3-020106 /,950.0,1350.0,982.0,Mix 70%,,,,No unambiguous Apr-26 mill match,,,
BRD075/103/YPB/1200G/BW,BOARD1314X972/BK/NW/WPEC/1200GSM,Various Board,103,RM Sheets Box,SHT200057/A,3-020107 /,1200.0,1314.0,972.0,Mix 70%,,,,No unambiguous Apr-26 mill match,,,
BRD076/101/NPL/1000G/WW,BOARD1080X905/MC/NW/WK/1000GSM,Various Board,,RM Sheets Box,4-17389,4-17389,1000.0,1080.0,905.0,Mix 70%,,,,No unambiguous Apr-26 mill match,,,
BRD076/101/YPL/1000G/WW,BOARD1080X905/WK/NW/WPE/1000GSM,Various Board,,RM Sheets Box,4-17367,4-17367,1000.0,1080.0,905.0,Mix 70%,,,,No unambiguous Apr-26 mill match,,,
BRD076/101/YPL/1000G/WW(2),BOARD1104x931/1000GSM/WK/TK+WPE-NC,Various Board,,RM Sheets Box,4-17420,4-17420,1000.0,1104.0,931.0,Mix 70%,,,,No unambiguous Apr-26 mill match,,,
BRD076/101/YPL/900G/WW,BOARD1130x941/900GSM/MC/WPE,Various Board,,RM Sheets Box,4-17061,4-17061 / 4-17061,900.0,1130.0,941.0,Mix 70%,,,,No unambiguous Apr-26 mill match,,,
BRD076/101/YPL/900G/WW(2),BOARD1104x931/900GSM/MC/WPE,Various Board,,RM Sheets Box,4-17368,4-17368,900.0,1104.0,931.0,Mix 70%,,,,No unambiguous Apr-26 mill match,,,
BRD076/102/YPB/1000G/WB,BOARD 880 x 530/WHKFL / BRTKLWPENC /1000GSM,Various Board,,RM Sheets Box,4-14886, / 4-14886,1000.0,530.0,880.0,Mix 70%,4-14886,780.0,Apr-26,Mill price: article code,530.0,880.0,1000.0
BRD076/102/YPB/1000G/WW,BOARD1130X917/WK/NW/WPE/1000GSM,Various Board,103,RM Sheets Box,4-17306, / 4-17306,1000.0,1130.0,917.0,Mix 70%,,,,No unambiguous Apr-26 mill match,,,
BRD076/102/YPB/1000G/WW(2),BOARD1084X907/WK/NW/WPE/1000GSM,Various Board,,RM Sheets Box,4-17598,4-17598,1000.0,1084.0,907.0,Mix 70%,,,,No unambiguous Apr-26 mill match,,,
BRD076/102/YPB/1250G/BB,BOARD 1084 x 906/BRTKL / BRTKLWPENC /1250GSM,Various Board,,RM Sheets Box,4-15900, / 4-15900,1250.0,906.0,1084.0,Mix 70%,4-15900,727.0,Apr-26,Mill price: article code,1084.0,906.0,1250.0
BRD076/102/YPL/01/950G/1250P,"PRINTED BOARD - MATURE LAMB COFFIN DKS 59X23X16,5 OFF",Glued Lid 4PT Poly,,RM Printed Sheet,301109050,,1000.0,226.0,590.0,Mix 70%,,,,No unambiguous Apr-26 mill match,,,
BRD076/102/YPL/1000G/WB,BOARD 969 x 944/WHKFL / BRTKLWPENC /1000GSM,Various Board,,RM Sheets Box,4-15409, / 4-15409,1000.0,944.0,969.0,Mix 70%,4-15409,780.0,Apr-26,Mill price: article code,974.0,969.0,1000.0
BRD076/102/YPL/1000G/WW,BOARD1130X915/WK/NW/WPE/1000GSM,Various Board,,RM Sheets Box,SHT200041/A,,950.0,1130.0,915.0,Mix 70%,,,,No unambiguous Apr-26 mill match,,,
BRD076/103/NPB/1100G/BB,BOARD1110X895/BT/NW/BT/1100GSM,Various Board,103,RM Sheets Box,SHT201381/A,3-020108 /,1100.0,1110.0,895.0,Mix 70%,,,,No unambiguous Apr-26 mill match,,,
BRD076/103/NPL/1000G/WB,BOARD1128X886/WK/NW/BT/1000,Various Board,,RM Sheets Box,SHT202084/A,,1000.0,1128.0,886.0,Mix 70%,,,,No unambiguous Apr-26 mill match,,,
BRD076/103/NPL/900G/WW,BOARD1130X915/WK/NW/WK/900GSM,Various Board,103,RM Sheets Box,SHT201943/A,3-020109 /,900.0,1130.0,915.0,Mix 70%,,,,No unambiguous Apr-26 mill match,,,
BRD076/103/NPL/915G/WW,BOARD1130X915/CC/NW/WK/915GSM,Various Board,S142,RM Sheets Box,SHT200128/A,4-16154 / 4-16154,915.0,1130.0,915.0,Mix 70%,,,,No unambiguous Apr-26 mill match,,,
BRD076/103/YPB/950G/WW,BOARD1130X917/WK/NW/WPE/950GSM,Various Board,103,RM Sheets Box,SHT200040/A   4-99983,3-020110 /,950.0,1130.0,917.0,Mix 70%,,,,No unambiguous Apr-26 mill match,,,
BRD076/103/YPL/950G/WW,BOARD1130X915/WK/NW/WPE/950GSM,Various Board,103,RM Sheets Box,SHT200041/A,3-020111 /,950.0,1130.0,915.0,Mix 70%,,,,No unambiguous Apr-26 mill match,,,
BRD076/NPL/D9999/01/915G/WW,PRINTED BRD - COFFIN SMALL PURE NATURE NO POLY,Glued Lid 4PT No Pol,103,FG Box,,,915.0,1130.0,915.0,Mix 70%,,,,No unambiguous Apr-26 mill match,,,
BRD076/NPL/W0075/02/1000G/WW,PRINTED BRD - MATURED BEEF COFFIN LID NO POLY 1080x905,Glued Lid 4PT Poly,,RM PRINTED SHEET,,4-17389,1000.0,1080.0,905.0,Mix 70%,,,,No unambiguous Apr-26 mill match,,,
BRD076/YPL/1000G/WW,BOARD 1080X890 /WK/NW/WPE/1000GSM,Various Board,103,RM Sheets Box,,4-17306,1000.0,1080.0,890.0,Mix 70%,,,,No unambiguous Apr-26 mill match,,,
BRD076/YPL/D0116/01/1000G/WW,PRINTED BRD - PRIMA VALLEY D&G 570x220x160 1000GSM 1000P,Glued Lid 4PT Poly,103,RM PRINTED SHEET,,4-17306 /,1000.0,1130.0,917.0,Mix 70%,,,,No unambiguous Apr-26 mill match,,,
BRD076/YPL/D0116/02/1000G/WW,PRINTED BRD - GOLDSTAR D&G 570x220x160 1000GSM 1000P,Glued Lid 4PT Poly,,RM PRINTED SHEET,,4-17306 /,1000.0,1130.0,917.0,Mix 70%,,,,No unambiguous Apr-26 mill match,,,
BRD076/YPL/P0167/01/1000G/WB,PRINTED BOARD FOR LID - TILLYDOWN 1104x931 1000G WB,Various Board,,RM Printed Sheet,4-17420,4-17420,1000.0,931.0,1104.0,Mix 70%,,,,No unambiguous Apr-26 mill match,,,
BRD076/YPL/P0167/01/950G/WW,PRINTED BRD - WS MATURED LAMB COFFIN LID 590x226x163,Glued Lid 4PT Poly,103,RM PRINTED SHEET,,TBC /,950.0,1104.0,929.0,Mix 70%,,,,No unambiguous Apr-26 mill match,,,
BRD077/102/YPL/950G/BW,BOARD 750 x 980/BRKFLCPE / WHTSTWPE /950GSM,Various Board,,RM Sheets Box,4-15728, / 4-15728,950.0,980.0,750.0,Mix 70%,4-15728,978.0,Apr-26,Mill price: article code,750.0,980.0,950.0
BRD077/103/YPB/900G/BW,BOARD1030X815/BPEC/W/WPEC/900GSM,Various Board,103,RM Sheets Box,SHT200224/A,3-010019 /,900.0,1030.0,815.0,Mix 70%,,,,No unambiguous Apr-26 mill match,,,
BRD077/103/YPL/800G/WB,BOARD1046X823/WPEC/W/BPEC/800GSM,Various Board,103,RM Sheets Box,SHT200110/A,3-010020 /,800.0,1046.0,823.0,Mix 70%,,,,No unambiguous Apr-26 mill match,,,
BRD078/102/NPB/900G/BB,BOARD 1090 x 780/BRTKL / BRTKL /900GSM,Various Board,,RM Sheets Box,4-06597, / 4-06597,900.0,780.0,1090.0,Mix 70%,4-06597,610.0,Apr-26,Mill price: article code,1090.0,780.0,900.0
BRD078/102/YPB/1000G/BW,BOARD 1130 x 825 TKL / TKL WPE NC 1000GSM,Various Board,,RM Sheets Box,4-15071,4-15071 /,1000.0,1130.0,825.0,Mix 70%,4-15071,730.0,Apr-26,Mill price: article code,1130.0,825.0,1000.0
BRD078/102/YPL/1000G/WW,BOARD 1150 x 835 WT / TKL WPE NC 1000GSM,Various Board,,RM Sheets Box,4-17252,4-17252 /,1000.0,1150.0,835.0,Mix 70%,,,,No unambiguous Apr-26 mill match,,,
BRD078/103/YPB/1100G/BW,BOARD1236X860/BPEC/W/WPEC/1100GSM,Various Board,S142,RM Sheets Box,SHT200216/A,4-15890 / 4-15890,1100.0,1236.0,860.0,Mix 70%,4-15890/SHT200216,876.0,Apr-26,Mill price: article code,1236.0,860.0,1100.0
BRD078/103/YPB/950G/BW,BOARD1130X825/BT/NW/WPE/950GSM,Various Board,103,RM Sheets Box,SHT200074/A,3-020112 /,950.0,1130.0,825.0,Mix 70%,,,,No unambiguous Apr-26 mill match,,,
BRD078/103/YPL/1100G/WW,BOARD1236X860/WPEC/WBPEC/1100GSM,Various Board,S142,RM Sheets Box,SHT200217/A,4-15891 / 4-15891,1100.0,1236.0,860.0,Mix 70%,4-15891/SHT200217,865.0,Apr-26,Mill price: article code,1236.0,860.0,1100.0
BRD078/103/YPL/950G/WW,BOARD1150X835/WK/NW/WPE/950GSM,Various Board,103,RM Sheets Box,SHT200075/A,3-020113 /,950.0,1150.0,835.0,Mix 70%,,,,No unambiguous Apr-26 mill match,,,
BRD078/YPL/1000G/WW,BOARD 1130 x 825 WT / TKL WPE NC 1000GSM,Various Board,,RM Sheets Box,,TBC,1000.0,1130.0,825.0,Mix 70%,4-15071,730.0,Apr-26,Mill price: unique size/GSM,1130.0,825.0,1000.0
BRD079/103/YPB/1250G/BW,BOARD1550X755/BT/NW/WPENC/125GSM,Various Board,103,RM Sheets Box,SHT200053/A,3-020114 /,125.0,1550.0,755.0,Mix 70%,,,,No unambiguous Apr-26 mill match,,,
BRD079/103/YPL/1250G/BW,BOARD1550X755/BT/NW/WPENC/125GSM,Various Board,S142,RM Sheets Box,SHT200054/A,4-15967 / 4-15967,125.0,1550.0,755.0,Recycled 100%,4-15967,727.0,Apr-26,Mill price: article code,755.0,1550.0,1250.0
BRD080/103/YPB/700G/WB,BOARD1140X993/WPEC/W/BEPC/700GSM,Various Board,103,RM Sheets Box,SHT201762/A,3-010021 /,700.0,1140.0,993.0,Mix 70%,,,,No unambiguous Apr-26 mill match,,,
BRD080/103/YPB/800G/WB,BOARD1140X993/WPEC/W/BPEC/800GSM,Various Board,103,RM Sheets Box,SHT201751/A,3-010022 /,800.0,1140.0,993.0,Mix 70%,,,,No unambiguous Apr-26 mill match,,,
BRD082/102/YPB/750G/WB,BOARD 950 x 710/WHKFTWPE / BRKFTCPE /750GSM,Various Board,,RM Sheets Box,4-15564, / 4-15564,750.0,710.0,950.0,Mix 70%,4-15564,993.0,Apr-26,Mill price: article code,950.0,710.0,750.0
BRD082/102/YPB/950G/WB,BOARD 950 x 710/WHKFTCPE / BRKFTCPE /950GSM,Various Board,,RM Sheets Box,4-14893, / 4-14893,950.0,710.0,950.0,Mix 70%,4-14893,891.0,Apr-26,Mill price: article code,710.0,950.0,950.0
BRD082/102/YPL/1000G/WW,BOARD1028xx853/WK/TKL.WPE-NC,Various Board,,RM Sheets Box,4-15390, / 4-15390,1000.0,1028.0,853.0,Mix 70%,4-15390,780.0,Apr-26,Mill price: article code,1028.0,853.0,1000.0
BRD082/102/YPL/750G/WB,BOARD 756 x 1028/WHKFTWPE / BRKFTCPE /750GSM,Various Board,,RM Sheets Box,4-15602, / 4-15602,750.0,1028.0,756.0,Mix 70%,4-15602,993.0,Apr-26,Mill price: article code,756.0,1028.0,750.0
BRD082/102/YPL/850G/WB,BOARD 1028 x 756/WHKFTCPE / BRKFTCPE /850GSM,Various Board,,RM Sheets Box,4-08893, / 4-08893,850.0,756.0,1028.0,Mix 70%,4-08893,942.0,Apr-26,Mill price: article code,1028.0,756.0,850.0
BRD082/103/NPB/700G/BB,BOARD1201X1013/BK/W/BK/700GSM,Various Board,103,RM Sheets Box,SHT201821/A,3-010023 /,700.0,1201.0,1013.0,Mix 70%,,,,No unambiguous Apr-26 mill match,,,
BRD082/103/YPL/750G/WB,BOARD1085X901/WPEC/W/BPEC/750GSM,Various Board,103,RM Sheets Box,SHT201942/A,3-010024 /,750.0,1085.0,901.0,Mix 70%,,,,No unambiguous Apr-26 mill match,,,
BRD085/101/NPB/1100G/BB,BOARD1108X879/1100G/TKL/TKL,Various Board,Solidus,RM Sheets Box,4-17478,4-17478,1100.0,1108.0,879.0,Mix 70%,,,,No unambiguous Apr-26 mill match,,,
BRD085/101/NPL/900G/WB,BRD1128X904/900G/WK/TKL,Various Board,Solidus,RM Sheets Box,4-17481,4-17481,900.0,1128.0,904.0,Mix 70%,,,,No unambiguous Apr-26 mill match,,,
BRD085/101/YPL/900G/WW,BOARD1150x934/WCC/NW/WPENC/900GSM,Various Board,Solidus,RM Sheets Box,,,900.0,1150.0,934.0,Mix 70%,,,,No unambiguous Apr-26 mill match,,,
BRD085/102/NPL/900G/WB,BOARD 914 x 600/WHKFT / BRTKL /900GSM,Various Board,,RM Sheets Box,4-15562, / 4-15562,900.0,600.0,914.0,Mix 70%,4-15562,664.0,Apr-26,Mill price: article code,914.0,600.0,900.0
BRD085/102/YPB/1100G/BW,BOARD1132X924/TKL+PE/WT+WPE/1100GSM,Various Board,S142,RM Sheets Box,4-17279,4-17279,1100.0,1132.0,924.0,Mix 70%,,,,No unambiguous Apr-26 mill match,,,
BRD085/102/YPL/1100G/WB,BOARD926X1134/1100GSM/WT+WPE/TKL+PE,Various Board,S142,RM Sheets Box,4-17280,4-17280 / 4-17280,1100.0,1134.0,926.0,Mix 70%,,,,No unambiguous Apr-26 mill match,,,
BRD085/102/YPL/900G/WW,BOARD1150x944/WCC/NW/WPENC/900GSM,Various Board,Solidus,RM Sheets Box,4-17286,4-17286 / 4-17286,900.0,1150.0,944.0,Mix 70%,,,,No unambiguous Apr-26 mill match,,,
BRD085/103/YPB/1100G/BW,BOARD1152X934/BPEC/W/WPEC/1100GSM,Various Board,S142,RM Sheets Box,SHT200325/A,4-15822 / 4-15822,1100.0,1152.0,934.0,Mix 70%,4-15822,876.0,Apr-26,Mill price: article code,1152.0,934.0,1100.0
BRD085/103/YPL/1100G/WB,BOARD1152X934/WPEC/W/BPEC/1100GSM,Various Board,S142,RM Sheets Box,SHT200323/A,4-15823 / 4-15823,1100.0,1152.0,934.0,Mix 70%,4-15823/SHT200323,865.0,Apr-26,Mill price: article code,1152.0,934.0,1100.0
BRD085/103/YPL/900G/WW,BOARD1170X944/WCC/NW/WPENC/900GSM,Various Board,S142,RM Sheets Box,SHT200127/A,4-16149 / 4-16149,900.0,1170.0,944.0,Mix 70%,4-16149/SHT200127,800.0,Apr-26,Mill price: article code,1170.0,944.0,900.0
BRD085/NPL/H0063/01/900G/WB,PRINTED LID - HEWITT CONNOISEUR SMALL 573x248x158 900G,Printed Board,,RM Printed Sheet,,,900.0,1128.0,904.0,,,,,No unambiguous Apr-26 mill match,,,
BRD085/YPL/D9999/02/900G/WW,PRINTED BOARD - COFFIN LID STOCKMANS 587x243x166 900GSM,Printed Board,,RM Printed Sheet,,SHT200127/A /,1000.0,1170.0,944.0,,4-16149/SHT200127,800.0,Apr-26,Mill price: article code,1170.0,944.0,900.0
BRD085/YPL/D9999/03/900G/WW,PRINTED BOARD FOR LID - PREMIUM BUTCHER 917x575 900G,Printed Board,,RM Printed Sheet,,SHT200127/A /,,,,Mix 70%,4-16149/SHT200127,800.0,Apr-26,Mill price: article code,1170.0,944.0,900.0
BRD085/YPL/D9999/05/900G//WW,PRINTED BOARD FOR LID -  DAWN MEATS WAGYU 917mm x 575mm 900G,Printed Board,,RM Printed Sheet,,SHT200127/A /,,,,Mix 70%,4-16149/SHT200127,800.0,Apr-26,Mill price: article code,1170.0,944.0,900.0
BRD086/102/NPB/1150G/BB,BOARD 870 x 730/BRTKL / BRTKL /1150GSM,Various Board,,RM Sheets Box,4-13295, / 4-13295,1150.0,730.0,870.0,Mix 70%,4-13295,623.0,Apr-26,Mill price: article code,730.0,870.0,1200.0
BRD086/102/NPL/800G/WB,BOARD 880 x 740/WHKFT / BRTKL /800GSM,Various Board,,RM Sheets Box,4-13294, / 4-13294,800.0,740.0,880.0,Mix 70%,4-13294,662.0,Apr-26,Mill price: article code,880.0,740.0,800.0
BRD087/103/YPL/950G/WW,BOARD1130X721/WK/NW/WPE/950GSM,Various Board,103,RM Sheets Box,SHT200165/A,3-020115 /,950.0,1130.0,721.0,Mix 70%,,,,No unambiguous Apr-26 mill match,,,
BRD088/102/LPB/900G/BB,BOARD 900 x 630/BRTKL / BRTKLWPENC /900GSM,Various Board,,RM Sheets Box,4-14423, / 4-14423,900.0,630.0,900.0,Mix 70%,4-14423,746.0,Apr-26,Mill price: article code,630.0,900.0,900.0
BRD088/102/YPB/850G/BW,BOARD 630 x 900/BRKFTCPE / WHKFTCPE /850GSM,Various Board,,RM Sheets Box,4-11244, / 4-11244,850.0,900.0,630.0,Mix 70%,4-11244,942.0,Apr-26,Mill price: article code,630.0,900.0,850.0
BRD088/102/YPL/850G/WB,BOARD 916 x 635/WHKFTCPE / BRKFTCPE /850GSM,Various Board,,RM Sheets Box,4-08672, / 4-08672,850.0,635.0,916.0,Mix 70%,4-08672,942.0,Apr-26,Mill price: article code,635.0,916.0,850.0
BRD088/103/NPL/800G/WB,BOARD685X1010/WK/NW/BK/800GSM,Various Board,103,RM Sheets Box,SHT201843/A,3-020116 /,800.0,685.0,1010.0,Mix 70%,,,,No unambiguous Apr-26 mill match,,,
BRD088/103/NPL/800G/WW,BOARD685X1010/WCC/NW/WK/800GSM,Various Board,S142,RM Sheets Box,SHT201683/A,4-15887 / 4-15887,800.0,685.0,1010.0,Mix 70%,4-15887/SHT201683,758.0,Apr-26,Mill price: article code,685.0,1010.0,750.0
BRD088/103/NPL/800G/WW(2),BOARD685x1010/WCC/NW/WK/800GSM,Various Board,103,RM Sheets Box,SHT202088/A,,800.0,685.0,1010.0,Mix 70%,,,,No unambiguous Apr-26 mill match,,,
BRD088/103/YPB/850G/BW,BOARD920X655/BPEC/W/WPEC/850GSM,Various Board,103,RM Sheets Box,SHT201938/A,3-010025 /,850.0,920.0,655.0,Mix 70%,,,,No unambiguous Apr-26 mill match,,,
BRD089/102/NPL/850G/WB,BOARD 1140 x 790/WHKFT / BRTKL /850GSM,Various Board,,RM Sheets Box,4-13422, / 4-13422,850.0,790.0,1140.0,Mix 70%,4-13422,647.0,Apr-26,Mill price: article code,790.0,1140.0,850.0
BRD090/102/YPB/1100G/BB,BOARD 1158 x 785/BRTKL / BRTKLWPENC /1100GSM,Various Board,,RM Sheets Box,4-09599, / 4-09599,1100.0,785.0,1158.0,Mix 70%,4-09599,794.0,Apr-26,Mill price: article code,785.0,1158.0,1000.0
BRD090/102/YPL/1000G/WB,BOARD 1168 x 795/WHTST / BRTKLWPENC /1000GSM,Various Board,,RM Sheets Box,4-09600, / 4-09600,1000.0,795.0,1168.0,Mix 70%,4-09600,763.0,Apr-26,Mill price: article code,795.0,1168.0,1000.0
BRD091/102/YPL/950G/WB,BOARD 955 x 555/WHKFTCPE / BRKFTCPE /950GSM,Various Board,,RM Sheets Box,4-08692, / 4-08692,950.0,555.0,955.0,Mix 70%,4-08692,891.0,Apr-26,Mill price: article code,555.0,955.0,950.0
BRD092/102/NPB/1100G/BB,BOARD 855 x 955/BRTKL / BRTKL /1100GSM,Various Board,,RM Sheets Box,4-14556, / 4-14556,1100.0,955.0,855.0,Recycled 100%,4-14556,616.0,Apr-26,Mill price: article code,855.0,955.0,1100.0
BRD092/102/NPB/1250G/BB,BOARD 855 x 955/BRTKL / BRTKL /1250GSM,Various Board,,RM Sheets Box,4-13187, / 4-13187,1250.0,955.0,855.0,Mix 70%,4-13187,626.0,Apr-26,Mill price: article code,855.0,955.0,1250.0
BRD092/102/NPB/1250G/BB (2),BOARD 935 x 840/BRTKL / BRTKL /1250GSM,Various Board,,RM Sheets Box,4-13401, / 4-13401,1250.0,840.0,935.0,Mix 70%,4-13401,626.0,Apr-26,Mill price: article code,840.0,935.0,1250.0
BRD092/102/NPL/1000G/BB,BOARD 945 x 850/BRTKL / BRTKL /1000GSM,Various Board,,RM Sheets Box,4-13400, / 4-13400,1000.0,850.0,945.0,Mix 70%,4-13400,610.0,Apr-26,Mill price: article code,945.0,850.0,1000.0
BRD092/102/NPL/1000G/WB,BOARD 865 x 965/WHKFT / BRTKL /1000GSM,Various Board,,RM Sheets Box,4-13188, / 4-13188,1000.0,965.0,865.0,Mix 70%,4-13188,664.0,Apr-26,Mill price: article code,865.0,965.0,1000.0
BRD092/102/NPL/900G/BB,BOARD 965 x 865/BRTKL / BRTKL /900GSM,Various Board,,RM Sheets Box,4-14557, / 4-14557,900.0,865.0,965.0,Mix 70%,4-14557,610.0,Apr-26,Mill price: article code,965.0,865.0,900.0
BRD093/101/NPL/1000G/WW,BOARD1067x884/WCC/NW/WK/1000GSM,Various Board,,RM Sheets Box,4-17400,4-17400,1000.0,1067.0,884.0,Mix 70%,,,,No unambiguous Apr-26 mill match,,,
BRD093/102/NPB/1250G/BB,BOARD 1010 x 815/BRTKL / BRTKL /1250GSM,Various Board,,RM Sheets Box,4-10296, / 4-10296,1250.0,815.0,1010.0,Mix 70%,4-13265,626.0,Apr-26,Mill price: unique size/GSM,815.0,1010.0,1250.0
BRD093/102/NPL/800G/WB,BOARD 819 x 1012/WHKFT / BRTKL /800GSM,Various Board,,RM Sheets Box,4-13264, / 4-13264,800.0,1012.0,819.0,Mix 70%,4-13264,662.0,Apr-26,Mill price: article code,819.0,1012.0,800.0
BRD093/NPB/1250G/BB,BOARD 850 X 1050/BRTKL / BRTKL / 1250GSM,Various Board,,RM Sheets Box,4-17691,,1250.0,850.0,1050.0,Recycled 100%,,,,No unambiguous Apr-26 mill match,,,
BRD093/NPL/1000G/WB,BOARD 860 X 1060/WHKFT / BRTKL / 1000GSM,Various Board,,RM Sheets Box,4-17690,4-17690,1000.0,860.0,1060.0,Mix 70%,,,,No unambiguous Apr-26 mill match,,,
BRD093/NPL/C9999/01/1000G/WB,PRINTED BOARD - CRANSWICK PIG HEAD LID 2026 (HULL),Printed Board,,RM PRINTED BRD,,,1000.0,860.0,1060.0,Mix 70%,,,,No unambiguous Apr-26 mill match,,,
BRD093/NPL/D9999/01/1000G/WW,PRINTED BOARD FOR LID - DUNBIA VINTAGE RESERVE 583x385x242,Glued Lid 4PT No Pol,,FG Box,,4-15867 /,1000.0,1067.0,884.0,Mix 70%,4-15867/SHT222226,706.0,Apr-26,Mill price: article code,1410.0,920.0,1000.0
BRD094/102/LPB/1000G/BB,BOARD 1210 x 782/BRKFL / BRTKLWPENC /1000GSM,Various Board,,RM Sheets Box,4-15636, / 4-15636,1000.0,782.0,1210.0,Mix 70%,4-15636,794.0,Apr-26,Mill price: article code,782.0,1210.0,1000.0
BRD094/102/NPB/1250G/BB,BOARD 775 x 1160/BRKFL / BRKFL /1250GSM,Various Board,,RM Sheets Box,4-16804, / 4-16804,1250.0,1160.0,775.0,Mix 70%,4-16804,626.0,Apr-26,Mill price: article code,775.0,1160.0,1250.0
BRD094/102/NPB/1300G,PACKLINE 1300 G/M²  KRAFTLINER / KRAFTLINER FSC mix 70%,Various Board,,RM Sheets Box,4-16973, / 4-16973,1300.0,1160.0,775.0,Mix 70%,4-16973,726.0,Apr-26,Mill price: article code,775.0,1160.0,1300.0
BRD094/102/YPL/800G/WW,BOARD 1226 x 775/WHKFT / WHKFTWPENC /800GSM,Various Board,,RM Sheets Box,4-15637, / 4-15637,800.0,775.0,1226.0,Mix 70%,4-15637,786.0,Apr-26,Mill price: article code,1226.0,775.0,800.0
BRD095/102/NPL/900G/WB,BOARD 1310 x 790/WHKFT / BRTKL /900GSM,Various Board,,RM Sheets Box,4-14124, / 4-14124,900.0,790.0,1310.0,Mix 70%,4-14124,664.0,Apr-26,Mill price: article code,790.0,1310.0,900.0
BRD096/102/YPB/1000G/WW,30/74/1000/067/064,Various Board,,RM Sheets Box,,,,,,Mix 70%,,,,No unambiguous Apr-26 mill match,,,
BRD097/102/YPO/1000G/WB,BOARD 1002 x 830/WHTST / BRTKLWPENC /1000GSM,Various Board,,RM Sheets Box,4-14827, / 4-14827,1000.0,830.0,1002.0,Mix 70%,4-14827,763.0,Apr-26,Mill price: article code,1002.0,830.0,1000.0
BRD098/102/YPB/850G/BW,BOARD 776 x 598/BRKFTCPE / WHKFTCPE /850GSM,Various Board,,RM Sheets Box,4-11168, / 4-11168,850.0,598.0,776.0,Mix 70%,4-11168,942.0,Apr-26,Mill price: article code,776.0,598.0,850.0
BRD098/102/YPL/750G/WB,BOARD 786 x 603/WHKFTWPE / BRKFTCPE /750GSM,Various Board,,RM Sheets Box,4-15666, / 4-15666,750.0,603.0,786.0,Mix 70%,4-15666,993.0,Apr-26,Mill price: article code,786.0,603.0,750.0
BRD098/103/YPB/850G/BW,BOARD1164X598/BPEC/W/WPEC/850GSM,Various Board,S142,RM Sheets Box,SHT202024/A,4-16550 / 4-16550,850.0,1164.0,598.0,Mix 70%,4-16550/SHT202024,942.0,Apr-26,Mill price: article code,1164.0,598.0,850.0
BRD098/103/YPL/750G/WB,BOARD1179X603/WPEC/W/BPEC/750GSM,Various Board,S142,RM Sheets Box,SHT202026/A,4-16551 / 4-16551,750.0,1179.0,603.0,Mix 70%,4-16551/SHT202026,993.0,Apr-26,Mill price: article code,1179.0,603.0,750.0
BRD099/102/YPB/900G/BW,BOARD600X1162/900G/BRTKL/BRTKL.WPENC,Various Board,,RM Sheets Box,4-13477,4-13477,900.0,600.0,1162.0,Mix 70%,4-13477,746.0,Apr-26,Mill price: article code,600.0,1162.0,900.0
BRD1020X1220/SHEET,30/00/0930/028/028 LG KRAFTLINER SLIPSHEET,Various Board,,RM SHEET,ADGB1T12,,930.0,1360.0,1100.0,Mix 70%,,,,No unambiguous Apr-26 mill match,,,
BRD1100X1225/SHEET,BOARD1100X1225/SHEET,Various Board,,RM SHEET,4-50061,4-50061,1315.0,1100.0,1225.0,Mix 70%,,,,No unambiguous Apr-26 mill match,,,
BRD1200X1400/SHEET,BOARD1200X1400/SHEET,Various Board,,RM SHEET,,,1315.0,1200.0,1400.0,Mix 70%,,,,No unambiguous Apr-26 mill match,,,
BRD1275X1075/SHEET,HK/HK/HK 1275 / 1075,Various Board,,RM SHEET,4-50059,4-50059 /,,1075.0,1275.0,Mix 70%,,,,No unambiguous Apr-26 mill match,,,
BRD1295X1092/SHEET,BOARD1295X1092/SHEET,Various Board,,FG Bedding,4-50045,4-50045 /,850.0,1092.0,1295.0,,,,,No unambiguous Apr-26 mill match,,,
BRD1295X892/SHEET,BOARD1295X892/SHEET,Various Board,,FG Bedding,4-50070,4-50070 /,850.0,892.0,1295.0,,,,,No unambiguous Apr-26 mill match,,,
BRD1300X1100/SHEET,BOARD1300X1100/SHEET,Various Board,,RM SHEET,,,1500.0,1100.0,1300.0,Mix 70%,,,,No unambiguous Apr-26 mill match,,,
BRD1300X1200/SHEET,SHEET - HK/HK - BRKFL300/BRKFL300/1500/S/1300/1200 - 250/P,Various Board,,RM SHEET,4-50030,4-50030 /,1500.0,1300.0,1200.0,Mix 70%,,,,No unambiguous Apr-26 mill match,,,
BRDF500/101/DPB/850G/BW,BOARD1065X984/850GSM/BK.PE/WK.WPE,Various Board,Solidus,RM Sheets Box,4-15885,4-15555 /,850.0,1065.0,984.0,Mix 70%,4-15555,942.0,Apr-26,Mill price: article code,1065.0,984.0,850.0
BRDF500/101/DPL/700G/WB,BOARD992X1077/700GSM/WK.WPE/WK.WPE,Various Board,Solidus,RM Sheets Box,4-15657,4-15657 /,700.0,992.0,1077.0,Mix 70%,4-15657,1161.0,Apr-26,Mill price: article code,1077.0,992.0,700.0
BRDF500/101/LPB/850G/BW,BOARD710X984/850GSM/BK.PE/WK.PE,Various Board,Solidus,RM Sheets Box,,,850.0,710.0,984.0,Mix 70%,4-11026,942.0,Apr-26,Mill price: unique size/GSM,710.0,984.0,850.0
BRDF500/101/T0144/01/700G/WB,PRINTEDBOARD992X1077/700GSM/WK.WPE/WK.WPE,Printed Board,101,RM Printed Sheet,,4-15657 /,700.0,992.0,1077.0,Mix 70%,4-15657,1161.0,Apr-26,Mill price: article code,1077.0,992.0,700.0
BRDF500/101/YPB/850G/BW,BRD950X710/BPEC/W/WPEC/850GSM,Various Board,,RM Sheets Box,Guillotine Only,,850.0,950.0,710.0,Mix 70%,,,,No unambiguous Apr-26 mill match,,,
BRDF500/102/B/950G/BW,BOARD 830 x 552/BRKFLCPE/WHTSTWPE/950GSM,Various Board,,RM Sheets Box,4-13344, / 4-13344,950.0,552.0,830.0,Mix 70%,4-13344,978.0,Apr-26,Mill price: article code,552.0,830.0,950.0
BRDF500/102/YPB/750G/WB,BOARD 930 x 650/WHKFTWPE / BRKFTCPE /750GSM,Various Board,,RM Sheets Box,4-15872, / 4-15872,750.0,650.0,930.0,Mix 70%,4-15872,993.0,Apr-26,Mill price: article code,650.0,930.0,750.0
BRDF500/102/YPB/850G/BW,BOARD950x710/BPEC/W/WPEC/850GSM,Various Board,,RM Sheets Box,Guillotine Only,,850.0,950.0,710.0,Mix 70%,,,,No unambiguous Apr-26 mill match,,,
BRDF500/102/YPB/950G/WB,BOARD 830 x 552/WHKFTCPE / BRKFTCPE /950GSM,Various Board,,RM Sheets Box,4-14894,4-14894,950.0,552.0,830.0,Mix 70%,4-14894,891.0,Apr-26,Mill price: article code,552.0,830.0,950.0
BRDF500/102/YPL/700G/WW,BOARD 964 x 726/WHKFTWPE / WHKFTWPE /700GSM,Various Board,,RM Sheets Box,4-13575,4-13575,700.0,726.0,964.0,Mix 70%,4-13575,1161.0,Apr-26,Mill price: article code,726.0,964.0,700.0
BRDF500/102/YPL/700G/WW (2),BOARD 726 x 480/WHKFTWPE / WHKFTWPE /700GSM,Various Board,,RM Sheets Box,4-13915, 4-13915,700.0,480.0,726.0,Mix 70%,4-13915,1161.0,Apr-26,Mill price: article code,480.0,726.0,700.0
BRDF500/102/YPL/700G/WW(3),BOARD 718 x 496/WHKFTWPE/WHKFTWPE/700GSM,Various Board,,RM Sheets Box,Guillotine Only,Guillotine Only,700.0,718.0,496.0,Mix 70%,,,,No unambiguous Apr-26 mill match,,,
BRDF500/102/YPL/750G/WB,BOARD 936 x 656/WHKFTWPE / BRKFTCPE /750GSM,Various Board,,RM Sheets Box,4-15653,4-15653,750.0,656.0,936.0,Mix 70%,4-15653,993.0,Apr-26,Mill price: article code,656.0,936.0,750.0
BRDF500/102/YPL/750G/WB(2),BOARD 718 x 992/WPEC/BPEC/750GSM,Various Board,,RM Sheets Box,Guillotine Only,Guillotine Only,750.0,718.0,992.0,Mix 70%,,,,No unambiguous Apr-26 mill match,,,
BRDF500/102/YPL/850G/WB,BOARD 964 x 726/WHKFTCPE / BRKFTCPE /850GSM,Various Board,,RM Sheets Box,4-08664, / 4-08664,850.0,726.0,964.0,Mix 70%,4-08664,942.0,Apr-26,Mill price: article code,726.0,964.0,850.0
BRDF500/103/LPB/750G/WB,BRDF500/103/LPB/750G/WB,Various Board,103,RM Sheets Box,SHT201948/A,,750.0,1065.0,965.0,Mix 70%,,,,No unambiguous Apr-26 mill match,,,
BRDF500/103/YPB/850G/BW,BOARD984X715/BPEC/W/WPEC/850GSM,Various Board,103,RM Sheets Box,SHT201431/A,3-010027 /,850.0,984.0,715.0,Mix 70%,,,,No unambiguous Apr-26 mill match,,,
BRDF500/103/YPB/850G/WB,BOARD998X731/WPEC/W/BPEC/850GSM,Various Board,103,RM Sheets Box,SHT201432/A,3-010029 /,850.0,998.0,731.0,Mix 70%,,,,No unambiguous Apr-26 mill match,,,
BRDF500/103/YPL/800G/WB,BRDF500/103/YPL/800G/WB,Various Board,103,RM Sheets Box,,SHT202095/A /,800.0,964.0,1089.0,Mix 70%,,,,No unambiguous Apr-26 mill match,,,
BRDF500/DPL/G0006/01/700G,PRINTED BOARD FOR LID - GEORGE CAMPBELL SEAFOOD,Various Board,Solidus,RM Sheets Box,4-15657,4-15657 /,700.0,992.0,1077.0,Mix 70%,4-15657,1161.0,Apr-26,Mill price: article code,1077.0,992.0,700.0
BRDF500/DPL/G0147/01/700G,PRINTED BOARD FOR LID -  1/2 STONE 376 x 239 x 60mm 700GGSM,Various Board,Solidus,RM Sheets Box,,,700.0,992.0,1077.0,Mix 70%,4-15657,1161.0,Apr-26,Mill price: unique size/GSM,1077.0,992.0,700.0
BRDF501/101/DPB/950G/BW,BOARD850X1104/950GSM/BK.PE/WTL.WPE,Various Board,Solidus,RM Sheets Box,4-15892,4-15892 /,950.0,850.0,1104.0,Mix 70%,4-15892,978.0,Apr-26,Mill price: article code,1104.0,850.0,950.0
BRDF501/101/DPB/950G/BW (2),BOARD850X1104/950GSM/BK.PE/TKL.NC-WPE,Various Board,Solidus,RM Sheets Box,4-17153,4-17153 /,950.0,850.0,1104.0,Mix 70%,4-15892,978.0,Apr-26,Mill price: unique size/GSM,1104.0,850.0,950.0
BRDF501/101/DPL/750G/WB,*DO NOT ORDER* SEE NEW CODE - BRDF501/DPL/750G/WB,Various Board,Solidus,RM Sheets Box,4-15898,4-15898 /,750.0,866.0,1116.0,Mix 70%,4-15898,993.0,Apr-26,Mill price: article code,1116.0,866.0,750.0
BRDF501/101/DPL/750G/WB (2),BOARD866X1116/750GSM/WK.NC-WPE/BK.PE,Various Board,Solidus,RM Sheets Box,4-17154,4-17154 /,750.0,866.0,1116.0,Mix 70%,4-15898,993.0,Apr-26,Mill price: unique size/GSM,1116.0,866.0,750.0
BRDF501/101/YPB/800G/BW,BOARD830X522/800GSM/BK.PE/WK.WPE,Various Board,Solidus,RM Sheets Box,Guillotine Only,Guillotine Only,800.0,830.0,522.0,Mix 70%,,,,No unambiguous Apr-26 mill match,,,
BRDF501/101/YPB/850G/WB,BOARD930X600/850GSM/WKPE/BKPE,Various Board,Solidus,RM Sheets Box,4-16671/SHT202043,4-16671 /,850.0,600.0,930.0,Mix 70%,4-16671/SHT202043,942.0,Apr-26,Mill price: article code,600.0,930.0,850.0
BRDF501/102/DPL/750G/WB,BOARD846X558/750GSM/WK.PE/BK.PE,Various Board,Solidus,RM Sheets Box,4-17495,4-17495,750.0,846.0,558.0,Mix 70%,4-11441,993.0,Apr-26,Mill price: unique size/GSM,558.0,846.0,750.0
BRDF501/102/LPB/750G/BW,BOARD 830 x 552/BK.CPE/WK.WPE/750GSM,Various Board,,RM Sheets Box,4-17494,4-17494,750.0,830.0,552.0,Mix 70%,,,,No unambiguous Apr-26 mill match,,,
BRDF501/103/YPB/950G/BW,BOARD890X582/BPEC/W/WPEC/950GSM,Various Board,S142,RM Sheets Box,SHT202044/A,4-16672 / 4-16672,950.0,890.0,582.0,Mix 70%,4-16672,978.0,Apr-26,Mill price: article code,582.0,890.0,950.0
BRDF501/DPL/750G/WB,BOARD 846x1116 750G WK.NC+WPE/BK.PE,Various Board,Solidus,RM Sheets Box,4-17697,,750.0,846.0,1116.0,Mix 70%,4-15534,993.0,Apr-26,Mill price: unique size/GSM,846.0,1116.0,750.0
BRDF501/DPL/R0086/01/750G/WB,PRINTED BRD - 866X1166/750GSM/WK.PE/BK.PE/SAPINO,Printed Board,101,RM Printed Sheet,,4-17154,750.0,1116.0,866.0,Mix 70%,4-15898,993.0,Apr-26,Mill price: unique size/GSM,1116.0,866.0,750.0
BRDF502/101/DPB/950G/BW,BOARD1100X700/950GSM/KL.PE/WTL.WPE,Various Board,Solidus,RM Sheets Box,4-15671,4-15671,950.0,1100.0,700.0,Mix 70%,4-15671,978.0,Apr-26,Mill price: article code,700.0,1100.0,950.0
BRDF502/101/DPL/750G/WB,BOARD708X1124/750GSM/WK.WPE/BK.PE,Various Board,Solidus,RM Sheets Box,4-15535,4-15535 /,750.0,708.0,1124.0,Mix 70%,4-15535,993.0,Apr-26,Mill price: article code,1124.0,708.0,750.0
BRDF502/101/T0144/01/750G/WB,PRINTED BOARD - THE FISHRICH SEAFOOD COMPANY 2 STONE LID 750,Printed Board,,RM Printed Sheet,,4-15535 /,750.0,780.0,1124.0,Mix 70%,4-15535,993.0,Apr-26,Mill price: article code,1124.0,708.0,750.0
BRDF502/102/DPL/750G/WB,BOARD708X1116/750GSM/WK.WPE/BK.PE,Various Board,,RM Sheets Box,4-17496,4-17496,750.0,708.0,1116.0,Mix 70%,4-11633,993.0,Apr-26,Mill price: unique size/GSM,1116.0,708.0,750.0
BRDF502/102/LPB/950G/BW,BOARD 1100 x 700/BRKFLCPE/WHTSTWPE/950GSM,Various Board,,RM Sheets Box,4-15671,4-15671,950.0,700.0,1100.0,Mix 70%,4-15671,978.0,Apr-26,Mill price: article code,700.0,1100.0,950.0
BRDF502/102/YPL/750G/WB,BOARD 1116 x 708/WHKFTWPE / BRKFTCPE /750GSM,Various Board,,RM Sheets Box,,,750.0,708.0,1116.0,Mix 70%,4-11633,993.0,Apr-26,Mill price: unique size/GSM,1116.0,708.0,750.0
BRDF502/102/YPL/800G/WB,BOARD 1116 x 708/WHKFT / WHKFTWPENC /800GSM,Various Board,,RM Sheets Box,4-14245, / 4-14245,800.0,708.0,1116.0,Mix 70%,4-14245,786.0,Apr-26,Mill price: article code,1116.0,708.0,800.0
BRDF502/102/YPL/850G/WB,BOARD 1116 x 708/WHKFTCPE / BRKFTCPE /850GSM,Various Board,,RM Sheets Box,4-08663, / 4-08663,850.0,708.0,1116.0,Mix 70%,4-08663,942.0,Apr-26,Mill price: article code,1116.0,708.0,850.0
BRDF502/DPL/R0086/01/750G/WB,PRINTED BRD - 708X1124/750GSM/WK.PE/BK.PE/SAPIN0,Printed Board,101,RM Printed Sheet,,4-15535,750.0,1124.0,708.0,Mix 70%,4-15535,993.0,Apr-26,Mill price: article code,1124.0,708.0,750.0
BRDF503/101/DPB/700G/BW,BOARD584X1212/700GSM/BK.PE/WK.PE,Various Board,Solidus,RM Sheets Box,4-15379,4-15379 /,700.0,584.0,1212.0,Mix 70%,,,,No unambiguous Apr-26 mill match,,,
BRDF503/101/DPL/700G/WB,BOARD594X1242/700GSM/WK.WPE/WK.WPE,Various Board,Solidus,RM Sheets Box,4-15658,4-15658 /,700.0,594.0,1242.0,Mix 70%,4-15658,1161.0,Apr-26,Mill price: article code,594.0,1242.0,700.0
BRDF503/103/YPB/700G/BW,BOARD1188X833/BPEC/W/WPEC/700GSM,Various Board,103,RM Sheets Box,SHT201435/A,3-010030 /,700.0,1188.0,833.0,Mix 70%,,,,No unambiguous Apr-26 mill match,,,
BRDF503/103/YPB/700G/WB,BOARD1208X853/WPEC/W/BPEC/700GSM,Various Board,103,RM Sheets Box,SHT201436/A,3-010031 /,700.0,1208.0,853.0,Mix 70%,,,,No unambiguous Apr-26 mill match,,,
BRDF504/101/NPB/900G/BB,BRDF504/101/NPB/900G/BB,Various Board,,RM Sheets Box,4-14416,,900.0,984.0,715.0,Mix 70%,4-14416,610.0,Apr-26,Mill price: article code,1216.0,808.0,900.0
BRDF504/101/NPL/750G/WB,BOARD 1234 x 816/WHKFT/BRTKL/750GSM,Various Board,,RM Sheets Box,4-14417,4-14417,750.0,816.0,1234.0,Mix 70%,4-14417,690.0,Apr-26,Mill price: article code,816.0,1234.0,750.0
BRDF504/101/NPL/L0136/01/WB,PRINTED BOARD - LUNAR 750GSM WHITE KRAFT / TK-LINER WB,Various Board,,RM Printed Sheet,,,750.0,984.0,715.0,Mix 70%,,,,No unambiguous Apr-26 mill match,,,
BRDF504/102/NPL/750G/WB,BOARD 1234 x 816/WHKFT / BRTKL /750GSM,Various Board,,RM Sheets Box,,,750.0,816.0,1234.0,Mix 70%,4-14417,690.0,Apr-26,Mill price: unique size/GSM,816.0,1234.0,750.0
BRDF505/102/DPL/750G/WB,BOARD1020X794/WK.CWPE/BK.PE/750G,Various Board,,RM Sheets Box,4-17497,4-17497,750.0,1020.0,794.0,Mix 70%,,,,No unambiguous Apr-26 mill match,,,
BRDF505/102/LPB/850G/BW,BOARD1002X788/BK.CPE/WK.WPE/850G,Various Board,,RM Sheets Box,4-17498,4-17498,850.0,1002.0,788.0,Mix 70%,,,,No unambiguous Apr-26 mill match,,,
BRDF506/DPB/850G/BW,BOARD800x1220/850GSM/BK.PE/WK.WPE SAPINO,Various Board,101,RM Sheets Box,4-17757,4-17757,850.0,800.0,1220.0,Mix 70%,,,,No unambiguous Apr-26 mill match,,,
BRDF506/DPL/750G/WB,BOARD1236x816/750GSM/WK+WPE/BK+BPE SAPINO,Various Board,,RM Sheets Box,4-17758,4-17758,750.0,816.0,1236.0,Mix 70%,,,,No unambiguous Apr-26 mill match,,,
BRDF506/DPL/G0147/01/750G/WB,PRINTED BOARD FOR LID - GRAMPIAN AGD DUFF TALLSHIP 478x268x,Printed Board,,RM PRINTED BRD,,TBC,,816.0,1236.0,Mix 70%,,,,No unambiguous Apr-26 mill match,,,
BRDLUC/101/MATP12/450G/LUC,BOARD1090x720/450G/LUC,Matt Protectors,,RM Tonnes Mattprot,4-16939,4-16939 / 4-16939,450.0,,,Mix 70%,4-16939,709.0,Apr-26,Mill price: article code,1090.0,720.0,450.0
BRDMAP001/EX/YPP/500G,MAP EX - 1272x870 Short Grain BK-PE/S/BK-PE,Various Board,,RM MAP,,,500.0,1272.0,870.0,,,,,No unambiguous Apr-26 mill match,,,
BRDMAP001/IN/YPK/500G,MAP IN - 725x982 Short Grain BK-PE/S/BK,Various Board,,RM MAP,,,500.0,725.0,982.0,,,,,No unambiguous Apr-26 mill match,,,
BRDMAP002/EX/YPP/500G,MAP EX - 636x870 Short Grain BK-PE/S/BK-PE,Various Board,,RM MAP,,,500.0,636.0,870.0,,,,,No unambiguous Apr-26 mill match,,,
BRDMAP002/IN/YPK/500G,MAP IN - 767x1071 Short Grain BK-PE/S/BK,Various Board,,RM MAP,,,500.0,767.0,1071.0,,,,,No unambiguous Apr-26 mill match,,,
BRDS027/101/NPB/850G/BW,BOARD1148X660/850GSM/TKL/WK,Various Board,Solidus,RM Sheets Box,4-13510,4-13510 /,850.0,1148.0,660.0,Mix 70%,4-13510,647.0,Apr-26,Mill price: article code,1148.0,660.0,850.0
BRDS027/102/NPB/850G/BW,BOARD 1148 x 660/BRTKL / WHKFT /850GSM,Various Board,,RM Sheets Box,4-13510, / 4-13510,850.0,660.0,1148.0,Mix 70%,4-13510,647.0,Apr-26,Mill price: article code,1148.0,660.0,850.0
BRDS034/102/NPB/1000G/BB,UNPRINTED BOARD - CRANSWICK PIG HEAD DKS 52x39x23 1000GSM,Various Board,,RM Sheets Box,,,,,,Mix 70%,,,,No unambiguous Apr-26 mill match,,,
BRDS034/102/NPB/1200G/BB,BOARD 970 x 840/BRTKL / BRTKL /1200GSM,Various Board,,RM Sheets Box,4-17434,4-17434,1200.0,840.0,970.0,Mix 70%,,,,No unambiguous Apr-26 mill match,,,
BRDS034/102/NPB/1250G/BB,BOARD 970 x 840/BRTKL / BRTKL /1250GSM,Various Board,,RM Sheets Box,4-13914,4-13914,1250.0,840.0,970.0,Mix 70%,4-13914,626.0,Apr-26,Mill price: article code,840.0,970.0,1250.0
BRDS034/102/NPL/1000G/WB,BOARD 980 x 850/WHKFT / BRTKL /1000GSM,Various Board,,RM Sheets Box,4-16167, / 4-16167,1000.0,850.0,980.0,Mix 70%,4-16167,664.0,Apr-26,Mill price: article code,980.0,850.0,1000.0
BRDS034/102/YPB/1000G/BB,BOARD 990 x 820/BRTKL / BRTKLWPENC /1000GSM,Various Board,,RM Sheets Box,4-15388, / 4-15388,1000.0,820.0,990.0,Mix 70%,4-15388,730.0,Apr-26,Mill price: article code,820.0,990.0,1000.0
BRDS034/103/NPL/1000G/WB,BOARD980X850/WCC/NW/BK/1000GSM,Various Board,S142,RM Sheets Box,SHT201986/A,4-16167 / 4-16167,1000.0,980.0,850.0,Mix 70%,4-16167,664.0,Apr-26,Mill price: article code,980.0,850.0,1000.0
BRDS034/NPL/C9999/03/1000G/WB,PRINTED BRD - PTD PIG HEAD LID (NAV32412) 520x390x230 1000G,Printed Board,,RM DCB,,4-16167 /,1000.0,850.0,980.0,Mix 70%,4-16167,664.0,Apr-26,Mill price: article code,980.0,850.0,1000.0
BRDS034/NPL/C9999/04/1000G/WB,PRINTED BRD - PTD WATTON PIG HEAD LID 520x390x230 1000G,Glued Lid 4PT No Pol,,FG Box,,4-16167 /,1000.0,850.0,980.0,Mix 70%,4-16167,664.0,Apr-26,Mill price: article code,980.0,850.0,1000.0
BRDTS003/102/YPK/550G/BB,1SPE BOARD892X990/550G/BK/BK+PES,Various Board,,RM Sheets Box,PUNTS003,PUNTS003,550.0,990.0,892.0,Mix 70%,,,,No unambiguous Apr-26 mill match,,,
BRDTS003/102/YPP/564G/BB,M&S 2 SPE HSM BOARD892X990/564G/BK/BK+PES,Various Board,,RM Sheets Box,,,564.0,990.0,892.0,Mix 70%,,,,No unambiguous Apr-26 mill match,,,
BRDTS003/102/YPP/564G/BB-HSM,**REPLACED WITH BRDTS003/102/YPP/564G/BB**,Various Board,,RM Sheets Box,,,564.0,995.0,887.0,Mix 70%,,,,No unambiguous Apr-26 mill match,,,
BRDTS003/YPK/550G/WB,"1 SIDE PE, HARD SIZE MIDDLE 550GSM White KRAFT + BROWN KRAFT",Various Board,,RM Sheets Box,PUNTS003/02,BRDTS003/YPK/550G/WB,550.0,990.0,892.0,Mix 70%,,,,No unambiguous Apr-26 mill match,,,
BRDTS003/YPK/M0166/01/550G/BB,PRINTED BRD - 350g CHESNUT 1SPE BOARD892X990/550G/BK/BK+PES,Various Board,,RM Printed Sheet,,BRDTS003/102/YPK/550G/BB,550.0,990.0,892.0,Mix 70%,,,,No unambiguous Apr-26 mill match,,,
BRDTS003/YPK/M0166/02/550G/BB,PRINTED BRD - 350g ORGANIC MUSHROOM 892X990 550G WK/BK+PES,Various Board,,RM Printed Sheet,,BRDTS003/102/YPK/550G/BB,550.0,990.0,892.0,Mix 70%,,,,No unambiguous Apr-26 mill match,,,
BRDTS004/YPK/564G/BB,1 SPE HSM BOARD711X830/564G/BK/BK+PES,Various Board,,RM Sheets Box,PUNTS004,,564.0,830.0,711.0,Mix 70%,,,,No unambiguous Apr-26 mill match,,,
BRDTS004/YPK/M0166/01/550G/BB,PRINTED BRD - 250g BABY CHESNUT 1SPE 711X830/550G/BK/BK+PES,Various Board,,RM Sheets Box,,BRDTS004/YPK/564G/BB,550.0,830.0,711.0,Mix 70%,,,,No unambiguous Apr-26 mill match,,,
BRDTS005/YPK/550G/BB,1SPE BOARD1003X995/550G/BK/BK+PE,Various Board,,RM Sheets Box,PUNTS005,TBC,550.0,1003.0,995.0,Mix 70%,,,,No unambiguous Apr-26 mill match,,,
BRDTS005/YPK/M0166/01/550G/BB,PRINTED BRD - 1SPE 250g SQUARE BOARD1003X995/550G/BK/BK+PE,Various Board,,RM Printed Sheet,,TBC,550.0,1003.0,995.0,Mix 70%,,,,No unambiguous Apr-26 mill match,,,
BRDTS005/YPP/550G/BB,!OBSOLETE DO NOT USE! 1SPE BOARD1000X995/550G/BK/BK+PE,Various Board,,RM Sheets Box,,,550.0,1000.0,995.0,Mix 70%,,,,No unambiguous Apr-26 mill match,,,
