bom_code,bom_description,cost_type,process_group,machine_bucket,source_line_type,line_sequence,operation_reference,operation_description,cost_code,cost_description,unit_of_measure,quantity,run_hours,system_quantity_per_run,override_speed,effective_quantity_per_run,supplier_list_price,standard_cost,fallback_last_price,cost_rate,unit_cost,extended_cost,is_informational_row,bom_print_machine,bom_die_cut_machine,bom_fold_glue_machine,bom_other_machine,bom_machine_total,bom_labour,bom_materials,bom_total_unit_cost
BOX001/101/LPB/1000G/1240P,BOX001/101/LPB/1000G/1240P,Material,,,0,1,,,0-FACTORY/101/BANDING/01,Factory Banding 101,COIL,0.03,,,,,41.39,0,36.2,,41.39,1.2417,0,0,26.68,40.24,0,66.92,51.09,488.26,606.27
BOX001/101/LPB/1000G/1240P,BOX001/101/LPB/1000G/1240P,Material,,,0,2,,,0-FACTORY/101/LAYERCARD,Factory Layercard 101 Testliner 150GSM 1100x930,1000,0.004,,,,,187,0,210,,187,0.748,0,0,26.68,40.24,0,66.92,51.09,488.26,606.27
BOX001/101/LPB/1000G/1240P,BOX001/101/LPB/1000G/1240P,Material,,,0,3,,,0-FACTORY/101/STRETCHWRAP,STRETCHWRAP,Tonne,1e-05,,,,,2440,0,2440,,2440,0.0244,0,0,26.68,40.24,0,66.92,51.09,488.26,606.27
BOX001/101/LPB/1000G/1240P,BOX001/101/LPB/1000G/1240P,Material,,,0,4,,,0-PALLETS/101/Std1000x1200,Pallet 1000x1200 101,1000,0.001,,,,,4750,0,4750,,4750,4.75,0,0,26.68,40.24,0,66.92,51.09,488.26,606.27
BOX001/101/LPB/1000G/1240P,BOX001/101/LPB/1000G/1240P,Material,,,0,5,,,0-TOPSHEET/101/1500mmx50UMS,Topsheet 101,Tonne,1e-05,,,,,2347,0,1820,,2347,0.02347,0,0,26.68,40.24,0,66.92,51.09,488.26,606.27
BOX001/101/LPB/1000G/1240P,BOX001/101/LPB/1000G/1240P,Material,,,2,6,,,BRD001/101/LPB/1000G/BW,BOARD1358x878/1000GSM/BK/TKL.WPE,Tonne,0.596,,,,,794,0,730,,794,473.224,0,0,26.68,40.24,0,66.92,51.09,488.26,606.27
BOX001/101/LPB/1000G/1240P,BOX001/101/LPB/1000G/1240P,Material,,,0,7,,,PLASTOMELT9799,PLASTOMELT9799,Tonne,0.003,,,,,2750,0,2518.65105,,2750,8.25,0,0,26.68,40.24,0,66.92,51.09,488.26,606.27
BOX001/101/LPB/1000G/1240P,BOX001/101/LPB/1000G/1240P,Labour,Diecutter,,0,20,DIE CUTTING,DIE CUTTING,101 DIE CUTTER OPERATOR,101 Die Cutter Operator,,,1,8,6.671371,6.671371,,,,136.57,136.57,20.47105,0,0,26.68,40.24,0,66.92,51.09,488.26,606.27
BOX001/101/LPB/1000G/1240P,BOX001/101/LPB/1000G/1240P,Machine,Diecutter,Die Cut,0,20,DIE CUTTING,DIE CUTTING,101 DIE CUTTER #1,101 Die Cutter #1,,,1,8,6.671371,6.671371,,,,177.99,177.99,26.67967,0,0,26.68,40.24,0,66.92,51.09,488.26,606.27
BOX001/101/LPB/1000G/1240P,BOX001/101/LPB/1000G/1240P,Labour,Folder Gluer,,0,30,FOLDER GLUER,FOLDER GLUER,101 FOLDER GLUER OPERATOR,101 Folder Gluer Operator,,,1,10,4.423527,4.423527,,,,135.43,135.43,30.61584,0,0,26.68,40.24,0,66.92,51.09,488.26,606.27
BOX001/101/LPB/1000G/1240P,BOX001/101/LPB/1000G/1240P,Machine,Folder Gluer,Fold Glue,0,30,FOLDER GLUER,FOLDER GLUER,101 FOLDER GLUER OMEGA,101 Folder Gluer Omega,,,1,10,4.423527,4.423527,,,,177.99,177.99,40.23712,0,0,26.68,40.24,0,66.92,51.09,488.26,606.27
BOX001/101/LPB/1250G/1000P,BOX001/101/LPB/1250G/1000P,Material,,,0,1,,,0-FACTORY/101/BANDING/01,Factory Banding 101,COIL,0.03,,,,,41.39,0,36.2,,41.39,1.2417,0,0,26.67,28.01,0,54.68,41.77,609.38,705.83
BOX001/101/LPB/1250G/1000P,BOX001/101/LPB/1250G/1000P,Material,,,0,2,,,0-FACTORY/101/LAYERCARD,Factory Layercard 101 Testliner 150GSM 1100x930,1000,0.004,,,,,187,0,210,,187,0.748,0,0,26.67,28.01,0,54.68,41.77,609.38,705.83
BOX001/101/LPB/1250G/1000P,BOX001/101/LPB/1250G/1000P,Material,,,0,3,,,0-FACTORY/101/STRETCHWRAP,STRETCHWRAP,Tonne,1e-05,,,,,2440,0,2440,,2440,0.0244,0,0,26.67,28.01,0,54.68,41.77,609.38,705.83
BOX001/101/LPB/1250G/1000P,BOX001/101/LPB/1250G/1000P,Material,,,0,4,,,0-PALLETS/101/Std1000x1200,Pallet 1000x1200 101,1000,0.001,,,,,4750,0,4750,,4750,4.75,0,0,26.67,28.01,0,54.68,41.77,609.38,705.83
BOX001/101/LPB/1250G/1000P,BOX001/101/LPB/1250G/1000P,Material,,,0,5,,,0-TOPSHEET/101/1500mmx50UMS,Topsheet 101,Tonne,1e-05,,,,,2347,0,1820,,2347,0.02347,0,0,26.67,28.01,0,54.68,41.77,609.38,705.83
BOX001/101/LPB/1250G/1000P,BOX001/101/LPB/1250G/1000P,Material,,,0,6,,,BRD001/101/LPB/1250G/WW,BOARD876X1360/1250GSM/WKL/TKL.WPE,Tonne,0.73466,,,,,809,0,809,,809,594.33994,0,0,26.67,28.01,0,54.68,41.77,609.38,705.83
BOX001/101/LPB/1250G/1000P,BOX001/101/LPB/1250G/1000P,Material,,,0,7,,,PLASTOMELT9799,PLASTOMELT9799,Tonne,0.003,,,,,2750,0,2518.65105,,2750,8.25,0,0,26.67,28.01,0,54.68,41.77,609.38,705.83
BOX001/101/LPB/1250G/1000P,BOX001/101/LPB/1250G/1000P,Labour,Diecutter,,0,20,DIE CUTTING,DIE CUTTING,101 DIE CUTTER OPERATOR,101 Die Cutter Operator,,,1,8,6.674644,6.674644,,,,136.57,136.57,20.46102,0,0,26.67,28.01,0,54.68,41.77,609.38,705.83
BOX001/101/LPB/1250G/1000P,BOX001/101/LPB/1250G/1000P,Machine,Diecutter,Die Cut,0,20,DIE CUTTING,DIE CUTTING,101 DIE CUTTER #3,101 Die Cutter #3,,,1,8,6.674644,6.674644,,,,177.99,177.99,26.66659,0,0,26.67,28.01,0,54.68,41.77,609.38,705.83
BOX001/101/LPB/1250G/1000P,BOX001/101/LPB/1250G/1000P,Labour,Folder Gluer,,0,30,FOLDER GLUER,FOLDER GLUER,101 FOLDER GLUER OPERATOR,101 Folder Gluer Operator,,,1,10,6.354603,6.354603,,,,135.43,135.43,21.31211,0,0,26.67,28.01,0,54.68,41.77,609.38,705.83
BOX001/101/LPB/1250G/1000P,BOX001/101/LPB/1250G/1000P,Machine,Folder Gluer,Fold Glue,0,30,FOLDER GLUER,FOLDER GLUER,101 FOLDER GLUER DOMINO,101 Folder Gluer Domino,,,1,10,6.354603,6.354603,,,,177.99,177.99,28.00962,0,0,26.67,28.01,0,54.68,41.77,609.38,705.83
BOX001/101/NPB/1050G/1000P,BOX001/101/NPB/1050G/1000P,Material,,,0,1,,,0-FACTORY/101/BANDING/01,Factory Banding 101,COIL,0.03,,,,,41.39,0,36.2,,41.39,1.2417,0,0,26.78,30.95,0,57.73,44.1,381.38,483.21
BOX001/101/NPB/1050G/1000P,BOX001/101/NPB/1050G/1000P,Material,,,0,2,,,0-FACTORY/101/LAYERCARD,Factory Layercard 101 Testliner 150GSM 1100x930,1000,0.004,,,,,187,0,210,,187,0.748,0,0,26.78,30.95,0,57.73,44.1,381.38,483.21
BOX001/101/NPB/1050G/1000P,BOX001/101/NPB/1050G/1000P,Material,,,0,3,,,0-FACTORY/101/STRETCHWRAP,STRETCHWRAP,Tonne,1e-05,,,,,2440,0,2440,,2440,0.0244,0,0,26.78,30.95,0,57.73,44.1,381.38,483.21
BOX001/101/NPB/1050G/1000P,BOX001/101/NPB/1050G/1000P,Material,,,0,4,,,0-PALLETS/101/Std1000x1200,Pallet 1000x1200 101,1000,0.001,,,,,4750,0,4750,,4750,4.75,0,0,26.78,30.95,0,57.73,44.1,381.38,483.21
BOX001/101/NPB/1050G/1000P,BOX001/101/NPB/1050G/1000P,Material,,,0,5,,,0-TOPSHEET/101/1500mmx50UMS,Topsheet 101,Tonne,1e-05,,,,,2347,0,1820,,2347,0.02347,0,0,26.78,30.95,0,57.73,44.1,381.38,483.21
BOX001/101/NPB/1050G/1000P,BOX001/101/NPB/1050G/1000P,Material,,,0,6,,,BRD001/101/NPB/1050G/BB,BOARD1360X876/1050GSM/TKL/TKL,Tonne,0.59568,,,,,615,0,577,,615,366.3432,0,0,26.78,30.95,0,57.73,44.1,381.38,483.21
BOX001/101/NPB/1050G/1000P,BOX001/101/NPB/1050G/1000P,Material,,,0,7,,,PLASTOMELT9799,PLASTOMELT9799,Tonne,0.003,,,,,2750,0,2518.65105,,2750,8.25,0,0,26.78,30.95,0,57.73,44.1,381.38,483.21
BOX001/101/NPB/1050G/1000P,BOX001/101/NPB/1050G/1000P,Labour,Diecutter,,0,20,DIE CUTTING,DIE CUTTING,101 DIE CUTTER OPERATOR,101 Die Cutter Operator,,,1,8,6.645214,6.645214,,,,136.57,136.57,20.55163,0,0,26.78,30.95,0,57.73,44.1,381.38,483.21
BOX001/101/NPB/1050G/1000P,BOX001/101/NPB/1050G/1000P,Machine,Diecutter,Die Cut,0,20,DIE CUTTING,DIE CUTTING,101 DIE CUTTER #1,101 Die Cutter #1,,,1,8,6.645214,6.645214,,,,177.99,177.99,26.78469,0,0,26.78,30.95,0,57.73,44.1,381.38,483.21
BOX001/101/NPB/1050G/1000P,BOX001/101/NPB/1050G/1000P,Labour,Folder Gluer,,0,30,FOLDER GLUER,FOLDER GLUER,101 FOLDER GLUER OPERATOR,101 Folder Gluer Operator,,,1,10,5.751287,5.751287,,,,135.43,135.43,23.54777,0,0,26.78,30.95,0,57.73,44.1,381.38,483.21
BOX001/101/NPB/1050G/1000P,BOX001/101/NPB/1050G/1000P,Machine,Folder Gluer,Fold Glue,0,30,FOLDER GLUER,FOLDER GLUER,101 FOLDER GLUER DOMINO,101 Folder Gluer Domino,,,1,10,5.751287,5.751287,,,,177.99,177.99,30.94786,0,0,26.78,30.95,0,57.73,44.1,381.38,483.21
BOX001/101/NPBH/1000G/1000P,BOX001/101/NPBH/1000G/1000P,Material,,,0,1,,,0-FACTORY/101/BANDING/01,Factory Banding 101,COIL,0.03,,,,,41.39,0,36.2,,41.39,1.2417,0,0,27.43,29.41,0,56.84,43.43,378.6,478.87
BOX001/101/NPBH/1000G/1000P,BOX001/101/NPBH/1000G/1000P,Material,,,0,2,,,0-FACTORY/101/LAYERCARD,Factory Layercard 101 Testliner 150GSM 1100x930,1000,0.004,,,,,187,0,210,,187,0.748,0,0,27.43,29.41,0,56.84,43.43,378.6,478.87
BOX001/101/NPBH/1000G/1000P,BOX001/101/NPBH/1000G/1000P,Material,,,0,3,,,0-FACTORY/101/STRETCHWRAP,STRETCHWRAP,Tonne,1e-05,,,,,2440,0,2440,,2440,0.0244,0,0,27.43,29.41,0,56.84,43.43,378.6,478.87
BOX001/101/NPBH/1000G/1000P,BOX001/101/NPBH/1000G/1000P,Material,,,0,4,,,0-PALLETS/101/Std1000x1200,Pallet 1000x1200 101,1000,0.001,,,,,4750,0,4750,,4750,4.75,0,0,27.43,29.41,0,56.84,43.43,378.6,478.87
BOX001/101/NPBH/1000G/1000P,BOX001/101/NPBH/1000G/1000P,Material,,,0,5,,,0-TOPSHEET/101/1500mmx50UMS,Topsheet 101,Tonne,1e-05,,,,,2347,0,1820,,2347,0.02347,0,0,27.43,29.41,0,56.84,43.43,378.6,478.87
BOX001/101/NPBH/1000G/1000P,BOX001/101/NPBH/1000G/1000P,Material,,,0,6,,,BRD001/101/NPB/1000G/BB,BOARD1360X876/1000GSM/TKL/TKL,Tonne,0.596,,,,,610,0,596,,610,363.56,0,0,27.43,29.41,0,56.84,43.43,378.6,478.87
BOX001/101/NPBH/1000G/1000P,BOX001/101/NPBH/1000G/1000P,Material,,,0,7,,,PLASTOMELT9799,PLASTOMELT9799,Tonne,0.003,,,,,2750,0,2518.65105,,2750,8.25,0,0,27.43,29.41,0,56.84,43.43,378.6,478.87
BOX001/101/NPBH/1000G/1000P,BOX001/101/NPBH/1000G/1000P,Labour,Diecutter,,0,20,DIE CUTTING,DIE CUTTING,101 DIE CUTTER OPERATOR,101 Die Cutter Operator,,,1,8,6.487945,6.487945,,,,136.57,136.57,21.04981,0,0,27.43,29.41,0,56.84,43.43,378.6,478.87
BOX001/101/NPBH/1000G/1000P,BOX001/101/NPBH/1000G/1000P,Machine,Diecutter,Die Cut,0,20,DIE CUTTING,DIE CUTTING,101 DIE CUTTER #1,101 Die Cutter #1,,,1,8,6.487945,6.487945,,,,177.99,177.99,27.43396,0,0,27.43,29.41,0,56.84,43.43,378.6,478.87
BOX001/101/NPBH/1000G/1000P,BOX001/101/NPBH/1000G/1000P,Labour,Folder Gluer,,0,30,FOLDER GLUER,FOLDER GLUER,101 FOLDER GLUER OPERATOR,101 Folder Gluer Operator,,,1,10,6.052393,6.052393,,,,135.43,135.43,22.37627,0,0,27.43,29.41,0,56.84,43.43,378.6,478.87
BOX001/101/NPBH/1000G/1000P,BOX001/101/NPBH/1000G/1000P,Machine,Folder Gluer,Fold Glue,0,30,FOLDER GLUER,FOLDER GLUER,101 FOLDER GLUER DOMINO,101 Folder Gluer Domino,,,1,10,6.052393,6.052393,,,,177.99,177.99,29.4082,0,0,27.43,29.41,0,56.84,43.43,378.6,478.87
BOX001/101/NPL/1000G/1000P,BOX001/101/NPL/1000G/1000P,Material,,,0,1,,,0-FACTORY/101/BANDING/01,Factory Banding 101,COIL,0.03,,,,,41.39,0,36.2,,41.39,1.2417,0,0,28.92,32.73,0,61.65,47.09,420.51,529.25
BOX001/101/NPL/1000G/1000P,BOX001/101/NPL/1000G/1000P,Material,,,0,2,,,0-FACTORY/101/LAYERCARD,Factory Layercard 101 Testliner 150GSM 1100x930,1000,0.004,,,,,187,0,210,,187,0.748,0,0,28.92,32.73,0,61.65,47.09,420.51,529.25
BOX001/101/NPL/1000G/1000P,BOX001/101/NPL/1000G/1000P,Material,,,0,3,,,0-FACTORY/101/STRETCHWRAP,STRETCHWRAP,Tonne,1e-05,,,,,2440,0,2440,,2440,0.0244,0,0,28.92,32.73,0,61.65,47.09,420.51,529.25
BOX001/101/NPL/1000G/1000P,BOX001/101/NPL/1000G/1000P,Material,,,0,4,,,0-PALLETS/101/Std1000x1200,Pallet 1000x1200 101,1000,0.001,,,,,4750,0,4750,,4750,4.75,0,0,28.92,32.73,0,61.65,47.09,420.51,529.25
BOX001/101/NPL/1000G/1000P,BOX001/101/NPL/1000G/1000P,Material,,,0,5,,,0-TOPSHEET/101/1500mmx50UMS,Topsheet 101,Tonne,1e-05,,,,,2347,0,1820,,2347,0.02347,0,0,28.92,32.73,0,61.65,47.09,420.51,529.25
BOX001/101/NPL/1000G/1000P,BOX001/101/NPL/1000G/1000P,Material,,,0,6,,,BRD001/101/NPL/1000G/WB,BOARD885X1380/1000GSM/WT/BT,Tonne,0.61065,,,,,664,0,664,,664,405.4716,0,0,28.92,32.73,0,61.65,47.09,420.51,529.25
BOX001/101/NPL/1000G/1000P,BOX001/101/NPL/1000G/1000P,Material,,,0,7,,,PLASTOMELT9799,PLASTOMELT9799,Tonne,0.003,,,,,2750,0,2518.65105,,2750,8.25,0,0,28.92,32.73,0,61.65,47.09,420.51,529.25
BOX001/101/NPL/1000G/1000P,BOX001/101/NPL/1000G/1000P,Labour,Diecutter,,0,20,DIE CUTTING,DIE CUTTING,101 DIE CUTTER OPERATOR,101 Die Cutter Operator,,,1,8,6.155371,6.155371,,,,136.57,136.57,22.18713,0,0,28.92,32.73,0,61.65,47.09,420.51,529.25
BOX001/101/NPL/1000G/1000P,BOX001/101/NPL/1000G/1000P,Machine,Diecutter,Die Cut,0,20,DIE CUTTING,DIE CUTTING,101 DIE CUTTER #1,101 Die Cutter #1,,,1,8,6.155371,6.155371,,,,177.99,177.99,28.91621,0,0,28.92,32.73,0,61.65,47.09,420.51,529.25
BOX001/101/NPL/1000G/1000P,BOX001/101/NPL/1000G/1000P,Labour,Folder Gluer,,0,30,FOLDER GLUER,FOLDER GLUER,101 FOLDER GLUER OPERATOR,101 Folder Gluer Operator,,,1,10,5.438229,5.438229,,,,135.43,135.43,24.90333,0,0,28.92,32.73,0,61.65,47.09,420.51,529.25
BOX001/101/NPL/1000G/1000P,BOX001/101/NPL/1000G/1000P,Machine,Folder Gluer,Fold Glue,0,30,FOLDER GLUER,FOLDER GLUER,101 FOLDER GLUER DOMINO,101 Folder Gluer Domino,,,1,10,5.438229,5.438229,,,,177.99,177.99,32.72941,0,0,28.92,32.73,0,61.65,47.09,420.51,529.25
BOX001/101/NPL/D9999/01/1000G,PRINTED LID - STD LID RED HEREFORD (ROI) NO POLY 5,Material,,,0,1,,,0-FACTORY/101/BANDING/01,Factory Banding 101,COIL,0.03,,,,,41.39,0,36.2,,41.39,1.2417,0,29.67,22.25,17.8,0,69.71,89.96,457.58,617.25
BOX001/101/NPL/D9999/01/1000G,PRINTED LID - STD LID RED HEREFORD (ROI) NO POLY 5,Material,,,0,2,,,0-FACTORY/101/LAYERCARD,Factory Layercard 101 Testliner 150GSM 1100x930,1000,0.004,,,,,187,0,210,,187,0.748,0,29.67,22.25,17.8,0,69.71,89.96,457.58,617.25
BOX001/101/NPL/D9999/01/1000G,PRINTED LID - STD LID RED HEREFORD (ROI) NO POLY 5,Material,,,0,3,,,0-FACTORY/101/STRETCHWRAP,STRETCHWRAP,Tonne,0.0001,,,,,2440,0,2440,,2440,0.244,0,29.67,22.25,17.8,0,69.71,89.96,457.58,617.25
BOX001/101/NPL/D9999/01/1000G,PRINTED LID - STD LID RED HEREFORD (ROI) NO POLY 5,Material,,,0,4,,,0-PALLETS/101/Std1000x1200,Pallet 1000x1200 101,1000,0.001,,,,,4750,0,4750,,4750,4.75,0,29.67,22.25,17.8,0,69.71,89.96,457.58,617.25
BOX001/101/NPL/D9999/01/1000G,PRINTED LID - STD LID RED HEREFORD (ROI) NO POLY 5,Material,,,0,5,,,0-TOPSHEET/101/1400mmx50UMS,Topsheet 101,Tonne,0.001,,,,,1945,0,,,1945,1.945,0,29.67,22.25,17.8,0,69.71,89.96,457.58,617.25
BOX001/101/NPL/D9999/01/1000G,PRINTED LID - STD LID RED HEREFORD (ROI) NO POLY 5,Material,,,0,6,,,BRD001/103/NPL/1000G/WW,BOARD1410x920/WCC/NW/WK/1000GSM,Tonne,0.6238,,,,,706,0,698,,706,440.4028,0,29.67,22.25,17.8,0,69.71,89.96,457.58,617.25
BOX001/101/NPL/D9999/01/1000G,PRINTED LID - STD LID RED HEREFORD (ROI) NO POLY 5,Material,,,0,7,,,PLASTOMELT9799,PLASTOMELT9799,Tonne,0.003,,,,,2750,0,2518.65105,,2750,8.25,0,29.67,22.25,17.8,0,69.71,89.96,457.58,617.25
BOX001/101/NPL/D9999/01/1000G,PRINTED LID - STD LID RED HEREFORD (ROI) NO POLY 5,Labour,Printer,,0,10,PRINT,PRINT,101 PRINTER OPERATOR,101 Printer Operator,,,1,6,,6,,,,356.05,356.05,59.34167,0,29.67,22.25,17.8,0,69.71,89.96,457.58,617.25
BOX001/101/NPL/D9999/01/1000G,PRINTED LID - STD LID RED HEREFORD (ROI) NO POLY 5,Machine,Printer,Print,0,10,PRINT,PRINT,101 KBA,101 KBA,,,1,6,,6,,,,177.99,177.99,29.665,0,29.67,22.25,17.8,0,69.71,89.96,457.58,617.25
BOX001/101/NPL/D9999/01/1000G,PRINTED LID - STD LID RED HEREFORD (ROI) NO POLY 5,Labour,Diecutter,,0,20,DIE CUTTING,DIE CUTTING,101 DIE CUTTER OPERATOR,101 Die Cutter Operator,,,1,8,,8,,,,136.57,136.57,17.07125,0,29.67,22.25,17.8,0,69.71,89.96,457.58,617.25
BOX001/101/NPL/D9999/01/1000G,PRINTED LID - STD LID RED HEREFORD (ROI) NO POLY 5,Machine,Diecutter,Die Cut,0,20,DIE CUTTING,DIE CUTTING,101 DIE CUTTER #1,101 Die Cutter #1,,,1,8,,8,,,,177.99,177.99,22.24875,0,29.67,22.25,17.8,0,69.71,89.96,457.58,617.25
BOX001/101/NPL/D9999/01/1000G,PRINTED LID - STD LID RED HEREFORD (ROI) NO POLY 5,Labour,Folder Gluer,,0,30,FOLDER GLUER,FOLDER GLUER,101 FOLDER GLUER OPERATOR,101 Folder Gluer Operator,,,1,10,,10,,,,135.43,135.43,13.543,0,29.67,22.25,17.8,0,69.71,89.96,457.58,617.25
BOX001/101/NPL/D9999/01/1000G,PRINTED LID - STD LID RED HEREFORD (ROI) NO POLY 5,Machine,Folder Gluer,Fold Glue,0,30,FOLDER GLUER,FOLDER GLUER,101 FOLDER GLUER DOMINO,101 Folder Gluer Domino,,,1,10,,10,,,,177.99,177.99,17.799,0,29.67,22.25,17.8,0,69.71,89.96,457.58,617.25
BOX001/101/NPL/D9999/02/1000G,PRINTED LID -STD LID CALEDONIAN CROWN SB 583x385x1,Material,,,0,1,,,PLASTOMELT9799,PLASTOMELT9799,Tonne,0.00187,,,,,2750,0,2518.65105,,2750,5.1425,0,14.83,42.19,41.34,0,98.36,93.5,454.46,646.32
BOX001/101/NPL/D9999/02/1000G,PRINTED LID -STD LID CALEDONIAN CROWN SB 583x385x1,Material,,,0,2,,,0-FACTORY/101/BANDING/01,Factory Banding 101,COIL,9e-05,,,,,41.39,0,36.2,,41.39,0.00373,0,14.83,42.19,41.34,0,98.36,93.5,454.46,646.32
BOX001/101/NPL/D9999/02/1000G,PRINTED LID -STD LID CALEDONIAN CROWN SB 583x385x1,Material,,,0,3,,,0-FACTORY/101/LAYERCARD,Factory Layercard 101 Testliner 150GSM 1100x930,1000,0.00268,,,,,187,0,210,,187,0.50116,0,14.83,42.19,41.34,0,98.36,93.5,454.46,646.32
BOX001/101/NPL/D9999/02/1000G,PRINTED LID -STD LID CALEDONIAN CROWN SB 583x385x1,Material,,,0,4,,,0-FACTORY/101/STRETCHWRAP,STRETCHWRAP,Tonne,0.00032,,,,,2440,0,2440,,2440,0.7808,0,14.83,42.19,41.34,0,98.36,93.5,454.46,646.32
BOX001/101/NPL/D9999/02/1000G,PRINTED LID -STD LID CALEDONIAN CROWN SB 583x385x1,Material,,,0,5,,,0-PALLETS/101/Std1000x1200,Pallet 1000x1200 101,1000,0.00089,,,,,4750,0,4750,,4750,4.2275,0,14.83,42.19,41.34,0,98.36,93.5,454.46,646.32
BOX001/101/NPL/D9999/02/1000G,PRINTED LID -STD LID CALEDONIAN CROWN SB 583x385x1,Material,,,0,6,,,0-TOPSHEET/101/1400mmx50UMS,Topsheet 101,Tonne,0.00014,,,,,1945,0,,,1945,0.2723,0,14.83,42.19,41.34,0,98.36,93.5,454.46,646.32
BOX001/101/NPL/D9999/02/1000G,PRINTED LID -STD LID CALEDONIAN CROWN SB 583x385x1,Material,,,2,7,,,BRD001/NPL/D9999/01/1000G/WW,PRINTED BOARD FOR LID -STD LID CALEDONIAN CROWN 583x385x156,1000 Sheet,0.5,,,,,,0,,,887.0665,443.53325,0,14.83,42.19,41.34,0,98.36,93.5,454.46,646.32
BOX001/101/NPL/D9999/02/1000G,PRINTED LID -STD LID CALEDONIAN CROWN SB 583x385x1,Rolled Child,,,2,7.001,,,BRD001/NPL/D9999/01/1000G/WW,Rolled Up Child Material,1000 Sheet,0.5,,,,,,,,,887.0665,443.53325,1,14.83,42.19,41.34,0,98.36,93.5,454.46,646.32
BOX001/101/NPL/D9999/02/1000G,PRINTED LID -STD LID CALEDONIAN CROWN SB 583x385x1,Rolled Child,,,2,7.002,,,BRD001/NPL/D9999/01/1000G/WW,Rolled Up Child Labour,1000 Sheet,0.5,,,,,,,,,59.34167,29.67084,1,14.83,42.19,41.34,0,98.36,93.5,454.46,646.32
BOX001/101/NPL/D9999/02/1000G,PRINTED LID -STD LID CALEDONIAN CROWN SB 583x385x1,Rolled Child,Printer,Print,2,7.003,,,BRD001/NPL/D9999/01/1000G/WW,Rolled Up Child Print Machine,1000 Sheet,0.5,,,,,,,,,29.665,14.8325,1,14.83,42.19,41.34,0,98.36,93.5,454.46,646.32
BOX001/101/NPL/D9999/02/1000G,PRINTED LID -STD LID CALEDONIAN CROWN SB 583x385x1,Labour,Diecutter,,0,20,DIE CUTTING,DIE CUTTING,102 DIE CUTTER OPERATOR,102 Die Cutter Operator,,,1,8,4.218984,4.218984,,,,136.57,136.57,32.37035,0,14.83,42.19,41.34,0,98.36,93.5,454.46,646.32
BOX001/101/NPL/D9999/02/1000G,PRINTED LID -STD LID CALEDONIAN CROWN SB 583x385x1,Machine,Diecutter,Die Cut,0,20,DIE CUTTING,DIE CUTTING,102 DIE CUTTER #2,332 142E,,,1,8,4.218984,4.218984,,,,177.99,177.99,42.18788,0,14.83,42.19,41.34,0,98.36,93.5,454.46,646.32
BOX001/101/NPL/D9999/02/1000G,PRINTED LID -STD LID CALEDONIAN CROWN SB 583x385x1,Labour,Folder Gluer,,0,30,FOLDER GLUER,FOLDER GLUER,102 FOLDER GLUER OPERATOR,102 Folder Gluer Operator,,,1,10,4.305242,4.305242,,,,135.43,135.43,31.457,0,14.83,42.19,41.34,0,98.36,93.5,454.46,646.32
BOX001/101/NPL/D9999/02/1000G,PRINTED LID -STD LID CALEDONIAN CROWN SB 583x385x1,Machine,Folder Gluer,Fold Glue,0,30,FOLDER GLUER,FOLDER GLUER,102 FOLDER GLUER #1,552 TRIM1,,,1,10,4.305242,4.305242,,,,177.99,177.99,41.34262,0,14.83,42.19,41.34,0,98.36,93.5,454.46,646.32
BOX001/101/NPL/D9999/03/1000G,PRINTED LID - STD LID PREMIUM BUTCHER 583x385x156,Material,,,0,1,,,0-FACTORY/101/BANDING/01,Factory Banding 101,COIL,0.00012,,,,,41.39,0,36.2,,41.39,0.00497,0,14.83,49.55,42.34,0,106.72,99.9,452.38,659
BOX001/101/NPL/D9999/03/1000G,PRINTED LID - STD LID PREMIUM BUTCHER 583x385x156,Material,,,0,2,,,0-FACTORY/101/STRETCHWRAP,STRETCHWRAP,Tonne,0.00044,,,,,2440,0,2440,,2440,1.0736,0,14.83,49.55,42.34,0,106.72,99.9,452.38,659
BOX001/101/NPL/D9999/03/1000G,PRINTED LID - STD LID PREMIUM BUTCHER 583x385x156,Material,,,0,3,,,0-PALLETS/101/Std1000x1200,Pallet 1000x1200 101,1000,0.00125,,,,,4750,0,4750,,4750,5.9375,0,14.83,49.55,42.34,0,106.72,99.9,452.38,659
BOX001/101/NPL/D9999/03/1000G,PRINTED LID - STD LID PREMIUM BUTCHER 583x385x156,Material,,,0,4,,,0-TOPSHEET/101/1400mmx50UMS,Topsheet 101,Tonne,0.00019,,,,,1945,0,,,1945,0.36955,0,14.83,49.55,42.34,0,106.72,99.9,452.38,659
BOX001/101/NPL/D9999/03/1000G,PRINTED LID - STD LID PREMIUM BUTCHER 583x385x156,Material,,,2,5,,,BRD001/NPL/D9999/02/1000G/WW,PRINTED BOARD FOR LID - PREMIUM BUTCHER 920x1394 1000G,1000 Sheet,0.5,,,,,,0,,,879.6955,439.84775,0,14.83,49.55,42.34,0,106.72,99.9,452.38,659
BOX001/101/NPL/D9999/03/1000G,PRINTED LID - STD LID PREMIUM BUTCHER 583x385x156,Rolled Child,,,2,5.001,,,BRD001/NPL/D9999/02/1000G/WW,Rolled Up Child Material,1000 Sheet,0.5,,,,,,,,,879.6955,439.84775,1,14.83,49.55,42.34,0,106.72,99.9,452.38,659
BOX001/101/NPL/D9999/03/1000G,PRINTED LID - STD LID PREMIUM BUTCHER 583x385x156,Rolled Child,,,2,5.002,,,BRD001/NPL/D9999/02/1000G/WW,Rolled Up Child Labour,1000 Sheet,0.5,,,,,,,,,59.34167,29.67084,1,14.83,49.55,42.34,0,106.72,99.9,452.38,659
BOX001/101/NPL/D9999/03/1000G,PRINTED LID - STD LID PREMIUM BUTCHER 583x385x156,Rolled Child,Printer,Print,2,5.003,,,BRD001/NPL/D9999/02/1000G/WW,Rolled Up Child Print Machine,1000 Sheet,0.5,,,,,,,,,29.665,14.8325,1,14.83,49.55,42.34,0,106.72,99.9,452.38,659
BOX001/101/NPL/D9999/03/1000G,PRINTED LID - STD LID PREMIUM BUTCHER 583x385x156,Material,,,0,6,,,PLASTOMELT9799,PLASTOMELT9799,Tonne,0.00187,,,,,2750,0,2518.65105,,2750,5.1425,0,14.83,49.55,42.34,0,106.72,99.9,452.38,659
BOX001/101/NPL/D9999/03/1000G,PRINTED LID - STD LID PREMIUM BUTCHER 583x385x156,Labour,Diecutter,,0,20,DIE CUTTING,DIE CUTTING,101 DIE CUTTER OPERATOR,101 Die Cutter Operator,,,1,8,3.592123,3.592123,,,,136.57,136.57,38.0193,0,14.83,49.55,42.34,0,106.72,99.9,452.38,659
BOX001/101/NPL/D9999/03/1000G,PRINTED LID - STD LID PREMIUM BUTCHER 583x385x156,Machine,Diecutter,Die Cut,0,20,DIE CUTTING,DIE CUTTING,101 DIE CUTTER #2,101 Die Cutter #2,,,1,8,3.592123,3.592123,,,,177.99,177.99,49.55009,0,14.83,49.55,42.34,0,106.72,99.9,452.38,659
BOX001/101/NPL/D9999/03/1000G,PRINTED LID - STD LID PREMIUM BUTCHER 583x385x156,Labour,Folder Gluer,,0,30,FOLDER GLUER,FOLDER GLUER,101 FOLDER GLUER OPERATOR,101 Folder Gluer Operator,,,1,10,4.204074,4.204074,,,,135.43,135.43,32.21399,0,14.83,49.55,42.34,0,106.72,99.9,452.38,659
BOX001/101/NPL/D9999/03/1000G,PRINTED LID - STD LID PREMIUM BUTCHER 583x385x156,Machine,Folder Gluer,Fold Glue,0,30,FOLDER GLUER,FOLDER GLUER,101 FOLDER GLUER DOMINO,101 Folder Gluer Domino,,,1,10,4.204074,4.204074,,,,177.99,177.99,42.3375,0,14.83,49.55,42.34,0,106.72,99.9,452.38,659
BOX001/101/NPL/D9999/04/1000G,PRINTED LID -STD LID BROWN DUNBIA NO POLY 583x385x,Material,,,0,1,,,0-FACTORY/102/BANDING,BLUE BANDING 102,COIL,0.03,,,,,29.67,0,42.82,,29.67,0.8901,0,18.51,33.91,32.7,0,85.12,87.92,571.96,745.01
BOX001/101/NPL/D9999/04/1000G,PRINTED LID -STD LID BROWN DUNBIA NO POLY 583x385x,Material,,,0,2,,,0-FACTORY/102/STDLAYERCARD,0-FACTORY/102/STDLAYERCARD,1000,0.004,,,,,198,0,,,198,0.792,0,18.51,33.91,32.7,0,85.12,87.92,571.96,745.01
BOX001/101/NPL/D9999/04/1000G,PRINTED LID -STD LID BROWN DUNBIA NO POLY 583x385x,Material,,,0,3,,,0-FACTORY/102/TOPSHEET,0-TOPSHEET/102/1400mmX1600mm/40MU,Tonne,0.001,,,,,1820,0,1820,,1820,1.82,0,18.51,33.91,32.7,0,85.12,87.92,571.96,745.01
BOX001/101/NPL/D9999/04/1000G,PRINTED LID -STD LID BROWN DUNBIA NO POLY 583x385x,Material,,,0,4,,,0-Pallets/102/Std1000x1200,0-Pallets/102/Std1000x1200,1000,0.001,,,,,4950,0,5250,,4950,4.95,0,18.51,33.91,32.7,0,85.12,87.92,571.96,745.01
BOX001/101/NPL/D9999/04/1000G,PRINTED LID -STD LID BROWN DUNBIA NO POLY 583x385x,Material,,,2,5,,,BRD001/NPL/D9999/04/1000G/BB,PRINTED BOARD - BROWN DUNBIA STD PTD SHEET 583x385x156,Tonne,0.6238,,,,,,0,,,890.127,555.26122,0,18.51,33.91,32.7,0,85.12,87.92,571.96,745.01
BOX001/101/NPL/D9999/04/1000G,PRINTED LID -STD LID BROWN DUNBIA NO POLY 583x385x,Rolled Child,,,2,5.001,,,BRD001/NPL/D9999/04/1000G/BB,Rolled Up Child Material,Tonne,0.6238,,,,,,,,,890.127,555.26122,1,18.51,33.91,32.7,0,85.12,87.92,571.96,745.01
BOX001/101/NPL/D9999/04/1000G,PRINTED LID -STD LID BROWN DUNBIA NO POLY 583x385x,Rolled Child,,,2,5.002,,,BRD001/NPL/D9999/04/1000G/BB,Rolled Up Child Labour,Tonne,0.6238,,,,,,,,,59.34167,37.01733,1,18.51,33.91,32.7,0,85.12,87.92,571.96,745.01
BOX001/101/NPL/D9999/04/1000G,PRINTED LID -STD LID BROWN DUNBIA NO POLY 583x385x,Rolled Child,Printer,Print,2,5.003,,,BRD001/NPL/D9999/04/1000G/BB,Rolled Up Child Print Machine,Tonne,0.6238,,,,,,,,,29.665,18.50503,1,18.51,33.91,32.7,0,85.12,87.92,571.96,745.01
BOX001/101/NPL/D9999/04/1000G,PRINTED LID -STD LID BROWN DUNBIA NO POLY 583x385x,Material,,,0,6,,,PLASTOMELT9799,PLASTOMELT9799,Tonne,0.003,,,,,2750,0,2518.65105,,2750,8.25,0,18.51,33.91,32.7,0,85.12,87.92,571.96,745.01
BOX001/101/NPL/D9999/04/1000G,PRINTED LID -STD LID BROWN DUNBIA NO POLY 583x385x,Labour,Diecutter,,0,20,DIE CUTTING,DIE CUTTING,101 DIE CUTTER OPERATOR,101 Die Cutter Operator,,,1,8,5.248401,5.248401,,,,136.57,136.57,26.02126,0,18.51,33.91,32.7,0,85.12,87.92,571.96,745.01
BOX001/101/NPL/D9999/04/1000G,PRINTED LID -STD LID BROWN DUNBIA NO POLY 583x385x,Machine,Diecutter,Die Cut,0,20,DIE CUTTING,DIE CUTTING,101 DIE CUTTER #2,101 Die Cutter #2,,,1,8,5.248401,5.248401,,,,177.99,177.99,33.91319,0,18.51,33.91,32.7,0,85.12,87.92,571.96,745.01
BOX001/101/NPL/D9999/04/1000G,PRINTED LID -STD LID BROWN DUNBIA NO POLY 583x385x,Labour,Folder Gluer,,0,30,FOLDER GLUER,FOLDER GLUER,101 FOLDER GLUER OPERATOR,101 Folder Gluer Operator,,,1,10,5.442348,5.442348,,,,135.43,135.43,24.88448,0,18.51,33.91,32.7,0,85.12,87.92,571.96,745.01
BOX001/101/NPL/D9999/04/1000G,PRINTED LID -STD LID BROWN DUNBIA NO POLY 583x385x,Machine,Folder Gluer,Fold Glue,0,30,FOLDER GLUER,FOLDER GLUER,101 FOLDER GLUER OMEGA,101 Folder Gluer Omega,,,1,10,5.442348,5.442348,,,,177.99,177.99,32.70463,0,18.51,33.91,32.7,0,85.12,87.92,571.96,745.01
BOX001/101/NPL/D9999/10/950G,PRINTED LID -EURO LID GREEN PASTURES NO POLY 585 x,Material,,,0,1,,,0-FACTORY/101/BANDING/01,Factory Banding 101,COIL,0.03,,,,,41.39,0,36.2,,41.39,1.2417,0,14.83,22.25,17.8,0,54.88,60.29,462.77,577.93
BOX001/101/NPL/D9999/10/950G,PRINTED LID -EURO LID GREEN PASTURES NO POLY 585 x,Material,,,0,2,,,0-FACTORY/101/LAYERCARD,Factory Layercard 101 Testliner 150GSM 1100x930,1000,0.004,,,,,187,0,210,,187,0.748,0,14.83,22.25,17.8,0,54.88,60.29,462.77,577.93
BOX001/101/NPL/D9999/10/950G,PRINTED LID -EURO LID GREEN PASTURES NO POLY 585 x,Material,,,0,3,,,0-PALLETS/101/Std1000x1200,Pallet 1000x1200 101,1000,0.001,,,,,4750,0,4750,,4750,4.75,0,14.83,22.25,17.8,0,54.88,60.29,462.77,577.93
BOX001/101/NPL/D9999/10/950G,PRINTED LID -EURO LID GREEN PASTURES NO POLY 585 x,Material,,,0,4,,,0-TOPSHEET/101/1500mmx50UMS,Topsheet 101,Tonne,0.001,,,,,2347,0,1820,,2347,2.347,0,14.83,22.25,17.8,0,54.88,60.29,462.77,577.93
BOX001/101/NPL/D9999/10/950G,PRINTED LID -EURO LID GREEN PASTURES NO POLY 585 x,Material,,,2,5,,,BRD001/NPL/D9999/10/950G/WW,PRINTED BOARD -EURO LID GREEN PASTURES NO POLY 950G NW/WK,1000,0.5,,,,,,0,,,890.8607,445.43035,0,14.83,22.25,17.8,0,54.88,60.29,462.77,577.93
BOX001/101/NPL/D9999/10/950G,PRINTED LID -EURO LID GREEN PASTURES NO POLY 585 x,Rolled Child,,,2,5.001,,,BRD001/NPL/D9999/10/950G/WW,Rolled Up Child Material,1000,0.5,,,,,,,,,890.8607,445.43035,1,14.83,22.25,17.8,0,54.88,60.29,462.77,577.93
BOX001/101/NPL/D9999/10/950G,PRINTED LID -EURO LID GREEN PASTURES NO POLY 585 x,Rolled Child,,,2,5.002,,,BRD001/NPL/D9999/10/950G/WW,Rolled Up Child Labour,1000,0.5,,,,,,,,,59.34167,29.67084,1,14.83,22.25,17.8,0,54.88,60.29,462.77,577.93
BOX001/101/NPL/D9999/10/950G,PRINTED LID -EURO LID GREEN PASTURES NO POLY 585 x,Rolled Child,Printer,Print,2,5.003,,,BRD001/NPL/D9999/10/950G/WW,Rolled Up Child Print Machine,1000,0.5,,,,,,,,,29.665,14.8325,1,14.83,22.25,17.8,0,54.88,60.29,462.77,577.93
BOX001/101/NPL/D9999/10/950G,PRINTED LID -EURO LID GREEN PASTURES NO POLY 585 x,Material,,,0,6,,,PLASTOMELT9799,PLASTOMELT9799,Tonne,0.003,,,,,2750,0,2518.65105,,2750,8.25,0,14.83,22.25,17.8,0,54.88,60.29,462.77,577.93
BOX001/101/NPL/D9999/10/950G,PRINTED LID -EURO LID GREEN PASTURES NO POLY 585 x,Labour,Diecutter,,0,20,DIE CUTTING,DIE CUTTING,101 DIE CUTTER OPERATOR,101 Die Cutter Operator,,,1,8,,8,,,,136.57,136.57,17.07125,0,14.83,22.25,17.8,0,54.88,60.29,462.77,577.93
BOX001/101/NPL/D9999/10/950G,PRINTED LID -EURO LID GREEN PASTURES NO POLY 585 x,Machine,Diecutter,Die Cut,0,20,DIE CUTTING,DIE CUTTING,101 DIE CUTTER #1,101 Die Cutter #1,,,1,8,,8,,,,177.99,177.99,22.24875,0,14.83,22.25,17.8,0,54.88,60.29,462.77,577.93
BOX001/101/NPL/D9999/10/950G,PRINTED LID -EURO LID GREEN PASTURES NO POLY 585 x,Labour,Folder Gluer,,0,30,FOLDER GLUER,FOLDER GLUER,101 FOLDER GLUER OPERATOR,101 Folder Gluer Operator,,,1,10,,10,,,,135.43,135.43,13.543,0,14.83,22.25,17.8,0,54.88,60.29,462.77,577.93
BOX001/101/NPL/D9999/10/950G,PRINTED LID -EURO LID GREEN PASTURES NO POLY 585 x,Machine,Folder Gluer,Fold Glue,0,30,FOLDER GLUER,FOLDER GLUER,101 FOLDER GLUER DOMINO,101 Folder Gluer Domino,,,1,10,,10,,,,177.99,177.99,17.799,0,14.83,22.25,17.8,0,54.88,60.29,462.77,577.93
BOX001/101/NPL/D9999/11/950G,PRINTED LID - EURO LID PURE NATURE NO POLY 585 x 3,Material,,,0,1,,,0-FACTORY/101/BANDING/01,Factory Banding 101,COIL,0.03,,,,,41.39,0,36.2,,41.39,1.2417,0,14.83,32.7,37.24,0,84.77,83.09,465.21,633.07
BOX001/101/NPL/D9999/11/950G,PRINTED LID - EURO LID PURE NATURE NO POLY 585 x 3,Material,,,0,2,,,0-FACTORY/101/LAYERCARD,Factory Layercard 101 Testliner 150GSM 1100x930,1000,0.004,,,,,187,0,210,,187,0.748,0,14.83,32.7,37.24,0,84.77,83.09,465.21,633.07
BOX001/101/NPL/D9999/11/950G,PRINTED LID - EURO LID PURE NATURE NO POLY 585 x 3,Material,,,0,3,,,0-PALLETS/101/Std1000x1200,Pallet 1000x1200 101,1000,0.001,,,,,4750,0,4750,,4750,4.75,0,14.83,32.7,37.24,0,84.77,83.09,465.21,633.07
BOX001/101/NPL/D9999/11/950G,PRINTED LID - EURO LID PURE NATURE NO POLY 585 x 3,Material,,,0,4,,,0-TOPSHEET/101/1500mmx50UMS,Topsheet 101,Tonne,0.001,,,,,2347,0,1820,,2347,2.347,0,14.83,32.7,37.24,0,84.77,83.09,465.21,633.07
BOX001/101/NPL/D9999/11/950G,PRINTED LID - EURO LID PURE NATURE NO POLY 585 x 3,Material,,,2,5,,,BRD001/NPL/D9999/11/950G/WW,PRINTED BOARD - EURO LID PURE NATURE NO POLY 950G NW/WK,1000,0.5,,,,,,0,,,895.7524,447.8762,0,14.83,32.7,37.24,0,84.77,83.09,465.21,633.07
BOX001/101/NPL/D9999/11/950G,PRINTED LID - EURO LID PURE NATURE NO POLY 585 x 3,Rolled Child,,,2,5.001,,,BRD001/NPL/D9999/11/950G/WW,Rolled Up Child Material,1000,0.5,,,,,,,,,895.7524,447.8762,1,14.83,32.7,37.24,0,84.77,83.09,465.21,633.07
BOX001/101/NPL/D9999/11/950G,PRINTED LID - EURO LID PURE NATURE NO POLY 585 x 3,Rolled Child,,,2,5.002,,,BRD001/NPL/D9999/11/950G/WW,Rolled Up Child Labour,1000,0.5,,,,,,,,,59.34167,29.67084,1,14.83,32.7,37.24,0,84.77,83.09,465.21,633.07
BOX001/101/NPL/D9999/11/950G,PRINTED LID - EURO LID PURE NATURE NO POLY 585 x 3,Rolled Child,Printer,Print,2,5.003,,,BRD001/NPL/D9999/11/950G/WW,Rolled Up Child Print Machine,1000,0.5,,,,,,,,,29.665,14.8325,1,14.83,32.7,37.24,0,84.77,83.09,465.21,633.07
BOX001/101/NPL/D9999/11/950G,PRINTED LID - EURO LID PURE NATURE NO POLY 585 x 3,Material,,,0,6,,,PLASTOMELT9799,PLASTOMELT9799,Tonne,0.003,,,,,2750,0,2518.65105,,2750,8.25,0,14.83,32.7,37.24,0,84.77,83.09,465.21,633.07
BOX001/101/NPL/D9999/11/950G,PRINTED LID - EURO LID PURE NATURE NO POLY 585 x 3,Labour,Diecutter,,0,20,DIE CUTTING,DIE CUTTING,101 DIE CUTTER OPERATOR,101 Die Cutter Operator,,,1,8,5.443813,5.443813,,,,136.57,136.57,25.0872,0,14.83,32.7,37.24,0,84.77,83.09,465.21,633.07
BOX001/101/NPL/D9999/11/950G,PRINTED LID - EURO LID PURE NATURE NO POLY 585 x 3,Machine,Diecutter,Die Cut,0,20,DIE CUTTING,DIE CUTTING,101 DIE CUTTER #1,101 Die Cutter #1,,,1,8,5.443813,5.443813,,,,177.99,177.99,32.69583,0,14.83,32.7,37.24,0,84.77,83.09,465.21,633.07
BOX001/101/NPL/D9999/11/950G,PRINTED LID - EURO LID PURE NATURE NO POLY 585 x 3,Labour,Folder Gluer,,0,30,FOLDER GLUER,FOLDER GLUER,101 FOLDER GLUER OPERATOR,101 Folder Gluer Operator,,,1,10,4.779941,4.779941,,,,135.43,135.43,28.33299,0,14.83,32.7,37.24,0,84.77,83.09,465.21,633.07
BOX001/101/NPL/D9999/11/950G,PRINTED LID - EURO LID PURE NATURE NO POLY 585 x 3,Machine,Folder Gluer,Fold Glue,0,30,FOLDER GLUER,FOLDER GLUER,101 FOLDER GLUER DOMINO,101 Folder Gluer Domino,,,1,10,4.779941,4.779941,,,,177.99,177.99,37.23686,0,14.83,32.7,37.24,0,84.77,83.09,465.21,633.07
BOX001/101/NPL/D9999/12/1000G,PRINTED LID -STD LID ANGUS 1808 NO POLY 583 x 385,Material,,,0,1,,,0-FACTORY/101/BANDING/01,Factory Banding 101,COIL,0.03,,,,,41.39,0,36.2,,41.39,1.2417,0,14.83,50.79,69.41,0,135.04,121.46,457.2,713.7
BOX001/101/NPL/D9999/12/1000G,PRINTED LID -STD LID ANGUS 1808 NO POLY 583 x 385,Material,,,0,2,,,0-FACTORY/101/LAYERCARD,Factory Layercard 101 Testliner 150GSM 1100x930,1000,0.004,,,,,187,0,210,,187,0.748,0,14.83,50.79,69.41,0,135.04,121.46,457.2,713.7
BOX001/101/NPL/D9999/12/1000G,PRINTED LID -STD LID ANGUS 1808 NO POLY 583 x 385,Material,,,0,3,,,0-PALLETS/101/Std1000x1200,Pallet 1000x1200 101,1000,0.001,,,,,4750,0,4750,,4750,4.75,0,14.83,50.79,69.41,0,135.04,121.46,457.2,713.7
BOX001/101/NPL/D9999/12/1000G,PRINTED LID -STD LID ANGUS 1808 NO POLY 583 x 385,Material,,,0,4,,,0-TOPSHEET/101/1500mmx50UMS,Topsheet 101,Tonne,0.001,,,,,2347,0,1820,,2347,2.347,0,14.83,50.79,69.41,0,135.04,121.46,457.2,713.7
BOX001/101/NPL/D9999/12/1000G,PRINTED LID -STD LID ANGUS 1808 NO POLY 583 x 385,Material,,,2,5,,,BRD001/NPL/D9999/12/1000G/WW,PRINTED BRD - ANGUS 1808 NO POLY 583x385x156 1000G,1000 Sheet,0.5,,,,,,0,,,879.736,439.868,0,14.83,50.79,69.41,0,135.04,121.46,457.2,713.7
BOX001/101/NPL/D9999/12/1000G,PRINTED LID -STD LID ANGUS 1808 NO POLY 583 x 385,Rolled Child,,,2,5.001,,,BRD001/NPL/D9999/12/1000G/WW,Rolled Up Child Material,1000 Sheet,0.5,,,,,,,,,879.736,439.868,1,14.83,50.79,69.41,0,135.04,121.46,457.2,713.7
BOX001/101/NPL/D9999/12/1000G,PRINTED LID -STD LID ANGUS 1808 NO POLY 583 x 385,Rolled Child,,,2,5.002,,,BRD001/NPL/D9999/12/1000G/WW,Rolled Up Child Labour,1000 Sheet,0.5,,,,,,,,,59.34167,29.67084,1,14.83,50.79,69.41,0,135.04,121.46,457.2,713.7
BOX001/101/NPL/D9999/12/1000G,PRINTED LID -STD LID ANGUS 1808 NO POLY 583 x 385,Rolled Child,Printer,Print,2,5.003,,,BRD001/NPL/D9999/12/1000G/WW,Rolled Up Child Print Machine,1000 Sheet,0.5,,,,,,,,,29.665,14.8325,1,14.83,50.79,69.41,0,135.04,121.46,457.2,713.7
BOX001/101/NPL/D9999/12/1000G,PRINTED LID -STD LID ANGUS 1808 NO POLY 583 x 385,Material,,,0,6,,,PLASTOMELT9799,PLASTOMELT9799,Tonne,0.003,,,,,2750,0,2518.65105,,2750,8.25,0,14.83,50.79,69.41,0,135.04,121.46,457.2,713.7
BOX001/101/NPL/D9999/12/1000G,PRINTED LID -STD LID ANGUS 1808 NO POLY 583 x 385,Labour,Diecutter,,0,20,DIE CUTTING,DIE CUTTING,101 Die Cutter Operator,101 Die Cutter Operator,,,1,4,3.50445,3.50445,,,,136.57,136.57,38.97045,0,14.83,50.79,69.41,0,135.04,121.46,457.2,713.7
BOX001/101/NPL/D9999/12/1000G,PRINTED LID -STD LID ANGUS 1808 NO POLY 583 x 385,Machine,Diecutter,Die Cut,0,20,DIE CUTTING,DIE CUTTING,101 Die Cutter #1,101 Die Cutter #1,,,1,4,3.50445,3.50445,,,,177.99,177.99,50.78971,0,14.83,50.79,69.41,0,135.04,121.46,457.2,713.7
BOX001/101/NPL/D9999/12/1000G,PRINTED LID -STD LID ANGUS 1808 NO POLY 583 x 385,Labour,Folder Gluer,,0,30,FOLDER GLUER,FOLDER GLUER,101 Folder Gluer Operator,101 Folder Gluer Operator,,,1,10,2.564222,2.564222,,,,135.43,135.43,52.81524,0,14.83,50.79,69.41,0,135.04,121.46,457.2,713.7
BOX001/101/NPL/D9999/12/1000G,PRINTED LID -STD LID ANGUS 1808 NO POLY 583 x 385,Machine,Folder Gluer,Fold Glue,0,30,FOLDER GLUER,FOLDER GLUER,101 Folder Gluer Domino,101 Folder Gluer Domino,,,1,10,2.564222,2.564222,,,,177.99,177.99,69.41287,0,14.83,50.79,69.41,0,135.04,121.46,457.2,713.7
BOX001/101/NPL/D9999/14/1000G,PRINTED LID -STD LID BLACK ANGUS NO POLY 583 x 385,Material,,,0,1,,,0-FACTORY/101/BANDING/01,Factory Banding 101,COIL,0.03,,,,,41.39,0,36.2,,41.39,1.2417,0,14.83,35.58,40.73,0,91.14,87.96,460.91,640.02
BOX001/101/NPL/D9999/14/1000G,PRINTED LID -STD LID BLACK ANGUS NO POLY 583 x 385,Material,,,0,2,,,0-FACTORY/101/LAYERCARD,Factory Layercard 101 Testliner 150GSM 1100x930,1000,0.004,,,,,187,0,210,,187,0.748,0,14.83,35.58,40.73,0,91.14,87.96,460.91,640.02
BOX001/101/NPL/D9999/14/1000G,PRINTED LID -STD LID BLACK ANGUS NO POLY 583 x 385,Material,,,0,3,,,0-PALLETS/101/Std1000x1200,Pallet 1000x1200 101,1000,0.001,,,,,4750,0,4750,,4750,4.75,0,14.83,35.58,40.73,0,91.14,87.96,460.91,640.02
BOX001/101/NPL/D9999/14/1000G,PRINTED LID -STD LID BLACK ANGUS NO POLY 583 x 385,Material,,,0,4,,,0-TOPSHEET/101/1400mmx50UMS,Topsheet 101,Tonne,0.001,,,,,1945,0,,,1945,1.945,0,14.83,35.58,40.73,0,91.14,87.96,460.91,640.02
BOX001/101/NPL/D9999/14/1000G,PRINTED LID -STD LID BLACK ANGUS NO POLY 583 x 385,Material,,,2,5,,,BRD001/NPL/D9999/14/1000G/WW,PRINTED BOARD - STD LID BLACK ANGUS NO POLY 1000G,1000 Sheet,0.5,,,,,,0,,,887.956,443.978,0,14.83,35.58,40.73,0,91.14,87.96,460.91,640.02
BOX001/101/NPL/D9999/14/1000G,PRINTED LID -STD LID BLACK ANGUS NO POLY 583 x 385,Rolled Child,,,2,5.001,,,BRD001/NPL/D9999/14/1000G/WW,Rolled Up Child Material,1000 Sheet,0.5,,,,,,,,,887.956,443.978,1,14.83,35.58,40.73,0,91.14,87.96,460.91,640.02
BOX001/101/NPL/D9999/14/1000G,PRINTED LID -STD LID BLACK ANGUS NO POLY 583 x 385,Rolled Child,,,2,5.002,,,BRD001/NPL/D9999/14/1000G/WW,Rolled Up Child Labour,1000 Sheet,0.5,,,,,,,,,59.34167,29.67084,1,14.83,35.58,40.73,0,91.14,87.96,460.91,640.02
BOX001/101/NPL/D9999/14/1000G,PRINTED LID -STD LID BLACK ANGUS NO POLY 583 x 385,Rolled Child,Printer,Print,2,5.003,,,BRD001/NPL/D9999/14/1000G/WW,Rolled Up Child Print Machine,1000 Sheet,0.5,,,,,,,,,29.665,14.8325,1,14.83,35.58,40.73,0,91.14,87.96,460.91,640.02
BOX001/101/NPL/D9999/14/1000G,PRINTED LID -STD LID BLACK ANGUS NO POLY 583 x 385,Material,,,0,6,,,PLASTOMELT9799,PLASTOMELT9799,Tonne,0.003,,,,,2750,0,2518.65105,,2750,8.25,0,14.83,35.58,40.73,0,91.14,87.96,460.91,640.02
BOX001/101/NPL/D9999/14/1000G,PRINTED LID -STD LID BLACK ANGUS NO POLY 583 x 385,Labour,Diecutter,,0,20,DIE CUTTING,DIE CUTTING,101 DIE CUTTER OPERATOR,101 Die Cutter Operator,,,1,8,5.003052,5.003052,,,,136.57,136.57,27.29734,0,14.83,35.58,40.73,0,91.14,87.96,460.91,640.02
BOX001/101/NPL/D9999/14/1000G,PRINTED LID -STD LID BLACK ANGUS NO POLY 583 x 385,Machine,Diecutter,Die Cut,0,20,DIE CUTTING,DIE CUTTING,101 DIE CUTTER #2,101 Die Cutter #2,,,1,8,5.003052,5.003052,,,,177.99,177.99,35.57628,0,14.83,35.58,40.73,0,91.14,87.96,460.91,640.02
BOX001/101/NPL/D9999/14/1000G,PRINTED LID -STD LID BLACK ANGUS NO POLY 583 x 385,Labour,Folder Gluer,,0,30,FOLDER GLUER,FOLDER GLUER,101 FOLDER GLUER OPERATOR,101 Folder Gluer Operator,,,1,10,4.36949,4.36949,,,,135.43,135.43,30.99446,0,14.83,35.58,40.73,0,91.14,87.96,460.91,640.02
BOX001/101/NPL/D9999/14/1000G,PRINTED LID -STD LID BLACK ANGUS NO POLY 583 x 385,Machine,Folder Gluer,Fold Glue,0,30,FOLDER GLUER,FOLDER GLUER,101 FOLDER GLUER DOMINO,101 Folder Gluer Domino,,,1,10,4.36949,4.36949,,,,177.99,177.99,40.73473,0,14.83,35.58,40.73,0,91.14,87.96,460.91,640.02
BOX001/101/NPL/D9999/15/1000G,PRINTED LID -STD LID USA BROWN DUNBIA NP 583x385x1,Material,,,0,1,,,0-FACTORY/102/BANDING,BLUE BANDING 102,COIL,0.03,,,,,29.67,0,42.82,,29.67,0.8901,0,14.83,32.49,36.57,0,83.88,82.42,503.27,669.58
BOX001/101/NPL/D9999/15/1000G,PRINTED LID -STD LID USA BROWN DUNBIA NP 583x385x1,Material,,,0,2,,,0-FACTORY/102/STDLAYERCARD,0-FACTORY/102/STDLAYERCARD,1000,0.004,,,,,198,0,,,198,0.792,0,14.83,32.49,36.57,0,83.88,82.42,503.27,669.58
BOX001/101/NPL/D9999/15/1000G,PRINTED LID -STD LID USA BROWN DUNBIA NP 583x385x1,Material,,,0,3,,,0-FACTORY/102/TOPSHEET,0-TOPSHEET/102/1400mmX1600mm/40MU,Tonne,0.001,,,,,1820,0,1820,,1820,1.82,0,14.83,32.49,36.57,0,83.88,82.42,503.27,669.58
BOX001/101/NPL/D9999/15/1000G,PRINTED LID -STD LID USA BROWN DUNBIA NP 583x385x1,Material,,,0,4,,,0-Pallets/102/Std1000x1200,0-Pallets/102/Std1000x1200,1000,0.001,,,,,4950,0,5250,,4950,4.95,0,14.83,32.49,36.57,0,83.88,82.42,503.27,669.58
BOX001/101/NPL/D9999/15/1000G,PRINTED LID -STD LID USA BROWN DUNBIA NP 583x385x1,Material,,,2,5,,,BRD001/NPL/D9999/15/1000G/BB,PRINTED BRD - USA BROWN DUNBIA PTD SHEET 583x385x156,Tonne,0.5,,,,,,0,,,973.144,486.572,0,14.83,32.49,36.57,0,83.88,82.42,503.27,669.58
BOX001/101/NPL/D9999/15/1000G,PRINTED LID -STD LID USA BROWN DUNBIA NP 583x385x1,Rolled Child,,,2,5.001,,,BRD001/NPL/D9999/15/1000G/BB,Rolled Up Child Material,Tonne,0.5,,,,,,,,,973.144,486.572,1,14.83,32.49,36.57,0,83.88,82.42,503.27,669.58
BOX001/101/NPL/D9999/15/1000G,PRINTED LID -STD LID USA BROWN DUNBIA NP 583x385x1,Rolled Child,,,2,5.002,,,BRD001/NPL/D9999/15/1000G/BB,Rolled Up Child Labour,Tonne,0.5,,,,,,,,,59.34167,29.67084,1,14.83,32.49,36.57,0,83.88,82.42,503.27,669.58
BOX001/101/NPL/D9999/15/1000G,PRINTED LID -STD LID USA BROWN DUNBIA NP 583x385x1,Rolled Child,Printer,Print,2,5.003,,,BRD001/NPL/D9999/15/1000G/BB,Rolled Up Child Print Machine,Tonne,0.5,,,,,,,,,29.665,14.8325,1,14.83,32.49,36.57,0,83.88,82.42,503.27,669.58
BOX001/101/NPL/D9999/15/1000G,PRINTED LID -STD LID USA BROWN DUNBIA NP 583x385x1,Material,,,0,6,,,PLASTOMELT9799,PLASTOMELT9799,Tonne,0.003,,,,,2750,0,2518.65105,,2750,8.25,0,14.83,32.49,36.57,0,83.88,82.42,503.27,669.58
BOX001/101/NPL/D9999/15/1000G,PRINTED LID -STD LID USA BROWN DUNBIA NP 583x385x1,Labour,Diecutter,,0,10,DIE CUTTING,DIE CUTTING,101 Die Cutter Operator,101 Die Cutter Operator,,,1,8,5.478795,5.478795,,,,136.57,136.57,24.92701,0,14.83,32.49,36.57,0,83.88,82.42,503.27,669.58
BOX001/101/NPL/D9999/15/1000G,PRINTED LID -STD LID USA BROWN DUNBIA NP 583x385x1,Machine,Diecutter,Die Cut,0,10,DIE CUTTING,DIE CUTTING,101 Die Cutter #1,101 Die Cutter #1,,,1,8,5.478795,5.478795,,,,177.99,177.99,32.48707,0,14.83,32.49,36.57,0,83.88,82.42,503.27,669.58
BOX001/101/NPL/D9999/15/1000G,PRINTED LID -STD LID USA BROWN DUNBIA NP 583x385x1,Labour,Folder Gluer,,0,20,FOLDER GLUER,FOLDER GLUER,101 Folder Gluer Operator,101 Folder Gluer Operator,,,1,10,4.867744,4.867744,,,,135.43,135.43,27.82192,0,14.83,32.49,36.57,0,83.88,82.42,503.27,669.58
BOX001/101/NPL/D9999/15/1000G,PRINTED LID -STD LID USA BROWN DUNBIA NP 583x385x1,Machine,Folder Gluer,Fold Glue,0,20,FOLDER GLUER,FOLDER GLUER,101 Folder Gluer Domino,101 Folder Gluer Domino,,,1,10,4.867744,4.867744,,,,177.99,177.99,36.56519,0,14.83,32.49,36.57,0,83.88,82.42,503.27,669.58
BOX001/101/NPL/D9999/16/950G,PRINTED LID - EURO LID GREEN PASTURES NO POLY 590x,Material,,,0,1,,,0-FACTORY/101/BANDING/01,Factory Banding 101,COIL,0.03,,,,,41.39,0,36.2,,41.39,1.2417,0,14.83,36.14,35.24,0,86.21,84.22,429.25,599.68
BOX001/101/NPL/D9999/16/950G,PRINTED LID - EURO LID GREEN PASTURES NO POLY 590x,Material,,,0,2,,,0-FACTORY/101/LAYERCARD,Factory Layercard 101 Testliner 150GSM 1100x930,1000,0.004,,,,,187,0,210,,187,0.748,0,14.83,36.14,35.24,0,86.21,84.22,429.25,599.68
BOX001/101/NPL/D9999/16/950G,PRINTED LID - EURO LID GREEN PASTURES NO POLY 590x,Material,,,0,3,,,0-PALLETS/101/Std1000x1200,Pallet 1000x1200 101,1000,0.001,,,,,4750,0,4750,,4750,4.75,0,14.83,36.14,35.24,0,86.21,84.22,429.25,599.68
BOX001/101/NPL/D9999/16/950G,PRINTED LID - EURO LID GREEN PASTURES NO POLY 590x,Material,,,0,4,,,0-TOPSHEET/101/1500mmx50UMS,Topsheet 101,Tonne,0.001,,,,,2347,0,1820,,2347,2.347,0,14.83,36.14,35.24,0,86.21,84.22,429.25,599.68
BOX001/101/NPL/D9999/16/950G,PRINTED LID - EURO LID GREEN PASTURES NO POLY 590x,Material,,,2,5,,,BRD001/NPL/D9999/16/950G/WW,PRINTED BOARD - EURO LID GREEN PASTURES NO POLY 950G NW/WK,1000,0.5,,,,,,0,,,823.8208,411.9104,0,14.83,36.14,35.24,0,86.21,84.22,429.25,599.68
BOX001/101/NPL/D9999/16/950G,PRINTED LID - EURO LID GREEN PASTURES NO POLY 590x,Rolled Child,,,2,5.001,,,BRD001/NPL/D9999/16/950G/WW,Rolled Up Child Material,1000,0.5,,,,,,,,,823.8208,411.9104,1,14.83,36.14,35.24,0,86.21,84.22,429.25,599.68
BOX001/101/NPL/D9999/16/950G,PRINTED LID - EURO LID GREEN PASTURES NO POLY 590x,Rolled Child,,,2,5.002,,,BRD001/NPL/D9999/16/950G/WW,Rolled Up Child Labour,1000,0.5,,,,,,,,,59.34167,29.67084,1,14.83,36.14,35.24,0,86.21,84.22,429.25,599.68
BOX001/101/NPL/D9999/16/950G,PRINTED LID - EURO LID GREEN PASTURES NO POLY 590x,Rolled Child,Printer,Print,2,5.003,,,BRD001/NPL/D9999/16/950G/WW,Rolled Up Child Print Machine,1000,0.5,,,,,,,,,29.665,14.8325,1,14.83,36.14,35.24,0,86.21,84.22,429.25,599.68
BOX001/101/NPL/D9999/16/950G,PRINTED LID - EURO LID GREEN PASTURES NO POLY 590x,Material,,,0,6,,,PLASTOMELT9799,PLASTOMELT9799,Tonne,0.003,,,,,2750,0,2518.65105,,2750,8.25,0,14.83,36.14,35.24,0,86.21,84.22,429.25,599.68
BOX001/101/NPL/D9999/16/950G,PRINTED LID - EURO LID GREEN PASTURES NO POLY 590x,Labour,Diecutter,,0,20,DIE CUTTING,DIE CUTTING,101 DIE CUTTER OPERATOR,101 Die Cutter Operator,,,1,8,4.92491,4.92491,,,,136.57,136.57,27.73046,0,14.83,36.14,35.24,0,86.21,84.22,429.25,599.68
BOX001/101/NPL/D9999/16/950G,PRINTED LID - EURO LID GREEN PASTURES NO POLY 590x,Machine,Diecutter,Die Cut,0,20,DIE CUTTING,DIE CUTTING,101 DIE CUTTER #1,101 Die Cutter #1,,,1,8,4.92491,4.92491,,,,177.99,177.99,36.14076,0,14.83,36.14,35.24,0,86.21,84.22,429.25,599.68
BOX001/101/NPL/D9999/16/950G,PRINTED LID - EURO LID GREEN PASTURES NO POLY 590x,Labour,Folder Gluer,,0,30,FOLDER GLUER,FOLDER GLUER,101 FOLDER GLUER OPERATOR,101 Folder Gluer Operator,,,1,10,5.050736,5.050736,,,,135.43,135.43,26.81391,0,14.83,36.14,35.24,0,86.21,84.22,429.25,599.68
BOX001/101/NPL/D9999/16/950G,PRINTED LID - EURO LID GREEN PASTURES NO POLY 590x,Machine,Folder Gluer,Fold Glue,0,30,FOLDER GLUER,FOLDER GLUER,101 FOLDER GLUER DOMINO,101 Folder Gluer Domino,,,1,10,5.050736,5.050736,,,,177.99,177.99,35.24041,0,14.83,36.14,35.24,0,86.21,84.22,429.25,599.68
BOX001/101/NPL/D9999/22/1000G,PRINTED LID -STD LID ORGANIC BIO NO POLY 583 x 385,Material,,,0,1,,,0-FACTORY/101/BANDING/01,Factory Banding 101,COIL,0.03,,,,,41.39,0,36.2,,41.39,1.2417,0,14.83,44.52,55.56,0,114.91,106.1,444.88,665.89
BOX001/101/NPL/D9999/22/1000G,PRINTED LID -STD LID ORGANIC BIO NO POLY 583 x 385,Material,,,0,2,,,0-FACTORY/101/LAYERCARD,Factory Layercard 101 Testliner 150GSM 1100x930,1000,0.004,,,,,187,0,210,,187,0.748,0,14.83,44.52,55.56,0,114.91,106.1,444.88,665.89
BOX001/101/NPL/D9999/22/1000G,PRINTED LID -STD LID ORGANIC BIO NO POLY 583 x 385,Material,,,0,3,,,0-FACTORY/101/STRETCHWRAP,STRETCHWRAP,Tonne,0.0001,,,,,2440,0,2440,,2440,0.244,0,14.83,44.52,55.56,0,114.91,106.1,444.88,665.89
BOX001/101/NPL/D9999/22/1000G,PRINTED LID -STD LID ORGANIC BIO NO POLY 583 x 385,Material,,,0,4,,,0-PALLETS/101/Std1000x1200,Pallet 1000x1200 101,1000,0.001,,,,,4750,0,4750,,4750,4.75,0,14.83,44.52,55.56,0,114.91,106.1,444.88,665.89
BOX001/101/NPL/D9999/22/1000G,PRINTED LID -STD LID ORGANIC BIO NO POLY 583 x 385,Material,,,0,5,,,0-TOPSHEET/101/1500mmx50UMS,Topsheet 101,Tonne,0.001,,,,,2347,0,1820,,2347,2.347,0,14.83,44.52,55.56,0,114.91,106.1,444.88,665.89
BOX001/101/NPL/D9999/22/1000G,PRINTED LID -STD LID ORGANIC BIO NO POLY 583 x 385,Material,,,2,6,,,BRD001/NPL/D9999/22/1000G/WW,PRINTED BOARD - STD LID DUNBIA ORGANIC BIO 583x385x156 1000G,1000 Sheet,0.5,,,,,,0,,,854.5905,427.29525,0,14.83,44.52,55.56,0,114.91,106.1,444.88,665.89
BOX001/101/NPL/D9999/22/1000G,PRINTED LID -STD LID ORGANIC BIO NO POLY 583 x 385,Rolled Child,,,2,6.001,,,BRD001/NPL/D9999/22/1000G/WW,Rolled Up Child Material,1000 Sheet,0.5,,,,,,,,,854.5905,427.29525,1,14.83,44.52,55.56,0,114.91,106.1,444.88,665.89
BOX001/101/NPL/D9999/22/1000G,PRINTED LID -STD LID ORGANIC BIO NO POLY 583 x 385,Rolled Child,,,2,6.002,,,BRD001/NPL/D9999/22/1000G/WW,Rolled Up Child Labour,1000 Sheet,0.5,,,,,,,,,59.34167,29.67084,1,14.83,44.52,55.56,0,114.91,106.1,444.88,665.89
BOX001/101/NPL/D9999/22/1000G,PRINTED LID -STD LID ORGANIC BIO NO POLY 583 x 385,Rolled Child,Printer,Print,2,6.003,,,BRD001/NPL/D9999/22/1000G/WW,Rolled Up Child Print Machine,1000 Sheet,0.5,,,,,,,,,29.665,14.8325,1,14.83,44.52,55.56,0,114.91,106.1,444.88,665.89
BOX001/101/NPL/D9999/22/1000G,PRINTED LID -STD LID ORGANIC BIO NO POLY 583 x 385,Material,,,0,7,,,PLASTOMELT9799,PLASTOMELT9799,Tonne,0.003,,,,,2750,0,2518.65105,,2750,8.25,0,14.83,44.52,55.56,0,114.91,106.1,444.88,665.89
BOX001/101/NPL/D9999/22/1000G,PRINTED LID -STD LID ORGANIC BIO NO POLY 583 x 385,Labour,Diecutter,,0,20,DIE CUTTING,DIE CUTTING,101 DIE CUTTER OPERATOR,101 Die Cutter Operator,,,1,8,3.997761,3.997761,,,,136.57,136.57,34.16162,0,14.83,44.52,55.56,0,114.91,106.1,444.88,665.89
BOX001/101/NPL/D9999/22/1000G,PRINTED LID -STD LID ORGANIC BIO NO POLY 583 x 385,Machine,Diecutter,Die Cut,0,20,DIE CUTTING,DIE CUTTING,101 DIE CUTTER #1,101 Die Cutter #1,,,1,8,3.997761,3.997761,,,,177.99,177.99,44.52242,0,14.83,44.52,55.56,0,114.91,106.1,444.88,665.89
BOX001/101/NPL/D9999/22/1000G,PRINTED LID -STD LID ORGANIC BIO NO POLY 583 x 385,Labour,Folder Gluer,,0,30,FOLDER GLUER,FOLDER GLUER,101 FOLDER GLUER OPERATOR,101 Folder Gluer Operator,,,1,10,3.203841,3.203841,,,,135.43,135.43,42.27114,0,14.83,44.52,55.56,0,114.91,106.1,444.88,665.89
BOX001/101/NPL/D9999/22/1000G,PRINTED LID -STD LID ORGANIC BIO NO POLY 583 x 385,Machine,Folder Gluer,Fold Glue,0,30,FOLDER GLUER,FOLDER GLUER,101 FOLDER GLUER DOMINO,101 Folder Gluer Domino,,,1,10,3.203841,3.203841,,,,177.99,177.99,55.55519,0,14.83,44.52,55.56,0,114.91,106.1,444.88,665.89
BOX001/101/NPL/D9999/26/1000G,PRINTED LID-STD LID NATURES MEADOW BLUE NP 583x385,Material,,,0,1,,,0-FACTORY/101/BANDING/01,Factory Banding 101,COIL,0.03,,,,,41.39,0,36.2,,41.39,1.2417,0,14.83,42.97,52.42,0,110.23,102.53,463.46,676.23
BOX001/101/NPL/D9999/26/1000G,PRINTED LID-STD LID NATURES MEADOW BLUE NP 583x385,Material,,,0,2,,,0-FACTORY/101/LAYERCARD,Factory Layercard 101 Testliner 150GSM 1100x930,1000,0.004,,,,,187,0,210,,187,0.748,0,14.83,42.97,52.42,0,110.23,102.53,463.46,676.23
BOX001/101/NPL/D9999/26/1000G,PRINTED LID-STD LID NATURES MEADOW BLUE NP 583x385,Material,,,0,3,,,0-PALLETS/101/Std1000x1200,Pallet 1000x1200 101,1000,0.001,,,,,4750,0,4750,,4750,4.75,0,14.83,42.97,52.42,0,110.23,102.53,463.46,676.23
BOX001/101/NPL/D9999/26/1000G,PRINTED LID-STD LID NATURES MEADOW BLUE NP 583x385,Material,,,0,4,,,0-TOPSHEET/101/1400mmx50UMS,Topsheet 101,Tonne,0.001,,,,,1945,0,,,1945,1.945,0,14.83,42.97,52.42,0,110.23,102.53,463.46,676.23
BOX001/101/NPL/D9999/26/1000G,PRINTED LID-STD LID NATURES MEADOW BLUE NP 583x385,Material,,,2,5,,,BRD001/NPL/D9999/26/1000G/WW,PRINTED BRD-STD LID NATURES MEADOW BLUE NP 583x385x156 1000G,1000 Sheet,0.5,,,,,,0,,,893.0605,446.53025,0,14.83,42.97,52.42,0,110.23,102.53,463.46,676.23
BOX001/101/NPL/D9999/26/1000G,PRINTED LID-STD LID NATURES MEADOW BLUE NP 583x385,Rolled Child,,,2,5.001,,,BRD001/NPL/D9999/26/1000G/WW,Rolled Up Child Material,1000 Sheet,0.5,,,,,,,,,893.0605,446.53025,1,14.83,42.97,52.42,0,110.23,102.53,463.46,676.23
BOX001/101/NPL/D9999/26/1000G,PRINTED LID-STD LID NATURES MEADOW BLUE NP 583x385,Rolled Child,,,2,5.002,,,BRD001/NPL/D9999/26/1000G/WW,Rolled Up Child Labour,1000 Sheet,0.5,,,,,,,,,59.34167,29.67084,1,14.83,42.97,52.42,0,110.23,102.53,463.46,676.23
BOX001/101/NPL/D9999/26/1000G,PRINTED LID-STD LID NATURES MEADOW BLUE NP 583x385,Rolled Child,Printer,Print,2,5.003,,,BRD001/NPL/D9999/26/1000G/WW,Rolled Up Child Print Machine,1000 Sheet,0.5,,,,,,,,,29.665,14.8325,1,14.83,42.97,52.42,0,110.23,102.53,463.46,676.23
BOX001/101/NPL/D9999/26/1000G,PRINTED LID-STD LID NATURES MEADOW BLUE NP 583x385,Material,,,0,6,,,PLASTOMELT9799,PLASTOMELT9799,Tonne,0.003,,,,,2750,0,2518.65105,,2750,8.25,0,14.83,42.97,52.42,0,110.23,102.53,463.46,676.23
BOX001/101/NPL/D9999/26/1000G,PRINTED LID-STD LID NATURES MEADOW BLUE NP 583x385,Labour,Diecutter,,0,20,DIE CUTTING,DIE CUTTING,101 Die Cutter Operator,101 Die Cutter Operator,,,1,4,4.142017,4.142017,,,,136.57,136.57,32.97186,0,14.83,42.97,52.42,0,110.23,102.53,463.46,676.23
BOX001/101/NPL/D9999/26/1000G,PRINTED LID-STD LID NATURES MEADOW BLUE NP 583x385,Machine,Diecutter,Die Cut,0,20,DIE CUTTING,DIE CUTTING,101 Die Cutter #1,101 Die Cutter #1,,,1,4,4.142017,4.142017,,,,177.99,177.99,42.97182,0,14.83,42.97,52.42,0,110.23,102.53,463.46,676.23
BOX001/101/NPL/D9999/26/1000G,PRINTED LID-STD LID NATURES MEADOW BLUE NP 583x385,Labour,Folder Gluer,,0,30,FOLDER GLUER,FOLDER GLUER,101 Folder Gluer Operator,101 Folder Gluer Operator,,,1,10,3.395165,3.395165,,,,135.43,135.43,39.88908,0,14.83,42.97,52.42,0,110.23,102.53,463.46,676.23
BOX001/101/NPL/D9999/26/1000G,PRINTED LID-STD LID NATURES MEADOW BLUE NP 583x385,Machine,Folder Gluer,Fold Glue,0,30,FOLDER GLUER,FOLDER GLUER,101 Folder Gluer Domino,101 Folder Gluer Domino,,,1,10,3.395165,3.395165,,,,177.99,177.99,52.42455,0,14.83,42.97,52.42,0,110.23,102.53,463.46,676.23
BOX001/101/NPL/D9999/29/1000G,PRINTED LID - STD LID RED HEREFORD (ROI) NO POLY,Material,,,0,1,,,0-FACTORY/102/BANDING,BLUE BANDING 102,COIL,0.03,,,,,29.67,0,42.82,,29.67,0.8901,0,14.83,40.6,49.85,0,105.28,98.75,446.99,651.03
BOX001/101/NPL/D9999/29/1000G,PRINTED LID - STD LID RED HEREFORD (ROI) NO POLY,Material,,,0,2,,,0-FACTORY/102/STDLAYERCARD,0-FACTORY/102/STDLAYERCARD,1000,0.004,,,,,198,0,,,198,0.792,0,14.83,40.6,49.85,0,105.28,98.75,446.99,651.03
BOX001/101/NPL/D9999/29/1000G,PRINTED LID - STD LID RED HEREFORD (ROI) NO POLY,Material,,,0,3,,,0-FACTORY/102/TOPSHEET,0-TOPSHEET/102/1400mmX1600mm/40MU,Tonne,0.001,,,,,1820,0,1820,,1820,1.82,0,14.83,40.6,49.85,0,105.28,98.75,446.99,651.03
BOX001/101/NPL/D9999/29/1000G,PRINTED LID - STD LID RED HEREFORD (ROI) NO POLY,Material,,,0,4,,,0-Pallets/102/Std1000x1200,0-Pallets/102/Std1000x1200,1000,0.001,,,,,4950,0,5250,,4950,4.95,0,14.83,40.6,49.85,0,105.28,98.75,446.99,651.03
BOX001/101/NPL/D9999/29/1000G,PRINTED LID - STD LID RED HEREFORD (ROI) NO POLY,Material,,,2,5,,,BRD001/NPL/D9999/29/1000G/WW,PRINTED BRD - STD LID RED HEREFORD (ROI) NO POLY,1000,0.5,,,,,,0,,,860.5845,430.29225,0,14.83,40.6,49.85,0,105.28,98.75,446.99,651.03
BOX001/101/NPL/D9999/29/1000G,PRINTED LID - STD LID RED HEREFORD (ROI) NO POLY,Rolled Child,,,2,5.001,,,BRD001/NPL/D9999/29/1000G/WW,Rolled Up Child Material,1000,0.5,,,,,,,,,860.5845,430.29225,1,14.83,40.6,49.85,0,105.28,98.75,446.99,651.03
BOX001/101/NPL/D9999/29/1000G,PRINTED LID - STD LID RED HEREFORD (ROI) NO POLY,Rolled Child,,,2,5.002,,,BRD001/NPL/D9999/29/1000G/WW,Rolled Up Child Labour,1000,0.5,,,,,,,,,59.34167,29.67084,1,14.83,40.6,49.85,0,105.28,98.75,446.99,651.03
BOX001/101/NPL/D9999/29/1000G,PRINTED LID - STD LID RED HEREFORD (ROI) NO POLY,Rolled Child,Printer,Print,2,5.003,,,BRD001/NPL/D9999/29/1000G/WW,Rolled Up Child Print Machine,1000,0.5,,,,,,,,,29.665,14.8325,1,14.83,40.6,49.85,0,105.28,98.75,446.99,651.03
BOX001/101/NPL/D9999/29/1000G,PRINTED LID - STD LID RED HEREFORD (ROI) NO POLY,Material,,,0,6,,,PLASTOMELT9799,PLASTOMELT9799,Tonne,0.003,,,,,2750,0,2518.65105,,2750,8.25,0,14.83,40.6,49.85,0,105.28,98.75,446.99,651.03
BOX001/101/NPL/D9999/29/1000G,PRINTED LID - STD LID RED HEREFORD (ROI) NO POLY,Labour,Diecutter,,0,20,DIE CUTTING,DIE CUTTING,101 DIE CUTTER OPERATOR,101 Die Cutter Operator,,,1,8,4.383843,4.383843,,,,136.57,136.57,31.15303,0,14.83,40.6,49.85,0,105.28,98.75,446.99,651.03
BOX001/101/NPL/D9999/29/1000G,PRINTED LID - STD LID RED HEREFORD (ROI) NO POLY,Machine,Diecutter,Die Cut,0,20,DIE CUTTING,DIE CUTTING,101 DIE CUTTER #2,101 Die Cutter #2,,,1,8,4.383843,4.383843,,,,177.99,177.99,40.60136,0,14.83,40.6,49.85,0,105.28,98.75,446.99,651.03
BOX001/101/NPL/D9999/29/1000G,PRINTED LID - STD LID RED HEREFORD (ROI) NO POLY,Labour,Folder Gluer,,0,30,FOLDER GLUER,FOLDER GLUER,101 FOLDER GLUER OPERATOR,101 Folder Gluer Operator,,,1,10,3.570571,3.570571,,,,135.43,135.43,37.92951,0,14.83,40.6,49.85,0,105.28,98.75,446.99,651.03
BOX001/101/NPL/D9999/29/1000G,PRINTED LID - STD LID RED HEREFORD (ROI) NO POLY,Machine,Folder Gluer,Fold Glue,0,30,FOLDER GLUER,FOLDER GLUER,101 FOLDER GLUER DOMINO,101 Folder Gluer Domino,,,1,10,3.570571,3.570571,,,,177.99,177.99,49.84917,0,14.83,40.6,49.85,0,105.28,98.75,446.99,651.03
BOX001/101/NPL/D9999/30/1000G,PRINTED LID -STD LID RIDING RESERVE RED NO POLY 58,Material,,,0,1,,,0-FACTORY/102/BANDING,BLUE BANDING 102,COIL,0.03,,,,,29.67,0,42.82,,29.67,0.8901,0,14.83,40.67,42.42,0,97.92,93.15,445.07,636.14
BOX001/101/NPL/D9999/30/1000G,PRINTED LID -STD LID RIDING RESERVE RED NO POLY 58,Material,,,0,2,,,0-FACTORY/102/STDLAYERCARD,0-FACTORY/102/STDLAYERCARD,1000,0.004,,,,,198,0,,,198,0.792,0,14.83,40.67,42.42,0,97.92,93.15,445.07,636.14
BOX001/101/NPL/D9999/30/1000G,PRINTED LID -STD LID RIDING RESERVE RED NO POLY 58,Material,,,0,3,,,0-FACTORY/102/TOPSHEET,0-TOPSHEET/102/1400mmX1600mm/40MU,Tonne,0.001,,,,,1820,0,1820,,1820,1.82,0,14.83,40.67,42.42,0,97.92,93.15,445.07,636.14
BOX001/101/NPL/D9999/30/1000G,PRINTED LID -STD LID RIDING RESERVE RED NO POLY 58,Material,,,0,4,,,0-Pallets/102/Std1000x1200,0-Pallets/102/Std1000x1200,1000,0.001,,,,,4950,0,5250,,4950,4.95,0,14.83,40.67,42.42,0,97.92,93.15,445.07,636.14
BOX001/101/NPL/D9999/30/1000G,PRINTED LID -STD LID RIDING RESERVE RED NO POLY 58,Material,,,2,5,,,BRD001/NPL/D9999/30/1000G/WW,PRINTED BRD - STD LID RIDING RESERVE RED NP 583x385x156 1000,1000,0.5,,,,,,0,,,856.7423,428.37115,0,14.83,40.67,42.42,0,97.92,93.15,445.07,636.14
BOX001/101/NPL/D9999/30/1000G,PRINTED LID -STD LID RIDING RESERVE RED NO POLY 58,Rolled Child,,,2,5.001,,,BRD001/NPL/D9999/30/1000G/WW,Rolled Up Child Material,1000,0.5,,,,,,,,,856.7423,428.37115,1,14.83,40.67,42.42,0,97.92,93.15,445.07,636.14
BOX001/101/NPL/D9999/30/1000G,PRINTED LID -STD LID RIDING RESERVE RED NO POLY 58,Rolled Child,,,2,5.002,,,BRD001/NPL/D9999/30/1000G/WW,Rolled Up Child Labour,1000,0.5,,,,,,,,,59.34167,29.67084,1,14.83,40.67,42.42,0,97.92,93.15,445.07,636.14
BOX001/101/NPL/D9999/30/1000G,PRINTED LID -STD LID RIDING RESERVE RED NO POLY 58,Rolled Child,Printer,Print,2,5.003,,,BRD001/NPL/D9999/30/1000G/WW,Rolled Up Child Print Machine,1000,0.5,,,,,,,,,29.665,14.8325,1,14.83,40.67,42.42,0,97.92,93.15,445.07,636.14
BOX001/101/NPL/D9999/30/1000G,PRINTED LID -STD LID RIDING RESERVE RED NO POLY 58,Material,,,0,6,,,PLASTOMELT9799,PLASTOMELT9799,Tonne,0.003,,,,,2750,0,2518.65105,,2750,8.25,0,14.83,40.67,42.42,0,97.92,93.15,445.07,636.14
BOX001/101/NPL/D9999/30/1000G,PRINTED LID -STD LID RIDING RESERVE RED NO POLY 58,Labour,Diecutter,,0,10,DIE CUTTING,DIE CUTTING,101 Die Cutter Operator,101 Die Cutter Operator,,,1,4,4.376854,4.376854,,,,136.57,136.57,31.20278,0,14.83,40.67,42.42,0,97.92,93.15,445.07,636.14
BOX001/101/NPL/D9999/30/1000G,PRINTED LID -STD LID RIDING RESERVE RED NO POLY 58,Machine,Diecutter,Die Cut,0,10,DIE CUTTING,DIE CUTTING,101 Die Cutter #1,101 Die Cutter #1,,,1,4,4.376854,4.376854,,,,177.99,177.99,40.6662,0,14.83,40.67,42.42,0,97.92,93.15,445.07,636.14
BOX001/101/NPL/D9999/30/1000G,PRINTED LID -STD LID RIDING RESERVE RED NO POLY 58,Labour,Folder Gluer,,0,20,FOLDER GLUER,FOLDER GLUER,101 Folder Gluer Operator,101 Folder Gluer Operator,,,1,10,4.195993,4.195993,,,,135.43,135.43,32.27603,0,14.83,40.67,42.42,0,97.92,93.15,445.07,636.14
BOX001/101/NPL/D9999/30/1000G,PRINTED LID -STD LID RIDING RESERVE RED NO POLY 58,Machine,Folder Gluer,Fold Glue,0,20,FOLDER GLUER,FOLDER GLUER,101 Folder Gluer Domino,101 Folder Gluer Domino,,,1,10,4.195993,4.195993,,,,177.99,177.99,42.41904,0,14.83,40.67,42.42,0,97.92,93.15,445.07,636.14
BOX001/101/NPL/D9999/32/1000G,PRINTED LID -STD LID STOCKMANS NO POLY 583 x 385 x,Material,,,0,1,,,0-FACTORY/102/BANDING,BLUE BANDING 102,COIL,0.03,,,,,29.67,0,42.82,,29.67,0.8901,0,14.83,31.01,55.49,0,101.33,95.69,446.99,644.02
BOX001/101/NPL/D9999/32/1000G,PRINTED LID -STD LID STOCKMANS NO POLY 583 x 385 x,Material,,,0,2,,,0-FACTORY/102/STDLAYERCARD,0-FACTORY/102/STDLAYERCARD,1000,0.004,,,,,198,0,,,198,0.792,0,14.83,31.01,55.49,0,101.33,95.69,446.99,644.02
BOX001/101/NPL/D9999/32/1000G,PRINTED LID -STD LID STOCKMANS NO POLY 583 x 385 x,Material,,,0,3,,,0-FACTORY/102/TOPSHEET,0-TOPSHEET/102/1400mmX1600mm/40MU,Tonne,0.001,,,,,1820,0,1820,,1820,1.82,0,14.83,31.01,55.49,0,101.33,95.69,446.99,644.02
BOX001/101/NPL/D9999/32/1000G,PRINTED LID -STD LID STOCKMANS NO POLY 583 x 385 x,Material,,,0,4,,,0-Pallets/102/Std1000x1200,0-Pallets/102/Std1000x1200,1000,0.001,,,,,4950,0,5250,,4950,4.95,0,14.83,31.01,55.49,0,101.33,95.69,446.99,644.02
BOX001/101/NPL/D9999/32/1000G,PRINTED LID -STD LID STOCKMANS NO POLY 583 x 385 x,Material,,,2,5,,,BRD001/NPL/D9999/32/1000G/WW,PRINTED BRD - STD LID STOCKMANS NO POLY 583 x 385 x 156 1000,1000,0.5,,,,,,0,,,860.5845,430.29225,0,14.83,31.01,55.49,0,101.33,95.69,446.99,644.02
BOX001/101/NPL/D9999/32/1000G,PRINTED LID -STD LID STOCKMANS NO POLY 583 x 385 x,Rolled Child,,,2,5.001,,,BRD001/NPL/D9999/32/1000G/WW,Rolled Up Child Material,1000,0.5,,,,,,,,,860.5845,430.29225,1,14.83,31.01,55.49,0,101.33,95.69,446.99,644.02
BOX001/101/NPL/D9999/32/1000G,PRINTED LID -STD LID STOCKMANS NO POLY 583 x 385 x,Rolled Child,,,2,5.002,,,BRD001/NPL/D9999/32/1000G/WW,Rolled Up Child Labour,1000,0.5,,,,,,,,,59.34167,29.67084,1,14.83,31.01,55.49,0,101.33,95.69,446.99,644.02
BOX001/101/NPL/D9999/32/1000G,PRINTED LID -STD LID STOCKMANS NO POLY 583 x 385 x,Rolled Child,Printer,Print,2,5.003,,,BRD001/NPL/D9999/32/1000G/WW,Rolled Up Child Print Machine,1000,0.5,,,,,,,,,29.665,14.8325,1,14.83,31.01,55.49,0,101.33,95.69,446.99,644.02
BOX001/101/NPL/D9999/32/1000G,PRINTED LID -STD LID STOCKMANS NO POLY 583 x 385 x,Material,,,0,6,,,PLASTOMELT9799,PLASTOMELT9799,Tonne,0.003,,,,,2750,0,2518.65105,,2750,8.25,0,14.83,31.01,55.49,0,101.33,95.69,446.99,644.02
BOX001/101/NPL/D9999/32/1000G,PRINTED LID -STD LID STOCKMANS NO POLY 583 x 385 x,Labour,Diecutter,,0,10,DIE CUTTING,DIE CUTTING,101 Die Cutter Operator,101 Die Cutter Operator,,,1,4,5.738972,5.738972,,,,136.57,136.57,23.79694,0,14.83,31.01,55.49,0,101.33,95.69,446.99,644.02
BOX001/101/NPL/D9999/32/1000G,PRINTED LID -STD LID STOCKMANS NO POLY 583 x 385 x,Machine,Diecutter,Die Cut,0,10,DIE CUTTING,DIE CUTTING,101 Die Cutter #1,101 Die Cutter #1,,,1,4,5.738972,5.738972,,,,177.99,177.99,31.01427,0,14.83,31.01,55.49,0,101.33,95.69,446.99,644.02
BOX001/101/NPL/D9999/32/1000G,PRINTED LID -STD LID STOCKMANS NO POLY 583 x 385 x,Labour,Folder Gluer,,0,20,FOLDER GLUER,FOLDER GLUER,101 Folder Gluer Operator,101 Folder Gluer Operator,,,1,10,3.207711,3.207711,,,,135.43,135.43,42.22014,0,14.83,31.01,55.49,0,101.33,95.69,446.99,644.02
BOX001/101/NPL/D9999/32/1000G,PRINTED LID -STD LID STOCKMANS NO POLY 583 x 385 x,Machine,Folder Gluer,Fold Glue,0,20,FOLDER GLUER,FOLDER GLUER,101 Folder Gluer Domino,101 Folder Gluer Domino,,,1,10,3.207711,3.207711,,,,177.99,177.99,55.48817,0,14.83,31.01,55.49,0,101.33,95.69,446.99,644.02
BOX001/101/NPL/D9999/37/1000G,PRINTED LID -  STD LID TW LUDGATE 590x390x150 1000,Material,,,0,1,,,0-FACTORY/101/BANDING/01,Factory Banding 101,COIL,0.03,,,,,41.39,0,36.2,,41.39,1.2417,0,14.83,22.25,17.8,0,54.88,60.29,447.23,562.39
BOX001/101/NPL/D9999/37/1000G,PRINTED LID -  STD LID TW LUDGATE 590x390x150 1000,Material,,,0,2,,,0-FACTORY/101/LAYERCARD,Factory Layercard 101 Testliner 150GSM 1100x930,1000,0.004,,,,,187,0,210,,187,0.748,0,14.83,22.25,17.8,0,54.88,60.29,447.23,562.39
BOX001/101/NPL/D9999/37/1000G,PRINTED LID -  STD LID TW LUDGATE 590x390x150 1000,Material,,,0,3,,,0-PALLETS/101/Std1000x1200,Pallet 1000x1200 101,1000,0.001,,,,,4750,0,4750,,4750,4.75,0,14.83,22.25,17.8,0,54.88,60.29,447.23,562.39
BOX001/101/NPL/D9999/37/1000G,PRINTED LID -  STD LID TW LUDGATE 590x390x150 1000,Material,,,0,4,,,0-TOPSHEET/101/1400mmx50UMS,Topsheet 101,Tonne,0.001,,,,,1945,0,,,1945,1.945,0,14.83,22.25,17.8,0,54.88,60.29,447.23,562.39
BOX001/101/NPL/D9999/37/1000G,PRINTED LID -  STD LID TW LUDGATE 590x390x150 1000,Material,,,2,5,,,BRD001/NPL/D9999/37/1000G/WW,PRINTED BRD - STD LID TW LUDGATE 583x385x157 1000G,1000,0.5,,,,,,0,,,860.5845,430.29225,0,14.83,22.25,17.8,0,54.88,60.29,447.23,562.39
BOX001/101/NPL/D9999/37/1000G,PRINTED LID -  STD LID TW LUDGATE 590x390x150 1000,Rolled Child,,,2,5.001,,,BRD001/NPL/D9999/37/1000G/WW,Rolled Up Child Material,1000,0.5,,,,,,,,,860.5845,430.29225,1,14.83,22.25,17.8,0,54.88,60.29,447.23,562.39
BOX001/101/NPL/D9999/37/1000G,PRINTED LID -  STD LID TW LUDGATE 590x390x150 1000,Rolled Child,,,2,5.002,,,BRD001/NPL/D9999/37/1000G/WW,Rolled Up Child Labour,1000,0.5,,,,,,,,,59.34167,29.67084,1,14.83,22.25,17.8,0,54.88,60.29,447.23,562.39
BOX001/101/NPL/D9999/37/1000G,PRINTED LID -  STD LID TW LUDGATE 590x390x150 1000,Rolled Child,Printer,Print,2,5.003,,,BRD001/NPL/D9999/37/1000G/WW,Rolled Up Child Print Machine,1000,0.5,,,,,,,,,29.665,14.8325,1,14.83,22.25,17.8,0,54.88,60.29,447.23,562.39
BOX001/101/NPL/D9999/37/1000G,PRINTED LID -  STD LID TW LUDGATE 590x390x150 1000,Material,,,0,6,,,PLASTOMELT9799,PLASTOMELT9799,Tonne,0.003,,,,,2750,0,2518.65105,,2750,8.25,0,14.83,22.25,17.8,0,54.88,60.29,447.23,562.39
BOX001/101/NPL/D9999/37/1000G,PRINTED LID -  STD LID TW LUDGATE 590x390x150 1000,Labour,Diecutter,,0,20,DIE CUTTING,DIE CUTTING,101 DIE CUTTER OPERATOR,101 Die Cutter Operator,,,1,8,,8,,,,136.57,136.57,17.07125,0,14.83,22.25,17.8,0,54.88,60.29,447.23,562.39
BOX001/101/NPL/D9999/37/1000G,PRINTED LID -  STD LID TW LUDGATE 590x390x150 1000,Machine,Diecutter,Die Cut,0,20,DIE CUTTING,DIE CUTTING,101 DIE CUTTER #1,101 Die Cutter #1,,,1,8,,8,,,,177.99,177.99,22.24875,0,14.83,22.25,17.8,0,54.88,60.29,447.23,562.39
BOX001/101/NPL/D9999/37/1000G,PRINTED LID -  STD LID TW LUDGATE 590x390x150 1000,Labour,Folder Gluer,,0,30,FOLDER GLUER,FOLDER GLUER,101 FOLDER GLUER OPERATOR,101 Folder Gluer Operator,,,1,10,,10,,,,135.43,135.43,13.543,0,14.83,22.25,17.8,0,54.88,60.29,447.23,562.39
BOX001/101/NPL/D9999/37/1000G,PRINTED LID -  STD LID TW LUDGATE 590x390x150 1000,Machine,Folder Gluer,Fold Glue,0,30,FOLDER GLUER,FOLDER GLUER,101 FOLDER GLUER DOMINO,101 Folder Gluer Domino,,,1,10,,10,,,,177.99,177.99,17.799,0,14.83,22.25,17.8,0,54.88,60.29,447.23,562.39
BOX001/101/NPL/D9999/38/1000G,PRINTED LID -STD LID WEST COUNTRY CHOICENO POLY 58,Material,,,0,1,,,0-FACTORY/101/BANDING/01,Factory Banding 101,COIL,0.03,,,,,41.39,0,36.2,,41.39,1.2417,0,14.83,43.14,41.85,0,99.83,94.62,443.53,637.98
BOX001/101/NPL/D9999/38/1000G,PRINTED LID -STD LID WEST COUNTRY CHOICENO POLY 58,Material,,,0,2,,,0-FACTORY/101/LAYERCARD,Factory Layercard 101 Testliner 150GSM 1100x930,1000,0.004,,,,,187,0,210,,187,0.748,0,14.83,43.14,41.85,0,99.83,94.62,443.53,637.98
BOX001/101/NPL/D9999/38/1000G,PRINTED LID -STD LID WEST COUNTRY CHOICENO POLY 58,Material,,,0,3,,,0-PALLETS/101/Std1000x1200,Pallet 1000x1200 101,1000,0.001,,,,,4750,0,4750,,4750,4.75,0,14.83,43.14,41.85,0,99.83,94.62,443.53,637.98
BOX001/101/NPL/D9999/38/1000G,PRINTED LID -STD LID WEST COUNTRY CHOICENO POLY 58,Material,,,0,4,,,0-TOPSHEET/101/1400mmx50UMS,Topsheet 101,Tonne,0.001,,,,,1945,0,,,1945,1.945,0,14.83,43.14,41.85,0,99.83,94.62,443.53,637.98
BOX001/101/NPL/D9999/38/1000G,PRINTED LID -STD LID WEST COUNTRY CHOICENO POLY 58,Material,,,2,5,,,BRD001/NPL/D9999/38/1000G/WW,PRINTED BRD - STD LID WEST COUNTRY CHOICE NP 583x385x156,1000 Sheet,0.5,,,,,,0,,,853.2,426.6,0,14.83,43.14,41.85,0,99.83,94.62,443.53,637.98
BOX001/101/NPL/D9999/38/1000G,PRINTED LID -STD LID WEST COUNTRY CHOICENO POLY 58,Rolled Child,,,2,5.001,,,BRD001/NPL/D9999/38/1000G/WW,Rolled Up Child Material,1000 Sheet,0.5,,,,,,,,,853.2,426.6,1,14.83,43.14,41.85,0,99.83,94.62,443.53,637.98
BOX001/101/NPL/D9999/38/1000G,PRINTED LID -STD LID WEST COUNTRY CHOICENO POLY 58,Rolled Child,,,2,5.002,,,BRD001/NPL/D9999/38/1000G/WW,Rolled Up Child Labour,1000 Sheet,0.5,,,,,,,,,59.34167,29.67084,1,14.83,43.14,41.85,0,99.83,94.62,443.53,637.98
BOX001/101/NPL/D9999/38/1000G,PRINTED LID -STD LID WEST COUNTRY CHOICENO POLY 58,Rolled Child,Printer,Print,2,5.003,,,BRD001/NPL/D9999/38/1000G/WW,Rolled Up Child Print Machine,1000 Sheet,0.5,,,,,,,,,29.665,14.8325,1,14.83,43.14,41.85,0,99.83,94.62,443.53,637.98
BOX001/101/NPL/D9999/38/1000G,PRINTED LID -STD LID WEST COUNTRY CHOICENO POLY 58,Material,,,0,6,,,PLASTOMELT9799,PLASTOMELT9799,Tonne,0.003,,,,,2750,0,2518.65105,,2750,8.25,0,14.83,43.14,41.85,0,99.83,94.62,443.53,637.98
BOX001/101/NPL/D9999/38/1000G,PRINTED LID -STD LID WEST COUNTRY CHOICENO POLY 58,Labour,Diecutter,,0,20,DIE CUTTING,DIE CUTTING,101 DIE CUTTER OPERATOR,101 Die Cutter Operator,,,1,8,4.125889,4.125889,,,,136.57,136.57,33.10075,0,14.83,43.14,41.85,0,99.83,94.62,443.53,637.98
BOX001/101/NPL/D9999/38/1000G,PRINTED LID -STD LID WEST COUNTRY CHOICENO POLY 58,Machine,Diecutter,Die Cut,0,20,DIE CUTTING,DIE CUTTING,101 DIE CUTTER #1,101 Die Cutter #1,,,1,8,4.125889,4.125889,,,,177.99,177.99,43.13979,0,14.83,43.14,41.85,0,99.83,94.62,443.53,637.98
BOX001/101/NPL/D9999/38/1000G,PRINTED LID -STD LID WEST COUNTRY CHOICENO POLY 58,Labour,Folder Gluer,,0,30,FOLDER GLUER,FOLDER GLUER,101 FOLDER GLUER OPERATOR,101 Folder Gluer Operator,,,1,10,4.252541,4.252541,,,,135.43,135.43,31.84684,0,14.83,43.14,41.85,0,99.83,94.62,443.53,637.98
BOX001/101/NPL/D9999/38/1000G,PRINTED LID -STD LID WEST COUNTRY CHOICENO POLY 58,Machine,Folder Gluer,Fold Glue,0,30,FOLDER GLUER,FOLDER GLUER,101 FOLDER GLUER DOMINO,101 Folder Gluer Domino,,,1,10,4.252541,4.252541,,,,177.99,177.99,41.85498,0,14.83,43.14,41.85,0,99.83,94.62,443.53,637.98
BOX001/101/NPL/D9999/39/1000G,PRINTED LID -STD LID TOM HIXSON NO POLY 583 x 385,Material,,,0,1,,,0-FACTORY/102/BANDING,BLUE BANDING 102,COIL,0.03,,,,,29.67,0,42.82,,29.67,0.8901,0,0,43.19,41.75,0,84.94,64.91,442.69,592.54
BOX001/101/NPL/D9999/39/1000G,PRINTED LID -STD LID TOM HIXSON NO POLY 583 x 385,Material,,,0,2,,,0-FACTORY/102/STDLAYERCARD,0-FACTORY/102/STDLAYERCARD,1000,0.004,,,,,198,0,,,198,0.792,0,0,43.19,41.75,0,84.94,64.91,442.69,592.54
BOX001/101/NPL/D9999/39/1000G,PRINTED LID -STD LID TOM HIXSON NO POLY 583 x 385,Material,,,0,3,,,0-FACTORY/102/TOPSHEET,0-TOPSHEET/102/1400mmX1600mm/40MU,Tonne,0.001,,,,,1820,0,1820,,1820,1.82,0,0,43.19,41.75,0,84.94,64.91,442.69,592.54
BOX001/101/NPL/D9999/39/1000G,PRINTED LID -STD LID TOM HIXSON NO POLY 583 x 385,Material,,,0,4,,,0-Pallets/102/Std1000x1200,0-Pallets/102/Std1000x1200,1000,0.001,,,,,4950,0,5250,,4950,4.95,0,0,43.19,41.75,0,84.94,64.91,442.69,592.54
BOX001/101/NPL/D9999/39/1000G,PRINTED LID -STD LID TOM HIXSON NO POLY 583 x 385,Material,,,2,5,,,BRD001/NPL/D9999/39/1000G/WW,PRINTED BOARD FOR LID - STD LID TOM HIXSON NO POLY 1000G,1000 Sheet,0.5,,,,,,0,,,851.98,425.99,0,0,43.19,41.75,0,84.94,64.91,442.69,592.54
BOX001/101/NPL/D9999/39/1000G,PRINTED LID -STD LID TOM HIXSON NO POLY 583 x 385,Rolled Child,,,2,5.001,,,BRD001/NPL/D9999/39/1000G/WW,Rolled Up Child Material,1000 Sheet,0.5,,,,,,,,,851.98,425.99,1,0,43.19,41.75,0,84.94,64.91,442.69,592.54
BOX001/101/NPL/D9999/39/1000G,PRINTED LID -STD LID TOM HIXSON NO POLY 583 x 385,Material,,,0,6,,,PLASTOMELT9799,PLASTOMELT9799,Tonne,0.003,,,,,2750,0,2518.65105,,2750,8.25,0,0,43.19,41.75,0,84.94,64.91,442.69,592.54
BOX001/101/NPL/D9999/39/1000G,PRINTED LID -STD LID TOM HIXSON NO POLY 583 x 385,Labour,Diecutter,,0,10,DIE CUTTING,DIE CUTTING,101 Die Cutter Operator,101 Die Cutter Operator,,,1,4,4.121412,4.121412,,,,136.57,136.57,33.1367,0,0,43.19,41.75,0,84.94,64.91,442.69,592.54
BOX001/101/NPL/D9999/39/1000G,PRINTED LID -STD LID TOM HIXSON NO POLY 583 x 385,Machine,Diecutter,Die Cut,0,10,DIE CUTTING,DIE CUTTING,101 Die Cutter #1,101 Die Cutter #1,,,1,4,4.121412,4.121412,,,,177.99,177.99,43.18666,0,0,43.19,41.75,0,84.94,64.91,442.69,592.54
BOX001/101/NPL/D9999/39/1000G,PRINTED LID -STD LID TOM HIXSON NO POLY 583 x 385,Labour,Folder Gluer,,0,20,FOLDER GLUER,FOLDER GLUER,101 Folder Gluer Operator,101 Folder Gluer Operator,,,1,10,4.262974,4.262974,,,,135.43,135.43,31.7689,0,0,43.19,41.75,0,84.94,64.91,442.69,592.54
BOX001/101/NPL/D9999/39/1000G,PRINTED LID -STD LID TOM HIXSON NO POLY 583 x 385,Machine,Folder Gluer,Fold Glue,0,20,FOLDER GLUER,FOLDER GLUER,101 Folder Gluer Domino,101 Folder Gluer Domino,,,1,10,4.262974,4.262974,,,,177.99,177.99,41.75254,0,0,43.19,41.75,0,84.94,64.91,442.69,592.54
BOX001/101/NPL/H0063/01/900G,PRINTED LID - HEWITT CONNOISEUR LARGE LID 590x390x150 900G,Material,,,0,0,,,0-FACTORY/101/BANDING/01,Factory Banding 101,COIL,0.03,,,,,41.39,0,36.2,,41.39,1.2417,0,14.83,32.36,31.09,0,78.28,78.16,378.29,534.73
BOX001/101/NPL/H0063/01/900G,PRINTED LID - HEWITT CONNOISEUR LARGE LID 590x390x150 900G,Material,,,0,0,,,0-FACTORY/101/LAYERCARD,Factory Layercard 101 Testliner 150GSM 1100x930,1000,0.004,,,,,187,0,210,,187,0.748,0,14.83,32.36,31.09,0,78.28,78.16,378.29,534.73
BOX001/101/NPL/H0063/01/900G,PRINTED LID - HEWITT CONNOISEUR LARGE LID 590x390x150 900G,Material,,,0,0,,,0-PALLETS/101/Std1000x1200,Pallet 1000x1200 101,1000,0.001,,,,,4750,0,4750,,4750,4.75,0,14.83,32.36,31.09,0,78.28,78.16,378.29,534.73
BOX001/101/NPL/H0063/01/900G,PRINTED LID - HEWITT CONNOISEUR LARGE LID 590x390x150 900G,Material,,,0,0,,,0-TOPSHEET/101/1500mmx50UMS,Topsheet 101,Tonne,0.001,,,,,2347,0,1820,,2347,2.347,0,14.83,32.36,31.09,0,78.28,78.16,378.29,534.73
BOX001/101/NPL/H0063/01/900G,PRINTED LID - HEWITT CONNOISEUR LARGE LID 590x390x150 900G,Material,,,2,0,,,BRD001/NPL/H0063/01/900G/WB,PRINTED BRD - HEWITT CONNOISEUR LARGE LID 590x390x150 900G,1000 Sheet,0.5,,,,,,0,,,721.9046,360.9523,0,14.83,32.36,31.09,0,78.28,78.16,378.29,534.73
BOX001/101/NPL/H0063/01/900G,PRINTED LID - HEWITT CONNOISEUR LARGE LID 590x390x150 900G,Material,,,0,0,,,PLASTOMELT9799,PLASTOMELT9799,Tonne,0.003,,,,,2750,0,2518.65105,,2750,8.25,0,14.83,32.36,31.09,0,78.28,78.16,378.29,534.73
BOX001/101/NPL/H0063/01/900G,PRINTED LID - HEWITT CONNOISEUR LARGE LID 590x390x150 900G,Rolled Child,,,2,0.001,,,BRD001/NPL/H0063/01/900G/WB,Rolled Up Child Material,1000 Sheet,0.5,,,,,,,,,721.9046,360.9523,1,14.83,32.36,31.09,0,78.28,78.16,378.29,534.73
BOX001/101/NPL/H0063/01/900G,PRINTED LID - HEWITT CONNOISEUR LARGE LID 590x390x150 900G,Rolled Child,,,2,0.002,,,BRD001/NPL/H0063/01/900G/WB,Rolled Up Child Labour,1000 Sheet,0.5,,,,,,,,,59.34167,29.67084,1,14.83,32.36,31.09,0,78.28,78.16,378.29,534.73
BOX001/101/NPL/H0063/01/900G,PRINTED LID - HEWITT CONNOISEUR LARGE LID 590x390x150 900G,Rolled Child,Printer,Print,2,0.003,,,BRD001/NPL/H0063/01/900G/WB,Rolled Up Child Print Machine,1000 Sheet,0.5,,,,,,,,,29.665,14.8325,1,14.83,32.36,31.09,0,78.28,78.16,378.29,534.73
BOX001/101/NPL/H0063/01/900G,PRINTED LID - HEWITT CONNOISEUR LARGE LID 590x390x150 900G,Labour,Diecutter,,0,20,DIE CUTTING,Die Cutting,101 Die Cutter Operator,101 Die Cutter Operator,,,1,8,5.500797,5.500797,,,,136.57,136.57,24.82731,0,14.83,32.36,31.09,0,78.28,78.16,378.29,534.73
BOX001/101/NPL/H0063/01/900G,PRINTED LID - HEWITT CONNOISEUR LARGE LID 590x390x150 900G,Machine,Diecutter,Die Cut,0,20,DIE CUTTING,Die Cutting,101 Die Cutter #1,101 Die Cutter #1,,,1,8,5.500797,5.500797,,,,177.99,177.99,32.35713,0,14.83,32.36,31.09,0,78.28,78.16,378.29,534.73
BOX001/101/NPL/H0063/01/900G,PRINTED LID - HEWITT CONNOISEUR LARGE LID 590x390x150 900G,Labour,Folder Gluer,,0,30,FOLDER GLUER,Folder Gluer,101 Folder Gluer Operator,101 Folder Gluer Operator,,,1,10,5.724347,5.724347,,,,135.43,135.43,23.65859,0,14.83,32.36,31.09,0,78.28,78.16,378.29,534.73
BOX001/101/NPL/H0063/01/900G,PRINTED LID - HEWITT CONNOISEUR LARGE LID 590x390x150 900G,Machine,Folder Gluer,Fold Glue,0,30,FOLDER GLUER,Folder Gluer,101 Folder Gluer Tanabe,101 Folder Gluer Tanabe,,,1,10,5.724347,5.724347,,,,177.99,177.99,31.0935,0,14.83,32.36,31.09,0,78.28,78.16,378.29,534.73
BOX001/101/NPL/H0063/02/900G,PRINTED LID - HEWITT EURO LID 585x390x150 900G,Material,,,0,0,,,0-FACTORY/101/BANDING/01,Factory Banding 101,COIL,0.03,,,,,41.39,0,36.2,,41.39,1.2417,0,14.83,31.84,31.51,0,78.19,78.08,393.45,549.72
BOX001/101/NPL/H0063/02/900G,PRINTED LID - HEWITT EURO LID 585x390x150 900G,Material,,,0,0,,,0-FACTORY/101/LAYERCARD,Factory Layercard 101 Testliner 150GSM 1100x930,1000,0.004,,,,,187,0,210,,187,0.748,0,14.83,31.84,31.51,0,78.19,78.08,393.45,549.72
BOX001/101/NPL/H0063/02/900G,PRINTED LID - HEWITT EURO LID 585x390x150 900G,Material,,,0,0,,,0-PALLETS/101/Std1000x1200,Pallet 1000x1200 101,1000,0.001,,,,,4750,0,4750,,4750,4.75,0,14.83,31.84,31.51,0,78.19,78.08,393.45,549.72
BOX001/101/NPL/H0063/02/900G,PRINTED LID - HEWITT EURO LID 585x390x150 900G,Material,,,0,0,,,0-TOPSHEET/101/1500mmx50UMS,Topsheet 101,Tonne,0.001,,,,,2347,0,1820,,2347,2.347,0,14.83,31.84,31.51,0,78.19,78.08,393.45,549.72
BOX001/101/NPL/H0063/02/900G,PRINTED LID - HEWITT EURO LID 585x390x150 900G,Material,,,2,0,,,BRD001/NPL/H0063/02/900G/WB,PRINTED BRD - HEWITT EURO LID 585x390x150 900G,1000 Sheet,0.5,,,,,,0,,,752.221,376.1105,0,14.83,31.84,31.51,0,78.19,78.08,393.45,549.72
BOX001/101/NPL/H0063/02/900G,PRINTED LID - HEWITT EURO LID 585x390x150 900G,Material,,,0,0,,,PLASTOMELT9799,PLASTOMELT9799,Tonne,0.003,,,,,2750,0,2518.65105,,2750,8.25,0,14.83,31.84,31.51,0,78.19,78.08,393.45,549.72
BOX001/101/NPL/H0063/02/900G,PRINTED LID - HEWITT EURO LID 585x390x150 900G,Rolled Child,,,2,0.001,,,BRD001/NPL/H0063/02/900G/WB,Rolled Up Child Material,1000 Sheet,0.5,,,,,,,,,752.221,376.1105,1,14.83,31.84,31.51,0,78.19,78.08,393.45,549.72
BOX001/101/NPL/H0063/02/900G,PRINTED LID - HEWITT EURO LID 585x390x150 900G,Rolled Child,,,2,0.002,,,BRD001/NPL/H0063/02/900G/WB,Rolled Up Child Labour,1000 Sheet,0.5,,,,,,,,,59.34167,29.67084,1,14.83,31.84,31.51,0,78.19,78.08,393.45,549.72
BOX001/101/NPL/H0063/02/900G,PRINTED LID - HEWITT EURO LID 585x390x150 900G,Rolled Child,Printer,Print,2,0.003,,,BRD001/NPL/H0063/02/900G/WB,Rolled Up Child Print Machine,1000 Sheet,0.5,,,,,,,,,29.665,14.8325,1,14.83,31.84,31.51,0,78.19,78.08,393.45,549.72
BOX001/101/NPL/H0063/02/900G,PRINTED LID - HEWITT EURO LID 585x390x150 900G,Labour,Diecutter,,0,20,DIE CUTTING,Die Cutting,101 Die Cutter Operator,101 Die Cutter Operator,,,1,8,5.589279,5.589279,,,,136.57,136.57,24.43428,0,14.83,31.84,31.51,0,78.19,78.08,393.45,549.72
BOX001/101/NPL/H0063/02/900G,PRINTED LID - HEWITT EURO LID 585x390x150 900G,Machine,Diecutter,Die Cut,0,20,DIE CUTTING,Die Cutting,101 Die Cutter #1,101 Die Cutter #1,,,1,8,5.589279,5.589279,,,,177.99,177.99,31.84489,0,14.83,31.84,31.51,0,78.19,78.08,393.45,549.72
BOX001/101/NPL/H0063/02/900G,PRINTED LID - HEWITT EURO LID 585x390x150 900G,Labour,Folder Gluer,,0,30,FOLDER GLUER,Folder Gluer,101 Folder Gluer Operator,101 Folder Gluer Operator,,,1,10,5.648287,5.648287,,,,135.43,135.43,23.97718,0,14.83,31.84,31.51,0,78.19,78.08,393.45,549.72
BOX001/101/NPL/H0063/02/900G,PRINTED LID - HEWITT EURO LID 585x390x150 900G,Machine,Folder Gluer,Fold Glue,0,30,FOLDER GLUER,Folder Gluer,101 Folder Gluer Tanabe,101 Folder Gluer Tanabe,,,1,10,5.648287,5.648287,,,,177.99,177.99,31.51221,0,14.83,31.84,31.51,0,78.19,78.08,393.45,549.72
BOX001/101/NPL/R0069/01/1000G,PRINTED LID - RGB WEBSTER PTD LID 2021 NON EU 585x390x150,Material,,,0,0,,,0-FACTORY/101/BANDING/01,Factory Banding 101,COIL,0.03,,,,,41.39,0,36.2,,41.39,1.2417,0,14.83,43.14,56.77,0,114.74,105.97,405.17,625.88
BOX001/101/NPL/R0069/01/1000G,PRINTED LID - RGB WEBSTER PTD LID 2021 NON EU 585x390x150,Material,,,0,0,,,0-FACTORY/101/LAYERCARD,Factory Layercard 101,1000,0.004,,,,,187,0,210,,187,0.748,0,14.83,43.14,56.77,0,114.74,105.97,405.17,625.88
BOX001/101/NPL/R0069/01/1000G,PRINTED LID - RGB WEBSTER PTD LID 2021 NON EU 585x390x150,Material,,,0,0,,,0-FACTORY/101/STRETCHWRAP,STRETCHWRAP/001,Tonne,1e-05,,,,,2440,0,2440,,2440,0.0244,0,14.83,43.14,56.77,0,114.74,105.97,405.17,625.88
BOX001/101/NPL/R0069/01/1000G,PRINTED LID - RGB WEBSTER PTD LID 2021 NON EU 585x390x150,Material,,,0,0,,,0-PALLETS/101/Std1000x1200,Pallet 1000x1200 101,1000,0.001,,,,,4750,0,4750,,4750,4.75,0,14.83,43.14,56.77,0,114.74,105.97,405.17,625.88
BOX001/101/NPL/R0069/01/1000G,PRINTED LID - RGB WEBSTER PTD LID 2021 NON EU 585x390x150,Material,,,0,0,,,0-TOPSHEET/101/1500mmx50UMS,Topsheet 101,Tonne,1e-05,,,,,2347,0,1820,,2347,0.02347,0,14.83,43.14,56.77,0,114.74,105.97,405.17,625.88
BOX001/101/NPL/R0069/01/1000G,PRINTED LID - RGB WEBSTER PTD LID 2021 NON EU 585x390x150,Material,,,2,0,,,BRD001/NPL/R0069/01/1000G/WW,PRINTED BRD - RGB WEBSTER PTD LID 2021 NON EU 1380X885,1000 Sheet,0.5,,,,,,0,,,780.2642,390.1321,0,14.83,43.14,56.77,0,114.74,105.97,405.17,625.88
BOX001/101/NPL/R0069/01/1000G,PRINTED LID - RGB WEBSTER PTD LID 2021 NON EU 585x390x150,Material,,,0,0,,,PLASTOMELT9799,PLASTOMELT9799,Tonne,0.003,,,,,2750,0,2518.65105,,2750,8.25,0,14.83,43.14,56.77,0,114.74,105.97,405.17,625.88
BOX001/101/NPL/R0069/01/1000G,PRINTED LID - RGB WEBSTER PTD LID 2021 NON EU 585x390x150,Rolled Child,,,2,0.001,,,BRD001/NPL/R0069/01/1000G/WW,Rolled Up Child Material,1000 Sheet,0.5,,,,,,,,,780.2642,390.1321,1,14.83,43.14,56.77,0,114.74,105.97,405.17,625.88
BOX001/101/NPL/R0069/01/1000G,PRINTED LID - RGB WEBSTER PTD LID 2021 NON EU 585x390x150,Rolled Child,,,2,0.002,,,BRD001/NPL/R0069/01/1000G/WW,Rolled Up Child Labour,1000 Sheet,0.5,,,,,,,,,59.34167,29.67084,1,14.83,43.14,56.77,0,114.74,105.97,405.17,625.88
BOX001/101/NPL/R0069/01/1000G,PRINTED LID - RGB WEBSTER PTD LID 2021 NON EU 585x390x150,Rolled Child,Printer,Print,2,0.003,,,BRD001/NPL/R0069/01/1000G/WW,Rolled Up Child Print Machine,1000 Sheet,0.5,,,,,,,,,29.665,14.8325,1,14.83,43.14,56.77,0,114.74,105.97,405.17,625.88
BOX001/101/NPL/R0069/01/1000G,PRINTED LID - RGB WEBSTER PTD LID 2021 NON EU 585x390x150,Labour,Diecutter,,0,20,DIE CUTTING,DIE CUTTING,101 Die Cutter Operator,101 Die Cutter Operator,,,0,8,4.125814,4.125814,,,,136.57,136.57,33.10135,0,14.83,43.14,56.77,0,114.74,105.97,405.17,625.88
BOX001/101/NPL/R0069/01/1000G,PRINTED LID - RGB WEBSTER PTD LID 2021 NON EU 585x390x150,Machine,Diecutter,Die Cut,0,20,DIE CUTTING,DIE CUTTING,101 Die Cutter #1,101 Die Cutter #1,,,0,8,4.125814,4.125814,,,,177.99,177.99,43.14058,0,14.83,43.14,56.77,0,114.74,105.97,405.17,625.88
BOX001/101/NPL/R0069/01/1000G,PRINTED LID - RGB WEBSTER PTD LID 2021 NON EU 585x390x150,Labour,Folder Gluer,,0,30,FOLDER GLUER,FOLDER GLUER,101 Folder Gluer Operator,101 Folder Gluer Operator,,,0,10,3.1352,3.1352,,,,135.43,135.43,43.19661,0,14.83,43.14,56.77,0,114.74,105.97,405.17,625.88
BOX001/101/NPL/R0069/01/1000G,PRINTED LID - RGB WEBSTER PTD LID 2021 NON EU 585x390x150,Machine,Folder Gluer,Fold Glue,0,30,FOLDER GLUER,FOLDER GLUER,101 Folder Gluer Omega,101 Folder Gluer Omega,,,0,10,3.1352,3.1352,,,,177.99,177.99,56.7715,0,14.83,43.14,56.77,0,114.74,105.97,405.17,625.88
BOX001/101/NPL/S0297/01/950G,PRINTED LID - STILLMANS LTD NO POLY 590x390x150 95,Material,,,0,1,,,0-FACTORY/101/BANDING/01,Factory Banding 101,COIL,0.03,,,,,41.39,0,36.2,,41.39,1.2417,0,14.83,44.56,17.8,0,77.2,77.41,424.25,578.86
BOX001/101/NPL/S0297/01/950G,PRINTED LID - STILLMANS LTD NO POLY 590x390x150 95,Material,,,0,2,,,0-FACTORY/101/LAYERCARD,Factory Layercard 101 Testliner 150GSM 1100x930,1000,0.004,,,,,187,0,210,,187,0.748,0,14.83,44.56,17.8,0,77.2,77.41,424.25,578.86
BOX001/101/NPL/S0297/01/950G,PRINTED LID - STILLMANS LTD NO POLY 590x390x150 95,Material,,,0,3,,,0-FACTORY/101/STRETCHWRAP,STRETCHWRAP,Tonne,0.0001,,,,,2440,0,2440,,2440,0.244,0,14.83,44.56,17.8,0,77.2,77.41,424.25,578.86
BOX001/101/NPL/S0297/01/950G,PRINTED LID - STILLMANS LTD NO POLY 590x390x150 95,Material,,,0,4,,,0-PALLETS/101/Std1000x1200,Pallet 1000x1200 101,1000,0.001,,,,,4750,0,4750,,4750,4.75,0,14.83,44.56,17.8,0,77.2,77.41,424.25,578.86
BOX001/101/NPL/S0297/01/950G,PRINTED LID - STILLMANS LTD NO POLY 590x390x150 95,Material,,,0,5,,,0-TOPSHEET/101/1500mmx50UMS,Topsheet 101,Tonne,0.001,,,,,2347,0,1820,,2347,2.347,0,14.83,44.56,17.8,0,77.2,77.41,424.25,578.86
BOX001/101/NPL/S0297/01/950G,PRINTED LID - STILLMANS LTD NO POLY 590x390x150 95,Material,,,2,6,,,BRD001/NPL/S0297/01/1000G/WB,PRINT BOARD FOR LID - STILLMANS LTD NO POLY 590x390x150 950G,Tonne,0.5,,,,,,0,,,813.346,406.673,0,14.83,44.56,17.8,0,77.2,77.41,424.25,578.86
BOX001/101/NPL/S0297/01/950G,PRINTED LID - STILLMANS LTD NO POLY 590x390x150 95,Rolled Child,,,2,6.001,,,BRD001/NPL/S0297/01/1000G/WB,Rolled Up Child Material,Tonne,0.5,,,,,,,,,813.346,406.673,1,14.83,44.56,17.8,0,77.2,77.41,424.25,578.86
BOX001/101/NPL/S0297/01/950G,PRINTED LID - STILLMANS LTD NO POLY 590x390x150 95,Rolled Child,,,2,6.002,,,BRD001/NPL/S0297/01/1000G/WB,Rolled Up Child Labour,Tonne,0.5,,,,,,,,,59.34167,29.67084,1,14.83,44.56,17.8,0,77.2,77.41,424.25,578.86
BOX001/101/NPL/S0297/01/950G,PRINTED LID - STILLMANS LTD NO POLY 590x390x150 95,Rolled Child,Printer,Print,2,6.003,,,BRD001/NPL/S0297/01/1000G/WB,Rolled Up Child Print Machine,Tonne,0.5,,,,,,,,,29.665,14.8325,1,14.83,44.56,17.8,0,77.2,77.41,424.25,578.86
BOX001/101/NPL/S0297/01/950G,PRINTED LID - STILLMANS LTD NO POLY 590x390x150 95,Material,,,0,7,,,PLASTOMELT9799,PLASTOMELT9799,Tonne,0.003,,,,,2750,0,2518.65105,,2750,8.25,0,14.83,44.56,17.8,0,77.2,77.41,424.25,578.86
BOX001/101/NPL/S0297/01/950G,PRINTED LID - STILLMANS LTD NO POLY 590x390x150 95,Labour,Diecutter,,0,10,DIE CUTTING,DIE CUTTING,101 Die Cutter Operator,101 Die Cutter Operator,,,1,4,3.993955,3.993955,,,,136.57,136.57,34.19418,0,14.83,44.56,17.8,0,77.2,77.41,424.25,578.86
BOX001/101/NPL/S0297/01/950G,PRINTED LID - STILLMANS LTD NO POLY 590x390x150 95,Machine,Diecutter,Die Cut,0,10,DIE CUTTING,DIE CUTTING,101 Die Cutter #1,101 Die Cutter #1,,,1,4,3.993955,3.993955,,,,177.99,177.99,44.56485,0,14.83,44.56,17.8,0,77.2,77.41,424.25,578.86
BOX001/101/NPL/S0297/01/950G,PRINTED LID - STILLMANS LTD NO POLY 590x390x150 95,Labour,Folder Gluer,,0,20,FOLDER GLUER,FOLDER GLUER,101 Folder Gluer Operator,101 Folder Gluer Operator,,,1,10,,10,,,,135.43,135.43,13.543,0,14.83,44.56,17.8,0,77.2,77.41,424.25,578.86
BOX001/101/NPL/S0297/01/950G,PRINTED LID - STILLMANS LTD NO POLY 590x390x150 95,Machine,Folder Gluer,Fold Glue,0,20,FOLDER GLUER,FOLDER GLUER,101 Folder Gluer Domino,101 Folder Gluer Domino,,,1,10,,10,,,,177.99,177.99,17.799,0,14.83,44.56,17.8,0,77.2,77.41,424.25,578.86
BOX001/101/NPLH/1000G/1000P,BOX001/101/NPLH/1000G/1000P,Material,,,0,1,,,0-FACTORY/101/BANDING/01,Factory Banding 101,COIL,0.03,,,,,41.39,0,36.2,,41.39,1.2417,0,0,61.5,63.37,0,124.87,95.41,420.51,640.79
BOX001/101/NPLH/1000G/1000P,BOX001/101/NPLH/1000G/1000P,Material,,,0,2,,,0-FACTORY/101/LAYERCARD,Factory Layercard 101 Testliner 150GSM 1100x930,1000,0.004,,,,,187,0,210,,187,0.748,0,0,61.5,63.37,0,124.87,95.41,420.51,640.79
BOX001/101/NPLH/1000G/1000P,BOX001/101/NPLH/1000G/1000P,Material,,,0,3,,,0-FACTORY/101/STRETCHWRAP,STRETCHWRAP,Tonne,1e-05,,,,,2440,0,2440,,2440,0.0244,0,0,61.5,63.37,0,124.87,95.41,420.51,640.79
BOX001/101/NPLH/1000G/1000P,BOX001/101/NPLH/1000G/1000P,Material,,,0,4,,,0-PALLETS/101/Std1000x1200,Pallet 1000x1200 101,1000,0.001,,,,,4750,0,4750,,4750,4.75,0,0,61.5,63.37,0,124.87,95.41,420.51,640.79
BOX001/101/NPLH/1000G/1000P,BOX001/101/NPLH/1000G/1000P,Material,,,0,5,,,0-TOPSHEET/101/1500mmx50UMS,Topsheet 101,Tonne,1e-05,,,,,2347,0,1820,,2347,0.02347,0,0,61.5,63.37,0,124.87,95.41,420.51,640.79
BOX001/101/NPLH/1000G/1000P,BOX001/101/NPLH/1000G/1000P,Material,,,0,6,,,BRD001/101/NPL/1000G/WB,BOARD885X1380/1000GSM/WT/BT,Tonne,0.61065,,,,,664,0,664,,664,405.4716,0,0,61.5,63.37,0,124.87,95.41,420.51,640.79
BOX001/101/NPLH/1000G/1000P,BOX001/101/NPLH/1000G/1000P,Material,,,0,7,,,PLASTOMELT9799,PLASTOMELT9799,Tonne,0.003,,,,,2750,0,2518.65105,,2750,8.25,0,0,61.5,63.37,0,124.87,95.41,420.51,640.79
BOX001/101/NPLH/1000G/1000P,BOX001/101/NPLH/1000G/1000P,Labour,Diecutter,,0,20,DIE CUTTING,DIE CUTTING,101 DIE CUTTER OPERATOR,101 Die Cutter Operator,,,1,8,5.788441,5.788441,,,,136.57,136.57,23.59357,0,0,61.5,63.37,0,124.87,95.41,420.51,640.79
BOX001/101/NPLH/1000G/1000P,BOX001/101/NPLH/1000G/1000P,Labour,Diecutter,,0,20,DIE CUTTING,DIE CUTTING,101 DIE CUTTER OPERATOR,101 Die Cutter Operator,,,1,8,5.788441,5.788441,,,,136.57,136.57,23.59357,0,0,61.5,63.37,0,124.87,95.41,420.51,640.79
BOX001/101/NPLH/1000G/1000P,BOX001/101/NPLH/1000G/1000P,Machine,Diecutter,Die Cut,0,20,DIE CUTTING,DIE CUTTING,101 DIE CUTTER #1,101 Die Cutter #1,,,1,8,5.788441,5.788441,,,,177.99,177.99,30.74921,0,0,61.5,63.37,0,124.87,95.41,420.51,640.79
BOX001/101/NPLH/1000G/1000P,BOX001/101/NPLH/1000G/1000P,Machine,Diecutter,Die Cut,0,20,DIE CUTTING,DIE CUTTING,101 DIE CUTTER #1,101 Die Cutter #1,,,1,8,5.788441,5.788441,,,,177.99,177.99,30.74921,0,0,61.5,63.37,0,124.87,95.41,420.51,640.79
BOX001/101/NPLH/1000G/1000P,BOX001/101/NPLH/1000G/1000P,Labour,Folder Gluer,,0,30,FOLDER GLUER,FOLDER GLUER,101 FOLDER GLUER OPERATOR,101 Folder Gluer Operator,,,1,10,5.617289,5.617289,,,,135.43,135.43,24.10949,0,0,61.5,63.37,0,124.87,95.41,420.51,640.79
BOX001/101/NPLH/1000G/1000P,BOX001/101/NPLH/1000G/1000P,Labour,Folder Gluer,,0,30,FOLDER GLUER,FOLDER GLUER,101 FOLDER GLUER OPERATOR,101 Folder Gluer Operator,,,1,10,5.617289,5.617289,,,,135.43,135.43,24.10949,0,0,61.5,63.37,0,124.87,95.41,420.51,640.79
BOX001/101/NPLH/1000G/1000P,BOX001/101/NPLH/1000G/1000P,Machine,Folder Gluer,Fold Glue,0,30,FOLDER GLUER,FOLDER GLUER,101 FOLDER GLUER DOMINO,101 Folder Gluer Domino,,,1,10,5.617289,5.617289,,,,177.99,177.99,31.6861,0,0,61.5,63.37,0,124.87,95.41,420.51,640.79
BOX001/101/NPLH/1000G/1000P,BOX001/101/NPLH/1000G/1000P,Machine,Folder Gluer,Fold Glue,0,30,FOLDER GLUER,FOLDER GLUER,101 FOLDER GLUER DOMINO,101 Folder Gluer Domino,,,1,10,5.617289,5.617289,,,,177.99,177.99,31.6861,0,0,61.5,63.37,0,124.87,95.41,420.51,640.79
BOX001/101/NPLH/1000G/750P,UNPRINTED LID - NO POLY (HOLES) 585x390x150 1000G,Material,,,0,1,,,0-FACTORY/101/BANDING/01,Factory Banding 101,COIL,0.03,,,,,41.39,0,36.2,,41.39,1.2417,0,0,22.25,17.8,0,40.05,30.61,400.16,470.82
BOX001/101/NPLH/1000G/750P,UNPRINTED LID - NO POLY (HOLES) 585x390x150 1000G,Material,,,0,2,,,0-FACTORY/101/LAYERCARD,Factory Layercard 101 Testliner 150GSM 1100x930,1000,0.004,,,,,187,0,210,,187,0.748,0,0,22.25,17.8,0,40.05,30.61,400.16,470.82
BOX001/101/NPLH/1000G/750P,UNPRINTED LID - NO POLY (HOLES) 585x390x150 1000G,Material,,,0,3,,,0-FACTORY/101/STRETCHWRAP,STRETCHWRAP,Tonne,1e-05,,,,,2440,0,2440,,2440,0.0244,0,0,22.25,17.8,0,40.05,30.61,400.16,470.82
BOX001/101/NPLH/1000G/750P,UNPRINTED LID - NO POLY (HOLES) 585x390x150 1000G,Material,,,0,4,,,0-PALLETS/101/Std1000x1200,Pallet 1000x1200 101,1000,0.001,,,,,4750,0,4750,,4750,4.75,0,0,22.25,17.8,0,40.05,30.61,400.16,470.82
BOX001/101/NPLH/1000G/750P,UNPRINTED LID - NO POLY (HOLES) 585x390x150 1000G,Material,,,0,5,,,0-TOPSHEET/101/1500mmx50UMS,Topsheet 101,Tonne,1e-05,,,,,2347,0,1820,,2347,0.02347,0,0,22.25,17.8,0,40.05,30.61,400.16,470.82
BOX001/101/NPLH/1000G/750P,UNPRINTED LID - NO POLY (HOLES) 585x390x150 1000G,Material,,,0,6,,,PLASTOMELT9799,PLASTOMELT9799,Tonne,0.003,,,,,2750,0,2518.65105,,2750,8.25,0,0,22.25,17.8,0,40.05,30.61,400.16,470.82
BOX001/101/NPLH/1000G/750P,UNPRINTED LID - NO POLY (HOLES) 585x390x150 1000G,Material,,,0,7,,,BRD001/101/NPL/1000G/WB,BOARD885X1380/1000GSM/WT/BT,Tonne,0.58,,,,,664,0,664,,664,385.12,0,0,22.25,17.8,0,40.05,30.61,400.16,470.82
BOX001/101/NPLH/1000G/750P,UNPRINTED LID - NO POLY (HOLES) 585x390x150 1000G,Labour,Diecutter,,0,20,DIE CUTTING,DIE CUTTING,101 DIE CUTTER OPERATOR,101 Die Cutter Operator,,,1,8,,8,,,,136.57,136.57,17.07125,0,0,22.25,17.8,0,40.05,30.61,400.16,470.82
BOX001/101/NPLH/1000G/750P,UNPRINTED LID - NO POLY (HOLES) 585x390x150 1000G,Machine,Diecutter,Die Cut,0,20,DIE CUTTING,DIE CUTTING,101 DIE CUTTER #1,101 Die Cutter #1,,,1,8,,8,,,,177.99,177.99,22.24875,0,0,22.25,17.8,0,40.05,30.61,400.16,470.82
BOX001/101/NPLH/1000G/750P,UNPRINTED LID - NO POLY (HOLES) 585x390x150 1000G,Labour,Folder Gluer,,0,30,FOLDER GLUER,FOLDER GLUER,101 FOLDER GLUER OPERATOR,101 Folder Gluer Operator,,,1,10,,10,,,,135.43,135.43,13.543,0,0,22.25,17.8,0,40.05,30.61,400.16,470.82
BOX001/101/NPLH/1000G/750P,UNPRINTED LID - NO POLY (HOLES) 585x390x150 1000G,Machine,Folder Gluer,Fold Glue,0,30,FOLDER GLUER,FOLDER GLUER,101 FOLDER GLUER DOMINO,101 Folder Gluer Domino,,,1,10,,10,,,,177.99,177.99,17.799,0,0,22.25,17.8,0,40.05,30.61,400.16,470.82
BOX001/101/NPLH/B0070/01/1000G,PRINTED LID - NO POLY (HOLES) 585x390x150 1000G 75,Material,,,0,1,,,0-FACTORY/101/BANDING/01,Factory Banding 101,COIL,0.03,,,,,41.39,0,36.2,,41.39,1.2417,0,14.83,22.25,17.8,0,54.88,60.29,451.53,566.7
BOX001/101/NPLH/B0070/01/1000G,PRINTED LID - NO POLY (HOLES) 585x390x150 1000G 75,Material,,,0,2,,,0-FACTORY/101/LAYERCARD,Factory Layercard 101 Testliner 150GSM 1100x930,1000,0.004,,,,,187,0,210,,187,0.748,0,14.83,22.25,17.8,0,54.88,60.29,451.53,566.7
BOX001/101/NPLH/B0070/01/1000G,PRINTED LID - NO POLY (HOLES) 585x390x150 1000G 75,Material,,,0,3,,,0-FACTORY/101/STRETCHWRAP,STRETCHWRAP,Tonne,0.0001,,,,,2440,0,2440,,2440,0.244,0,14.83,22.25,17.8,0,54.88,60.29,451.53,566.7
BOX001/101/NPLH/B0070/01/1000G,PRINTED LID - NO POLY (HOLES) 585x390x150 1000G 75,Material,,,0,4,,,0-PALLETS/101/Std1000x1200,Pallet 1000x1200 101,1000,0.001,,,,,4750,0,4750,,4750,4.75,0,14.83,22.25,17.8,0,54.88,60.29,451.53,566.7
BOX001/101/NPLH/B0070/01/1000G,PRINTED LID - NO POLY (HOLES) 585x390x150 1000G 75,Material,,,0,5,,,0-TOPSHEET/101/1400mmx50UMS,Topsheet 101,Tonne,0.001,,,,,1945,0,,,1945,1.945,0,14.83,22.25,17.8,0,54.88,60.29,451.53,566.7
BOX001/101/NPLH/B0070/01/1000G,PRINTED LID - NO POLY (HOLES) 585x390x150 1000G 75,Material,,,2,6,,,BRD001/NPLH/B0070/01/1000G/WW,PRINTED BRD - NO POLY (HOLES) 585x390x150 1000G 750P,1000,0.5,,,,,,0,,,868.7045,434.35225,0,14.83,22.25,17.8,0,54.88,60.29,451.53,566.7
BOX001/101/NPLH/B0070/01/1000G,PRINTED LID - NO POLY (HOLES) 585x390x150 1000G 75,Rolled Child,,,2,6.001,,,BRD001/NPLH/B0070/01/1000G/WW,Rolled Up Child Material,1000,0.5,,,,,,,,,868.7045,434.35225,1,14.83,22.25,17.8,0,54.88,60.29,451.53,566.7
BOX001/101/NPLH/B0070/01/1000G,PRINTED LID - NO POLY (HOLES) 585x390x150 1000G 75,Rolled Child,,,2,6.002,,,BRD001/NPLH/B0070/01/1000G/WW,Rolled Up Child Labour,1000,0.5,,,,,,,,,59.34167,29.67084,1,14.83,22.25,17.8,0,54.88,60.29,451.53,566.7
BOX001/101/NPLH/B0070/01/1000G,PRINTED LID - NO POLY (HOLES) 585x390x150 1000G 75,Rolled Child,Printer,Print,2,6.003,,,BRD001/NPLH/B0070/01/1000G/WW,Rolled Up Child Print Machine,1000,0.5,,,,,,,,,29.665,14.8325,1,14.83,22.25,17.8,0,54.88,60.29,451.53,566.7
BOX001/101/NPLH/B0070/01/1000G,PRINTED LID - NO POLY (HOLES) 585x390x150 1000G 75,Material,,,0,7,,,PLASTOMELT9799,PLASTOMELT9799,Tonne,0.003,,,,,2750,0,2518.65105,,2750,8.25,0,14.83,22.25,17.8,0,54.88,60.29,451.53,566.7
BOX001/101/NPLH/B0070/01/1000G,PRINTED LID - NO POLY (HOLES) 585x390x150 1000G 75,Labour,Diecutter,,0,20,DIE CUTTING,DIE CUTTING,101 DIE CUTTER OPERATOR,101 Die Cutter Operator,,,1,8,,8,,,,136.57,136.57,17.07125,0,14.83,22.25,17.8,0,54.88,60.29,451.53,566.7
BOX001/101/NPLH/B0070/01/1000G,PRINTED LID - NO POLY (HOLES) 585x390x150 1000G 75,Machine,Diecutter,Die Cut,0,20,DIE CUTTING,DIE CUTTING,101 DIE CUTTER #1,101 Die Cutter #1,,,1,8,,8,,,,177.99,177.99,22.24875,0,14.83,22.25,17.8,0,54.88,60.29,451.53,566.7
BOX001/101/NPLH/B0070/01/1000G,PRINTED LID - NO POLY (HOLES) 585x390x150 1000G 75,Labour,Folder Gluer,,0,30,FOLDER GLUER,FOLDER GLUER,101 FOLDER GLUER OPERATOR,101 Folder Gluer Operator,,,1,10,,10,,,,135.43,135.43,13.543,0,14.83,22.25,17.8,0,54.88,60.29,451.53,566.7
BOX001/101/NPLH/B0070/01/1000G,PRINTED LID - NO POLY (HOLES) 585x390x150 1000G 75,Machine,Folder Gluer,Fold Glue,0,30,FOLDER GLUER,FOLDER GLUER,101 FOLDER GLUER DOMINO,101 Folder Gluer Domino,,,1,10,,10,,,,177.99,177.99,17.799,0,14.83,22.25,17.8,0,54.88,60.29,451.53,566.7
BOX001/101/YPB/1000G/1000P,BOX001/101/YPB/1000G/1000P,Material,,,0,1,,,0-FACTORY/101/BANDING/01,Factory Banding 101,COIL,0.03,,,,,41.39,0,36.2,,41.39,1.2417,0,0,30.32,32.12,0,62.44,47.7,448.39,558.53
BOX001/101/YPB/1000G/1000P,BOX001/101/YPB/1000G/1000P,Material,,,0,2,,,0-FACTORY/101/LAYERCARD,Factory Layercard 101 Testliner 150GSM 1100x930,1000,0.004,,,,,187,0,210,,187,0.748,0,0,30.32,32.12,0,62.44,47.7,448.39,558.53
BOX001/101/YPB/1000G/1000P,BOX001/101/YPB/1000G/1000P,Material,,,0,3,,,0-FACTORY/101/STRETCHWRAP,STRETCHWRAP,Tonne,1e-05,,,,,2440,0,2440,,2440,0.0244,0,0,30.32,32.12,0,62.44,47.7,448.39,558.53
BOX001/101/YPB/1000G/1000P,BOX001/101/YPB/1000G/1000P,Material,,,0,4,,,0-PALLETS/101/Std1000x1200,Pallet 1000x1200 101,1000,0.001,,,,,4750,0,4750,,4750,4.75,0,0,30.32,32.12,0,62.44,47.7,448.39,558.53
BOX001/101/YPB/1000G/1000P,BOX001/101/YPB/1000G/1000P,Material,,,0,5,,,0-TOPSHEET/101/1500mmx50UMS,Topsheet 101,Tonne,1e-05,,,,,2347,0,1820,,2347,0.02347,0,0,30.32,32.12,0,62.44,47.7,448.39,558.53
BOX001/101/YPB/1000G/1000P,BOX001/101/YPB/1000G/1000P,Material,,,0,6,,,BRD001/101/YPB/1000G/BW,BOARD1358X878/1000GSM/TK/TK.PE,Tonne,0.59364,,,,,730,0,705,,730,433.3572,0,0,30.32,32.12,0,62.44,47.7,448.39,558.53
BOX001/101/YPB/1000G/1000P,BOX001/101/YPB/1000G/1000P,Material,,,0,7,,,PLASTOMELT9799,PLASTOMELT9799,Tonne,0.003,,,,,2750,0,2518.65105,,2750,8.25,0,0,30.32,32.12,0,62.44,47.7,448.39,558.53
BOX001/101/YPB/1000G/1000P,BOX001/101/YPB/1000G/1000P,Labour,Diecutter,,0,20,DIE CUTTING,DIE CUTTING,101 DIE CUTTER OPERATOR,101 Die Cutter Operator,,,1,8,5.871018,5.871018,,,,136.57,136.57,23.26172,0,0,30.32,32.12,0,62.44,47.7,448.39,558.53
BOX001/101/YPB/1000G/1000P,BOX001/101/YPB/1000G/1000P,Machine,Diecutter,Die Cut,0,20,DIE CUTTING,DIE CUTTING,101 DIE CUTTER #1,101 Die Cutter #1,,,1,8,5.871018,5.871018,,,,177.99,177.99,30.31672,0,0,30.32,32.12,0,62.44,47.7,448.39,558.53
BOX001/101/YPB/1000G/1000P,BOX001/101/YPB/1000G/1000P,Labour,Folder Gluer,,0,30,FOLDER GLUER,FOLDER GLUER,101 FOLDER GLUER OPERATOR,101 Folder Gluer Operator,,,1,10,5.54168,5.54168,,,,135.43,135.43,24.43844,0,0,30.32,32.12,0,62.44,47.7,448.39,558.53
BOX001/101/YPB/1000G/1000P,BOX001/101/YPB/1000G/1000P,Machine,Folder Gluer,Fold Glue,0,30,FOLDER GLUER,FOLDER GLUER,101 FOLDER GLUER OMEGA,101 Folder Gluer Omega,,,1,10,5.54168,5.54168,,,,177.99,177.99,32.11842,0,0,30.32,32.12,0,62.44,47.7,448.39,558.53
BOX001/101/YPB/1000G/1250P,BOX001/101/YPB/1000G/1250P,Material,,,0,1,,,0-FACTORY/101/BANDING/01,Factory Banding 101,COIL,0.03,,,,,41.39,0,36.2,,41.39,1.2417,0,0,28.08,30.23,0,58.31,44.55,449.88,552.74
BOX001/101/YPB/1000G/1250P,BOX001/101/YPB/1000G/1250P,Material,,,0,2,,,0-FACTORY/101/LAYERCARD,Factory Layercard 101 Testliner 150GSM 1100x930,1000,0.004,,,,,187,0,210,,187,0.748,0,0,28.08,30.23,0,58.31,44.55,449.88,552.74
BOX001/101/YPB/1000G/1250P,BOX001/101/YPB/1000G/1250P,Material,,,0,3,,,0-FACTORY/101/STRETCHWRAP,STRETCHWRAP,Tonne,1e-05,,,,,2440,0,2440,,2440,0.0244,0,0,28.08,30.23,0,58.31,44.55,449.88,552.74
BOX001/101/YPB/1000G/1250P,BOX001/101/YPB/1000G/1250P,Material,,,0,4,,,0-PALLETS/101/Std1000x1200,Pallet 1000x1200 101,1000,0.001,,,,,4750,0,4750,,4750,4.75,0,0,28.08,30.23,0,58.31,44.55,449.88,552.74
BOX001/101/YPB/1000G/1250P,BOX001/101/YPB/1000G/1250P,Material,,,0,5,,,0-TOPSHEET/101/1500mmx50UMS,Topsheet 101,Tonne,1e-05,,,,,2347,0,1820,,2347,0.02347,0,0,28.08,30.23,0,58.31,44.55,449.88,552.74
BOX001/101/YPB/1000G/1250P,BOX001/101/YPB/1000G/1250P,Material,,,0,6,,,BRD001/101/YPB/1000G/BW,BOARD1358X878/1000GSM/TK/TK.PE,Tonne,0.59568,,,,,730,0,705,,730,434.8464,0,0,28.08,30.23,0,58.31,44.55,449.88,552.74
BOX001/101/YPB/1000G/1250P,BOX001/101/YPB/1000G/1250P,Material,,,0,7,,,PLASTOMELT9799,PLASTOMELT9799,Tonne,0.003,,,,,2750,0,2518.65105,,2750,8.25,0,0,28.08,30.23,0,58.31,44.55,449.88,552.74
BOX001/101/YPB/1000G/1250P,BOX001/101/YPB/1000G/1250P,Labour,Diecutter,,0,20,DIE CUTTING,DIE CUTTING,101 DIE CUTTER OPERATOR,101 Die Cutter Operator,,,1,8,6.338628,6.338628,,,,136.57,136.57,21.54567,0,0,28.08,30.23,0,58.31,44.55,449.88,552.74
BOX001/101/YPB/1000G/1250P,BOX001/101/YPB/1000G/1250P,Machine,Diecutter,Die Cut,0,20,DIE CUTTING,DIE CUTTING,101 DIE CUTTER #1,101 Die Cutter #1,,,1,8,6.338628,6.338628,,,,177.99,177.99,28.08021,0,0,28.08,30.23,0,58.31,44.55,449.88,552.74
BOX001/101/YPB/1000G/1250P,BOX001/101/YPB/1000G/1250P,Labour,Folder Gluer,,0,30,FOLDER GLUER,FOLDER GLUER,101 FOLDER GLUER OPERATOR,101 Folder Gluer Operator,,,1,10,5.887552,5.887552,,,,135.43,135.43,23.00277,0,0,28.08,30.23,0,58.31,44.55,449.88,552.74
BOX001/101/YPB/1000G/1250P,BOX001/101/YPB/1000G/1250P,Machine,Folder Gluer,Fold Glue,0,30,FOLDER GLUER,FOLDER GLUER,101 FOLDER GLUER OMEGA,101 Folder Gluer Omega,,,1,10,5.887552,5.887552,,,,177.99,177.99,30.23158,0,0,28.08,30.23,0,58.31,44.55,449.88,552.74
BOX001/101/YPB/1250G/1000P,BOX001/101/YPB/1250G/1000P,Material,,,0,1,,,0-FACTORY/101/BANDING/01,Factory Banding 101,COIL,0.03,,,,,41.39,0,36.2,,41.39,1.2417,0,0,31.85,37.16,0,69,52.71,557.78,679.5
BOX001/101/YPB/1250G/1000P,BOX001/101/YPB/1250G/1000P,Material,,,0,2,,,0-FACTORY/101/LAYERCARD,Factory Layercard 101 Testliner 150GSM 1100x930,1000,0.005,,,,,187,0,210,,187,0.935,0,0,31.85,37.16,0,69,52.71,557.78,679.5
BOX001/101/YPB/1250G/1000P,BOX001/101/YPB/1250G/1000P,Material,,,0,3,,,0-FACTORY/101/STRETCHWRAP,STRETCHWRAP,Tonne,1e-05,,,,,2440,0,2440,,2440,0.0244,0,0,31.85,37.16,0,69,52.71,557.78,679.5
BOX001/101/YPB/1250G/1000P,BOX001/101/YPB/1250G/1000P,Material,,,0,4,,,0-PALLETS/101/Std1000x1200,Pallet 1000x1200 101,1000,0.001,,,,,4750,0,4750,,4750,4.75,0,0,31.85,37.16,0,69,52.71,557.78,679.5
BOX001/101/YPB/1250G/1000P,BOX001/101/YPB/1250G/1000P,Material,,,0,5,,,0-TOPSHEET/101/1500mmx50UMS,Topsheet 101,Tonne,1e-05,,,,,2347,0,1820,,2347,0.02347,0,0,31.85,37.16,0,69,52.71,557.78,679.5
BOX001/101/YPB/1250G/1000P,BOX001/101/YPB/1250G/1000P,Material,,,0,6,,,BRD001/101/YPB/1250G/BW,BOARD1360X876/1250GSM/TKL/TKL.WPE,Tonne,0.7463,,,,,727,0,692,,727,542.5601,0,0,31.85,37.16,0,69,52.71,557.78,679.5
BOX001/101/YPB/1250G/1000P,BOX001/101/YPB/1250G/1000P,Material,,,0,7,,,PLASTOMELT9799,PLASTOMELT9799,Tonne,0.003,,,,,2750,0,2518.65105,,2750,8.25,0,0,31.85,37.16,0,69,52.71,557.78,679.5
BOX001/101/YPB/1250G/1000P,BOX001/101/YPB/1250G/1000P,Labour,Diecutter,,0,20,DIE CUTTING,DIE CUTTING,101 DIE CUTTER OPERATOR,101 Die Cutter Operator,,,1,8,5.588682,5.588682,,,,136.57,136.57,24.43689,0,0,31.85,37.16,0,69,52.71,557.78,679.5
BOX001/101/YPB/1250G/1000P,BOX001/101/YPB/1250G/1000P,Machine,Diecutter,Die Cut,0,20,DIE CUTTING,DIE CUTTING,101 DIE CUTTER #1,101 Die Cutter #1,,,1,8,5.588682,5.588682,,,,177.99,177.99,31.8483,0,0,31.85,37.16,0,69,52.71,557.78,679.5
BOX001/101/YPB/1250G/1000P,BOX001/101/YPB/1250G/1000P,Labour,Folder Gluer,,0,30,FOLDER GLUER,FOLDER GLUER,101 FOLDER GLUER OPERATOR,101 Folder Gluer Operator,,,1,10,4.790346,4.790346,,,,135.43,135.43,28.27144,0,0,31.85,37.16,0,69,52.71,557.78,679.5
BOX001/101/YPB/1250G/1000P,BOX001/101/YPB/1250G/1000P,Machine,Folder Gluer,Fold Glue,0,30,FOLDER GLUER,FOLDER GLUER,101 FOLDER GLUER OMEGA,101 Folder Gluer Omega,,,1,10,4.790346,4.790346,,,,177.99,177.99,37.15598,0,0,31.85,37.16,0,69,52.71,557.78,679.5
BOX001/101/YPL/1000G/1000P,BOX001/101/YPL/1000G/1000P,Material,,,0,1,,,0-FACTORY/101/BANDING/01,Factory Banding 101,COIL,0.03,,,,,41.39,0,36.2,,41.39,1.2417,0,0,55.38,60.12,0,115.5,88.24,481.23,684.97
BOX001/101/YPL/1000G/1000P,BOX001/101/YPL/1000G/1000P,Material,,,0,2,,,0-FACTORY/101/LAYERCARD,Factory Layercard 101 Testliner 150GSM 1100x930,1000,0.004,,,,,187,0,210,,187,0.748,0,0,55.38,60.12,0,115.5,88.24,481.23,684.97
BOX001/101/YPL/1000G/1000P,BOX001/101/YPL/1000G/1000P,Material,,,0,3,,,0-FACTORY/101/STRETCHWRAP,STRETCHWRAP,Tonne,1e-05,,,,,2440,0,2440,,2440,0.0244,0,0,55.38,60.12,0,115.5,88.24,481.23,684.97
BOX001/101/YPL/1000G/1000P,BOX001/101/YPL/1000G/1000P,Material,,,0,4,,,0-PALLETS/101/Std1000x1200,Pallet 1000x1200 101,1000,0.001,,,,,4750,0,4750,,4750,4.75,0,0,55.38,60.12,0,115.5,88.24,481.23,684.97
BOX001/101/YPL/1000G/1000P,BOX001/101/YPL/1000G/1000P,Material,,,0,5,,,0-TOPSHEET/101/1500mmx50UMS,Topsheet 101,Tonne,1e-05,,,,,2347,0,1820,,2347,0.02347,0,0,55.38,60.12,0,115.5,88.24,481.23,684.97
BOX001/101/YPL/1000G/1000P,BOX001/101/YPL/1000G/1000P,Material,,,0,6,,,BRD001/101/YPL/1000G/WW,BOARD1380x885/1000GSM/WT/TKL.WPE,Tonne,0.611,,,,,763,0,763,,763,466.193,0,0,55.38,60.12,0,115.5,88.24,481.23,684.97
BOX001/101/YPL/1000G/1000P,BOX001/101/YPL/1000G/1000P,Material,,,0,7,,,PLASTOMELT9799,PLASTOMELT9799,Tonne,0.003,,,,,2750,0,2518.65105,,2750,8.25,0,0,55.38,60.12,0,115.5,88.24,481.23,684.97
BOX001/101/YPL/1000G/1000P,BOX001/101/YPL/1000G/1000P,Labour,Diecutter,,0,20,DIE CUTTING,DIE CUTTING,101 DIE CUTTER OPERATOR,101 Die Cutter Operator,,,1,8,6.428089,6.428089,,,,136.57,136.57,21.24582,0,0,55.38,60.12,0,115.5,88.24,481.23,684.97
BOX001/101/YPL/1000G/1000P,BOX001/101/YPL/1000G/1000P,Labour,Diecutter,,0,20,DIE CUTTING,DIE CUTTING,101 DIE CUTTER OPERATOR,101 Die Cutter Operator,,,1,8,6.428089,6.428089,,,,136.57,136.57,21.24582,0,0,55.38,60.12,0,115.5,88.24,481.23,684.97
BOX001/101/YPL/1000G/1000P,BOX001/101/YPL/1000G/1000P,Machine,Diecutter,Die Cut,0,20,DIE CUTTING,DIE CUTTING,101 DIE CUTTER #3,101 Die Cutter #3,,,1,8,6.428089,6.428089,,,,177.99,177.99,27.68941,0,0,55.38,60.12,0,115.5,88.24,481.23,684.97
BOX001/101/YPL/1000G/1000P,BOX001/101/YPL/1000G/1000P,Machine,Diecutter,Die Cut,0,20,DIE CUTTING,DIE CUTTING,101 DIE CUTTER #3,101 Die Cutter #3,,,1,8,6.428089,6.428089,,,,177.99,177.99,27.68941,0,0,55.38,60.12,0,115.5,88.24,481.23,684.97
BOX001/101/YPL/1000G/1000P,BOX001/101/YPL/1000G/1000P,Labour,Folder Gluer,,0,30,FOLDER GLUER,FOLDER GLUER,101 FOLDER GLUER OPERATOR,101 Folder Gluer Operator,,,1,10,5.920997,5.920997,,,,135.43,135.43,22.87284,0,0,55.38,60.12,0,115.5,88.24,481.23,684.97
BOX001/101/YPL/1000G/1000P,BOX001/101/YPL/1000G/1000P,Labour,Folder Gluer,,0,30,FOLDER GLUER,FOLDER GLUER,101 FOLDER GLUER OPERATOR,101 Folder Gluer Operator,,,1,10,5.920997,5.920997,,,,135.43,135.43,22.87284,0,0,55.38,60.12,0,115.5,88.24,481.23,684.97
BOX001/101/YPL/1000G/1000P,BOX001/101/YPL/1000G/1000P,Machine,Folder Gluer,Fold Glue,0,30,FOLDER GLUER,FOLDER GLUER,101 FOLDER GLUER OMEGA,101 Folder Gluer Omega,,,1,10,5.920997,5.920997,,,,177.99,177.99,30.06082,0,0,55.38,60.12,0,115.5,88.24,481.23,684.97
BOX001/101/YPL/1000G/1000P,BOX001/101/YPL/1000G/1000P,Machine,Folder Gluer,Fold Glue,0,30,FOLDER GLUER,FOLDER GLUER,101 FOLDER GLUER OMEGA,101 Folder Gluer Omega,,,1,10,5.920997,5.920997,,,,177.99,177.99,30.06082,0,0,55.38,60.12,0,115.5,88.24,481.23,684.97
BOX001/101/YPL/1000G/1250P,BOX001/101/YPL/1000G/1250P,Material,,,0,1,,,0-FACTORY/101/BANDING/01,Factory Banding 101,COIL,0.03,,,,,41.39,0,36.2,,41.39,1.2417,0,0,27.05,29.57,0,56.62,43.25,488.47,588.34
BOX001/101/YPL/1000G/1250P,BOX001/101/YPL/1000G/1250P,Material,,,0,2,,,0-FACTORY/101/LAYERCARD,Factory Layercard 101 Testliner 150GSM 1100x930,1000,0.005,,,,,187,0,210,,187,0.935,0,0,27.05,29.57,0,56.62,43.25,488.47,588.34
BOX001/101/YPL/1000G/1250P,BOX001/101/YPL/1000G/1250P,Material,,,0,3,,,0-FACTORY/101/STRETCHWRAP,STRETCHWRAP,Tonne,1e-05,,,,,2440,0,2440,,2440,0.0244,0,0,27.05,29.57,0,56.62,43.25,488.47,588.34
BOX001/101/YPL/1000G/1250P,BOX001/101/YPL/1000G/1250P,Material,,,0,4,,,0-PALLETS/101/Std1000x1200,Pallet 1000x1200 101,1000,0.001,,,,,4750,0,4750,,4750,4.75,0,0,27.05,29.57,0,56.62,43.25,488.47,588.34
BOX001/101/YPL/1000G/1250P,BOX001/101/YPL/1000G/1250P,Material,,,0,5,,,0-TOPSHEET/101/1500mmx50UMS,Topsheet 101,Tonne,1e-05,,,,,2347,0,1820,,2347,0.02347,0,0,27.05,29.57,0,56.62,43.25,488.47,588.34
BOX001/101/YPL/1000G/1250P,BOX001/101/YPL/1000G/1250P,Material,,,0,6,,,BRD001/101/YPL/1000G/WW,BOARD1380x885/1000GSM/WT/TKL.WPE,Tonne,0.62024,,,,,763,0,763,,763,473.24312,0,0,27.05,29.57,0,56.62,43.25,488.47,588.34
BOX001/101/YPL/1000G/1250P,BOX001/101/YPL/1000G/1250P,Material,,,0,7,,,PLASTOMELT9799,PLASTOMELT9799,Tonne,0.003,,,,,2750,0,2518.65105,,2750,8.25,0,0,27.05,29.57,0,56.62,43.25,488.47,588.34
BOX001/101/YPL/1000G/1250P,BOX001/101/YPL/1000G/1250P,Labour,Diecutter,,0,20,DIE CUTTING,DIE CUTTING,101 DIE CUTTER OPERATOR,101 Die Cutter Operator,,,1,8,6.579526,6.579526,,,,136.57,136.57,20.75681,0,0,27.05,29.57,0,56.62,43.25,488.47,588.34
BOX001/101/YPL/1000G/1250P,BOX001/101/YPL/1000G/1250P,Machine,Diecutter,Die Cut,0,20,DIE CUTTING,DIE CUTTING,101 DIE CUTTER #3,101 Die Cutter #3,,,1,8,6.579526,6.579526,,,,177.99,177.99,27.0521,0,0,27.05,29.57,0,56.62,43.25,488.47,588.34
BOX001/101/YPL/1000G/1250P,BOX001/101/YPL/1000G/1250P,Labour,Folder Gluer,,0,30,FOLDER GLUER,FOLDER GLUER,101 FOLDER GLUER OPERATOR,101 Folder Gluer Operator,,,1,10,6.019619,6.019619,,,,135.43,135.43,22.4981,0,0,27.05,29.57,0,56.62,43.25,488.47,588.34
BOX001/101/YPL/1000G/1250P,BOX001/101/YPL/1000G/1250P,Machine,Folder Gluer,Fold Glue,0,30,FOLDER GLUER,FOLDER GLUER,101 FOLDER GLUER OMEGA,101 Folder Gluer Omega,,,1,10,6.019619,6.019619,,,,177.99,177.99,29.56832,0,0,27.05,29.57,0,56.62,43.25,488.47,588.34
BOX001/101/YPL/A0005/01/1000G,BOX001/101/YPL/A0005/01/1000G,Material,,,0,1,,,0-FACTORY/101/BANDING/01,Factory Banding 101,COIL,0.03,,,,,41.39,0,36.2,,41.39,1.2417,0,14.83,42.51,53.55,0,110.89,73.36,481.03,665.28
BOX001/101/YPL/A0005/01/1000G,BOX001/101/YPL/A0005/01/1000G,Material,,,0,2,,,0-FACTORY/101/LAYERCARD,Factory Layercard 101 Testliner 150GSM 1100x930,1000,0.005,,,,,187,0,210,,187,0.935,0,14.83,42.51,53.55,0,110.89,73.36,481.03,665.28
BOX001/101/YPL/A0005/01/1000G,BOX001/101/YPL/A0005/01/1000G,Material,,,0,3,,,0-FACTORY/101/STRETCHWRAP,STRETCHWRAP,Tonne,1e-05,,,,,2440,0,2440,,2440,0.0244,0,14.83,42.51,53.55,0,110.89,73.36,481.03,665.28
BOX001/101/YPL/A0005/01/1000G,BOX001/101/YPL/A0005/01/1000G,Material,,,0,4,,,0-PALLETS/101/Std1000x1200,Pallet 1000x1200 101,1000,0.001,,,,,4750,0,4750,,4750,4.75,0,14.83,42.51,53.55,0,110.89,73.36,481.03,665.28
BOX001/101/YPL/A0005/01/1000G,BOX001/101/YPL/A0005/01/1000G,Material,,,0,5,,,0-TOPSHEET/101/1500mmx50UMS,Topsheet 101,Tonne,1e-05,,,,,2347,0,1820,,2347,0.02347,0,14.83,42.51,53.55,0,110.89,73.36,481.03,665.28
BOX001/101/YPL/A0005/01/1000G,BOX001/101/YPL/A0005/01/1000G,Material,,,2,6,,,BRD001/YPL/A0005/01/1000G/WW,PRINTED SHEET - AB & S BLACK GOLD 585mm x 390mm x 150mm 1000,1000 Sheet,0.5,,,,,,0,,,931.602,465.801,0,14.83,42.51,53.55,0,110.89,73.36,481.03,665.28
BOX001/101/YPL/A0005/01/1000G,BOX001/101/YPL/A0005/01/1000G,Rolled Child,,,2,6.001,,,BRD001/YPL/A0005/01/1000G/WW,Rolled Up Child Material,1000 Sheet,0.5,,,,,,,,,931.602,465.801,1,14.83,42.51,53.55,0,110.89,73.36,481.03,665.28
BOX001/101/YPL/A0005/01/1000G,BOX001/101/YPL/A0005/01/1000G,Rolled Child,Printer,Print,2,6.003,,,BRD001/YPL/A0005/01/1000G/WW,Rolled Up Child Print Machine,1000 Sheet,0.5,,,,,,,,,29.665,14.8325,1,14.83,42.51,53.55,0,110.89,73.36,481.03,665.28
BOX001/101/YPL/A0005/01/1000G,BOX001/101/YPL/A0005/01/1000G,Material,,,0,7,,,PLASTOMELT9799,PLASTOMELT9799,Tonne,0.003,,,,,2750,0,2518.65105,,2750,8.25,0,14.83,42.51,53.55,0,110.89,73.36,481.03,665.28
BOX001/101/YPL/A0005/01/1000G,BOX001/101/YPL/A0005/01/1000G,Labour,Diecutter,,0,20,DIE CUTTING,DIE CUTTING,101 DIE CUTTER OPERATOR,101 Die Cutter Operator,,,1,8,4.18663,4.18663,,,,136.57,136.57,32.62051,0,14.83,42.51,53.55,0,110.89,73.36,481.03,665.28
BOX001/101/YPL/A0005/01/1000G,BOX001/101/YPL/A0005/01/1000G,Machine,Diecutter,Die Cut,0,20,DIE CUTTING,DIE CUTTING,101 DIE CUTTER #3,101 Die Cutter #3,,,1,8,4.18663,4.18663,,,,177.99,177.99,42.51391,0,14.83,42.51,53.55,0,110.89,73.36,481.03,665.28
BOX001/101/YPL/A0005/01/1000G,BOX001/101/YPL/A0005/01/1000G,Labour,Folder Gluer,,0,30,FOLDER GLUER,FOLDER GLUER,101 FOLDER GLUER OPERATOR,101 Folder Gluer Operator,,,1,10,3.324027,3.324027,,,,135.43,135.43,40.74275,0,14.83,42.51,53.55,0,110.89,73.36,481.03,665.28
BOX001/101/YPL/A0005/01/1000G,BOX001/101/YPL/A0005/01/1000G,Machine,Folder Gluer,Fold Glue,0,30,FOLDER GLUER,FOLDER GLUER,101 FOLDER GLUER OMEGA,101 Folder Gluer Omega,,,1,10,3.324027,3.324027,,,,177.99,177.99,53.5465,0,14.83,42.51,53.55,0,110.89,73.36,481.03,665.28
BOX001/101/YPL/A0166/02/1000G,PRINTED LID -  Arun Meat & Livestock Co Ltd  585x3,Material,,,0,1,,,0-FACTORY/101/BANDING/01,Factory Banding 101,COIL,0.03,,,,,41.39,0,36.2,,41.39,1.2417,0,14.83,42.44,53.63,0,110.91,103.04,477.55,691.5
BOX001/101/YPL/A0166/02/1000G,PRINTED LID -  Arun Meat & Livestock Co Ltd  585x3,Material,,,0,2,,,0-FACTORY/101/LAYERCARD,Factory Layercard 101 Testliner 150GSM 1100x930,1000,0.004,,,,,187,0,210,,187,0.748,0,14.83,42.44,53.63,0,110.91,103.04,477.55,691.5
BOX001/101/YPL/A0166/02/1000G,PRINTED LID -  Arun Meat & Livestock Co Ltd  585x3,Material,,,0,3,,,0-FACTORY/101/STRETCHWRAP,STRETCHWRAP,Tonne,0.0001,,,,,2440,0,2440,,2440,0.244,0,14.83,42.44,53.63,0,110.91,103.04,477.55,691.5
BOX001/101/YPL/A0166/02/1000G,PRINTED LID -  Arun Meat & Livestock Co Ltd  585x3,Material,,,0,4,,,0-PALLETS/101/Std1000x1200,Pallet 1000x1200 101,1000,0.001,,,,,4750,0,4750,,4750,4.75,0,14.83,42.44,53.63,0,110.91,103.04,477.55,691.5
BOX001/101/YPL/A0166/02/1000G,PRINTED LID -  Arun Meat & Livestock Co Ltd  585x3,Material,,,0,5,,,0-TOPSHEET/101/1400mmx50UMS,Topsheet 101,Tonne,0.001,,,,,1945,0,,,1945,1.945,0,14.83,42.44,53.63,0,110.91,103.04,477.55,691.5
BOX001/101/YPL/A0166/02/1000G,PRINTED LID -  Arun Meat & Livestock Co Ltd  585x3,Material,,,2,6,,,BRD001/YPL/A0166/02/1000G/WW,PRINTED BRD - Arun Meat & Livestock Co 1380x890 WK/NW/WPE,1000 Sheet,0.5,,,,,,0,,,920.7435,460.37175,0,14.83,42.44,53.63,0,110.91,103.04,477.55,691.5
BOX001/101/YPL/A0166/02/1000G,PRINTED LID -  Arun Meat & Livestock Co Ltd  585x3,Rolled Child,,,2,6.001,,,BRD001/YPL/A0166/02/1000G/WW,Rolled Up Child Material,1000 Sheet,0.5,,,,,,,,,920.7435,460.37175,1,14.83,42.44,53.63,0,110.91,103.04,477.55,691.5
BOX001/101/YPL/A0166/02/1000G,PRINTED LID -  Arun Meat & Livestock Co Ltd  585x3,Rolled Child,,,2,6.002,,,BRD001/YPL/A0166/02/1000G/WW,Rolled Up Child Labour,1000 Sheet,0.5,,,,,,,,,59.34167,29.67084,1,14.83,42.44,53.63,0,110.91,103.04,477.55,691.5
BOX001/101/YPL/A0166/02/1000G,PRINTED LID -  Arun Meat & Livestock Co Ltd  585x3,Rolled Child,Printer,Print,2,6.003,,,BRD001/YPL/A0166/02/1000G/WW,Rolled Up Child Print Machine,1000 Sheet,0.5,,,,,,,,,29.665,14.8325,1,14.83,42.44,53.63,0,110.91,103.04,477.55,691.5
BOX001/101/YPL/A0166/02/1000G,PRINTED LID -  Arun Meat & Livestock Co Ltd  585x3,Material,,,0,7,,,PLASTOMELT9799,PLASTOMELT9799,Tonne,0.003,,,,,2750,0,2518.65105,,2750,8.25,0,14.83,42.44,53.63,0,110.91,103.04,477.55,691.5
BOX001/101/YPL/A0166/02/1000G,PRINTED LID -  Arun Meat & Livestock Co Ltd  585x3,Labour,Diecutter,,0,20,DIE CUTTING,DIE CUTTING,101 DIE CUTTER OPERATOR,101 Die Cutter Operator,,,1,8,4.193815,4.193815,,,,136.57,136.57,32.56462,0,14.83,42.44,53.63,0,110.91,103.04,477.55,691.5
BOX001/101/YPL/A0166/02/1000G,PRINTED LID -  Arun Meat & Livestock Co Ltd  585x3,Machine,Diecutter,Die Cut,0,20,DIE CUTTING,DIE CUTTING,101 DIE CUTTER #1,101 Die Cutter #1,,,1,8,4.193815,4.193815,,,,177.99,177.99,42.44107,0,14.83,42.44,53.63,0,110.91,103.04,477.55,691.5
BOX001/101/YPL/A0166/02/1000G,PRINTED LID -  Arun Meat & Livestock Co Ltd  585x3,Labour,Folder Gluer,,0,30,FOLDER GLUER,FOLDER GLUER,101 FOLDER GLUER OPERATOR,101 Folder Gluer Operator,,,1,10,3.318693,3.318693,,,,135.43,135.43,40.80823,0,14.83,42.44,53.63,0,110.91,103.04,477.55,691.5
BOX001/101/YPL/A0166/02/1000G,PRINTED LID -  Arun Meat & Livestock Co Ltd  585x3,Machine,Folder Gluer,Fold Glue,0,30,FOLDER GLUER,FOLDER GLUER,101 FOLDER GLUER DOMINO,101 Folder Gluer Domino,,,1,10,3.318693,3.318693,,,,177.99,177.99,53.63256,0,14.83,42.44,53.63,0,110.91,103.04,477.55,691.5
BOX001/101/YPL/A9999/01/950G,PRINTED LID -  ABP EURO 590x390x150 950GSM 1250 Pe,Material,,,0,1,,,0-FACTORY/101/BANDING/01,Factory Banding 101,COIL,0.03,,,,,41.39,0,36.2,,41.39,1.2417,0,14.83,37.91,37.3,0,90.04,87.14,466.98,644.15
BOX001/101/YPL/A9999/01/950G,PRINTED LID -  ABP EURO 590x390x150 950GSM 1250 Pe,Material,,,0,2,,,0-FACTORY/101/LAYERCARD,Factory Layercard 101 Testliner 150GSM 1100x930,1000,0.004,,,,,187,0,210,,187,0.748,0,14.83,37.91,37.3,0,90.04,87.14,466.98,644.15
BOX001/101/YPL/A9999/01/950G,PRINTED LID -  ABP EURO 590x390x150 950GSM 1250 Pe,Material,,,0,3,,,0-PALLETS/101/Std1000x1200,Pallet 1000x1200 101,1000,0.001,,,,,4750,0,4750,,4750,4.75,0,14.83,37.91,37.3,0,90.04,87.14,466.98,644.15
BOX001/101/YPL/A9999/01/950G,PRINTED LID -  ABP EURO 590x390x150 950GSM 1250 Pe,Material,,,0,4,,,0-TOPSHEET/101/1400mmx50UMS,Topsheet 101,Tonne,0.001,,,,,1945,0,,,1945,1.945,0,14.83,37.91,37.3,0,90.04,87.14,466.98,644.15
BOX001/101/YPL/A9999/01/950G,PRINTED LID -  ABP EURO 590x390x150 950GSM 1250 Pe,Material,,,2,5,,,BRD001/YPL/A9999/07/950G/WW,PRINTED BOARD -  ABP EURO LID  585 x 385 x 150 950G,1000,0.5,,,,,,0,,,900.09,450.045,0,14.83,37.91,37.3,0,90.04,87.14,466.98,644.15
BOX001/101/YPL/A9999/01/950G,PRINTED LID -  ABP EURO 590x390x150 950GSM 1250 Pe,Rolled Child,,,2,5.001,,,BRD001/YPL/A9999/07/950G/WW,Rolled Up Child Material,1000,0.5,,,,,,,,,900.09,450.045,1,14.83,37.91,37.3,0,90.04,87.14,466.98,644.15
BOX001/101/YPL/A9999/01/950G,PRINTED LID -  ABP EURO 590x390x150 950GSM 1250 Pe,Rolled Child,,,2,5.002,,,BRD001/YPL/A9999/07/950G/WW,Rolled Up Child Labour,1000,0.5,,,,,,,,,59.34167,29.67084,1,14.83,37.91,37.3,0,90.04,87.14,466.98,644.15
BOX001/101/YPL/A9999/01/950G,PRINTED LID -  ABP EURO 590x390x150 950GSM 1250 Pe,Rolled Child,Printer,Print,2,5.003,,,BRD001/YPL/A9999/07/950G/WW,Rolled Up Child Print Machine,1000,0.5,,,,,,,,,29.665,14.8325,1,14.83,37.91,37.3,0,90.04,87.14,466.98,644.15
BOX001/101/YPL/A9999/01/950G,PRINTED LID -  ABP EURO 590x390x150 950GSM 1250 Pe,Material,,,0,6,,,PLASTOMELT9799,PLASTOMELT9799,Tonne,0.003,,,,,2750,0,2518.65105,,2750,8.25,0,14.83,37.91,37.3,0,90.04,87.14,466.98,644.15
BOX001/101/YPL/A9999/01/950G,PRINTED LID -  ABP EURO 590x390x150 950GSM 1250 Pe,Labour,Diecutter,,0,20,DIE CUTTING,DIE CUTTING,101 DIE CUTTER OPERATOR,101 Die Cutter Operator,,,1,8,4.69512,4.69512,,,,136.57,136.57,29.08765,0,14.83,37.91,37.3,0,90.04,87.14,466.98,644.15
BOX001/101/YPL/A9999/01/950G,PRINTED LID -  ABP EURO 590x390x150 950GSM 1250 Pe,Machine,Diecutter,Die Cut,0,20,DIE CUTTING,DIE CUTTING,101 DIE CUTTER #1,101 Die Cutter #1,,,1,8,4.69512,4.69512,,,,177.99,177.99,37.90957,0,14.83,37.91,37.3,0,90.04,87.14,466.98,644.15
BOX001/101/YPL/A9999/01/950G,PRINTED LID -  ABP EURO 590x390x150 950GSM 1250 Pe,Labour,Folder Gluer,,0,30,FOLDER GLUER,FOLDER GLUER,101 FOLDER GLUER OPERATOR,101 Folder Gluer Operator,,,1,10,4.77237,4.77237,,,,135.43,135.43,28.37793,0,14.83,37.91,37.3,0,90.04,87.14,466.98,644.15
BOX001/101/YPL/A9999/01/950G,PRINTED LID -  ABP EURO 590x390x150 950GSM 1250 Pe,Machine,Folder Gluer,Fold Glue,0,30,FOLDER GLUER,FOLDER GLUER,101 FOLDER GLUER OMEGA,101 Folder Gluer Omega,,,1,10,4.77237,4.77237,,,,177.99,177.99,37.29593,0,14.83,37.91,37.3,0,90.04,87.14,466.98,644.15
BOX001/101/YPL/A9999/02/1000G,PRINTED LID - ABP KINGS VALLEY 590 x 390 x 150 1000GSM 1250P,Material,,,0,0,,,0-FACTORY/101/BANDING/01,Factory Banding 101,COIL,0.03,,,,,41.39,0,36.2,,41.39,1.2417,0,17.8,61.16,58.57,0,137.54,127.1,461.79,726.43
BOX001/101/YPL/A9999/02/1000G,PRINTED LID - ABP KINGS VALLEY 590 x 390 x 150 1000GSM 1250P,Material,,,0,0,,,0-FACTORY/101/LAYERCARD,Factory Layercard 101 Testliner 150GSM 1100x930,1000,0.004,,,,,187,0,210,,187,0.748,0,17.8,61.16,58.57,0,137.54,127.1,461.79,726.43
BOX001/101/YPL/A9999/02/1000G,PRINTED LID - ABP KINGS VALLEY 590 x 390 x 150 1000GSM 1250P,Material,,,0,0,,,0-PALLETS/101/Std1000x1200,Pallet 1000x1200 101,1000,0.001,,,,,4750,0,4750,,4750,4.75,0,17.8,61.16,58.57,0,137.54,127.1,461.79,726.43
BOX001/101/YPL/A9999/02/1000G,PRINTED LID - ABP KINGS VALLEY 590 x 390 x 150 1000GSM 1250P,Material,,,0,0,,,0-TOPSHEET/101/1400mmx50UMS,Topsheet 101,Tonne,0.001,,,,,1945,0,,,1945,1.945,0,17.8,61.16,58.57,0,137.54,127.1,461.79,726.43
BOX001/101/YPL/A9999/02/1000G,PRINTED LID - ABP KINGS VALLEY 590 x 390 x 150 1000GSM 1250P,Material,,,2,0,,,BRD001/YPL/A9999/02/1000G/WW,PRINTED BOARD - ABP KINGS VALLEY 590 x 390 x 150 1000G,1000 Sheet,0.5,,,,,,0,,,889.7062,444.8531,0,17.8,61.16,58.57,0,137.54,127.1,461.79,726.43
BOX001/101/YPL/A9999/02/1000G,PRINTED LID - ABP KINGS VALLEY 590 x 390 x 150 1000GSM 1250P,Material,,,0,0,,,PLASTOMELT9799,PLASTOMELT9799,Tonne,0.003,,,,,2750,0,2518.65105,,2750,8.25,0,17.8,61.16,58.57,0,137.54,127.1,461.79,726.43
BOX001/101/YPL/A9999/02/1000G,PRINTED LID - ABP KINGS VALLEY 590 x 390 x 150 1000GSM 1250P,Rolled Child,,,2,0.001,,,BRD001/YPL/A9999/02/1000G/WW,Rolled Up Child Material,1000 Sheet,0.5,,,,,,,,,889.7062,444.8531,1,17.8,61.16,58.57,0,137.54,127.1,461.79,726.43
BOX001/101/YPL/A9999/02/1000G,PRINTED LID - ABP KINGS VALLEY 590 x 390 x 150 1000GSM 1250P,Rolled Child,,,2,0.002,,,BRD001/YPL/A9999/02/1000G/WW,Rolled Up Child Labour,1000 Sheet,0.5,,,,,,,,,71.21,35.605,1,17.8,61.16,58.57,0,137.54,127.1,461.79,726.43
BOX001/101/YPL/A9999/02/1000G,PRINTED LID - ABP KINGS VALLEY 590 x 390 x 150 1000GSM 1250P,Rolled Child,Printer,Print,2,0.003,,,BRD001/YPL/A9999/02/1000G/WW,Rolled Up Child Print Machine,1000 Sheet,0.5,,,,,,,,,35.598,17.799,1,17.8,61.16,58.57,0,137.54,127.1,461.79,726.43
BOX001/101/YPL/A9999/02/1000G,PRINTED LID - ABP KINGS VALLEY 590 x 390 x 150 1000GSM 1250P,Labour,Diecutter,,0,20,DIE CUTTING,Die Cutting,101 Die Cutter Operator,101 Die Cutter Operator,,,1,8,2.91005,2.91005,,,,136.57,136.57,46.93047,0,17.8,61.16,58.57,0,137.54,127.1,461.79,726.43
BOX001/101/YPL/A9999/02/1000G,PRINTED LID - ABP KINGS VALLEY 590 x 390 x 150 1000GSM 1250P,Machine,Diecutter,Die Cut,0,20,DIE CUTTING,Die Cutting,101 Die Cutter #2,101 Die Cutter #2,,,1,8,2.91005,2.91005,,,,177.99,177.99,61.1639,0,17.8,61.16,58.57,0,137.54,127.1,461.79,726.43
BOX001/101/YPL/A9999/02/1000G,PRINTED LID - ABP KINGS VALLEY 590 x 390 x 150 1000GSM 1250P,Labour,Folder Gluer,,0,30,FOLDER GLUER,Folder Gluer,101 Folder Gluer Operator,101 Folder Gluer Operator,,,1,8,3.038716,3.038716,,,,135.43,135.43,44.56817,0,17.8,61.16,58.57,0,137.54,127.1,461.79,726.43
BOX001/101/YPL/A9999/02/1000G,PRINTED LID - ABP KINGS VALLEY 590 x 390 x 150 1000GSM 1250P,Machine,Folder Gluer,Fold Glue,0,30,FOLDER GLUER,Folder Gluer,101 Folder Gluer Omega,101 Folder Gluer Omega,,,1,8,3.038716,3.038716,,,,177.99,177.99,58.57408,0,17.8,61.16,58.57,0,137.54,127.1,461.79,726.43
BOX001/101/YPL/B0143/02/1000G,PRINTED LID - BRADMILL MEATS  590x390x150 1000GSM 1000P,Material,,,0,0.001,,,0-FACTORY/101/BANDING/01,Factory Banding 101,COIL,0.001,,,,,41.39,0,36.2,,41.39,0.04139,0,14.83,54.5,29.56,0,98.89,93.98,481.65,674.52
BOX001/101/YPL/B0143/02/1000G,PRINTED LID - BRADMILL MEATS  590x390x150 1000GSM 1000P,Material,,,0,0.002,,,0-FACTORY/101/LAYERCARD,Factory Layercard 101 Testliner 150GSM 1100x930,1000,0.003,,,,,187,0,210,,187,0.561,0,14.83,54.5,29.56,0,98.89,93.98,481.65,674.52
BOX001/101/YPL/B0143/02/1000G,PRINTED LID - BRADMILL MEATS  590x390x150 1000GSM 1000P,Material,,,0,0.003,,,0-FACTORY/101/STRETCHWRAP,STRETCHWRAP,Tonne,0.0001,,,,,2440,0,2440,,2440,0.244,0,14.83,54.5,29.56,0,98.89,93.98,481.65,674.52
BOX001/101/YPL/B0143/02/1000G,PRINTED LID - BRADMILL MEATS  590x390x150 1000GSM 1000P,Material,,,0,0.004,,,0-PALLETS/101/Std1000x1200,Pallet 1000x1200 101,1000,0.001,,,,,4750,0,4750,,4750,4.75,0,14.83,54.5,29.56,0,98.89,93.98,481.65,674.52
BOX001/101/YPL/B0143/02/1000G,PRINTED LID - BRADMILL MEATS  590x390x150 1000GSM 1000P,Material,,,0,0.005,,,0-TOPSHEET/101/1500mmx50UMS,Topsheet 101,Tonne,0.001,,,,,2347,0,1820,,2347,2.347,0,14.83,54.5,29.56,0,98.89,93.98,481.65,674.52
BOX001/101/YPL/B0143/02/1000G,PRINTED LID - BRADMILL MEATS  590x390x150 1000GSM 1000P,Material,,,2,0.006,,,BRD001/YPL/B0143/02/1000G/WW,PRINTED BRD - BRADMILL MEATS 590x390x150 1000G,1000 Sheet,0.5,,,,,,0,,,930.90645,465.45323,0,14.83,54.5,29.56,0,98.89,93.98,481.65,674.52
BOX001/101/YPL/B0143/02/1000G,PRINTED LID - BRADMILL MEATS  590x390x150 1000GSM 1000P,Material,,,0,0.007,,,PLASTOMELT9799,PLASTOMELT9799,Tonne,0.003,,,,,2750,0,2518.65105,,2750,8.25,0,14.83,54.5,29.56,0,98.89,93.98,481.65,674.52
BOX001/101/YPL/B0143/02/1000G,PRINTED LID - BRADMILL MEATS  590x390x150 1000GSM 1000P,Rolled Child,,,2,0.007,,,BRD001/YPL/B0143/02/1000G/WW,Rolled Up Child Material,1000 Sheet,0.5,,,,,,,,,930.90645,465.45323,1,14.83,54.5,29.56,0,98.89,93.98,481.65,674.52
BOX001/101/YPL/B0143/02/1000G,PRINTED LID - BRADMILL MEATS  590x390x150 1000GSM 1000P,Rolled Child,,,2,0.008,,,BRD001/YPL/B0143/02/1000G/WW,Rolled Up Child Labour,1000 Sheet,0.5,,,,,,,,,59.34167,29.67084,1,14.83,54.5,29.56,0,98.89,93.98,481.65,674.52
BOX001/101/YPL/B0143/02/1000G,PRINTED LID - BRADMILL MEATS  590x390x150 1000GSM 1000P,Rolled Child,Printer,Print,2,0.009,,,BRD001/YPL/B0143/02/1000G/WW,Rolled Up Child Print Machine,1000 Sheet,0.5,,,,,,,,,29.665,14.8325,1,14.83,54.5,29.56,0,98.89,93.98,481.65,674.52
BOX001/101/YPL/B0143/02/1000G,PRINTED LID - BRADMILL MEATS  590x390x150 1000GSM 1000P,Labour,Diecutter,,0,10,DIE CUTTING,DIE CUTTING,101 Die Cutter Operator,101 Die Cutter Operator,,,1,4,3.265899,3.265899,,,,136.57,136.57,41.81697,0,14.83,54.5,29.56,0,98.89,93.98,481.65,674.52
BOX001/101/YPL/B0143/02/1000G,PRINTED LID - BRADMILL MEATS  590x390x150 1000GSM 1000P,Machine,Diecutter,Die Cut,0,10,DIE CUTTING,DIE CUTTING,101 Die Cutter #1,101 Die Cutter #1,,,1,4,3.265899,3.265899,,,,177.99,177.99,54.49954,0,14.83,54.5,29.56,0,98.89,93.98,481.65,674.52
BOX001/101/YPL/B0143/02/1000G,PRINTED LID - BRADMILL MEATS  590x390x150 1000GSM 1000P,Labour,Folder Gluer,,0,20,FOLDER GLUER,FOLDER GLUER,101 Folder Gluer Operator,101 Folder Gluer Operator,,,1,10,6.020836,6.020836,,,,135.43,135.43,22.49355,0,14.83,54.5,29.56,0,98.89,93.98,481.65,674.52
BOX001/101/YPL/B0143/02/1000G,PRINTED LID - BRADMILL MEATS  590x390x150 1000GSM 1000P,Machine,Folder Gluer,Fold Glue,0,20,FOLDER GLUER,FOLDER GLUER,101 Folder Gluer Domino,101 Folder Gluer Domino,,,1,10,6.020836,6.020836,,,,177.99,177.99,29.56234,0,14.83,54.5,29.56,0,98.89,93.98,481.65,674.52
BOX001/101/YPL/B0182/01/950G,PRINTED LID - BUITELAAR *LIMITED STOCK*  585x385x1,Material,,,2,1,,,BOX001/103/YPL/B0182/01/950G,PRINTED LID -  BUITELAAR SELECT EURO LID 585x385x150 950GSM,1000,1,,,,,,0,202.96,,445.7021,445.7021,0,29.67,44.5,35.6,0,109.76,120.57,445.7,676.03
BOX001/101/YPL/B0182/01/950G,PRINTED LID - BUITELAAR *LIMITED STOCK*  585x385x1,Rolled Child,,,2,1.001,,,BOX001/103/YPL/B0182/01/950G,Rolled Up Child Material,1000,1,,,,,,,,,445.7021,445.7021,1,29.67,44.5,35.6,0,109.76,120.57,445.7,676.03
BOX001/101/YPL/B0182/01/950G,PRINTED LID - BUITELAAR *LIMITED STOCK*  585x385x1,Rolled Child,,,2,1.002,,,BOX001/103/YPL/B0182/01/950G,Rolled Up Child Labour,1000,1,,,,,,,,,89.95592,89.95592,1,29.67,44.5,35.6,0,109.76,120.57,445.7,676.03
BOX001/101/YPL/B0182/01/950G,PRINTED LID - BUITELAAR *LIMITED STOCK*  585x385x1,Rolled Child,Printer,Print,2,1.003,,,BOX001/103/YPL/B0182/01/950G,Rolled Up Child Print Machine,1000,1,,,,,,,,,29.665,29.665,1,29.67,44.5,35.6,0,109.76,120.57,445.7,676.03
BOX001/101/YPL/B0182/01/950G,PRINTED LID - BUITELAAR *LIMITED STOCK*  585x385x1,Rolled Child,Diecutter,Die Cut,2,1.004,,,BOX001/103/YPL/B0182/01/950G,Rolled Up Child Die Cut Machine,1000,1,,,,,,,,,22.24875,22.24875,1,29.67,44.5,35.6,0,109.76,120.57,445.7,676.03
BOX001/101/YPL/B0182/01/950G,PRINTED LID - BUITELAAR *LIMITED STOCK*  585x385x1,Rolled Child,Folder Gluer,Fold Glue,2,1.005,,,BOX001/103/YPL/B0182/01/950G,Rolled Up Child Fold Glue Machine,1000,1,,,,,,,,,17.799,17.799,1,29.67,44.5,35.6,0,109.76,120.57,445.7,676.03
BOX001/101/YPL/B0182/01/950G,PRINTED LID - BUITELAAR *LIMITED STOCK*  585x385x1,Labour,Diecutter,,0,10,DIE CUTTING,DIE CUTTING,101 Die Cutter Operator,101 Die Cutter Operator,,,1,8,,8,,,,136.57,136.57,17.07125,0,29.67,44.5,35.6,0,109.76,120.57,445.7,676.03
BOX001/101/YPL/B0182/01/950G,PRINTED LID - BUITELAAR *LIMITED STOCK*  585x385x1,Machine,Diecutter,Die Cut,0,10,DIE CUTTING,DIE CUTTING,101 Die Cutter #1,101 Die Cutter #1,,,1,8,,8,,,,177.99,177.99,22.24875,0,29.67,44.5,35.6,0,109.76,120.57,445.7,676.03
BOX001/101/YPL/B0182/01/950G,PRINTED LID - BUITELAAR *LIMITED STOCK*  585x385x1,Labour,Folder Gluer,,0,20,FOLDER GLUER,FOLDER GLUER,101 Folder Gluer Operator,101 Folder Gluer Operator,,,1,10,,10,,,,135.43,135.43,13.543,0,29.67,44.5,35.6,0,109.76,120.57,445.7,676.03
BOX001/101/YPL/B0182/01/950G,PRINTED LID - BUITELAAR *LIMITED STOCK*  585x385x1,Machine,Folder Gluer,Fold Glue,0,20,FOLDER GLUER,FOLDER GLUER,101 Folder Gluer Domino,101 Folder Gluer Domino,,,1,10,,10,,,,177.99,177.99,17.799,0,29.67,44.5,35.6,0,109.76,120.57,445.7,676.03
BOX001/101/YPL/B0182/03/950G,BOX001/103/YPL/B0182/03/950G,Material,,,0,1,,,0-FACTORY/101/BANDING/01,Factory Banding 101,COIL,0.03,,,,,41.39,0,36.2,,41.39,1.2417,0,16.97,37.83,31.39,0,86.19,86.85,559.09,732.13
BOX001/101/YPL/B0182/03/950G,BOX001/103/YPL/B0182/03/950G,Material,,,0,2,,,0-FACTORY/101/LAYERCARD,Factory Layercard 101 Testliner 150GSM 1100x930,1000,0.004,,,,,187,0,210,,187,0.748,0,16.97,37.83,31.39,0,86.19,86.85,559.09,732.13
BOX001/101/YPL/B0182/03/950G,BOX001/103/YPL/B0182/03/950G,Material,,,0,3,,,0-FACTORY/101/STRETCHWRAP,STRETCHWRAP,Tonne,1e-05,,,,,2440,0,2440,,2440,0.0244,0,16.97,37.83,31.39,0,86.19,86.85,559.09,732.13
BOX001/101/YPL/B0182/03/950G,BOX001/103/YPL/B0182/03/950G,Material,,,0,4,,,0-PALLETS/101/Std1000x1200,Pallet 1000x1200 101,1000,0.001,,,,,4750,0,4750,,4750,4.75,0,16.97,37.83,31.39,0,86.19,86.85,559.09,732.13
BOX001/101/YPL/B0182/03/950G,BOX001/103/YPL/B0182/03/950G,Material,,,0,5,,,0-TOPSHEET/101/1500mmx50UMS,Topsheet 101,Tonne,0.001,,,,,2347,0,1820,,2347,2.347,0,16.97,37.83,31.39,0,86.19,86.85,559.09,732.13
BOX001/101/YPL/B0182/03/950G,BOX001/103/YPL/B0182/03/950G,Material,,,2,6,,,BRD001/YPL/B0182/03/950G/WW,PRINTED BOARD - BUITELAAR EURO LID  585 x 385 x 150 950G 750,1000,0.572,,,,,,0,,,947.0709,541.72455,0,16.97,37.83,31.39,0,86.19,86.85,559.09,732.13
BOX001/101/YPL/B0182/03/950G,BOX001/103/YPL/B0182/03/950G,Rolled Child,,,2,6.001,,,BRD001/YPL/B0182/03/950G/WW,Rolled Up Child Material,1000,0.572,,,,,,,,,947.0709,541.72455,1,16.97,37.83,31.39,0,86.19,86.85,559.09,732.13
BOX001/101/YPL/B0182/03/950G,BOX001/103/YPL/B0182/03/950G,Rolled Child,,,2,6.002,,,BRD001/YPL/B0182/03/950G/WW,Rolled Up Child Labour,1000,0.572,,,,,,,,,59.34167,33.94344,1,16.97,37.83,31.39,0,86.19,86.85,559.09,732.13
BOX001/101/YPL/B0182/03/950G,BOX001/103/YPL/B0182/03/950G,Rolled Child,Printer,Print,2,6.003,,,BRD001/YPL/B0182/03/950G/WW,Rolled Up Child Print Machine,1000,0.572,,,,,,,,,29.665,16.96838,1,16.97,37.83,31.39,0,86.19,86.85,559.09,732.13
BOX001/101/YPL/B0182/03/950G,BOX001/103/YPL/B0182/03/950G,Material,,,0,7,,,PLASTOMELT9799,PLASTOMELT9799,Tonne,0.003,,,,,2750,0,2518.65105,,2750,8.25,0,16.97,37.83,31.39,0,86.19,86.85,559.09,732.13
BOX001/101/YPL/B0182/03/950G,BOX001/103/YPL/B0182/03/950G,Labour,Diecutter,,0,20,DIE CUTTING,DIE CUTTING,101 DIE CUTTER OPERATOR,101 Die Cutter Operator,,,1,8,4.705087,4.705087,,,,136.57,136.57,29.02603,0,16.97,37.83,31.39,0,86.19,86.85,559.09,732.13
BOX001/101/YPL/B0182/03/950G,BOX001/103/YPL/B0182/03/950G,Machine,Diecutter,Die Cut,0,20,DIE CUTTING,DIE CUTTING,101 DIE CUTTER #1,101 Die Cutter #1,,,1,8,4.705087,4.705087,,,,177.99,177.99,37.82927,0,16.97,37.83,31.39,0,86.19,86.85,559.09,732.13
BOX001/101/YPL/B0182/03/950G,BOX001/103/YPL/B0182/03/950G,Labour,Folder Gluer,,0,30,FOLDER GLUER,FOLDER GLUER,101 FOLDER GLUER OPERATOR,101 Folder Gluer Operator,,,1,10,5.670195,5.670195,,,,135.43,135.43,23.88454,0,16.97,37.83,31.39,0,86.19,86.85,559.09,732.13
BOX001/101/YPL/B0182/03/950G,BOX001/103/YPL/B0182/03/950G,Machine,Folder Gluer,Fold Glue,0,30,FOLDER GLUER,FOLDER GLUER,101 FOLDER GLUER OMEGA,101 Folder Gluer Omega,,,1,10,5.670195,5.670195,,,,177.99,177.99,31.39045,0,16.97,37.83,31.39,0,86.19,86.85,559.09,732.13
BOX001/101/YPL/B0197/01/1000G,BOX001/101/YPL/B0197/01/1000G,Material,,,0,1,,,0-FACTORY/101/BANDING/01,Factory Banding 101,COIL,0.03,,,,,41.39,0,36.2,,41.39,1.2417,0,14.83,22.25,17.8,0,54.88,30.61,481.01,566.51
BOX001/101/YPL/B0197/01/1000G,BOX001/101/YPL/B0197/01/1000G,Material,,,0,2,,,0-FACTORY/101/LAYERCARD,Factory Layercard 101 Testliner 150GSM 1100x930,1000,0.005,,,,,187,0,210,,187,0.935,0,14.83,22.25,17.8,0,54.88,30.61,481.01,566.51
BOX001/101/YPL/B0197/01/1000G,BOX001/101/YPL/B0197/01/1000G,Material,,,0,3,,,0-FACTORY/101/STRETCHWRAP,STRETCHWRAP,Tonne,1e-05,,,,,2440,0,2440,,2440,0.0244,0,14.83,22.25,17.8,0,54.88,30.61,481.01,566.51
BOX001/101/YPL/B0197/01/1000G,BOX001/101/YPL/B0197/01/1000G,Material,,,0,4,,,0-PALLETS/101/Std1000x1200,Pallet 1000x1200 101,1000,0.001,,,,,4750,0,4750,,4750,4.75,0,14.83,22.25,17.8,0,54.88,30.61,481.01,566.51
BOX001/101/YPL/B0197/01/1000G,BOX001/101/YPL/B0197/01/1000G,Material,,,0,5,,,0-TOPSHEET/101/1500mmx50UMS,Topsheet 101,Tonne,1e-05,,,,,2347,0,1820,,2347,0.02347,0,14.83,22.25,17.8,0,54.88,30.61,481.01,566.51
BOX001/101/YPL/B0197/01/1000G,BOX001/101/YPL/B0197/01/1000G,Material,,,2,6,,,BRD001/101/YPL/B0197/01/WW,PRINTED BOARD FOR LID - BW&DJ GLAVES 585x390x150 1000G,1000 Sheet,0.5,,,,,,0,,,931.579,465.7895,0,14.83,22.25,17.8,0,54.88,30.61,481.01,566.51
BOX001/101/YPL/B0197/01/1000G,BOX001/101/YPL/B0197/01/1000G,Rolled Child,,,2,6.001,,,BRD001/101/YPL/B0197/01/WW,Rolled Up Child Material,1000 Sheet,0.5,,,,,,,,,931.579,465.7895,1,14.83,22.25,17.8,0,54.88,30.61,481.01,566.51
BOX001/101/YPL/B0197/01/1000G,BOX001/101/YPL/B0197/01/1000G,Rolled Child,Printer,Print,2,6.003,,,BRD001/101/YPL/B0197/01/WW,Rolled Up Child Print Machine,1000 Sheet,0.5,,,,,,,,,29.665,14.8325,1,14.83,22.25,17.8,0,54.88,30.61,481.01,566.51
BOX001/101/YPL/B0197/01/1000G,BOX001/101/YPL/B0197/01/1000G,Material,,,0,7,,,PLASTOMELT9799,PLASTOMELT9799,Tonne,0.003,,,,,2750,0,2518.65105,,2750,8.25,0,14.83,22.25,17.8,0,54.88,30.61,481.01,566.51
BOX001/101/YPL/B0197/01/1000G,BOX001/101/YPL/B0197/01/1000G,Labour,Diecutter,,0,20,DIE CUTTING,DIE CUTTING,101 DIE CUTTER OPERATOR,101 Die Cutter Operator,,,1,8,,8,,,,136.57,136.57,17.07125,0,14.83,22.25,17.8,0,54.88,30.61,481.01,566.51
BOX001/101/YPL/B0197/01/1000G,BOX001/101/YPL/B0197/01/1000G,Machine,Diecutter,Die Cut,0,20,DIE CUTTING,DIE CUTTING,101 DIE CUTTER #3,101 Die Cutter #3,,,1,8,,8,,,,177.99,177.99,22.24875,0,14.83,22.25,17.8,0,54.88,30.61,481.01,566.51
BOX001/101/YPL/B0197/01/1000G,BOX001/101/YPL/B0197/01/1000G,Labour,Folder Gluer,,0,30,FOLDER GLUER,FOLDER GLUER,101 FOLDER GLUER OPERATOR,101 Folder Gluer Operator,,,1,10,,10,,,,135.43,135.43,13.543,0,14.83,22.25,17.8,0,54.88,30.61,481.01,566.51
BOX001/101/YPL/B0197/01/1000G,BOX001/101/YPL/B0197/01/1000G,Machine,Folder Gluer,Fold Glue,0,30,FOLDER GLUER,FOLDER GLUER,101 FOLDER GLUER OMEGA,101 Folder Gluer Omega,,,1,10,,10,,,,177.99,177.99,17.799,0,14.83,22.25,17.8,0,54.88,30.61,481.01,566.51
BOX001/101/YPL/C0004/01/1000G,PRINTED LID - C&K BROWN POLY PRINTED LID 585x390x150 1000G,Material,,,0,0.001,,,0-FACTORY/101/BANDING/01,Factory Banding 101,COIL,0.03,,,,,41.39,0,36.2,,41.39,1.2417,0,14.83,41.04,17.8,0,73.68,74.71,445.99,594.38
BOX001/101/YPL/C0004/01/1000G,PRINTED LID - C&K BROWN POLY PRINTED LID 585x390x150 1000G,Material,,,0,0.002,,,0-FACTORY/101/LAYERCARD,Factory Layercard 101 Testliner 150GSM 1100x930,1000,0.005,,,,,187,0,210,,187,0.935,0,14.83,41.04,17.8,0,73.68,74.71,445.99,594.38
BOX001/101/YPL/C0004/01/1000G,PRINTED LID - C&K BROWN POLY PRINTED LID 585x390x150 1000G,Material,,,0,0.003,,,0-FACTORY/101/STRETCHWRAP,STRETCHWRAP,Tonne,1e-05,,,,,2440,0,2440,,2440,0.0244,0,14.83,41.04,17.8,0,73.68,74.71,445.99,594.38
BOX001/101/YPL/C0004/01/1000G,PRINTED LID - C&K BROWN POLY PRINTED LID 585x390x150 1000G,Material,,,0,0.004,,,0-PALLETS/101/Std1000x1200,Pallet 1000x1200 101,1000,0.001,,,,,4750,0,4750,,4750,4.75,0,14.83,41.04,17.8,0,73.68,74.71,445.99,594.38
BOX001/101/YPL/C0004/01/1000G,PRINTED LID - C&K BROWN POLY PRINTED LID 585x390x150 1000G,Material,,,0,0.005,,,0-TOPSHEET/101/1500mmx50UMS,Topsheet 101,Tonne,1e-05,,,,,2347,0,1820,,2347,0.02347,0,14.83,41.04,17.8,0,73.68,74.71,445.99,594.38
BOX001/101/YPL/C0004/01/1000G,PRINTED LID - C&K BROWN POLY PRINTED LID 585x390x150 1000G,Material,,,2,0.006,,,BRD001/YPL/C0004/01/1000G/BW, PRINTED BRD - C&K BROWN POLY PRINTED LID 585x390x150 1000G,1000 Sheet,0.5,,,,,,0,,,861.53845,430.76923,0,14.83,41.04,17.8,0,73.68,74.71,445.99,594.38
BOX001/101/YPL/C0004/01/1000G,PRINTED LID - C&K BROWN POLY PRINTED LID 585x390x150 1000G,Material,,,0,0.007,,,PLASTOMELT9799,PLASTOMELT9799,Tonne,0.003,,,,,2750,0,2518.65105,,2750,8.25,0,14.83,41.04,17.8,0,73.68,74.71,445.99,594.38
BOX001/101/YPL/C0004/01/1000G,PRINTED LID - C&K BROWN POLY PRINTED LID 585x390x150 1000G,Rolled Child,,,2,0.007,,,BRD001/YPL/C0004/01/1000G/BW,Rolled Up Child Material,1000 Sheet,0.5,,,,,,,,,861.53845,430.76923,1,14.83,41.04,17.8,0,73.68,74.71,445.99,594.38
BOX001/101/YPL/C0004/01/1000G,PRINTED LID - C&K BROWN POLY PRINTED LID 585x390x150 1000G,Rolled Child,,,2,0.008,,,BRD001/YPL/C0004/01/1000G/BW,Rolled Up Child Labour,1000 Sheet,0.5,,,,,,,,,59.34167,29.67084,1,14.83,41.04,17.8,0,73.68,74.71,445.99,594.38
BOX001/101/YPL/C0004/01/1000G,PRINTED LID - C&K BROWN POLY PRINTED LID 585x390x150 1000G,Rolled Child,Printer,Print,2,0.009,,,BRD001/YPL/C0004/01/1000G/BW,Rolled Up Child Print Machine,1000 Sheet,0.5,,,,,,,,,29.665,14.8325,1,14.83,41.04,17.8,0,73.68,74.71,445.99,594.38
BOX001/101/YPL/C0004/01/1000G,PRINTED LID - C&K BROWN POLY PRINTED LID 585x390x150 1000G,Labour,Diecutter,,0,10,DIE CUTTING,DIE CUTTING,101 Die Cutter Operator,101 Die Cutter Operator,,,1,8,4.33659,4.33659,,,,136.57,136.57,31.49249,0,14.83,41.04,17.8,0,73.68,74.71,445.99,594.38
BOX001/101/YPL/C0004/01/1000G,PRINTED LID - C&K BROWN POLY PRINTED LID 585x390x150 1000G,Machine,Diecutter,Die Cut,0,10,DIE CUTTING,DIE CUTTING,101 Die Cutter #2,101 Die Cutter #2,,,1,8,4.33659,4.33659,,,,177.99,177.99,41.04377,0,14.83,41.04,17.8,0,73.68,74.71,445.99,594.38
BOX001/101/YPL/C0004/01/1000G,PRINTED LID - C&K BROWN POLY PRINTED LID 585x390x150 1000G,Labour,Folder Gluer,,0,20,FOLDER GLUER,FOLDER GLUER,101 Folder Gluer Operator,101 Folder Gluer Operator,,,1,10,,10,,,,135.43,135.43,13.543,0,14.83,41.04,17.8,0,73.68,74.71,445.99,594.38
BOX001/101/YPL/C0004/01/1000G,PRINTED LID - C&K BROWN POLY PRINTED LID 585x390x150 1000G,Machine,Folder Gluer,Fold Glue,0,20,FOLDER GLUER,FOLDER GLUER,101 Folder Gluer Domino,101 Folder Gluer Domino,,,1,10,,10,,,,177.99,177.99,17.799,0,14.83,41.04,17.8,0,73.68,74.71,445.99,594.38
BOX001/101/YPL/C0157/02/1000G,PRINTED LID -  Conwy Valley Meats Ltd  585 x 390 x 150 1000P,Material,,,0,0,,,0-FACTORY/102/BANDING,BLUE BANDING 102,COIL,0.03,,,,,29.67,0,42.82,,29.67,0.8901,0,22.25,44.5,22.25,0,89,95.58,494.4,678.97
BOX001/101/YPL/C0157/02/1000G,PRINTED LID -  Conwy Valley Meats Ltd  585 x 390 x 150 1000P,Material,,,0,0,,,0-FACTORY/102/STDLAYERCARD,0-FACTORY/102/STDLAYERCARD,1000,0.004,,,,,198,0,,,198,0.792,0,22.25,44.5,22.25,0,89,95.58,494.4,678.97
BOX001/101/YPL/C0157/02/1000G,PRINTED LID -  Conwy Valley Meats Ltd  585 x 390 x 150 1000P,Material,,,0,0,,,0-FACTORY/102/TOPSHEET,0-TOPSHEET/102/1400mmX1600mm/40MU,Tonne,0.001,,,,,1820,0,1820,,1820,1.82,0,22.25,44.5,22.25,0,89,95.58,494.4,678.97
BOX001/101/YPL/C0157/02/1000G,PRINTED LID -  Conwy Valley Meats Ltd  585 x 390 x 150 1000P,Material,,,0,0,,,0-Pallets/102/Std1000x1200,0-Pallets/102/Std1000x1200,1000,0.001,,,,,4950,0,5250,,4950,4.95,0,22.25,44.5,22.25,0,89,95.58,494.4,678.97
BOX001/101/YPL/C0157/02/1000G,PRINTED LID -  Conwy Valley Meats Ltd  585 x 390 x 150 1000P,Material,,,2,0,,,BRD001/YPL/C0157/02/1000G/WW,PRINTED BRD - Conwy Valley Meats Ltd  585 x 390 x 150 1000P,1000,0.5,,,,,,0,,,955.39407,477.69704,0,22.25,44.5,22.25,0,89,95.58,494.4,678.97
BOX001/101/YPL/C0157/02/1000G,PRINTED LID -  Conwy Valley Meats Ltd  585 x 390 x 150 1000P,Material,,,0,0,,,PLASTOMELT9799,PLASTOMELT9799,Tonne,0.003,,,,,2750,0,2518.65105,,2750,8.25,0,22.25,44.5,22.25,0,89,95.58,494.4,678.97
BOX001/101/YPL/C0157/02/1000G,PRINTED LID -  Conwy Valley Meats Ltd  585 x 390 x 150 1000P,Rolled Child,,,2,0.001,,,BRD001/YPL/C0157/02/1000G/WW,Rolled Up Child Material,1000,0.5,,,,,,,,,955.39407,477.69704,1,22.25,44.5,22.25,0,89,95.58,494.4,678.97
BOX001/101/YPL/C0157/02/1000G,PRINTED LID -  Conwy Valley Meats Ltd  585 x 390 x 150 1000P,Rolled Child,,,2,0.002,,,BRD001/YPL/C0157/02/1000G/WW,Rolled Up Child Labour,1000,0.5,,,,,,,,,89.0125,44.50625,1,22.25,44.5,22.25,0,89,95.58,494.4,678.97
BOX001/101/YPL/C0157/02/1000G,PRINTED LID -  Conwy Valley Meats Ltd  585 x 390 x 150 1000P,Rolled Child,Printer,Print,2,0.003,,,BRD001/YPL/C0157/02/1000G/WW,Rolled Up Child Print Machine,1000,0.5,,,,,,,,,44.4975,22.24875,1,22.25,44.5,22.25,0,89,95.58,494.4,678.97
BOX001/101/YPL/C0157/02/1000G,PRINTED LID -  Conwy Valley Meats Ltd  585 x 390 x 150 1000P,Labour,Diecutter,,0,20,DIE CUTTING,Die Cutting,101 Die Cutter Operator,101 Die Cutter Operator,,,1,4,,4,,,,136.57,136.57,34.1425,0,22.25,44.5,22.25,0,89,95.58,494.4,678.97
BOX001/101/YPL/C0157/02/1000G,PRINTED LID -  Conwy Valley Meats Ltd  585 x 390 x 150 1000P,Machine,Diecutter,Die Cut,0,20,DIE CUTTING,Die Cutting,101 Die Cutter #3,101 Die Cutter #3,,,1,4,,4,,,,177.99,177.99,44.4975,0,22.25,44.5,22.25,0,89,95.58,494.4,678.97
BOX001/101/YPL/C0157/02/1000G,PRINTED LID -  Conwy Valley Meats Ltd  585 x 390 x 150 1000P,Labour,Folder Gluer,,0,30,FOLDER GLUER,Folder Gluer,101 Folder Gluer Operator,101 Folder Gluer Operator,,,1,8,,8,,,,135.43,135.43,16.92875,0,22.25,44.5,22.25,0,89,95.58,494.4,678.97
BOX001/101/YPL/C0157/02/1000G,PRINTED LID -  Conwy Valley Meats Ltd  585 x 390 x 150 1000P,Machine,Folder Gluer,Fold Glue,0,30,FOLDER GLUER,Folder Gluer,101 Folder Gluer Omega,101 Folder Gluer Omega,,,1,8,,8,,,,177.99,177.99,22.24875,0,22.25,44.5,22.25,0,89,95.58,494.4,678.97
BOX001/101/YPL/D9999/03/950G,PRINTED LID -EURO LID WELSH HILL BEEF & LAMB 585 x,Material,,,0,1,,,0-FACTORY/101/BANDING/01,Factory Banding 101,COIL,0.03,,,,,41.39,0,36.2,,41.39,1.2417,0,14.83,45.51,44.1,0,104.43,98.14,464.96,667.54
BOX001/101/YPL/D9999/03/950G,PRINTED LID -EURO LID WELSH HILL BEEF & LAMB 585 x,Material,,,0,2,,,0-FACTORY/101/LAYERCARD,Factory Layercard 101 Testliner 150GSM 1100x930,1000,0.004,,,,,187,0,210,,187,0.748,0,14.83,45.51,44.1,0,104.43,98.14,464.96,667.54
BOX001/101/YPL/D9999/03/950G,PRINTED LID -EURO LID WELSH HILL BEEF & LAMB 585 x,Material,,,0,3,,,0-PALLETS/101/Std1000x1200,Pallet 1000x1200 101,1000,0.001,,,,,4750,0,4750,,4750,4.75,0,14.83,45.51,44.1,0,104.43,98.14,464.96,667.54
BOX001/101/YPL/D9999/03/950G,PRINTED LID -EURO LID WELSH HILL BEEF & LAMB 585 x,Material,,,0,4,,,0-TOPSHEET/101/1400mmx50UMS,Topsheet 101,Tonne,0.001,,,,,1945,0,,,1945,1.945,0,14.83,45.51,44.1,0,104.43,98.14,464.96,667.54
BOX001/101/YPL/D9999/03/950G,PRINTED LID -EURO LID WELSH HILL BEEF & LAMB 585 x,Material,,,2,5,,,BRD001/YPL/D9999/03/950G/WB,PRINTED BRD -EURO LID WELSH HILL BEEF & LAMB 585 x 385 x 150,1000,0.5,,,,,,0,,,896.06,448.03,0,14.83,45.51,44.1,0,104.43,98.14,464.96,667.54
BOX001/101/YPL/D9999/03/950G,PRINTED LID -EURO LID WELSH HILL BEEF & LAMB 585 x,Rolled Child,,,2,5.001,,,BRD001/YPL/D9999/03/950G/WB,Rolled Up Child Material,1000,0.5,,,,,,,,,896.06,448.03,1,14.83,45.51,44.1,0,104.43,98.14,464.96,667.54
BOX001/101/YPL/D9999/03/950G,PRINTED LID -EURO LID WELSH HILL BEEF & LAMB 585 x,Rolled Child,,,2,5.002,,,BRD001/YPL/D9999/03/950G/WB,Rolled Up Child Labour,1000,0.5,,,,,,,,,59.34167,29.67084,1,14.83,45.51,44.1,0,104.43,98.14,464.96,667.54
BOX001/101/YPL/D9999/03/950G,PRINTED LID -EURO LID WELSH HILL BEEF & LAMB 585 x,Rolled Child,Printer,Print,2,5.003,,,BRD001/YPL/D9999/03/950G/WB,Rolled Up Child Print Machine,1000,0.5,,,,,,,,,29.665,14.8325,1,14.83,45.51,44.1,0,104.43,98.14,464.96,667.54
BOX001/101/YPL/D9999/03/950G,PRINTED LID -EURO LID WELSH HILL BEEF & LAMB 585 x,Material,,,0,6,,,PLASTOMELT9799,PLASTOMELT9799,Tonne,0.003,,,,,2750,0,2518.65105,,2750,8.25,0,14.83,45.51,44.1,0,104.43,98.14,464.96,667.54
BOX001/101/YPL/D9999/03/950G,PRINTED LID -EURO LID WELSH HILL BEEF & LAMB 585 x,Labour,Diecutter,,0,20,DIE CUTTING,DIE CUTTING,101 DIE CUTTER OPERATOR,101 Die Cutter Operator,,,1,8,3.911408,3.911408,,,,136.57,136.57,34.91582,0,14.83,45.51,44.1,0,104.43,98.14,464.96,667.54
BOX001/101/YPL/D9999/03/950G,PRINTED LID -EURO LID WELSH HILL BEEF & LAMB 585 x,Machine,Diecutter,Die Cut,0,20,DIE CUTTING,DIE CUTTING,101 DIE CUTTER #1,101 Die Cutter #1,,,1,8,3.911408,3.911408,,,,177.99,177.99,45.50535,0,14.83,45.51,44.1,0,104.43,98.14,464.96,667.54
BOX001/101/YPL/D9999/03/950G,PRINTED LID -EURO LID WELSH HILL BEEF & LAMB 585 x,Labour,Folder Gluer,,0,30,FOLDER GLUER,FOLDER GLUER,101 FOLDER GLUER OPERATOR,101 Folder Gluer Operator,,,1,10,4.036402,4.036402,,,,135.43,135.43,33.55216,0,14.83,45.51,44.1,0,104.43,98.14,464.96,667.54
BOX001/101/YPL/D9999/03/950G,PRINTED LID -EURO LID WELSH HILL BEEF & LAMB 585 x,Machine,Folder Gluer,Fold Glue,0,30,FOLDER GLUER,FOLDER GLUER,101 FOLDER GLUER DOMINO,101 Folder Gluer Domino,,,1,10,4.036402,4.036402,,,,177.99,177.99,44.0962,0,14.83,45.51,44.1,0,104.43,98.14,464.96,667.54
BOX001/101/YPL/D9999/04/950G,PRINTED LID -EURO LID GOURMET 590x390x150 950G 750,Material,,,0,1,,,0-FACTORY/101/BANDING/01,Factory Banding 101,COIL,0.03,,,,,41.39,0,36.2,,41.39,1.2417,0,14.83,22.25,17.8,0,54.88,60.29,471,586.17
BOX001/101/YPL/D9999/04/950G,PRINTED LID -EURO LID GOURMET 590x390x150 950G 750,Material,,,0,2,,,0-FACTORY/101/LAYERCARD,Factory Layercard 101 Testliner 150GSM 1100x930,1000,0.004,,,,,187,0,210,,187,0.748,0,14.83,22.25,17.8,0,54.88,60.29,471,586.17
BOX001/101/YPL/D9999/04/950G,PRINTED LID -EURO LID GOURMET 590x390x150 950G 750,Material,,,0,3,,,0-PALLETS/101/Std1000x1200,Pallet 1000x1200 101,1000,0.001,,,,,4750,0,4750,,4750,4.75,0,14.83,22.25,17.8,0,54.88,60.29,471,586.17
BOX001/101/YPL/D9999/04/950G,PRINTED LID -EURO LID GOURMET 590x390x150 950G 750,Material,,,0,4,,,0-TOPSHEET/101/1400mmx50UMS,Topsheet 101,Tonne,0.001,,,,,1945,0,,,1945,1.945,0,14.83,22.25,17.8,0,54.88,60.29,471,586.17
BOX001/101/YPL/D9999/04/950G,PRINTED LID -EURO LID GOURMET 590x390x150 950G 750,Material,,,2,5,,,BRD001/YPL/D9999/04/950G/WB,PRINTED BRD - EURO LID GOURMET 585x385x150 950G 1215P,1000,0.5,,,,,,0,,,908.13,454.065,0,14.83,22.25,17.8,0,54.88,60.29,471,586.17
BOX001/101/YPL/D9999/04/950G,PRINTED LID -EURO LID GOURMET 590x390x150 950G 750,Rolled Child,,,2,5.001,,,BRD001/YPL/D9999/04/950G/WB,Rolled Up Child Material,1000,0.5,,,,,,,,,908.13,454.065,1,14.83,22.25,17.8,0,54.88,60.29,471,586.17
BOX001/101/YPL/D9999/04/950G,PRINTED LID -EURO LID GOURMET 590x390x150 950G 750,Rolled Child,,,2,5.002,,,BRD001/YPL/D9999/04/950G/WB,Rolled Up Child Labour,1000,0.5,,,,,,,,,59.34167,29.67084,1,14.83,22.25,17.8,0,54.88,60.29,471,586.17
BOX001/101/YPL/D9999/04/950G,PRINTED LID -EURO LID GOURMET 590x390x150 950G 750,Rolled Child,Printer,Print,2,5.003,,,BRD001/YPL/D9999/04/950G/WB,Rolled Up Child Print Machine,1000,0.5,,,,,,,,,29.665,14.8325,1,14.83,22.25,17.8,0,54.88,60.29,471,586.17
BOX001/101/YPL/D9999/04/950G,PRINTED LID -EURO LID GOURMET 590x390x150 950G 750,Material,,,0,6,,,PLASTOMELT9799,PLASTOMELT9799,Tonne,0.003,,,,,2750,0,2518.65105,,2750,8.25,0,14.83,22.25,17.8,0,54.88,60.29,471,586.17
BOX001/101/YPL/D9999/04/950G,PRINTED LID -EURO LID GOURMET 590x390x150 950G 750,Labour,Diecutter,,0,20,DIE CUTTING,DIE CUTTING,101 DIE CUTTER OPERATOR,101 Die Cutter Operator,,,1,8,,8,,,,136.57,136.57,17.07125,0,14.83,22.25,17.8,0,54.88,60.29,471,586.17
BOX001/101/YPL/D9999/04/950G,PRINTED LID -EURO LID GOURMET 590x390x150 950G 750,Machine,Diecutter,Die Cut,0,20,DIE CUTTING,DIE CUTTING,101 DIE CUTTER #1,101 Die Cutter #1,,,1,8,,8,,,,177.99,177.99,22.24875,0,14.83,22.25,17.8,0,54.88,60.29,471,586.17
BOX001/101/YPL/D9999/04/950G,PRINTED LID -EURO LID GOURMET 590x390x150 950G 750,Labour,Folder Gluer,,0,30,FOLDER GLUER,FOLDER GLUER,101 FOLDER GLUER OPERATOR,101 Folder Gluer Operator,,,1,10,,10,,,,135.43,135.43,13.543,0,14.83,22.25,17.8,0,54.88,60.29,471,586.17
BOX001/101/YPL/D9999/04/950G,PRINTED LID -EURO LID GOURMET 590x390x150 950G 750,Machine,Folder Gluer,Fold Glue,0,30,FOLDER GLUER,FOLDER GLUER,101 FOLDER GLUER DOMINO,101 Folder Gluer Domino,,,1,10,,10,,,,177.99,177.99,17.799,0,14.83,22.25,17.8,0,54.88,60.29,471,586.17
BOX001/101/YPL/F0055/01/950G,PRINTED LID -  FIELD FRESH TRADING LTD  590x390x15,Material,,,0,1,,,0-FACTORY/101/BANDING/01,Factory Banding 101,COIL,0.03,,,,,41.39,0,36.2,,41.39,1.2417,0,14.83,42.58,54.24,0,111.65,103.61,462.81,678.08
BOX001/101/YPL/F0055/01/950G,PRINTED LID -  FIELD FRESH TRADING LTD  590x390x15,Material,,,0,2,,,0-FACTORY/101/LAYERCARD,Factory Layercard 101 Testliner 150GSM 1100x930,1000,0.004,,,,,187,0,210,,187,0.748,0,14.83,42.58,54.24,0,111.65,103.61,462.81,678.08
BOX001/101/YPL/F0055/01/950G,PRINTED LID -  FIELD FRESH TRADING LTD  590x390x15,Material,,,0,3,,,0-FACTORY/101/STRETCHWRAP,STRETCHWRAP,Tonne,0.0001,,,,,2440,0,2440,,2440,0.244,0,14.83,42.58,54.24,0,111.65,103.61,462.81,678.08
BOX001/101/YPL/F0055/01/950G,PRINTED LID -  FIELD FRESH TRADING LTD  590x390x15,Material,,,0,4,,,0-PALLETS/101/Std1000x1200,Pallet 1000x1200 101,1000,0.001,,,,,4750,0,4750,,4750,4.75,0,14.83,42.58,54.24,0,111.65,103.61,462.81,678.08
BOX001/101/YPL/F0055/01/950G,PRINTED LID -  FIELD FRESH TRADING LTD  590x390x15,Material,,,0,5,,,0-TOPSHEET/101/1500mmx50UMS,Topsheet 101,Tonne,0.001,,,,,2347,0,1820,,2347,2.347,0,14.83,42.58,54.24,0,111.65,103.61,462.81,678.08
BOX001/101/YPL/F0055/01/950G,PRINTED LID -  FIELD FRESH TRADING LTD  590x390x15,Material,,,2,6,,,BRD001/YPL/F0055/01/950G/WW,PRINTED BRD - FIELD FRESH TRADING LTD 950G,1000 Sheet,0.5,,,,,,0,,,890.457,445.2285,0,14.83,42.58,54.24,0,111.65,103.61,462.81,678.08
BOX001/101/YPL/F0055/01/950G,PRINTED LID -  FIELD FRESH TRADING LTD  590x390x15,Rolled Child,,,2,6.001,,,BRD001/YPL/F0055/01/950G/WW,Rolled Up Child Material,1000 Sheet,0.5,,,,,,,,,890.457,445.2285,1,14.83,42.58,54.24,0,111.65,103.61,462.81,678.08
BOX001/101/YPL/F0055/01/950G,PRINTED LID -  FIELD FRESH TRADING LTD  590x390x15,Rolled Child,,,2,6.002,,,BRD001/YPL/F0055/01/950G/WW,Rolled Up Child Labour,1000 Sheet,0.5,,,,,,,,,59.34167,29.67084,1,14.83,42.58,54.24,0,111.65,103.61,462.81,678.08
BOX001/101/YPL/F0055/01/950G,PRINTED LID -  FIELD FRESH TRADING LTD  590x390x15,Rolled Child,Printer,Print,2,6.003,,,BRD001/YPL/F0055/01/950G/WW,Rolled Up Child Print Machine,1000 Sheet,0.5,,,,,,,,,29.665,14.8325,1,14.83,42.58,54.24,0,111.65,103.61,462.81,678.08
BOX001/101/YPL/F0055/01/950G,PRINTED LID -  FIELD FRESH TRADING LTD  590x390x15,Material,,,0,7,,,PLASTOMELT9799,PLASTOMELT9799,Tonne,0.003,,,,,2750,0,2518.65105,,2750,8.25,0,14.83,42.58,54.24,0,111.65,103.61,462.81,678.08
BOX001/101/YPL/F0055/01/950G,PRINTED LID -  FIELD FRESH TRADING LTD  590x390x15,Labour,Diecutter,,0,10,DIE CUTTING,DIE CUTTING,101 Die Cutter Operator,101 Die Cutter Operator,,,1,8,4.17992,4.17992,,,,136.57,136.57,32.67287,0,14.83,42.58,54.24,0,111.65,103.61,462.81,678.08
BOX001/101/YPL/F0055/01/950G,PRINTED LID -  FIELD FRESH TRADING LTD  590x390x15,Machine,Diecutter,Die Cut,0,10,DIE CUTTING,DIE CUTTING,101 Die Cutter #1,101 Die Cutter #1,,,1,8,4.17992,4.17992,,,,177.99,177.99,42.58215,0,14.83,42.58,54.24,0,111.65,103.61,462.81,678.08
BOX001/101/YPL/F0055/01/950G,PRINTED LID -  FIELD FRESH TRADING LTD  590x390x15,Labour,Folder Gluer,,0,20,FOLDER GLUER,FOLDER GLUER,101 Folder Gluer Operator,101 Folder Gluer Operator,,,1,10,3.28162,3.28162,,,,135.43,135.43,41.26925,0,14.83,42.58,54.24,0,111.65,103.61,462.81,678.08
BOX001/101/YPL/F0055/01/950G,PRINTED LID -  FIELD FRESH TRADING LTD  590x390x15,Machine,Folder Gluer,Fold Glue,0,20,FOLDER GLUER,FOLDER GLUER,101 Folder Gluer Domino,101 Folder Gluer Domino,,,1,10,3.28162,3.28162,,,,177.99,177.99,54.23846,0,14.83,42.58,54.24,0,111.65,103.61,462.81,678.08
BOX001/101/YPL/G0101/05/950G,BOX001/103/YPL/G0101/05/950G,Material,,,0,1,,,0-FACTORY/101/BANDING/01,Factory Banding 101,COIL,0.03,,,,,41.39,0,36.2,,41.39,1.2417,0,29.67,22.25,17.8,0,69.71,89.96,449.51,609.17
BOX001/101/YPL/G0101/05/950G,BOX001/103/YPL/G0101/05/950G,Material,,,0,3,,,0-FACTORY/101/STRETCHWRAP,STRETCHWRAP,Tonne,0.0001,,,,,2440,0,2440,,2440,0.244,0,29.67,22.25,17.8,0,69.71,89.96,449.51,609.17
BOX001/101/YPL/G0101/05/950G,BOX001/103/YPL/G0101/05/950G,Material,,,0,4,,,0-PALLETS/101/Std1000x1200,Pallet 1000x1200 101,1000,0.001,,,,,4750,0,4750,,4750,4.75,0,29.67,22.25,17.8,0,69.71,89.96,449.51,609.17
BOX001/101/YPL/G0101/05/950G,BOX001/103/YPL/G0101/05/950G,Material,,,0,5,,,0-TOPSHEET/101/1500mmx50UMS,Topsheet 101,Tonne,0.001,,,,,2347,0,1820,,2347,2.347,0,29.67,22.25,17.8,0,69.71,89.96,449.51,609.17
BOX001/101/YPL/G0101/05/950G,BOX001/103/YPL/G0101/05/950G,Material,,,0,6,,,BRD001/101/YPL/950G/WW,BOARD1380X885/950/WKPSN/WPE,Tonne,0.5759,,,,,750,0,1104,,750,431.925,0,29.67,22.25,17.8,0,69.71,89.96,449.51,609.17
BOX001/101/YPL/G0101/05/950G,BOX001/103/YPL/G0101/05/950G,Material,,,0,7,,,PLASTOMELT9799,PLASTOMELT9799,Tonne,0.003,,,,,2750,0,2518.65105,,2750,8.25,0,29.67,22.25,17.8,0,69.71,89.96,449.51,609.17
BOX001/101/YPL/G0101/05/950G,BOX001/103/YPL/G0101/05/950G,Material,,,0,7.001,,,0-FACTORY/101/LAYERCARD,Factory Layercard 101 Testliner 150GSM 1100x930,1000,0.004,,,,,187,0,210,,187,0.748,0,29.67,22.25,17.8,0,69.71,89.96,449.51,609.17
BOX001/101/YPL/G0101/05/950G,BOX001/103/YPL/G0101/05/950G,Labour,Diecutter,,0,10,DIE CUTTING,DIE CUTTING,101 Die Cutter Operator,101 Die Cutter Operator,,,1,8,,8,,,,136.57,136.57,17.07125,0,29.67,22.25,17.8,0,69.71,89.96,449.51,609.17
BOX001/101/YPL/G0101/05/950G,BOX001/103/YPL/G0101/05/950G,Machine,Diecutter,Die Cut,0,10,DIE CUTTING,DIE CUTTING,101 Die Cutter #1,101 Die Cutter #1,,,1,8,,8,,,,177.99,177.99,22.24875,0,29.67,22.25,17.8,0,69.71,89.96,449.51,609.17
BOX001/101/YPL/G0101/05/950G,BOX001/103/YPL/G0101/05/950G,Labour,Folder Gluer,,0,20,FOLDER GLUER,FOLDER GLUER,101 Folder Gluer Operator,101 Folder Gluer Operator,,,1,10,,10,,,,135.43,135.43,13.543,0,29.67,22.25,17.8,0,69.71,89.96,449.51,609.17
BOX001/101/YPL/G0101/05/950G,BOX001/103/YPL/G0101/05/950G,Machine,Folder Gluer,Fold Glue,0,20,FOLDER GLUER,FOLDER GLUER,101 Folder Gluer Domino,101 Folder Gluer Domino,,,1,10,,10,,,,177.99,177.99,17.799,0,29.67,22.25,17.8,0,69.71,89.96,449.51,609.17
BOX001/101/YPL/G0101/05/950G,BOX001/103/YPL/G0101/05/950G,Labour,Printer,,0,30,PRINT,PRINT,101 Printer Operator,101 Printer Operator,,,1,6,,6,,,,356.05,356.05,59.34167,0,29.67,22.25,17.8,0,69.71,89.96,449.51,609.17
BOX001/101/YPL/G0101/05/950G,BOX001/103/YPL/G0101/05/950G,Machine,Printer,Print,0,30,PRINT,PRINT,101 KBA,101 KBA,,,1,6,,6,,,,177.99,177.99,29.665,0,29.67,22.25,17.8,0,69.71,89.96,449.51,609.17
BOX001/101/YPL/J0003/01/1000G,BOX001/101/YPL/J0003/01/1000G,Material,,,0,1,,,0-FACTORY/101/BANDING/01,Factory Banding 101,COIL,0.03,,,,,41.39,0,36.2,,41.39,1.2417,0,0,22.25,17.8,0,40.05,30.61,483.24,553.9
BOX001/101/YPL/J0003/01/1000G,BOX001/101/YPL/J0003/01/1000G,Material,,,0,2,,,0-FACTORY/101/LAYERCARD,Factory Layercard 101 Testliner 150GSM 1100x930,1000,0.004,,,,,187,0,210,,187,0.748,0,0,22.25,17.8,0,40.05,30.61,483.24,553.9
BOX001/101/YPL/J0003/01/1000G,BOX001/101/YPL/J0003/01/1000G,Material,,,0,3,,,0-FACTORY/101/STRETCHWRAP,STRETCHWRAP,Tonne,1e-05,,,,,2440,0,2440,,2440,0.0244,0,0,22.25,17.8,0,40.05,30.61,483.24,553.9
BOX001/101/YPL/J0003/01/1000G,BOX001/101/YPL/J0003/01/1000G,Material,,,0,4,,,0-PALLETS/101/Std1000x1200,Pallet 1000x1200 101,1000,0.001,,,,,4750,0,4750,,4750,4.75,0,0,22.25,17.8,0,40.05,30.61,483.24,553.9
BOX001/101/YPL/J0003/01/1000G,BOX001/101/YPL/J0003/01/1000G,Material,,,0,5,,,0-TOPSHEET/101/1500mmx50UMS,Topsheet 101,Tonne,1e-05,,,,,2347,0,1820,,2347,0.02347,0,0,22.25,17.8,0,40.05,30.61,483.24,553.9
BOX001/101/YPL/J0003/01/1000G,BOX001/101/YPL/J0003/01/1000G,Material,,,2,6,,,BRD001/YPL/J0003/01/1000G/WW,PRINTED BOARD -  PRINCE BISHOP 557mm x 376mm x 125mm 1000G,1000,0.5,,,,,,0,,,936.40587,468.20294,0,0,22.25,17.8,0,40.05,30.61,483.24,553.9
BOX001/101/YPL/J0003/01/1000G,BOX001/101/YPL/J0003/01/1000G,Rolled Child,,,2,6.001,,,BRD001/YPL/J0003/01/1000G/WW,Rolled Up Child Material,1000,0.5,,,,,,,,,936.40587,468.20294,1,0,22.25,17.8,0,40.05,30.61,483.24,553.9
BOX001/101/YPL/J0003/01/1000G,BOX001/101/YPL/J0003/01/1000G,Material,,,0,7,,,PLASTOMELT9799,PLASTOMELT9799,Tonne,0.003,,,,,2750,0,2518.65105,,2750,8.25,0,0,22.25,17.8,0,40.05,30.61,483.24,553.9
BOX001/101/YPL/J0003/01/1000G,BOX001/101/YPL/J0003/01/1000G,Labour,Diecutter,,0,20,DIE CUTTING,DIE CUTTING,101 DIE CUTTER OPERATOR,101 Die Cutter Operator,,,1,8,,8,,,,136.57,136.57,17.07125,0,0,22.25,17.8,0,40.05,30.61,483.24,553.9
BOX001/101/YPL/J0003/01/1000G,BOX001/101/YPL/J0003/01/1000G,Machine,Diecutter,Die Cut,0,20,DIE CUTTING,DIE CUTTING,101 DIE CUTTER #3,101 Die Cutter #3,,,1,8,,8,,,,177.99,177.99,22.24875,0,0,22.25,17.8,0,40.05,30.61,483.24,553.9
BOX001/101/YPL/J0003/01/1000G,BOX001/101/YPL/J0003/01/1000G,Labour,Folder Gluer,,0,30,FOLDER GLUER,FOLDER GLUER,101 FOLDER GLUER OPERATOR,101 Folder Gluer Operator,,,1,10,,10,,,,135.43,135.43,13.543,0,0,22.25,17.8,0,40.05,30.61,483.24,553.9
BOX001/101/YPL/J0003/01/1000G,BOX001/101/YPL/J0003/01/1000G,Machine,Folder Gluer,Fold Glue,0,30,FOLDER GLUER,FOLDER GLUER,101 FOLDER GLUER OMEGA,101 Folder Gluer Omega,,,1,10,,10,,,,177.99,177.99,17.799,0,0,22.25,17.8,0,40.05,30.61,483.24,553.9
BOX001/101/YPL/L0024/01/1000G,PRINTED LID - LAKE DISTRICT FARMERS PTD LID 590x39,Material,,,0,1,,,0-FACTORY/101/BANDING/01,Factory Banding 101,COIL,0.03,,,,,41.39,0,36.2,,41.39,1.2417,0,14.83,41.5,42.3,0,98.64,93.7,412.08,604.43
BOX001/101/YPL/L0024/01/1000G,PRINTED LID - LAKE DISTRICT FARMERS PTD LID 590x39,Material,,,0,2,,,0-FACTORY/101/LAYERCARD,Factory Layercard 101 Testliner 150GSM 1100x930,1000,0.005,,,,,187,0,210,,187,0.935,0,14.83,41.5,42.3,0,98.64,93.7,412.08,604.43
BOX001/101/YPL/L0024/01/1000G,PRINTED LID - LAKE DISTRICT FARMERS PTD LID 590x39,Material,,,0,3,,,0-FACTORY/101/STRETCHWRAP,STRETCHWRAP,Tonne,1e-05,,,,,2440,0,2440,,2440,0.0244,0,14.83,41.5,42.3,0,98.64,93.7,412.08,604.43
BOX001/101/YPL/L0024/01/1000G,PRINTED LID - LAKE DISTRICT FARMERS PTD LID 590x39,Material,,,0,4,,,0-PALLETS/101/Std1000x1200,Pallet 1000x1200 101,1000,0.001,,,,,4750,0,4750,,4750,4.75,0,14.83,41.5,42.3,0,98.64,93.7,412.08,604.43
BOX001/101/YPL/L0024/01/1000G,PRINTED LID - LAKE DISTRICT FARMERS PTD LID 590x39,Material,,,0,5,,,0-TOPSHEET/101/1500mmx50UMS,Topsheet 101,Tonne,1e-05,,,,,2347,0,1820,,2347,0.02347,0,14.83,41.5,42.3,0,98.64,93.7,412.08,604.43
BOX001/101/YPL/L0024/01/1000G,PRINTED LID - LAKE DISTRICT FARMERS PTD LID 590x39,Material,,,2,6,,,BRD001/YPL/L0024/01/1000G/WW,PRINTED BOARD FOR LID - LAKE DISTRICT FARMERS EURO LID,1000 Sheet,0.5,,,,,,0,,,763.719,381.8595,0,14.83,41.5,42.3,0,98.64,93.7,412.08,604.43
BOX001/101/YPL/L0024/01/1000G,PRINTED LID - LAKE DISTRICT FARMERS PTD LID 590x39,Rolled Child,,,2,6.001,,,BRD001/YPL/L0024/01/1000G/WW,Rolled Up Child Material,1000 Sheet,0.5,,,,,,,,,763.719,381.8595,1,14.83,41.5,42.3,0,98.64,93.7,412.08,604.43
BOX001/101/YPL/L0024/01/1000G,PRINTED LID - LAKE DISTRICT FARMERS PTD LID 590x39,Rolled Child,,,2,6.002,,,BRD001/YPL/L0024/01/1000G/WW,Rolled Up Child Labour,1000 Sheet,0.5,,,,,,,,,59.34167,29.67084,1,14.83,41.5,42.3,0,98.64,93.7,412.08,604.43
BOX001/101/YPL/L0024/01/1000G,PRINTED LID - LAKE DISTRICT FARMERS PTD LID 590x39,Rolled Child,Printer,Print,2,6.003,,,BRD001/YPL/L0024/01/1000G/WW,Rolled Up Child Print Machine,1000 Sheet,0.5,,,,,,,,,29.665,14.8325,1,14.83,41.5,42.3,0,98.64,93.7,412.08,604.43
BOX001/101/YPL/L0024/01/1000G,PRINTED LID - LAKE DISTRICT FARMERS PTD LID 590x39,Material,,,0,7,,,PLASTOMELT9799,PLASTOMELT9799,Tonne,0.003,,,,,2750,0,2518.65105,,2750,8.25,0,14.83,41.5,42.3,0,98.64,93.7,412.08,604.43
BOX001/101/YPL/L0024/01/1000G,PRINTED LID - LAKE DISTRICT FARMERS PTD LID 590x39,Material,,,0,8,,,PROCESS BLACK U,PRINTER INK 6000001 CMYK BLACK,KGs,1,,,,,15,0,4.25,,15,15,0,14.83,41.5,42.3,0,98.64,93.7,412.08,604.43
BOX001/101/YPL/L0024/01/1000G,PRINTED LID - LAKE DISTRICT FARMERS PTD LID 590x39,Labour,Diecutter,,0,20,DIE CUTTING,DIE CUTTING,101 DIE CUTTER OPERATOR,101 Die Cutter Operator,,,1,4,4.288533,4.288533,,,,136.57,136.57,31.84539,0,14.83,41.5,42.3,0,98.64,93.7,412.08,604.43
BOX001/101/YPL/L0024/01/1000G,PRINTED LID - LAKE DISTRICT FARMERS PTD LID 590x39,Machine,Diecutter,Die Cut,0,20,DIE CUTTING,DIE CUTTING,101 DIE CUTTER #3,101 Die Cutter #3,,,1,4,4.288533,4.288533,,,,177.99,177.99,41.5037,0,14.83,41.5,42.3,0,98.64,93.7,412.08,604.43
BOX001/101/YPL/L0024/01/1000G,PRINTED LID - LAKE DISTRICT FARMERS PTD LID 590x39,Labour,Folder Gluer,,0,30,FOLDER GLUER,FOLDER GLUER,101 FOLDER GLUER OPERATOR,101 Folder Gluer Operator,,,1,10,4.207563,4.207563,,,,135.43,135.43,32.18728,0,14.83,41.5,42.3,0,98.64,93.7,412.08,604.43
BOX001/101/YPL/L0024/01/1000G,PRINTED LID - LAKE DISTRICT FARMERS PTD LID 590x39,Machine,Folder Gluer,Fold Glue,0,30,FOLDER GLUER,FOLDER GLUER,101 FOLDER GLUER OMEGA,101 Folder Gluer Omega,,,1,10,4.207563,4.207563,,,,177.99,177.99,42.3024,0,14.83,41.5,42.3,0,98.64,93.7,412.08,604.43
BOX001/101/YPL/M0001/01/1000G,BOX001/103/YPL/M0001/01/950G,Material,,,0,1,,,0-FACTORY/101/BANDING/01,Factory Banding 101,COIL,0.03,,,,,41.39,0,36.2,,41.39,1.2417,0,8.9,40.05,0,0,48.95,65.49,484.52,598.95
BOX001/101/YPL/M0001/01/1000G,BOX001/103/YPL/M0001/01/950G,Material,,,0,2,,,0-FACTORY/101/LAYERCARD,Factory Layercard 101 Testliner 150GSM 1100x930,1000,0.004,,,,,187,0,210,,187,0.748,0,8.9,40.05,0,0,48.95,65.49,484.52,598.95
BOX001/101/YPL/M0001/01/1000G,BOX001/103/YPL/M0001/01/950G,Material,,,0,3,,,0-TOPSHEET/101/1500mmx50UMS,Topsheet 101,Tonne,0.001,,,,,2347,0,1820,,2347,2.347,0,8.9,40.05,0,0,48.95,65.49,484.52,598.95
BOX001/101/YPL/M0001/01/1000G,BOX001/103/YPL/M0001/01/950G,Material,,,0,4,,,0-PALLETS/101/Std1000x1200,Pallet 1000x1200 101,1000,0.001,,,,,4750,0,4750,,4750,4.75,0,8.9,40.05,0,0,48.95,65.49,484.52,598.95
BOX001/101/YPL/M0001/01/1000G,BOX001/103/YPL/M0001/01/950G,Material,,,2,5,,,BRD001/YPL/M0001/01/1000G/WW,PRINTED BRD - M & J Meats  590x390x150 1000G 1250P WW,1000,0.5,,,,,,0,,,934.3572,467.1786,0,8.9,40.05,0,0,48.95,65.49,484.52,598.95
BOX001/101/YPL/M0001/01/1000G,BOX001/103/YPL/M0001/01/950G,Rolled Child,,,2,5.001,,,BRD001/YPL/M0001/01/1000G/WW,Rolled Up Child Material,1000,0.5,,,,,,,,,934.3572,467.1786,1,8.9,40.05,0,0,48.95,65.49,484.52,598.95
BOX001/101/YPL/M0001/01/1000G,BOX001/103/YPL/M0001/01/950G,Rolled Child,,,2,5.002,,,BRD001/YPL/M0001/01/1000G/WW,Rolled Up Child Labour,1000,0.5,,,,,,,,,35.605,17.8025,1,8.9,40.05,0,0,48.95,65.49,484.52,598.95
BOX001/101/YPL/M0001/01/1000G,BOX001/103/YPL/M0001/01/950G,Rolled Child,Printer,Print,2,5.003,,,BRD001/YPL/M0001/01/1000G/WW,Rolled Up Child Print Machine,1000,0.5,,,,,,,,,17.799,8.8995,1,8.9,40.05,0,0,48.95,65.49,484.52,598.95
BOX001/101/YPL/M0001/01/1000G,BOX001/103/YPL/M0001/01/950G,Material,,,0,6,,,PLASTOMELT9799,PLASTOMELT9799,Tonne,0.003,,,,,2750,0,2518.65105,,2750,8.25,0,8.9,40.05,0,0,48.95,65.49,484.52,598.95
BOX001/101/YPL/M0001/01/1000G,BOX001/103/YPL/M0001/01/950G,Labour,Diecutter,,0,20,DIE CUTTING,DIE CUTTING,101 DIE CUTTER OPERATOR,101 Die Cutter Operator,,,1,8,,8,,,,136.57,136.57,17.07125,0,8.9,40.05,0,0,48.95,65.49,484.52,598.95
BOX001/101/YPL/M0001/01/1000G,BOX001/103/YPL/M0001/01/950G,Machine,Diecutter,Die Cut,0,20,DIE CUTTING,DIE CUTTING,101 DIE CUTTER #1,101 Die Cutter #1,,,1,8,,8,,,,177.99,177.99,22.24875,0,8.9,40.05,0,0,48.95,65.49,484.52,598.95
BOX001/101/YPL/M0001/01/1000G,BOX001/103/YPL/M0001/01/950G,Labour,Folder Gluer,,0,30,FOLDER GLUER,FOLDER GLUER,101 FOLDER GLUER OPERATOR,101 Folder Gluer Operator,,,1,10,4.423432,4.423432,,,,135.43,135.43,30.6165,0,8.9,40.05,0,0,48.95,65.49,484.52,598.95
BOX001/101/YPL/M0001/01/1000G,BOX001/103/YPL/M0001/01/950G,Machine,Diecutter,Die Cut,0,30,FOLDER GLUER,FOLDER GLUER,101 DIE CUTTER #1,101 Die Cutter #1,,,1,10,,10,,,,177.99,177.99,17.799,0,8.9,40.05,0,0,48.95,65.49,484.52,598.95
BOX001/101/YPL/M0115/02/1000G,PRINTED LID - MILLERS OF SPEYSIDE HALAL 590x390x150 1000G,Material,,,0,0,,,0-FACTORY/101/BANDING/01,Factory Banding 101,COIL,0.03,,,,,41.39,0,36.2,,41.39,1.2417,0,14.83,25.43,25.43,0,65.69,68.53,484.12,618.34
BOX001/101/YPL/M0115/02/1000G,PRINTED LID - MILLERS OF SPEYSIDE HALAL 590x390x150 1000G,Material,,,0,0,,,0-FACTORY/101/LAYERCARD,Factory Layercard 101 Testliner 150GSM 1100x930,1000,0.004,,,,,187,0,210,,187,0.748,0,14.83,25.43,25.43,0,65.69,68.53,484.12,618.34
BOX001/101/YPL/M0115/02/1000G,PRINTED LID - MILLERS OF SPEYSIDE HALAL 590x390x150 1000G,Material,,,0,0,,,0-PALLETS/101/Std1000x1200,Pallet 1000x1200 101,1000,0.001,,,,,4750,0,4750,,4750,4.75,0,14.83,25.43,25.43,0,65.69,68.53,484.12,618.34
BOX001/101/YPL/M0115/02/1000G,PRINTED LID - MILLERS OF SPEYSIDE HALAL 590x390x150 1000G,Material,,,0,0,,,0-TOPSHEET/101/1400mmx50UMS,Topsheet 101,Tonne,0.001,,,,,1945,0,,,1945,1.945,0,14.83,25.43,25.43,0,65.69,68.53,484.12,618.34
BOX001/101/YPL/M0115/02/1000G,PRINTED LID - MILLERS OF SPEYSIDE HALAL 590x390x150 1000G,Material,,,2,0,,,BRD001/YPL/M0115/02/1000G/WW,PRINTED BRD - MILLERS OF SPEYSIDE HALAL 1380x915 1000G,1000,0.5,,,,,,0,,,934.3718,467.1859,0,14.83,25.43,25.43,0,65.69,68.53,484.12,618.34
BOX001/101/YPL/M0115/02/1000G,PRINTED LID - MILLERS OF SPEYSIDE HALAL 590x390x150 1000G,Material,,,0,0,,,PLASTOMELT9799,PLASTOMELT9799,Tonne,0.003,,,,,2750,0,2518.65105,,2750,8.25,0,14.83,25.43,25.43,0,65.69,68.53,484.12,618.34
BOX001/101/YPL/M0115/02/1000G,PRINTED LID - MILLERS OF SPEYSIDE HALAL 590x390x150 1000G,Rolled Child,,,2,0.001,,,BRD001/YPL/M0115/02/1000G/WW,Rolled Up Child Material,1000,0.5,,,,,,,,,934.3718,467.1859,1,14.83,25.43,25.43,0,65.69,68.53,484.12,618.34
BOX001/101/YPL/M0115/02/1000G,PRINTED LID - MILLERS OF SPEYSIDE HALAL 590x390x150 1000G,Rolled Child,,,2,0.002,,,BRD001/YPL/M0115/02/1000G/WW,Rolled Up Child Labour,1000,0.5,,,,,,,,,59.34167,29.67084,1,14.83,25.43,25.43,0,65.69,68.53,484.12,618.34
BOX001/101/YPL/M0115/02/1000G,PRINTED LID - MILLERS OF SPEYSIDE HALAL 590x390x150 1000G,Rolled Child,Printer,Print,2,0.003,,,BRD001/YPL/M0115/02/1000G/WW,Rolled Up Child Print Machine,1000,0.5,,,,,,,,,29.665,14.8325,1,14.83,25.43,25.43,0,65.69,68.53,484.12,618.34
BOX001/101/YPL/M0115/02/1000G,PRINTED LID - MILLERS OF SPEYSIDE HALAL 590x390x150 1000G,Labour,Diecutter,,0,20,DIE CUTTING,Die Cutting,101 Die Cutter Operator,101 Die Cutter Operator,,,1,7,,7,,,,136.57,136.57,19.51,0,14.83,25.43,25.43,0,65.69,68.53,484.12,618.34
BOX001/101/YPL/M0115/02/1000G,PRINTED LID - MILLERS OF SPEYSIDE HALAL 590x390x150 1000G,Machine,Diecutter,Die Cut,0,20,DIE CUTTING,Die Cutting,101 Die Cutter #1,101 Die Cutter #1,,,1,7,,7,,,,177.99,177.99,25.42714,0,14.83,25.43,25.43,0,65.69,68.53,484.12,618.34
BOX001/101/YPL/M0115/02/1000G,PRINTED LID - MILLERS OF SPEYSIDE HALAL 590x390x150 1000G,Labour,Folder Gluer,,0,30,FOLDER GLUER,Folder Gluer,101 Folder Gluer Operator,101 Folder Gluer Operator,,,1,7,,7,,,,135.43,135.43,19.34714,0,14.83,25.43,25.43,0,65.69,68.53,484.12,618.34
BOX001/101/YPL/M0115/02/1000G,PRINTED LID - MILLERS OF SPEYSIDE HALAL 590x390x150 1000G,Machine,Folder Gluer,Fold Glue,0,30,FOLDER GLUER,Folder Gluer,101 Folder Gluer Domino,101 Folder Gluer Domino,,,1,7,,7,,,,177.99,177.99,25.42714,0,14.83,25.43,25.43,0,65.69,68.53,484.12,618.34
BOX001/101/YPL/M0170/01/1000G,PRINTED LID - MAJESTIC MEATS 590x390x150 1000GSM 1,Material,,,0,1,,,0-FACTORY/101/BANDING/01,Factory Banding 101,COIL,0.03,,,,,41.39,0,36.2,,41.39,1.2417,0,29.67,42.11,87.75,0,159.53,158.42,481.03,798.98
BOX001/101/YPL/M0170/01/1000G,PRINTED LID - MAJESTIC MEATS 590x390x150 1000GSM 1,Material,,,0,2,,,0-FACTORY/101/LAYERCARD,Factory Layercard 101 Testliner 150GSM 1100x930,1000,0.005,,,,,187,0,210,,187,0.935,0,29.67,42.11,87.75,0,159.53,158.42,481.03,798.98
BOX001/101/YPL/M0170/01/1000G,PRINTED LID - MAJESTIC MEATS 590x390x150 1000GSM 1,Material,,,0,3,,,0-FACTORY/101/STRETCHWRAP,STRETCHWRAP,Tonne,1e-05,,,,,2440,0,2440,,2440,0.0244,0,29.67,42.11,87.75,0,159.53,158.42,481.03,798.98
BOX001/101/YPL/M0170/01/1000G,PRINTED LID - MAJESTIC MEATS 590x390x150 1000GSM 1,Material,,,0,4,,,0-PALLETS/101/Std1000x1200,Pallet 1000x1200 101,1000,0.001,,,,,4750,0,4750,,4750,4.75,0,29.67,42.11,87.75,0,159.53,158.42,481.03,798.98
BOX001/101/YPL/M0170/01/1000G,PRINTED LID - MAJESTIC MEATS 590x390x150 1000GSM 1,Material,,,0,5,,,0-TOPSHEET/101/1500mmx50UMS,Topsheet 101,Tonne,1e-05,,,,,2347,0,1820,,2347,0.02347,0,29.67,42.11,87.75,0,159.53,158.42,481.03,798.98
BOX001/101/YPL/M0170/01/1000G,PRINTED LID - MAJESTIC MEATS 590x390x150 1000GSM 1,Material,,,2,6,,,BRD001/YPL/M0170/01/1000G/WW,PRINTED BOARD FOR LID - MAJESTIC MEATS 590x390x150 1000G,1000 Sheet,0.5,,,,,,0,,,931.605,465.8025,0,29.67,42.11,87.75,0,159.53,158.42,481.03,798.98
BOX001/101/YPL/M0170/01/1000G,PRINTED LID - MAJESTIC MEATS 590x390x150 1000GSM 1,Rolled Child,,,2,6.001,,,BRD001/YPL/M0170/01/1000G/WW,Rolled Up Child Material,1000 Sheet,0.5,,,,,,,,,931.605,465.8025,1,29.67,42.11,87.75,0,159.53,158.42,481.03,798.98
BOX001/101/YPL/M0170/01/1000G,PRINTED LID - MAJESTIC MEATS 590x390x150 1000GSM 1,Rolled Child,,,2,6.002,,,BRD001/YPL/M0170/01/1000G/WW,Rolled Up Child Labour,1000 Sheet,0.5,,,,,,,,,118.68334,59.34167,1,29.67,42.11,87.75,0,159.53,158.42,481.03,798.98
BOX001/101/YPL/M0170/01/1000G,PRINTED LID - MAJESTIC MEATS 590x390x150 1000GSM 1,Rolled Child,Printer,Print,2,6.003,,,BRD001/YPL/M0170/01/1000G/WW,Rolled Up Child Print Machine,1000 Sheet,0.5,,,,,,,,,59.33,29.665,1,29.67,42.11,87.75,0,159.53,158.42,481.03,798.98
BOX001/101/YPL/M0170/01/1000G,PRINTED LID - MAJESTIC MEATS 590x390x150 1000GSM 1,Material,,,0,7,,,PLASTOMELT9799,PLASTOMELT9799,Tonne,0.003,,,,,2750,0,2518.65105,,2750,8.25,0,29.67,42.11,87.75,0,159.53,158.42,481.03,798.98
BOX001/101/YPL/M0170/01/1000G,PRINTED LID - MAJESTIC MEATS 590x390x150 1000GSM 1,Labour,Diecutter,,0,10,DIE CUTTING,DIE CUTTING,101 Die Cutter Operator,101 Die Cutter Operator,,,1,4,4.226305,4.226305,,,,136.57,136.57,32.31428,0,29.67,42.11,87.75,0,159.53,158.42,481.03,798.98
BOX001/101/YPL/M0170/01/1000G,PRINTED LID - MAJESTIC MEATS 590x390x150 1000GSM 1,Machine,Diecutter,Die Cut,0,10,DIE CUTTING,DIE CUTTING,101 Die Cutter #1,101 Die Cutter #1,,,1,4,4.226305,4.226305,,,,177.99,177.99,42.1148,0,29.67,42.11,87.75,0,159.53,158.42,481.03,798.98
BOX001/101/YPL/M0170/01/1000G,PRINTED LID - MAJESTIC MEATS 590x390x150 1000GSM 1,Labour,Folder Gluer,,0,20,FOLDER GLUER,FOLDER GLUER,101 Folder Gluer Operator,101 Folder Gluer Operator,,,1,10,2.02842,2.02842,,,,135.43,135.43,66.76625,0,29.67,42.11,87.75,0,159.53,158.42,481.03,798.98
BOX001/101/YPL/M0170/01/1000G,PRINTED LID - MAJESTIC MEATS 590x390x150 1000GSM 1,Machine,Folder Gluer,Fold Glue,0,20,FOLDER GLUER,FOLDER GLUER,101 Folder Gluer Domino,101 Folder Gluer Domino,,,1,10,2.02842,2.02842,,,,177.99,177.99,87.7481,0,29.67,42.11,87.75,0,159.53,158.42,481.03,798.98
BOX001/101/YPL/P0167/01/1000G,PRINTED LID - PILGRIMS TILLYDOWN EURO LID 590x390x,Material,,,0,1,,,0-FACTORY/101/BANDING/01,Factory Banding 101,COIL,0.03,,,,,41.39,0,36.2,,41.39,1.2417,0,14.83,85.76,83.07,0,183.67,161.28,400.92,745.87
BOX001/101/YPL/P0167/01/1000G,PRINTED LID - PILGRIMS TILLYDOWN EURO LID 590x390x,Material,,,0,2,,,0-FACTORY/101/LAYERCARD,Factory Layercard 101 Testliner 150GSM 1100x930,1000,0.005,,,,,187,0,210,,187,0.935,0,14.83,85.76,83.07,0,183.67,161.28,400.92,745.87
BOX001/101/YPL/P0167/01/1000G,PRINTED LID - PILGRIMS TILLYDOWN EURO LID 590x390x,Material,,,0,3,,,0-FACTORY/101/STRETCHWRAP,STRETCHWRAP,Tonne,1e-05,,,,,2440,0,2440,,2440,0.0244,0,14.83,85.76,83.07,0,183.67,161.28,400.92,745.87
BOX001/101/YPL/P0167/01/1000G,PRINTED LID - PILGRIMS TILLYDOWN EURO LID 590x390x,Material,,,0,4,,,0-PALLETS/101/Std1000x1200,Pallet 1000x1200 101,1000,0.001,,,,,4750,0,4750,,4750,4.75,0,14.83,85.76,83.07,0,183.67,161.28,400.92,745.87
BOX001/101/YPL/P0167/01/1000G,PRINTED LID - PILGRIMS TILLYDOWN EURO LID 590x390x,Material,,,0,5,,,0-TOPSHEET/101/1500mmx50UMS,Topsheet 101,Tonne,1e-05,,,,,2347,0,1820,,2347,0.02347,0,14.83,85.76,83.07,0,183.67,161.28,400.92,745.87
BOX001/101/YPL/P0167/01/1000G,PRINTED LID - PILGRIMS TILLYDOWN EURO LID 590x390x,Material,,,2,6,,,BRD001/YPL/P0167/01/1000G/WW,PRINTED BRD - PILGRIMS TILLYDOWN EURO LID 590x390x150,1000 Sheet,0.5,,,,,,0,,,771.3945,385.69725,0,14.83,85.76,83.07,0,183.67,161.28,400.92,745.87
BOX001/101/YPL/P0167/01/1000G,PRINTED LID - PILGRIMS TILLYDOWN EURO LID 590x390x,Rolled Child,,,2,6.001,,,BRD001/YPL/P0167/01/1000G/WW,Rolled Up Child Material,1000 Sheet,0.5,,,,,,,,,771.3945,385.69725,1,14.83,85.76,83.07,0,183.67,161.28,400.92,745.87
BOX001/101/YPL/P0167/01/1000G,PRINTED LID - PILGRIMS TILLYDOWN EURO LID 590x390x,Rolled Child,,,2,6.002,,,BRD001/YPL/P0167/01/1000G/WW,Rolled Up Child Labour,1000 Sheet,0.5,,,,,,,,,59.34167,29.67084,1,14.83,85.76,83.07,0,183.67,161.28,400.92,745.87
BOX001/101/YPL/P0167/01/1000G,PRINTED LID - PILGRIMS TILLYDOWN EURO LID 590x390x,Rolled Child,Printer,Print,2,6.003,,,BRD001/YPL/P0167/01/1000G/WW,Rolled Up Child Print Machine,1000 Sheet,0.5,,,,,,,,,29.665,14.8325,1,14.83,85.76,83.07,0,183.67,161.28,400.92,745.87
BOX001/101/YPL/P0167/01/1000G,PRINTED LID - PILGRIMS TILLYDOWN EURO LID 590x390x,Material,,,0,7,,,PLASTOMELT9799,PLASTOMELT9799,Tonne,0.003,,,,,2750,0,2518.65105,,2750,8.25,0,14.83,85.76,83.07,0,183.67,161.28,400.92,745.87
BOX001/101/YPL/P0167/01/1000G,PRINTED LID - PILGRIMS TILLYDOWN EURO LID 590x390x,Labour,Diecutter,,0,20,DIE CUTTING,DIE CUTTING,101 DIE CUTTER OPERATOR,101 Die Cutter Operator,,,1,8,4.150697,4.150697,,,,136.57,136.57,32.90291,0,14.83,85.76,83.07,0,183.67,161.28,400.92,745.87
BOX001/101/YPL/P0167/01/1000G,PRINTED LID - PILGRIMS TILLYDOWN EURO LID 590x390x,Labour,Diecutter,,0,20,DIE CUTTING,DIE CUTTING,101 DIE CUTTER OPERATOR,101 Die Cutter Operator,,,1,8,4.150697,4.150697,,,,136.57,136.57,32.90291,0,14.83,85.76,83.07,0,183.67,161.28,400.92,745.87
BOX001/101/YPL/P0167/01/1000G,PRINTED LID - PILGRIMS TILLYDOWN EURO LID 590x390x,Machine,Diecutter,Die Cut,0,20,DIE CUTTING,DIE CUTTING,101 DIE CUTTER #3,101 Die Cutter #3,,,1,8,4.150697,4.150697,,,,177.99,177.99,42.88195,0,14.83,85.76,83.07,0,183.67,161.28,400.92,745.87
BOX001/101/YPL/P0167/01/1000G,PRINTED LID - PILGRIMS TILLYDOWN EURO LID 590x390x,Machine,Diecutter,Die Cut,0,20,DIE CUTTING,DIE CUTTING,101 DIE CUTTER #3,101 Die Cutter #3,,,1,8,4.150697,4.150697,,,,177.99,177.99,42.88195,0,14.83,85.76,83.07,0,183.67,161.28,400.92,745.87
BOX001/101/YPL/P0167/01/1000G,PRINTED LID - PILGRIMS TILLYDOWN EURO LID 590x390x,Labour,Diecutter,,0,30,FOLDER GLUER,FOLDER GLUER,101 DIE CUTTER OPERATOR,101 Die Cutter Operator,,,1,10,4.150697,4.150697,,,,136.57,136.57,32.90291,0,14.83,85.76,83.07,0,183.67,161.28,400.92,745.87
BOX001/101/YPL/P0167/01/1000G,PRINTED LID - PILGRIMS TILLYDOWN EURO LID 590x390x,Labour,Diecutter,,0,30,FOLDER GLUER,FOLDER GLUER,101 DIE CUTTER OPERATOR,101 Die Cutter Operator,,,1,10,4.150697,4.150697,,,,136.57,136.57,32.90291,0,14.83,85.76,83.07,0,183.67,161.28,400.92,745.87
BOX001/101/YPL/P0167/01/1000G,PRINTED LID - PILGRIMS TILLYDOWN EURO LID 590x390x,Machine,Folder Gluer,Fold Glue,0,30,FOLDER GLUER,FOLDER GLUER,101 FOLDER GLUER OMEGA,101 Folder Gluer Omega,,,1,10,4.285092,4.285092,,,,177.99,177.99,41.53703,0,14.83,85.76,83.07,0,183.67,161.28,400.92,745.87
BOX001/101/YPL/P0167/01/1000G,PRINTED LID - PILGRIMS TILLYDOWN EURO LID 590x390x,Machine,Folder Gluer,Fold Glue,0,30,FOLDER GLUER,FOLDER GLUER,101 FOLDER GLUER OMEGA,101 Folder Gluer Omega,,,1,10,4.285092,4.285092,,,,177.99,177.99,41.53703,0,14.83,85.76,83.07,0,183.67,161.28,400.92,745.87
BOX001/101/YPL/R0013/02/1000G,PRINTED LID -  R J TREVARTHEN 590x390x150 1000G 12,Material,,,0,1,,,0-FACTORY/101/BANDING/01,Factory Banding 101,COIL,0.03,,,,,41.39,0,36.2,,41.39,1.2417,0,14.83,42.24,53.22,0,110.3,102.58,480.77,693.64
BOX001/101/YPL/R0013/02/1000G,PRINTED LID -  R J TREVARTHEN 590x390x150 1000G 12,Material,,,0,2,,,0-FACTORY/101/LAYERCARD,Factory Layercard 101 Testliner 150GSM 1100x930,1000,0.004,,,,,187,0,210,,187,0.748,0,14.83,42.24,53.22,0,110.3,102.58,480.77,693.64
BOX001/101/YPL/R0013/02/1000G,PRINTED LID -  R J TREVARTHEN 590x390x150 1000G 12,Material,,,0,3,,,0-PALLETS/101/Std1000x1200,Pallet 1000x1200 101,1000,0.001,,,,,4750,0,4750,,4750,4.75,0,14.83,42.24,53.22,0,110.3,102.58,480.77,693.64
BOX001/101/YPL/R0013/02/1000G,PRINTED LID -  R J TREVARTHEN 590x390x150 1000G 12,Material,,,0,4,,,0-TOPSHEET/101/1400mmx50UMS,Topsheet 101,Tonne,0.001,,,,,1945,0,,,1945,1.945,0,14.83,42.24,53.22,0,110.3,102.58,480.77,693.64
BOX001/101/YPL/R0013/02/1000G,PRINTED LID -  R J TREVARTHEN 590x390x150 1000G 12,Material,,,2,5,,,BRD001/YPL/R0013/02/1000G/WW,PRINTED BOARD - R J TREVARTHEN 1380x885 1000G,1000 Sheet,0.5,,,,,,0,,,927.67,463.835,0,14.83,42.24,53.22,0,110.3,102.58,480.77,693.64
BOX001/101/YPL/R0013/02/1000G,PRINTED LID -  R J TREVARTHEN 590x390x150 1000G 12,Rolled Child,,,2,5.001,,,BRD001/YPL/R0013/02/1000G/WW,Rolled Up Child Material,1000 Sheet,0.5,,,,,,,,,927.67,463.835,1,14.83,42.24,53.22,0,110.3,102.58,480.77,693.64
BOX001/101/YPL/R0013/02/1000G,PRINTED LID -  R J TREVARTHEN 590x390x150 1000G 12,Rolled Child,,,2,5.002,,,BRD001/YPL/R0013/02/1000G/WW,Rolled Up Child Labour,1000 Sheet,0.5,,,,,,,,,59.34167,29.67084,1,14.83,42.24,53.22,0,110.3,102.58,480.77,693.64
BOX001/101/YPL/R0013/02/1000G,PRINTED LID -  R J TREVARTHEN 590x390x150 1000G 12,Rolled Child,Printer,Print,2,5.003,,,BRD001/YPL/R0013/02/1000G/WW,Rolled Up Child Print Machine,1000 Sheet,0.5,,,,,,,,,29.665,14.8325,1,14.83,42.24,53.22,0,110.3,102.58,480.77,693.64
BOX001/101/YPL/R0013/02/1000G,PRINTED LID -  R J TREVARTHEN 590x390x150 1000G 12,Material,,,0,6,,,PLASTOMELT9799,PLASTOMELT9799,Tonne,0.003,,,,,2750,0,2518.65105,,2750,8.25,0,14.83,42.24,53.22,0,110.3,102.58,480.77,693.64
BOX001/101/YPL/R0013/02/1000G,PRINTED LID -  R J TREVARTHEN 590x390x150 1000G 12,Labour,Diecutter,,0,20,DIE CUTTING,DIE CUTTING,101 DIE CUTTER OPERATOR,101 Die Cutter Operator,,,1,8,4.213902,4.213902,,,,136.57,136.57,32.40939,0,14.83,42.24,53.22,0,110.3,102.58,480.77,693.64
BOX001/101/YPL/R0013/02/1000G,PRINTED LID -  R J TREVARTHEN 590x390x150 1000G 12,Machine,Diecutter,Die Cut,0,20,DIE CUTTING,DIE CUTTING,101 DIE CUTTER #1,101 Die Cutter #1,,,1,8,4.213902,4.213902,,,,177.99,177.99,42.23876,0,14.83,42.24,53.22,0,110.3,102.58,480.77,693.64
BOX001/101/YPL/R0013/02/1000G,PRINTED LID -  R J TREVARTHEN 590x390x150 1000G 12,Labour,Folder Gluer,,0,30,FOLDER GLUER,FOLDER GLUER,101 FOLDER GLUER OPERATOR,101 Folder Gluer Operator,,,1,10,3.344137,3.344137,,,,135.43,135.43,40.49774,0,14.83,42.24,53.22,0,110.3,102.58,480.77,693.64
BOX001/101/YPL/R0013/02/1000G,PRINTED LID -  R J TREVARTHEN 590x390x150 1000G 12,Machine,Folder Gluer,Fold Glue,0,30,FOLDER GLUER,FOLDER GLUER,101 FOLDER GLUER OMEGA,101 Folder Gluer Omega,,,1,10,3.344137,3.344137,,,,177.99,177.99,53.22449,0,14.83,42.24,53.22,0,110.3,102.58,480.77,693.64
BOX001/101/YPL/R0026/01/950G,BOX001/101/YPL/R0026/01/950G,Material,,,0,1,,,0-FACTORY/101/BANDING/01,Factory Banding 101,COIL,0.03,,,,,41.39,0,36.2,,41.39,1.2417,0,17.41,34.58,38.5,0,90.49,90.66,555.2,736.34
BOX001/101/YPL/R0026/01/950G,BOX001/101/YPL/R0026/01/950G,Material,,,0,2,,,0-FACTORY/101/LAYERCARD,Factory Layercard 101 Testliner 150GSM 1100x930,1000,0.005,,,,,187,0,210,,187,0.935,0,17.41,34.58,38.5,0,90.49,90.66,555.2,736.34
BOX001/101/YPL/R0026/01/950G,BOX001/101/YPL/R0026/01/950G,Material,,,0,3,,,0-FACTORY/101/STRETCHWRAP,STRETCHWRAP,Tonne,1e-05,,,,,2440,0,2440,,2440,0.0244,0,17.41,34.58,38.5,0,90.49,90.66,555.2,736.34
BOX001/101/YPL/R0026/01/950G,BOX001/101/YPL/R0026/01/950G,Material,,,0,4,,,0-PALLETS/101/Std1000x1200,Pallet 1000x1200 101,1000,0.001,,,,,4750,0,4750,,4750,4.75,0,17.41,34.58,38.5,0,90.49,90.66,555.2,736.34
BOX001/101/YPL/R0026/01/950G,BOX001/101/YPL/R0026/01/950G,Material,,,0,5,,,0-TOPSHEET/101/1500mmx50UMS,Topsheet 101,Tonne,1e-05,,,,,2347,0,1820,,2347,0.02347,0,17.41,34.58,38.5,0,90.49,90.66,555.2,736.34
BOX001/101/YPL/R0026/01/950G,BOX001/101/YPL/R0026/01/950G,Material,,,2,6,,,BRD001/YPL/R0026/01/950G/WB,PRINTED BOARD - PEARSONS 585mm x 390mm x 150mm 950GSM,1000,0.587,,,,,,0,,,919.8875,539.97396,0,17.41,34.58,38.5,0,90.49,90.66,555.2,736.34
BOX001/101/YPL/R0026/01/950G,BOX001/101/YPL/R0026/01/950G,Rolled Child,,,2,6.001,,,BRD001/YPL/R0026/01/950G/WB,Rolled Up Child Material,1000,0.587,,,,,,,,,919.8875,539.97396,1,17.41,34.58,38.5,0,90.49,90.66,555.2,736.34
BOX001/101/YPL/R0026/01/950G,BOX001/101/YPL/R0026/01/950G,Rolled Child,,,2,6.002,,,BRD001/YPL/R0026/01/950G/WB,Rolled Up Child Labour,1000,0.587,,,,,,,,,59.34167,34.83356,1,17.41,34.58,38.5,0,90.49,90.66,555.2,736.34
BOX001/101/YPL/R0026/01/950G,BOX001/101/YPL/R0026/01/950G,Rolled Child,Printer,Print,2,6.003,,,BRD001/YPL/R0026/01/950G/WB,Rolled Up Child Print Machine,1000,0.587,,,,,,,,,29.665,17.41336,1,17.41,34.58,38.5,0,90.49,90.66,555.2,736.34
BOX001/101/YPL/R0026/01/950G,BOX001/101/YPL/R0026/01/950G,Material,,,0,7,,,PLASTOMELT9799,PLASTOMELT9799,Tonne,0.003,,,,,2750,0,2518.65105,,2750,8.25,0,17.41,34.58,38.5,0,90.49,90.66,555.2,736.34
BOX001/101/YPL/R0026/01/950G,BOX001/101/YPL/R0026/01/950G,Labour,Diecutter,,0,20,DIE CUTTING,DIE CUTTING,101 DIE CUTTER OPERATOR,101 Die Cutter Operator,,,1,8,5.1477,5.1477,,,,136.57,136.57,26.5303,0,17.41,34.58,38.5,0,90.49,90.66,555.2,736.34
BOX001/101/YPL/R0026/01/950G,BOX001/101/YPL/R0026/01/950G,Machine,Diecutter,Die Cut,0,20,DIE CUTTING,DIE CUTTING,101 DIE CUTTER #3,101 Die Cutter #3,,,1,8,5.1477,5.1477,,,,177.99,177.99,34.57661,0,17.41,34.58,38.5,0,90.49,90.66,555.2,736.34
BOX001/101/YPL/R0026/01/950G,BOX001/101/YPL/R0026/01/950G,Labour,Folder Gluer,,0,30,FOLDER GLUER,FOLDER GLUER,101 FOLDER GLUER OPERATOR,101 Folder Gluer Operator,,,1,10,4.623408,4.623408,,,,135.43,135.43,29.29225,0,17.41,34.58,38.5,0,90.49,90.66,555.2,736.34
BOX001/101/YPL/R0026/01/950G,BOX001/101/YPL/R0026/01/950G,Machine,Folder Gluer,Fold Glue,0,30,FOLDER GLUER,FOLDER GLUER,101 FOLDER GLUER OMEGA,101 Folder Gluer Omega,,,1,10,4.623408,4.623408,,,,177.99,177.99,38.49758,0,17.41,34.58,38.5,0,90.49,90.66,555.2,736.34
BOX001/101/YPL/R0038/01/1000G,BOX001/101/YPL/R0038/01/1000G,Material,,,0,1,,,0-FACTORY/101/BANDING/01,Factory Banding 101,COIL,0.03,,,,,41.39,0,36.2,,41.39,1.2417,0,14.83,38.72,53.17,0,106.72,99.84,473.03,679.59
BOX001/101/YPL/R0038/01/1000G,BOX001/101/YPL/R0038/01/1000G,Material,,,0,2,,,0-FACTORY/101/LAYERCARD,Factory Layercard 101 Testliner 150GSM 1100x930,1000,0.005,,,,,187,0,210,,187,0.935,0,14.83,38.72,53.17,0,106.72,99.84,473.03,679.59
BOX001/101/YPL/R0038/01/1000G,BOX001/101/YPL/R0038/01/1000G,Material,,,0,3,,,0-FACTORY/101/STRETCHWRAP,STRETCHWRAP,Tonne,1e-05,,,,,2440,0,2440,,2440,0.0244,0,14.83,38.72,53.17,0,106.72,99.84,473.03,679.59
BOX001/101/YPL/R0038/01/1000G,BOX001/101/YPL/R0038/01/1000G,Material,,,0,4,,,0-PALLETS/101/Std1000x1200,Pallet 1000x1200 101,1000,0.001,,,,,4750,0,4750,,4750,4.75,0,14.83,38.72,53.17,0,106.72,99.84,473.03,679.59
BOX001/101/YPL/R0038/01/1000G,BOX001/101/YPL/R0038/01/1000G,Material,,,0,5,,,0-TOPSHEET/101/1500mmx50UMS,Topsheet 101,Tonne,1e-05,,,,,2347,0,1820,,2347,0.02347,0,14.83,38.72,53.17,0,106.72,99.84,473.03,679.59
BOX001/101/YPL/R0038/01/1000G,BOX001/101/YPL/R0038/01/1000G,Material,,,2,6,,,BRD001/102/YPL/R0038/01/WW,PRINTED BOARD - RAVENDALE EURO LID 1380x885 1000G,1000 Sheet,0.5,,,,,,0,,,915.61515,457.80758,0,14.83,38.72,53.17,0,106.72,99.84,473.03,679.59
BOX001/101/YPL/R0038/01/1000G,BOX001/101/YPL/R0038/01/1000G,Rolled Child,,,2,6.001,,,BRD001/102/YPL/R0038/01/WW,Rolled Up Child Material,1000 Sheet,0.5,,,,,,,,,915.61515,457.80758,1,14.83,38.72,53.17,0,106.72,99.84,473.03,679.59
BOX001/101/YPL/R0038/01/1000G,BOX001/101/YPL/R0038/01/1000G,Rolled Child,,,2,6.002,,,BRD001/102/YPL/R0038/01/WW,Rolled Up Child Labour,1000 Sheet,0.5,,,,,,,,,59.34167,29.67084,1,14.83,38.72,53.17,0,106.72,99.84,473.03,679.59
BOX001/101/YPL/R0038/01/1000G,BOX001/101/YPL/R0038/01/1000G,Rolled Child,Printer,Print,2,6.003,,,BRD001/102/YPL/R0038/01/WW,Rolled Up Child Print Machine,1000 Sheet,0.5,,,,,,,,,29.665,14.8325,1,14.83,38.72,53.17,0,106.72,99.84,473.03,679.59
BOX001/101/YPL/R0038/01/1000G,BOX001/101/YPL/R0038/01/1000G,Material,,,0,7,,,PLASTOMELT9799,PLASTOMELT9799,Tonne,0.003,,,,,2750,0,2518.65105,,2750,8.25,0,14.83,38.72,53.17,0,106.72,99.84,473.03,679.59
BOX001/101/YPL/R0038/01/1000G,BOX001/101/YPL/R0038/01/1000G,Labour,Diecutter,,0,10,DIE CUTTING,DIE CUTTING,101 Die Cutter Operator,101 Die Cutter Operator,,,1,8,4.596442,4.596442,,,,136.57,136.57,29.71211,0,14.83,38.72,53.17,0,106.72,99.84,473.03,679.59
BOX001/101/YPL/R0038/01/1000G,BOX001/101/YPL/R0038/01/1000G,Machine,Diecutter,Die Cut,0,10,DIE CUTTING,DIE CUTTING,101 Die Cutter #1,101 Die Cutter #1,,,1,8,4.596442,4.596442,,,,177.99,177.99,38.72343,0,14.83,38.72,53.17,0,106.72,99.84,473.03,679.59
BOX001/101/YPL/R0038/01/1000G,BOX001/101/YPL/R0038/01/1000G,Labour,Folder Gluer,,0,20,FOLDER GLUER,FOLDER GLUER,101 Folder Gluer Operator,101 Folder Gluer Operator,,,1,10,3.347855,3.347855,,,,135.43,135.43,40.45277,0,14.83,38.72,53.17,0,106.72,99.84,473.03,679.59
BOX001/101/YPL/R0038/01/1000G,BOX001/101/YPL/R0038/01/1000G,Machine,Folder Gluer,Fold Glue,0,20,FOLDER GLUER,FOLDER GLUER,101 Folder Gluer Domino,101 Folder Gluer Domino,,,1,10,3.347855,3.347855,,,,177.99,177.99,53.16539,0,14.83,38.72,53.17,0,106.72,99.84,473.03,679.59
BOX001/101/YPL/S0275/01/1000G,BOX001/101/YPL/S0275/01/1000G,Material,,,0,1,,,0-FACTORY/101/BANDING/01,Factory Banding 101,COIL,0.03,,,,,41.39,0,36.2,,41.39,1.2417,0,14.83,41.33,40.49,0,96.65,92.19,480.67,669.51
BOX001/101/YPL/S0275/01/1000G,BOX001/101/YPL/S0275/01/1000G,Material,,,0,2,,,0-FACTORY/101/LAYERCARD,Factory Layercard 101 Testliner 150GSM 1100x930,1000,0.005,,,,,187,0,210,,187,0.935,0,14.83,41.33,40.49,0,96.65,92.19,480.67,669.51
BOX001/101/YPL/S0275/01/1000G,BOX001/101/YPL/S0275/01/1000G,Material,,,0,3,,,0-FACTORY/101/STRETCHWRAP,STRETCHWRAP,Tonne,1e-05,,,,,2440,0,2440,,2440,0.0244,0,14.83,41.33,40.49,0,96.65,92.19,480.67,669.51
BOX001/101/YPL/S0275/01/1000G,BOX001/101/YPL/S0275/01/1000G,Material,,,0,4,,,0-PALLETS/101/Std1000x1200,Pallet 1000x1200 101,1000,0.001,,,,,4750,0,4750,,4750,4.75,0,14.83,41.33,40.49,0,96.65,92.19,480.67,669.51
BOX001/101/YPL/S0275/01/1000G,BOX001/101/YPL/S0275/01/1000G,Material,,,0,5,,,0-TOPSHEET/101/1500mmx50UMS,Topsheet 101,Tonne,1e-05,,,,,2347,0,1820,,2347,0.02347,0,14.83,41.33,40.49,0,96.65,92.19,480.67,669.51
BOX001/101/YPL/S0275/01/1000G,BOX001/101/YPL/S0275/01/1000G,Material,,,2,6,,,BRD001/101/YPL/S0275/01/WW,PRINTED BOARD FOR LID - SPENBOROUGH HALAL 585x390x150 1000G,1000 Sheet,0.5,,,,,,0,,,930.8963,465.44815,0,14.83,41.33,40.49,0,96.65,92.19,480.67,669.51
BOX001/101/YPL/S0275/01/1000G,BOX001/101/YPL/S0275/01/1000G,Rolled Child,,,2,6.001,,,BRD001/101/YPL/S0275/01/WW,Rolled Up Child Material,1000 Sheet,0.5,,,,,,,,,930.8963,465.44815,1,14.83,41.33,40.49,0,96.65,92.19,480.67,669.51
BOX001/101/YPL/S0275/01/1000G,BOX001/101/YPL/S0275/01/1000G,Rolled Child,,,2,6.002,,,BRD001/101/YPL/S0275/01/WW,Rolled Up Child Labour,1000 Sheet,0.5,,,,,,,,,59.34167,29.67084,1,14.83,41.33,40.49,0,96.65,92.19,480.67,669.51
BOX001/101/YPL/S0275/01/1000G,BOX001/101/YPL/S0275/01/1000G,Rolled Child,Printer,Print,2,6.003,,,BRD001/101/YPL/S0275/01/WW,Rolled Up Child Print Machine,1000 Sheet,0.5,,,,,,,,,29.665,14.8325,1,14.83,41.33,40.49,0,96.65,92.19,480.67,669.51
BOX001/101/YPL/S0275/01/1000G,BOX001/101/YPL/S0275/01/1000G,Material,,,0,7,,,PLASTOMELT9799,PLASTOMELT9799,Tonne,0.003,,,,,2750,0,2518.65105,,2750,8.25,0,14.83,41.33,40.49,0,96.65,92.19,480.67,669.51
BOX001/101/YPL/S0275/01/1000G,BOX001/101/YPL/S0275/01/1000G,Labour,Diecutter,,0,20,DIE CUTTING,DIE CUTTING,101 DIE CUTTER OPERATOR,101 Die Cutter Operator,,,1,8,4.306767,4.306767,,,,136.57,136.57,31.71056,0,14.83,41.33,40.49,0,96.65,92.19,480.67,669.51
BOX001/101/YPL/S0275/01/1000G,BOX001/101/YPL/S0275/01/1000G,Machine,Diecutter,Die Cut,0,20,DIE CUTTING,DIE CUTTING,101 DIE CUTTER #3,101 Die Cutter #3,,,1,8,4.306767,4.306767,,,,177.99,177.99,41.32798,0,14.83,41.33,40.49,0,96.65,92.19,480.67,669.51
BOX001/101/YPL/S0275/01/1000G,BOX001/101/YPL/S0275/01/1000G,Labour,Folder Gluer,,0,30,FOLDER GLUER,FOLDER GLUER,101 FOLDER GLUER OPERATOR,101 Folder Gluer Operator,,,1,10,4.396052,4.396052,,,,135.43,135.43,30.80719,0,14.83,41.33,40.49,0,96.65,92.19,480.67,669.51
BOX001/101/YPL/S0275/01/1000G,BOX001/101/YPL/S0275/01/1000G,Machine,Folder Gluer,Fold Glue,0,30,FOLDER GLUER,FOLDER GLUER,101 FOLDER GLUER OMEGA,101 Folder Gluer Omega,,,1,10,4.396052,4.396052,,,,177.99,177.99,40.4886,0,14.83,41.33,40.49,0,96.65,92.19,480.67,669.51
BOX001/101/YPL/S0275/02/1000G,BOX001/101/YPL/S0275/02/1000G,Material,,,0,1,,,0-FACTORY/101/BANDING/01,Factory Banding 101,COIL,0.03,,,,,41.39,0,36.2,,41.39,1.2417,0,14.83,0,0,0,14.83,29.67,467.53,512.04
BOX001/101/YPL/S0275/02/1000G,BOX001/101/YPL/S0275/02/1000G,Material,,,0,2,,,0-FACTORY/101/LAYERCARD,Factory Layercard 101 Testliner 150GSM 1100x930,1000,0.005,,,,,187,0,210,,187,0.935,0,14.83,0,0,0,14.83,29.67,467.53,512.04
BOX001/101/YPL/S0275/02/1000G,BOX001/101/YPL/S0275/02/1000G,Material,,,0,3,,,0-FACTORY/101/STRETCHWRAP,STRETCHWRAP,Tonne,1e-05,,,,,2440,0,2440,,2440,0.0244,0,14.83,0,0,0,14.83,29.67,467.53,512.04
BOX001/101/YPL/S0275/02/1000G,BOX001/101/YPL/S0275/02/1000G,Material,,,0,4,,,0-PALLETS/101/Std1000x1200,Pallet 1000x1200 101,1000,0.001,,,,,4750,0,4750,,4750,4.75,0,14.83,0,0,0,14.83,29.67,467.53,512.04
BOX001/101/YPL/S0275/02/1000G,BOX001/101/YPL/S0275/02/1000G,Material,,,0,5,,,0-TOPSHEET/101/1500mmx50UMS,Topsheet 101,Tonne,1e-05,,,,,2347,0,1820,,2347,0.02347,0,14.83,0,0,0,14.83,29.67,467.53,512.04
BOX001/101/YPL/S0275/02/1000G,BOX001/101/YPL/S0275/02/1000G,Material,,,2,6,,,BRD001/101/YPL/S0275/02/WW,PRINTED BOARD FOR LID - SPENBOROUGH RED STRIPE 585x390x150,1000 Sheet,0.5,,,,,,0,,,854.62,427.31,0,14.83,0,0,0,14.83,29.67,467.53,512.04
BOX001/101/YPL/S0275/02/1000G,BOX001/101/YPL/S0275/02/1000G,Rolled Child,,,2,6.001,,,BRD001/101/YPL/S0275/02/WW,Rolled Up Child Material,1000 Sheet,0.5,,,,,,,,,854.62,427.31,1,14.83,0,0,0,14.83,29.67,467.53,512.04
BOX001/101/YPL/S0275/02/1000G,BOX001/101/YPL/S0275/02/1000G,Rolled Child,,,2,6.002,,,BRD001/101/YPL/S0275/02/WW,Rolled Up Child Labour,1000 Sheet,0.5,,,,,,,,,59.34167,29.67084,1,14.83,0,0,0,14.83,29.67,467.53,512.04
BOX001/101/YPL/S0275/02/1000G,BOX001/101/YPL/S0275/02/1000G,Rolled Child,Printer,Print,2,6.003,,,BRD001/101/YPL/S0275/02/WW,Rolled Up Child Print Machine,1000 Sheet,0.5,,,,,,,,,29.665,14.8325,1,14.83,0,0,0,14.83,29.67,467.53,512.04
BOX001/101/YPL/S0275/02/1000G,BOX001/101/YPL/S0275/02/1000G,Material,,,0,7,,,PLASTOMELT9799,PLASTOMELT9799,Tonne,0.003,,,,,2750,0,2518.65105,,2750,8.25,0,14.83,0,0,0,14.83,29.67,467.53,512.04
BOX001/101/YPL/S0275/02/1000G,BOX001/101/YPL/S0275/02/1000G,Material,,,0,8,,,PRINT/HPK201718-RED,PRINT/HPK201718-RED,1000 Sheet,0.5,,,,,,0,50,,50,25,0,14.83,0,0,0,14.83,29.67,467.53,512.04
BOX001/101/YPL/S0275/03/1000G,BOX001/101/YPL/S0275/03/1000G,Material,,,0,1,,,0-FACTORY/101/BANDING/01,Factory Banding 101,COIL,0.03,,,,,41.39,0,36.2,,41.39,1.2417,0,11.12,82.28,78.4,0,171.8,145.04,461.76,778.6
BOX001/101/YPL/S0275/03/1000G,BOX001/101/YPL/S0275/03/1000G,Material,,,0,2,,,0-FACTORY/101/LAYERCARD,Factory Layercard 101 Testliner 150GSM 1100x930,1000,0.005,,,,,187,0,210,,187,0.935,0,11.12,82.28,78.4,0,171.8,145.04,461.76,778.6
BOX001/101/YPL/S0275/03/1000G,BOX001/101/YPL/S0275/03/1000G,Material,,,0,3,,,0-FACTORY/101/STRETCHWRAP,STRETCHWRAP,Tonne,1e-05,,,,,2440,0,2440,,2440,0.0244,0,11.12,82.28,78.4,0,171.8,145.04,461.76,778.6
BOX001/101/YPL/S0275/03/1000G,BOX001/101/YPL/S0275/03/1000G,Material,,,0,4,,,0-PALLETS/101/Std1000x1200,Pallet 1000x1200 101,1000,0.001,,,,,4750,0,4750,,4750,4.75,0,11.12,82.28,78.4,0,171.8,145.04,461.76,778.6
BOX001/101/YPL/S0275/03/1000G,BOX001/101/YPL/S0275/03/1000G,Material,,,0,5,,,0-TOPSHEET/101/1500mmx50UMS,Topsheet 101,Tonne,1e-05,,,,,2347,0,1820,,2347,0.02347,0,11.12,82.28,78.4,0,171.8,145.04,461.76,778.6
BOX001/101/YPL/S0275/03/1000G,BOX001/101/YPL/S0275/03/1000G,Material,,,0,6,,,PLASTOMELT9799,PLASTOMELT9799,Tonne,0.003,,,,,2750,0,2518.65105,,2750,8.25,0,11.12,82.28,78.4,0,171.8,145.04,461.76,778.6
BOX001/101/YPL/S0275/03/1000G,BOX001/101/YPL/S0275/03/1000G,Material,,,2,7,,,BRD001/YPL/S0275/03/1000G/WW,PRINTED BOARD FOR LID - B&G WORSLEY 585x390x150 1000G,1000 Sheet,0.5,,,,,,0,,,893.0772,446.5386,0,11.12,82.28,78.4,0,171.8,145.04,461.76,778.6
BOX001/101/YPL/S0275/03/1000G,BOX001/101/YPL/S0275/03/1000G,Rolled Child,,,2,7.001,,,BRD001/YPL/S0275/03/1000G/WW,Rolled Up Child Material,1000 Sheet,0.5,,,,,,,,,893.0772,446.5386,1,11.12,82.28,78.4,0,171.8,145.04,461.76,778.6
BOX001/101/YPL/S0275/03/1000G,BOX001/101/YPL/S0275/03/1000G,Rolled Child,,,2,7.002,,,BRD001/YPL/S0275/03/1000G/WW,Rolled Up Child Labour,1000 Sheet,0.5,,,,,,,,,44.50625,22.25313,1,11.12,82.28,78.4,0,171.8,145.04,461.76,778.6
BOX001/101/YPL/S0275/03/1000G,BOX001/101/YPL/S0275/03/1000G,Rolled Child,Printer,Print,2,7.003,,,BRD001/YPL/S0275/03/1000G/WW,Rolled Up Child Print Machine,1000 Sheet,0.5,,,,,,,,,22.24875,11.12438,1,11.12,82.28,78.4,0,171.8,145.04,461.76,778.6
BOX001/101/YPL/S0275/03/1000G,BOX001/101/YPL/S0275/03/1000G,Labour,Diecutter,,0,20,DIE CUTTING,DIE CUTTING,101 DIE CUTTER OPERATOR,101 Die Cutter Operator,,,1,8,4.326341,4.326341,,,,136.57,136.57,31.56709,0,11.12,82.28,78.4,0,171.8,145.04,461.76,778.6
BOX001/101/YPL/S0275/03/1000G,BOX001/101/YPL/S0275/03/1000G,Labour,Diecutter,,0,20,DIE CUTTING,DIE CUTTING,101 DIE CUTTER OPERATOR,101 Die Cutter Operator,,,1,8,4.326341,4.326341,,,,136.57,136.57,31.56709,0,11.12,82.28,78.4,0,171.8,145.04,461.76,778.6
BOX001/101/YPL/S0275/03/1000G,BOX001/101/YPL/S0275/03/1000G,Machine,Diecutter,Die Cut,0,20,DIE CUTTING,DIE CUTTING,101 DIE CUTTER #1,101 Die Cutter #1,,,1,8,4.326341,4.326341,,,,177.99,177.99,41.141,0,11.12,82.28,78.4,0,171.8,145.04,461.76,778.6
BOX001/101/YPL/S0275/03/1000G,BOX001/101/YPL/S0275/03/1000G,Machine,Diecutter,Die Cut,0,20,DIE CUTTING,DIE CUTTING,101 DIE CUTTER #1,101 Die Cutter #1,,,1,8,4.326341,4.326341,,,,177.99,177.99,41.141,0,11.12,82.28,78.4,0,171.8,145.04,461.76,778.6
BOX001/101/YPL/S0275/03/1000G,BOX001/101/YPL/S0275/03/1000G,Labour,Folder Gluer,,0,30,FOLDER GLUER,FOLDER GLUER,101 FOLDER GLUER OPERATOR,101 Folder Gluer Operator,,,1,10,4.540811,4.540811,,,,135.43,135.43,29.82507,0,11.12,82.28,78.4,0,171.8,145.04,461.76,778.6
BOX001/101/YPL/S0275/03/1000G,BOX001/101/YPL/S0275/03/1000G,Labour,Folder Gluer,,0,30,FOLDER GLUER,FOLDER GLUER,101 FOLDER GLUER OPERATOR,101 Folder Gluer Operator,,,1,10,4.540811,4.540811,,,,135.43,135.43,29.82507,0,11.12,82.28,78.4,0,171.8,145.04,461.76,778.6
BOX001/101/YPL/S0275/03/1000G,BOX001/101/YPL/S0275/03/1000G,Machine,Folder Gluer,Fold Glue,0,30,FOLDER GLUER,FOLDER GLUER,101 FOLDER GLUER DOMINO,101 Folder Gluer Domino,,,1,10,4.540811,4.540811,,,,177.99,177.99,39.19784,0,11.12,82.28,78.4,0,171.8,145.04,461.76,778.6
BOX001/101/YPL/S0275/03/1000G,BOX001/101/YPL/S0275/03/1000G,Machine,Folder Gluer,Fold Glue,0,30,FOLDER GLUER,FOLDER GLUER,101 FOLDER GLUER DOMINO,101 Folder Gluer Domino,,,1,10,4.540811,4.540811,,,,177.99,177.99,39.19784,0,11.12,82.28,78.4,0,171.8,145.04,461.76,778.6
BOX001/101/YPL/S0275/04/1000G,BOX001/101/YPL/S0275/04/1000G,Material,,,0,1,,,0-FACTORY/101/BANDING/01,Factory Banding 101,COIL,0.03,,,,,41.39,0,36.2,,41.39,1.2417,0,14.83,40.79,41.48,0,97.1,92.53,480.67,670.3
BOX001/101/YPL/S0275/04/1000G,BOX001/101/YPL/S0275/04/1000G,Material,,,0,2,,,0-FACTORY/101/LAYERCARD,Factory Layercard 101 Testliner 150GSM 1100x930,1000,0.005,,,,,187,0,210,,187,0.935,0,14.83,40.79,41.48,0,97.1,92.53,480.67,670.3
BOX001/101/YPL/S0275/04/1000G,BOX001/101/YPL/S0275/04/1000G,Material,,,0,3,,,0-FACTORY/101/STRETCHWRAP,STRETCHWRAP,Tonne,1e-05,,,,,2440,0,2440,,2440,0.0244,0,14.83,40.79,41.48,0,97.1,92.53,480.67,670.3
BOX001/101/YPL/S0275/04/1000G,BOX001/101/YPL/S0275/04/1000G,Material,,,0,4,,,0-PALLETS/101/Std1000x1200,Pallet 1000x1200 101,1000,0.001,,,,,4750,0,4750,,4750,4.75,0,14.83,40.79,41.48,0,97.1,92.53,480.67,670.3
BOX001/101/YPL/S0275/04/1000G,BOX001/101/YPL/S0275/04/1000G,Material,,,0,5,,,0-TOPSHEET/101/1500mmx50UMS,Topsheet 101,Tonne,1e-05,,,,,2347,0,1820,,2347,0.02347,0,14.83,40.79,41.48,0,97.1,92.53,480.67,670.3
BOX001/101/YPL/S0275/04/1000G,BOX001/101/YPL/S0275/04/1000G,Material,,,2,6,,,BRD001/102/YPL/S0275/04/WW,PRINTED BOARD - GREEN WORSLEY LID 1380x885 1000G,1000 Sheet,0.5,,,,,,0,,,930.8963,465.44815,0,14.83,40.79,41.48,0,97.1,92.53,480.67,670.3
BOX001/101/YPL/S0275/04/1000G,BOX001/101/YPL/S0275/04/1000G,Rolled Child,,,2,6.001,,,BRD001/102/YPL/S0275/04/WW,Rolled Up Child Material,1000 Sheet,0.5,,,,,,,,,930.8963,465.44815,1,14.83,40.79,41.48,0,97.1,92.53,480.67,670.3
BOX001/101/YPL/S0275/04/1000G,BOX001/101/YPL/S0275/04/1000G,Rolled Child,,,2,6.002,,,BRD001/102/YPL/S0275/04/WW,Rolled Up Child Labour,1000 Sheet,0.5,,,,,,,,,59.34167,29.67084,1,14.83,40.79,41.48,0,97.1,92.53,480.67,670.3
BOX001/101/YPL/S0275/04/1000G,BOX001/101/YPL/S0275/04/1000G,Rolled Child,Printer,Print,2,6.003,,,BRD001/102/YPL/S0275/04/WW,Rolled Up Child Print Machine,1000 Sheet,0.5,,,,,,,,,29.665,14.8325,1,14.83,40.79,41.48,0,97.1,92.53,480.67,670.3
BOX001/101/YPL/S0275/04/1000G,BOX001/101/YPL/S0275/04/1000G,Material,,,0,7,,,PLASTOMELT9799,PLASTOMELT9799,Tonne,0.003,,,,,2750,0,2518.65105,,2750,8.25,0,14.83,40.79,41.48,0,97.1,92.53,480.67,670.3
BOX001/101/YPL/S0275/04/1000G,BOX001/101/YPL/S0275/04/1000G,Labour,Diecutter,,0,20,DIE CUTTING,DIE CUTTING,101 DIE CUTTER OPERATOR,101 Die Cutter Operator,,,1,8,4.363281,4.363281,,,,136.57,136.57,31.29984,0,14.83,40.79,41.48,0,97.1,92.53,480.67,670.3
BOX001/101/YPL/S0275/04/1000G,BOX001/101/YPL/S0275/04/1000G,Machine,Diecutter,Die Cut,0,20,DIE CUTTING,DIE CUTTING,101 DIE CUTTER #3,101 Die Cutter #3,,,1,8,4.363281,4.363281,,,,177.99,177.99,40.7927,0,14.83,40.79,41.48,0,97.1,92.53,480.67,670.3
BOX001/101/YPL/S0275/04/1000G,BOX001/101/YPL/S0275/04/1000G,Labour,Folder Gluer,,0,30,FOLDER GLUER,FOLDER GLUER,101 FOLDER GLUER OPERATOR,101 Folder Gluer Operator,,,1,10,4.291436,4.291436,,,,135.43,135.43,31.5582,0,14.83,40.79,41.48,0,97.1,92.53,480.67,670.3
BOX001/101/YPL/S0275/04/1000G,BOX001/101/YPL/S0275/04/1000G,Machine,Folder Gluer,Fold Glue,0,30,FOLDER GLUER,FOLDER GLUER,101 FOLDER GLUER OMEGA,101 Folder Gluer Omega,,,1,10,4.291436,4.291436,,,,177.99,177.99,41.47563,0,14.83,40.79,41.48,0,97.1,92.53,480.67,670.3
BOX001/101/YPL/T0030/01/1000G,BOX001/101/YPL/T0030/01/1000G,Material,,,0,1,,,0-FACTORY/101/BANDING/01,Factory Banding 101,COIL,0.03,,,,,41.39,0,36.2,,41.39,1.2417,0,14.83,40.71,41.19,0,96.73,92.24,443.49,632.46
BOX001/101/YPL/T0030/01/1000G,BOX001/101/YPL/T0030/01/1000G,Material,,,0,2,,,0-FACTORY/101/LAYERCARD,Factory Layercard 101 Testliner 150GSM 1100x930,1000,0.005,,,,,187,0,210,,187,0.935,0,14.83,40.71,41.19,0,96.73,92.24,443.49,632.46
BOX001/101/YPL/T0030/01/1000G,BOX001/101/YPL/T0030/01/1000G,Material,,,0,3,,,0-FACTORY/101/STRETCHWRAP,STRETCHWRAP,Tonne,1e-05,,,,,2440,0,2440,,2440,0.0244,0,14.83,40.71,41.19,0,96.73,92.24,443.49,632.46
BOX001/101/YPL/T0030/01/1000G,BOX001/101/YPL/T0030/01/1000G,Material,,,0,4,,,0-PALLETS/101/Std1000x1200,Pallet 1000x1200 101,1000,0.001,,,,,4750,0,4750,,4750,4.75,0,14.83,40.71,41.19,0,96.73,92.24,443.49,632.46
BOX001/101/YPL/T0030/01/1000G,BOX001/101/YPL/T0030/01/1000G,Material,,,0,5,,,0-TOPSHEET/101/1500mmx50UMS,Topsheet 101,Tonne,1e-05,,,,,2347,0,1820,,2347,0.02347,0,14.83,40.71,41.19,0,96.73,92.24,443.49,632.46
BOX001/101/YPL/T0030/01/1000G,BOX001/101/YPL/T0030/01/1000G,Material,,,2,6,,,BRD001/101/YPL/T0030/01/1000G,PRINTED BOARD - TASTE TRADITION BRD001/101/YPL/1000G/WW,1000 Sheet,0.5,,,,,,0,,,856.52985,428.26493,0,14.83,40.71,41.19,0,96.73,92.24,443.49,632.46
BOX001/101/YPL/T0030/01/1000G,BOX001/101/YPL/T0030/01/1000G,Rolled Child,,,2,6.001,,,BRD001/101/YPL/T0030/01/1000G,Rolled Up Child Material,1000 Sheet,0.5,,,,,,,,,856.52985,428.26493,1,14.83,40.71,41.19,0,96.73,92.24,443.49,632.46
BOX001/101/YPL/T0030/01/1000G,BOX001/101/YPL/T0030/01/1000G,Rolled Child,,,2,6.002,,,BRD001/101/YPL/T0030/01/1000G,Rolled Up Child Labour,1000 Sheet,0.5,,,,,,,,,59.34167,29.67084,1,14.83,40.71,41.19,0,96.73,92.24,443.49,632.46
BOX001/101/YPL/T0030/01/1000G,BOX001/101/YPL/T0030/01/1000G,Rolled Child,Printer,Print,2,6.003,,,BRD001/101/YPL/T0030/01/1000G,Rolled Up Child Print Machine,1000 Sheet,0.5,,,,,,,,,29.665,14.8325,1,14.83,40.71,41.19,0,96.73,92.24,443.49,632.46
BOX001/101/YPL/T0030/01/1000G,BOX001/101/YPL/T0030/01/1000G,Material,,,0,7,,,PLASTOMELT9799,PLASTOMELT9799,Tonne,0.003,,,,,2750,0,2518.65105,,2750,8.25,0,14.83,40.71,41.19,0,96.73,92.24,443.49,632.46
BOX001/101/YPL/T0030/01/1000G,BOX001/101/YPL/T0030/01/1000G,Labour,Diecutter,,0,10,DIE CUTTING,DIE CUTTING,101 Die Cutter Operator,101 Die Cutter Operator,,,1,8,4.372558,4.372558,,,,136.57,136.57,31.23343,0,14.83,40.71,41.19,0,96.73,92.24,443.49,632.46
BOX001/101/YPL/T0030/01/1000G,BOX001/101/YPL/T0030/01/1000G,Machine,Diecutter,Die Cut,0,10,DIE CUTTING,DIE CUTTING,101 Die Cutter #1,101 Die Cutter #1,,,1,8,4.372558,4.372558,,,,177.99,177.99,40.70615,0,14.83,40.71,41.19,0,96.73,92.24,443.49,632.46
BOX001/101/YPL/T0030/01/1000G,BOX001/101/YPL/T0030/01/1000G,Labour,Folder Gluer,,0,20,FOLDER GLUER,FOLDER GLUER,101 Folder Gluer Operator,101 Folder Gluer Operator,,,1,10,4.321438,4.321438,,,,135.43,135.43,31.33911,0,14.83,40.71,41.19,0,96.73,92.24,443.49,632.46
BOX001/101/YPL/T0030/01/1000G,BOX001/101/YPL/T0030/01/1000G,Machine,Folder Gluer,Fold Glue,0,20,FOLDER GLUER,FOLDER GLUER,101 Folder Gluer Domino,101 Folder Gluer Domino,,,1,10,4.321438,4.321438,,,,177.99,177.99,41.18768,0,14.83,40.71,41.19,0,96.73,92.24,443.49,632.46
BOX001/101/YPL/T0042/01/1000G,PRINTED LID -  THE ARDGAY GAME FACTORY LTD  585 x,Material,,,0,1,,,0-FACTORY/101/BANDING/01,Factory Banding 101,COIL,0.03,,,,,41.39,0,36.2,,41.39,1.2417,0,14.83,42.78,17.8,0,75.41,46.37,483.38,605.16
BOX001/101/YPL/T0042/01/1000G,PRINTED LID -  THE ARDGAY GAME FACTORY LTD  585 x,Material,,,0,2,,,0-FACTORY/101/LAYERCARD,Factory Layercard 101 Testliner 150GSM 1100x930,1000,0.004,,,,,187,0,210,,187,0.748,0,14.83,42.78,17.8,0,75.41,46.37,483.38,605.16
BOX001/101/YPL/T0042/01/1000G,PRINTED LID -  THE ARDGAY GAME FACTORY LTD  585 x,Material,,,0,3,,,0-FACTORY/101/STRETCHWRAP,STRETCHWRAP,Tonne,0.0001,,,,,2440,0,2440,,2440,0.244,0,14.83,42.78,17.8,0,75.41,46.37,483.38,605.16
BOX001/101/YPL/T0042/01/1000G,PRINTED LID -  THE ARDGAY GAME FACTORY LTD  585 x,Material,,,0,4,,,0-TOPSHEET/101/1500mmx50UMS,Topsheet 101,Tonne,0.001,,,,,2347,0,1820,,2347,2.347,0,14.83,42.78,17.8,0,75.41,46.37,483.38,605.16
BOX001/101/YPL/T0042/01/1000G,PRINTED LID -  THE ARDGAY GAME FACTORY LTD  585 x,Material,,,0,5,,,0-PALLETS/101/Std1000x1200,Pallet 1000x1200 101,1000,0.001,,,,,4750,0,4750,,4750,4.75,0,14.83,42.78,17.8,0,75.41,46.37,483.38,605.16
BOX001/101/YPL/T0042/01/1000G,PRINTED LID -  THE ARDGAY GAME FACTORY LTD  585 x,Material,,,2,6,,,BRD001/101/YPL/T0042/01/1000G,PRINTED BRD - ARDGAY GAME 585mm x 390mm x 150mm,Tonne,0.5,,,,,,0,,,931.6005,465.80025,0,14.83,42.78,17.8,0,75.41,46.37,483.38,605.16
BOX001/101/YPL/T0042/01/1000G,PRINTED LID -  THE ARDGAY GAME FACTORY LTD  585 x,Rolled Child,,,2,6.001,,,BRD001/101/YPL/T0042/01/1000G,Rolled Up Child Material,Tonne,0.5,,,,,,,,,931.6005,465.80025,1,14.83,42.78,17.8,0,75.41,46.37,483.38,605.16
BOX001/101/YPL/T0042/01/1000G,PRINTED LID -  THE ARDGAY GAME FACTORY LTD  585 x,Rolled Child,Printer,Print,2,6.003,,,BRD001/101/YPL/T0042/01/1000G,Rolled Up Child Print Machine,Tonne,0.5,,,,,,,,,29.665,14.8325,1,14.83,42.78,17.8,0,75.41,46.37,483.38,605.16
BOX001/101/YPL/T0042/01/1000G,PRINTED LID -  THE ARDGAY GAME FACTORY LTD  585 x,Material,,,0,7,,,PLASTOMELT9799,PLASTOMELT9799,Tonne,0.003,,,,,2750,0,2518.65105,,2750,8.25,0,14.83,42.78,17.8,0,75.41,46.37,483.38,605.16
BOX001/101/YPL/T0042/01/1000G,PRINTED LID -  THE ARDGAY GAME FACTORY LTD  585 x,Labour,Diecutter,,0,20,DIE CUTTING,DIE CUTTING,102 DIE CUTTER OPERATOR,102 Die Cutter Operator,,,1,8,4.160716,4.160716,,,,136.57,136.57,32.82368,0,14.83,42.78,17.8,0,75.41,46.37,483.38,605.16
BOX001/101/YPL/T0042/01/1000G,PRINTED LID -  THE ARDGAY GAME FACTORY LTD  585 x,Machine,Diecutter,Die Cut,0,20,DIE CUTTING,DIE CUTTING,102 DIE CUTTER #1,331 130E,,,1,8,4.160716,4.160716,,,,177.99,177.99,42.77869,0,14.83,42.78,17.8,0,75.41,46.37,483.38,605.16
BOX001/101/YPL/T0042/01/1000G,PRINTED LID -  THE ARDGAY GAME FACTORY LTD  585 x,Labour,Folder Gluer,,0,30,FOLDER GLUER,FOLDER GLUER,102 FOLDER GLUER OPERATOR,102 Folder Gluer Operator,,,1,10,,10,,,,135.43,135.43,13.543,0,14.83,42.78,17.8,0,75.41,46.37,483.38,605.16
BOX001/101/YPL/T0042/01/1000G,PRINTED LID -  THE ARDGAY GAME FACTORY LTD  585 x,Machine,Folder Gluer,Fold Glue,0,30,FOLDER GLUER,FOLDER GLUER,102 FOLDER GLUER #1,552 TRIM1,,,1,10,,10,,,,177.99,177.99,17.799,0,14.83,42.78,17.8,0,75.41,46.37,483.38,605.16
BOX001/101/YPL/W0075/01/950G,BOX001/103/YPL/W0075/01/950G,Material,,,0,1,,,0-FACTORY/101/BANDING/01,Factory Banding 101,COIL,0.03,,,,,41.39,0,36.2,,41.39,1.2417,0,14.83,48.87,66.36,0,130.06,117.66,501.63,749.34
BOX001/101/YPL/W0075/01/950G,BOX001/103/YPL/W0075/01/950G,Material,,,0,2,,,0-FACTORY/101/LAYERCARD,Factory Layercard 101 Testliner 150GSM 1100x930,1000,0.004,,,,,187,0,210,,187,0.748,0,14.83,48.87,66.36,0,130.06,117.66,501.63,749.34
BOX001/101/YPL/W0075/01/950G,BOX001/103/YPL/W0075/01/950G,Material,,,0,3,,,0-FACTORY/101/STRETCHWRAP,STRETCHWRAP,Tonne,0.0001,,,,,2440,0,2440,,2440,0.244,0,14.83,48.87,66.36,0,130.06,117.66,501.63,749.34
BOX001/101/YPL/W0075/01/950G,BOX001/103/YPL/W0075/01/950G,Material,,,0,4,,,0-PALLETS/101/Std1000x1200,Pallet 1000x1200 101,1000,0.001,,,,,4750,0,4750,,4750,4.75,0,14.83,48.87,66.36,0,130.06,117.66,501.63,749.34
BOX001/101/YPL/W0075/01/950G,BOX001/103/YPL/W0075/01/950G,Material,,,0,5,,,0-TOPSHEET/101/1500mmx50UMS,Topsheet 101,Tonne,0.001,,,,,2347,0,1820,,2347,2.347,0,14.83,48.87,66.36,0,130.06,117.66,501.63,749.34
BOX001/101/YPL/W0075/01/950G,BOX001/103/YPL/W0075/01/950G,Material,,,2,6,,,BRD001/YPL/W0075/01/950G/WW,PRINTED BOARD - Easy Meats Euro Lid 950G NW/WPENC,1000,0.5,,,,,,0,,,968.092,484.046,0,14.83,48.87,66.36,0,130.06,117.66,501.63,749.34
BOX001/101/YPL/W0075/01/950G,BOX001/103/YPL/W0075/01/950G,Rolled Child,,,2,6.001,,,BRD001/YPL/W0075/01/950G/WW,Rolled Up Child Material,1000,0.5,,,,,,,,,968.092,484.046,1,14.83,48.87,66.36,0,130.06,117.66,501.63,749.34
BOX001/101/YPL/W0075/01/950G,BOX001/103/YPL/W0075/01/950G,Rolled Child,,,2,6.002,,,BRD001/YPL/W0075/01/950G/WW,Rolled Up Child Labour,1000,0.5,,,,,,,,,59.34167,29.67084,1,14.83,48.87,66.36,0,130.06,117.66,501.63,749.34
BOX001/101/YPL/W0075/01/950G,BOX001/103/YPL/W0075/01/950G,Rolled Child,Printer,Print,2,6.003,,,BRD001/YPL/W0075/01/950G/WW,Rolled Up Child Print Machine,1000,0.5,,,,,,,,,29.665,14.8325,1,14.83,48.87,66.36,0,130.06,117.66,501.63,749.34
BOX001/101/YPL/W0075/01/950G,BOX001/103/YPL/W0075/01/950G,Material,,,0,7,,,PLASTOMELT9799,PLASTOMELT9799,Tonne,0.003,,,,,2750,0,2518.65105,,2750,8.25,0,14.83,48.87,66.36,0,130.06,117.66,501.63,749.34
BOX001/101/YPL/W0075/01/950G,BOX001/103/YPL/W0075/01/950G,Labour,Diecutter,,0,10,DIE CUTTING,DIE CUTTING,101 Die Cutter Operator,101 Die Cutter Operator,,,1,4,3.642459,3.642459,,,,136.57,136.57,37.4939,0,14.83,48.87,66.36,0,130.06,117.66,501.63,749.34
BOX001/101/YPL/W0075/01/950G,BOX001/103/YPL/W0075/01/950G,Machine,Diecutter,Die Cut,0,10,DIE CUTTING,DIE CUTTING,101 Die Cutter #1,101 Die Cutter #1,,,1,4,3.642459,3.642459,,,,177.99,177.99,48.86534,0,14.83,48.87,66.36,0,130.06,117.66,501.63,749.34
BOX001/101/YPL/W0075/01/950G,BOX001/103/YPL/W0075/01/950G,Labour,Folder Gluer,,0,20,FOLDER GLUER,FOLDER GLUER,101 Folder Gluer Operator,101 Folder Gluer Operator,,,1,10,2.682126,2.682126,,,,135.43,135.43,50.49353,0,14.83,48.87,66.36,0,130.06,117.66,501.63,749.34
BOX001/101/YPL/W0075/01/950G,BOX001/103/YPL/W0075/01/950G,Machine,Folder Gluer,Fold Glue,0,20,FOLDER GLUER,FOLDER GLUER,101 Folder Gluer Domino,101 Folder Gluer Domino,,,1,10,2.682126,2.682126,,,,177.99,177.99,66.36154,0,14.83,48.87,66.36,0,130.06,117.66,501.63,749.34
BOX001/101/YPL/W0075/02/950G,BOX001/103/YPL/W0075/02/950G,Material,,,0,1,,,0-FACTORY/101/BANDING/01,Factory Banding 101,COIL,0.03,,,,,41.39,0,36.2,,41.39,1.2417,0,14.83,41.85,71.32,0,128,116.05,501.66,745.7
BOX001/101/YPL/W0075/02/950G,BOX001/103/YPL/W0075/02/950G,Material,,,0,2,,,0-FACTORY/101/LAYERCARD,Factory Layercard 101 Testliner 150GSM 1100x930,1000,0.004,,,,,187,0,210,,187,0.748,0,14.83,41.85,71.32,0,128,116.05,501.66,745.7
BOX001/101/YPL/W0075/02/950G,BOX001/103/YPL/W0075/02/950G,Material,,,0,3,,,0-FACTORY/101/STRETCHWRAP,STRETCHWRAP,Tonne,0.0001,,,,,2440,0,2440,,2440,0.244,0,14.83,41.85,71.32,0,128,116.05,501.66,745.7
BOX001/101/YPL/W0075/02/950G,BOX001/103/YPL/W0075/02/950G,Material,,,0,4,,,0-PALLETS/101/Std1000x1200,Pallet 1000x1200 101,1000,0.001,,,,,4750,0,4750,,4750,4.75,0,14.83,41.85,71.32,0,128,116.05,501.66,745.7
BOX001/101/YPL/W0075/02/950G,BOX001/103/YPL/W0075/02/950G,Material,,,0,5,,,0-TOPSHEET/101/1500mmx50UMS,Topsheet 101,Tonne,0.001,,,,,2347,0,1820,,2347,2.347,0,14.83,41.85,71.32,0,128,116.05,501.66,745.7
BOX001/101/YPL/W0075/02/950G,BOX001/103/YPL/W0075/02/950G,Material,,,2,6,,,BRD001/YPL/W0075/02/950G/WW,PRINTED BRD -  Woodhead Beef Euro Lid 585 x 385 x 150 950GSM,1000,0.5,,,,,,0,,,968.149,484.0745,0,14.83,41.85,71.32,0,128,116.05,501.66,745.7
BOX001/101/YPL/W0075/02/950G,BOX001/103/YPL/W0075/02/950G,Rolled Child,,,2,6.001,,,BRD001/YPL/W0075/02/950G/WW,Rolled Up Child Material,1000,0.5,,,,,,,,,968.149,484.0745,1,14.83,41.85,71.32,0,128,116.05,501.66,745.7
BOX001/101/YPL/W0075/02/950G,BOX001/103/YPL/W0075/02/950G,Rolled Child,,,2,6.002,,,BRD001/YPL/W0075/02/950G/WW,Rolled Up Child Labour,1000,0.5,,,,,,,,,59.34167,29.67084,1,14.83,41.85,71.32,0,128,116.05,501.66,745.7
BOX001/101/YPL/W0075/02/950G,BOX001/103/YPL/W0075/02/950G,Rolled Child,Printer,Print,2,6.003,,,BRD001/YPL/W0075/02/950G/WW,Rolled Up Child Print Machine,1000,0.5,,,,,,,,,29.665,14.8325,1,14.83,41.85,71.32,0,128,116.05,501.66,745.7
BOX001/101/YPL/W0075/02/950G,BOX001/103/YPL/W0075/02/950G,Material,,,0,7,,,PLASTOMELT9799,PLASTOMELT9799,Tonne,0.003,,,,,2750,0,2518.65105,,2750,8.25,0,14.83,41.85,71.32,0,128,116.05,501.66,745.7
BOX001/101/YPL/W0075/02/950G,BOX001/103/YPL/W0075/02/950G,Labour,Diecutter,,0,10,DIE CUTTING,DIE CUTTING,101 Die Cutter Operator,101 Die Cutter Operator,,,1,4,4.253076,4.253076,,,,136.57,136.57,32.11088,0,14.83,41.85,71.32,0,128,116.05,501.66,745.7
BOX001/101/YPL/W0075/02/950G,BOX001/103/YPL/W0075/02/950G,Machine,Diecutter,Die Cut,0,10,DIE CUTTING,DIE CUTTING,101 Die Cutter #1,101 Die Cutter #1,,,1,4,4.253076,4.253076,,,,177.99,177.99,41.84971,0,14.83,41.85,71.32,0,128,116.05,501.66,745.7
BOX001/101/YPL/W0075/02/950G,BOX001/103/YPL/W0075/02/950G,Labour,Folder Gluer,,0,20,FOLDER GLUER,FOLDER GLUER,101 Folder Gluer Operator,101 Folder Gluer Operator,,,1,10,2.495752,2.495752,,,,135.43,135.43,54.26421,0,14.83,41.85,71.32,0,128,116.05,501.66,745.7
BOX001/101/YPL/W0075/02/950G,BOX001/103/YPL/W0075/02/950G,Machine,Folder Gluer,Fold Glue,0,20,FOLDER GLUER,FOLDER GLUER,101 Folder Gluer Domino,101 Folder Gluer Domino,,,1,10,2.495752,2.495752,,,,177.99,177.99,71.31718,0,14.83,41.85,71.32,0,128,116.05,501.66,745.7
BOX001/101/YPL/W0075/03/950G,BOX001/103/YPL/W0075/03/950G,Material,,,0,1,,,0-FACTORY/101/BANDING/01,Factory Banding 101,COIL,0.03,,,,,41.39,0,36.2,,41.39,1.2417,0,14.83,68.39,67.92,0,151.15,133.83,501.66,786.63
BOX001/101/YPL/W0075/03/950G,BOX001/103/YPL/W0075/03/950G,Material,,,0,2,,,0-FACTORY/101/LAYERCARD,Factory Layercard 101 Testliner 150GSM 1100x930,1000,0.004,,,,,187,0,210,,187,0.748,0,14.83,68.39,67.92,0,151.15,133.83,501.66,786.63
BOX001/101/YPL/W0075/03/950G,BOX001/103/YPL/W0075/03/950G,Material,,,0,3,,,0-FACTORY/101/STRETCHWRAP,STRETCHWRAP,Tonne,0.0001,,,,,2440,0,2440,,2440,0.244,0,14.83,68.39,67.92,0,151.15,133.83,501.66,786.63
BOX001/101/YPL/W0075/03/950G,BOX001/103/YPL/W0075/03/950G,Material,,,0,4,,,0-PALLETS/101/Std1000x1200,Pallet 1000x1200 101,1000,0.001,,,,,4750,0,4750,,4750,4.75,0,14.83,68.39,67.92,0,151.15,133.83,501.66,786.63
BOX001/101/YPL/W0075/03/950G,BOX001/103/YPL/W0075/03/950G,Material,,,0,5,,,0-TOPSHEET/101/1500mmx50UMS,Topsheet 101,Tonne,0.001,,,,,2347,0,1820,,2347,2.347,0,14.83,68.39,67.92,0,151.15,133.83,501.66,786.63
BOX001/101/YPL/W0075/03/950G,BOX001/103/YPL/W0075/03/950G,Material,,,2,6,,,BRD001/YPL/W0075/03/950G/WW,PRINTED BOARD - PORK Woodhead Euro Lid 950G NW/WPENC,1000,0.5,,,,,,0,,,968.149,484.0745,0,14.83,68.39,67.92,0,151.15,133.83,501.66,786.63
BOX001/101/YPL/W0075/03/950G,BOX001/103/YPL/W0075/03/950G,Rolled Child,,,2,6.001,,,BRD001/YPL/W0075/03/950G/WW,Rolled Up Child Material,1000,0.5,,,,,,,,,968.149,484.0745,1,14.83,68.39,67.92,0,151.15,133.83,501.66,786.63
BOX001/101/YPL/W0075/03/950G,BOX001/103/YPL/W0075/03/950G,Rolled Child,,,2,6.002,,,BRD001/YPL/W0075/03/950G/WW,Rolled Up Child Labour,1000,0.5,,,,,,,,,59.34167,29.67084,1,14.83,68.39,67.92,0,151.15,133.83,501.66,786.63
BOX001/101/YPL/W0075/03/950G,BOX001/103/YPL/W0075/03/950G,Rolled Child,Printer,Print,2,6.003,,,BRD001/YPL/W0075/03/950G/WW,Rolled Up Child Print Machine,1000,0.5,,,,,,,,,29.665,14.8325,1,14.83,68.39,67.92,0,151.15,133.83,501.66,786.63
BOX001/101/YPL/W0075/03/950G,BOX001/103/YPL/W0075/03/950G,Material,,,0,7,,,PLASTOMELT9799,PLASTOMELT9799,Tonne,0.003,,,,,2750,0,2518.65105,,2750,8.25,0,14.83,68.39,67.92,0,151.15,133.83,501.66,786.63
BOX001/101/YPL/W0075/03/950G,BOX001/103/YPL/W0075/03/950G,Labour,Diecutter,,0,20,DIE CUTTING,DIE CUTTING,101 DIE CUTTER OPERATOR,101 Die Cutter Operator,,,1,8,5.205113,5.205113,,,,136.57,136.57,26.23766,0,14.83,68.39,67.92,0,151.15,133.83,501.66,786.63
BOX001/101/YPL/W0075/03/950G,BOX001/103/YPL/W0075/03/950G,Labour,Diecutter,,0,20,DIE CUTTING,DIE CUTTING,101 DIE CUTTER OPERATOR,101 Die Cutter Operator,,,1,8,5.205113,5.205113,,,,136.57,136.57,26.23766,0,14.83,68.39,67.92,0,151.15,133.83,501.66,786.63
BOX001/101/YPL/W0075/03/950G,BOX001/103/YPL/W0075/03/950G,Machine,Diecutter,Die Cut,0,20,DIE CUTTING,DIE CUTTING,101 DIE CUTTER #1,101 Die Cutter #1,,,1,8,5.205113,5.205113,,,,177.99,177.99,34.19522,0,14.83,68.39,67.92,0,151.15,133.83,501.66,786.63
BOX001/101/YPL/W0075/03/950G,BOX001/103/YPL/W0075/03/950G,Machine,Diecutter,Die Cut,0,20,DIE CUTTING,DIE CUTTING,101 DIE CUTTER #1,101 Die Cutter #1,,,1,8,5.205113,5.205113,,,,177.99,177.99,34.19522,0,14.83,68.39,67.92,0,151.15,133.83,501.66,786.63
BOX001/101/YPL/W0075/03/950G,BOX001/103/YPL/W0075/03/950G,Labour,Folder Gluer,,0,30,FOLDER GLUER,FOLDER GLUER,101 FOLDER GLUER OPERATOR,101 Folder Gluer Operator,,,1,10,5.2409,5.2409,,,,135.43,135.43,25.84098,0,14.83,68.39,67.92,0,151.15,133.83,501.66,786.63
BOX001/101/YPL/W0075/03/950G,BOX001/103/YPL/W0075/03/950G,Labour,Folder Gluer,,0,30,FOLDER GLUER,FOLDER GLUER,101 FOLDER GLUER OPERATOR,101 Folder Gluer Operator,,,1,10,5.2409,5.2409,,,,135.43,135.43,25.84098,0,14.83,68.39,67.92,0,151.15,133.83,501.66,786.63
BOX001/101/YPL/W0075/03/950G,BOX001/103/YPL/W0075/03/950G,Machine,Folder Gluer,Fold Glue,0,30,FOLDER GLUER,FOLDER GLUER,101 FOLDER GLUER OMEGA,101 Folder Gluer Omega,,,1,10,5.2409,5.2409,,,,177.99,177.99,33.96172,0,14.83,68.39,67.92,0,151.15,133.83,501.66,786.63
BOX001/101/YPL/W0075/03/950G,BOX001/103/YPL/W0075/03/950G,Machine,Folder Gluer,Fold Glue,0,30,FOLDER GLUER,FOLDER GLUER,101 FOLDER GLUER OMEGA,101 Folder Gluer Omega,,,1,10,5.2409,5.2409,,,,177.99,177.99,33.96172,0,14.83,68.39,67.92,0,151.15,133.83,501.66,786.63
BOX001/101/YPL/W0075/05/950G,PRINTED LID -  Prumples Town Pork Lid 585x385x150,Material,,,0,1,,,0-FACTORY/101/BANDING/01,Factory Banding 101,COIL,0.03,,,,,41.39,0,36.2,,41.39,1.2417,0,14.83,41.34,46.59,0,102.77,96.84,501.25,700.86
BOX001/101/YPL/W0075/05/950G,PRINTED LID -  Prumples Town Pork Lid 585x385x150,Material,,,0,2,,,0-FACTORY/101/LAYERCARD,Factory Layercard 101 Testliner 150GSM 1100x930,1000,0.004,,,,,187,0,210,,187,0.748,0,14.83,41.34,46.59,0,102.77,96.84,501.25,700.86
BOX001/101/YPL/W0075/05/950G,PRINTED LID -  Prumples Town Pork Lid 585x385x150,Material,,,0,3,,,0-FACTORY/101/STRETCHWRAP,STRETCHWRAP,Tonne,0.0001,,,,,2440,0,2440,,2440,0.244,0,14.83,41.34,46.59,0,102.77,96.84,501.25,700.86
BOX001/101/YPL/W0075/05/950G,PRINTED LID -  Prumples Town Pork Lid 585x385x150,Material,,,0,4,,,0-PALLETS/101/Std1000x1200,Pallet 1000x1200 101,1000,0.001,,,,,4750,0,4750,,4750,4.75,0,14.83,41.34,46.59,0,102.77,96.84,501.25,700.86
BOX001/101/YPL/W0075/05/950G,PRINTED LID -  Prumples Town Pork Lid 585x385x150,Material,,,0,5,,,0-TOPSHEET/101/1500mmx50UMS,Topsheet 101,Tonne,0.001,,,,,2347,0,1820,,2347,2.347,0,14.83,41.34,46.59,0,102.77,96.84,501.25,700.86
BOX001/101/YPL/W0075/05/950G,PRINTED LID -  Prumples Town Pork Lid 585x385x150,Material,,,2,6,,,BRD001/YPL/W0075/05/950G/WW,PRINTED BOARD -  Prumples Town Pork Lid 585x385x150 950G,1000,0.5,,,,,,0,1333,,967.341,483.6705,0,14.83,41.34,46.59,0,102.77,96.84,501.25,700.86
BOX001/101/YPL/W0075/05/950G,PRINTED LID -  Prumples Town Pork Lid 585x385x150,Rolled Child,,,2,6.001,,,BRD001/YPL/W0075/05/950G/WW,Rolled Up Child Material,1000,0.5,,,,,,,,,967.341,483.6705,1,14.83,41.34,46.59,0,102.77,96.84,501.25,700.86
BOX001/101/YPL/W0075/05/950G,PRINTED LID -  Prumples Town Pork Lid 585x385x150,Rolled Child,,,2,6.002,,,BRD001/YPL/W0075/05/950G/WW,Rolled Up Child Labour,1000,0.5,,,,,,,,,59.34167,29.67084,1,14.83,41.34,46.59,0,102.77,96.84,501.25,700.86
BOX001/101/YPL/W0075/05/950G,PRINTED LID -  Prumples Town Pork Lid 585x385x150,Rolled Child,Printer,Print,2,6.003,,,BRD001/YPL/W0075/05/950G/WW,Rolled Up Child Print Machine,1000,0.5,,,,,,,,,29.665,14.8325,1,14.83,41.34,46.59,0,102.77,96.84,501.25,700.86
BOX001/101/YPL/W0075/05/950G,PRINTED LID -  Prumples Town Pork Lid 585x385x150,Material,,,0,7,,,PLASTOMELT9799,PLASTOMELT9799,Tonne,0.003,,,,,2750,0,2518.65105,,2750,8.25,0,14.83,41.34,46.59,0,102.77,96.84,501.25,700.86
BOX001/101/YPL/W0075/05/950G,PRINTED LID -  Prumples Town Pork Lid 585x385x150,Labour,Diecutter,,0,10,DIE CUTTING,DIE CUTTING,101 Die Cutter Operator,101 Die Cutter Operator,,,1,4,4.305193,4.305193,,,,136.57,136.57,31.72216,0,14.83,41.34,46.59,0,102.77,96.84,501.25,700.86
BOX001/101/YPL/W0075/05/950G,PRINTED LID -  Prumples Town Pork Lid 585x385x150,Machine,Diecutter,Die Cut,0,10,DIE CUTTING,DIE CUTTING,101 Die Cutter #1,101 Die Cutter #1,,,1,4,4.305193,4.305193,,,,177.99,177.99,41.34309,0,14.83,41.34,46.59,0,102.77,96.84,501.25,700.86
BOX001/101/YPL/W0075/05/950G,PRINTED LID -  Prumples Town Pork Lid 585x385x150,Labour,Folder Gluer,,0,20,FOLDER GLUER,FOLDER GLUER,101 Folder Gluer Operator,101 Folder Gluer Operator,,,1,10,3.820338,3.820338,,,,135.43,135.43,35.44974,0,14.83,41.34,46.59,0,102.77,96.84,501.25,700.86
BOX001/101/YPL/W0075/05/950G,PRINTED LID -  Prumples Town Pork Lid 585x385x150,Machine,Folder Gluer,Fold Glue,0,20,FOLDER GLUER,FOLDER GLUER,101 Folder Gluer Domino,101 Folder Gluer Domino,,,1,10,3.820338,3.820338,,,,177.99,177.99,46.59012,0,14.83,41.34,46.59,0,102.77,96.84,501.25,700.86
BOX001/101/YPL/W0083/01/900G,PRINTED LID - PEAK DISTRICT SILVER 590x390x150 900GSM,Material,,,0,0,,,0-FACTORY/101/BANDING/01,Factory Banding 101,COIL,0.03,,,,,41.39,0,36.2,,41.39,1.2417,0,17.8,42.33,40.75,0,100.88,99.09,462.66,662.64
BOX001/101/YPL/W0083/01/900G,PRINTED LID - PEAK DISTRICT SILVER 590x390x150 900GSM,Material,,,0,0,,,0-FACTORY/101/LAYERCARD,Factory Layercard 101 Testliner 150GSM 1100x930,1000,0.004,,,,,187,0,210,,187,0.748,0,17.8,42.33,40.75,0,100.88,99.09,462.66,662.64
BOX001/101/YPL/W0083/01/900G,PRINTED LID - PEAK DISTRICT SILVER 590x390x150 900GSM,Material,,,0,0,,,0-FACTORY/101/STRETCHWRAP,STRETCHWRAP,Tonne,0.0001,,,,,2440,0,2440,,2440,0.244,0,17.8,42.33,40.75,0,100.88,99.09,462.66,662.64
BOX001/101/YPL/W0083/01/900G,PRINTED LID - PEAK DISTRICT SILVER 590x390x150 900GSM,Material,,,0,0,,,0-PALLETS/101/Std1000x1200,Pallet 1000x1200 101,1000,0.001,,,,,4750,0,4750,,4750,4.75,0,17.8,42.33,40.75,0,100.88,99.09,462.66,662.64
BOX001/101/YPL/W0083/01/900G,PRINTED LID - PEAK DISTRICT SILVER 590x390x150 900GSM,Material,,,0,0,,,0-TOPSHEET/101/1500mmx50UMS,Topsheet 101,Tonne,0.001,,,,,2347,0,1820,,2347,2.347,0,17.8,42.33,40.75,0,100.88,99.09,462.66,662.64
BOX001/101/YPL/W0083/01/900G,PRINTED LID - PEAK DISTRICT SILVER 590x390x150 900GSM,Material,,,2,0,,,BRD001/YPL/W0083/01/900G/WW,PRINTED BRD - PEAK DISTRICT SILVER 1380X915 900G MC/WK+WPE,1000,0.5,,,,,,0,,,890.16145,445.08073,0,17.8,42.33,40.75,0,100.88,99.09,462.66,662.64
BOX001/101/YPL/W0083/01/900G,PRINTED LID - PEAK DISTRICT SILVER 590x390x150 900GSM,Material,,,0,0,,,PLASTOMELT9799,PLASTOMELT9799,Tonne,0.003,,,,,2750,0,2518.65105,,2750,8.25,0,17.8,42.33,40.75,0,100.88,99.09,462.66,662.64
BOX001/101/YPL/W0083/01/900G,PRINTED LID - PEAK DISTRICT SILVER 590x390x150 900GSM,Rolled Child,,,2,0.001,,,BRD001/YPL/W0083/01/900G/WW,Rolled Up Child Material,1000,0.5,,,,,,,,,890.16145,445.08073,1,17.8,42.33,40.75,0,100.88,99.09,462.66,662.64
BOX001/101/YPL/W0083/01/900G,PRINTED LID - PEAK DISTRICT SILVER 590x390x150 900GSM,Rolled Child,,,2,0.002,,,BRD001/YPL/W0083/01/900G/WW,Rolled Up Child Labour,1000,0.5,,,,,,,,,71.21,35.605,1,17.8,42.33,40.75,0,100.88,99.09,462.66,662.64
BOX001/101/YPL/W0083/01/900G,PRINTED LID - PEAK DISTRICT SILVER 590x390x150 900GSM,Rolled Child,Printer,Print,2,0.003,,,BRD001/YPL/W0083/01/900G/WW,Rolled Up Child Print Machine,1000,0.5,,,,,,,,,35.598,17.799,1,17.8,42.33,40.75,0,100.88,99.09,462.66,662.64
BOX001/101/YPL/W0083/01/900G,PRINTED LID - PEAK DISTRICT SILVER 590x390x150 900GSM,Labour,Diecutter,,0,20,DIE CUTTING,Die Cutting,101 Die Cutter Operator,101 Die Cutter Operator,,,1,8,4.204426,4.204426,,,,136.57,136.57,32.48244,0,17.8,42.33,40.75,0,100.88,99.09,462.66,662.64
BOX001/101/YPL/W0083/01/900G,PRINTED LID - PEAK DISTRICT SILVER 590x390x150 900GSM,Machine,Diecutter,Die Cut,0,20,DIE CUTTING,Die Cutting,101 Die Cutter #2,101 Die Cutter #2,,,1,8,4.204426,4.204426,,,,177.99,177.99,42.33396,0,17.8,42.33,40.75,0,100.88,99.09,462.66,662.64
BOX001/101/YPL/W0083/01/900G,PRINTED LID - PEAK DISTRICT SILVER 590x390x150 900GSM,Labour,Folder Gluer,,0,30,FOLDER GLUER,Folder Gluer,101 Folder Gluer Operator,101 Folder Gluer Operator,,,1,10,4.367815,4.367815,,,,135.43,135.43,31.00635,0,17.8,42.33,40.75,0,100.88,99.09,462.66,662.64
BOX001/101/YPL/W0083/01/900G,PRINTED LID - PEAK DISTRICT SILVER 590x390x150 900GSM,Machine,Folder Gluer,Fold Glue,0,30,FOLDER GLUER,Folder Gluer,101 Folder Gluer Tanabe,101 Folder Gluer Tanabe,,,1,10,4.367815,4.367815,,,,177.99,177.99,40.75035,0,17.8,42.33,40.75,0,100.88,99.09,462.66,662.64
BOX001/101/YPL/W0083/02/900G,PRINTED LID - PEAK DISTRICT GOLD 590x390x150 900GSM,Material,,,0,0,,,0-FACTORY/101/BANDING/01,Factory Banding 101,COIL,0.03,,,,,41.39,0,36.2,,41.39,1.2417,0,11.12,22.25,55.37,0,88.75,81.46,462.66,632.86
BOX001/101/YPL/W0083/02/900G,PRINTED LID - PEAK DISTRICT GOLD 590x390x150 900GSM,Material,,,0,0,,,0-FACTORY/101/LAYERCARD,Factory Layercard 101 Testliner 150GSM 1100x930,1000,0.004,,,,,187,0,210,,187,0.748,0,11.12,22.25,55.37,0,88.75,81.46,462.66,632.86
BOX001/101/YPL/W0083/02/900G,PRINTED LID - PEAK DISTRICT GOLD 590x390x150 900GSM,Material,,,0,0,,,0-FACTORY/101/STRETCHWRAP,STRETCHWRAP,Tonne,0.0001,,,,,2440,0,2440,,2440,0.244,0,11.12,22.25,55.37,0,88.75,81.46,462.66,632.86
BOX001/101/YPL/W0083/02/900G,PRINTED LID - PEAK DISTRICT GOLD 590x390x150 900GSM,Material,,,0,0,,,0-PALLETS/101/Std1000x1200,Pallet 1000x1200 101,1000,0.001,,,,,4750,0,4750,,4750,4.75,0,11.12,22.25,55.37,0,88.75,81.46,462.66,632.86
BOX001/101/YPL/W0083/02/900G,PRINTED LID - PEAK DISTRICT GOLD 590x390x150 900GSM,Material,,,0,0,,,0-TOPSHEET/101/1500mmx50UMS,Topsheet 101,Tonne,0.001,,,,,2347,0,1820,,2347,2.347,0,11.12,22.25,55.37,0,88.75,81.46,462.66,632.86
BOX001/101/YPL/W0083/02/900G,PRINTED LID - PEAK DISTRICT GOLD 590x390x150 900GSM,Material,,,2,0,,,BRD001/YPL/W0083/02/900G/WW,PRINTED BRD - PEAK DISTRICT GOLD 1380X915 900G MC/WK+WPE,1000,0.5,,,,,,0,,,890.16145,445.08073,0,11.12,22.25,55.37,0,88.75,81.46,462.66,632.86
BOX001/101/YPL/W0083/02/900G,PRINTED LID - PEAK DISTRICT GOLD 590x390x150 900GSM,Material,,,0,0,,,PLASTOMELT9799,PLASTOMELT9799,Tonne,0.003,,,,,2750,0,2518.65105,,2750,8.25,0,11.12,22.25,55.37,0,88.75,81.46,462.66,632.86
BOX001/101/YPL/W0083/02/900G,PRINTED LID - PEAK DISTRICT GOLD 590x390x150 900GSM,Rolled Child,,,2,0.001,,,BRD001/YPL/W0083/02/900G/WW,Rolled Up Child Material,1000,0.5,,,,,,,,,890.16145,445.08073,1,11.12,22.25,55.37,0,88.75,81.46,462.66,632.86
BOX001/101/YPL/W0083/02/900G,PRINTED LID - PEAK DISTRICT GOLD 590x390x150 900GSM,Rolled Child,,,2,0.002,,,BRD001/YPL/W0083/02/900G/WW,Rolled Up Child Labour,1000,0.5,,,,,,,,,44.50625,22.25313,1,11.12,22.25,55.37,0,88.75,81.46,462.66,632.86
BOX001/101/YPL/W0083/02/900G,PRINTED LID - PEAK DISTRICT GOLD 590x390x150 900GSM,Rolled Child,Printer,Print,2,0.003,,,BRD001/YPL/W0083/02/900G/WW,Rolled Up Child Print Machine,1000,0.5,,,,,,,,,22.24875,11.12438,1,11.12,22.25,55.37,0,88.75,81.46,462.66,632.86
BOX001/101/YPL/W0083/02/900G,PRINTED LID - PEAK DISTRICT GOLD 590x390x150 900GSM,Labour,Diecutter,,0,20,DIE CUTTING,Die Cutting,101 Die Cutter Operator,101 Die Cutter Operator,,,1,8,,8,,,,136.57,136.57,17.07125,0,11.12,22.25,55.37,0,88.75,81.46,462.66,632.86
BOX001/101/YPL/W0083/02/900G,PRINTED LID - PEAK DISTRICT GOLD 590x390x150 900GSM,Machine,Diecutter,Die Cut,0,20,DIE CUTTING,Die Cutting,101 Die Cutter #2,101 Die Cutter #2,,,1,8,,8,,,,177.99,177.99,22.24875,0,11.12,22.25,55.37,0,88.75,81.46,462.66,632.86
BOX001/101/YPL/W0083/02/900G,PRINTED LID - PEAK DISTRICT GOLD 590x390x150 900GSM,Labour,Folder Gluer,,0,30,FOLDER GLUER,Folder Gluer,101 Folder Gluer Operator,101 Folder Gluer Operator,,,1,10,3.214376,3.214376,,,,135.43,135.43,42.13259,0,11.12,22.25,55.37,0,88.75,81.46,462.66,632.86
BOX001/101/YPL/W0083/02/900G,PRINTED LID - PEAK DISTRICT GOLD 590x390x150 900GSM,Machine,Folder Gluer,Fold Glue,0,30,FOLDER GLUER,Folder Gluer,101 Folder Gluer Tanabe,101 Folder Gluer Tanabe,,,1,10,3.214376,3.214376,,,,177.99,177.99,55.37311,0,11.12,22.25,55.37,0,88.75,81.46,462.66,632.86
BOX001/101/YPL/Y0010/01/1000G,PRINTED LID - YORKSHIRE HALAL EURO LID 585x390x150,Material,,,0,1,,,0-FACTORY/101/BANDING/01,Factory Banding 101,COIL,9e-05,,,,,41.39,0,36.2,,41.39,0.00373,0,14.83,40.57,82.91,0,138.32,123.89,476.95,739.15
BOX001/101/YPL/Y0010/01/1000G,PRINTED LID - YORKSHIRE HALAL EURO LID 585x390x150,Material,,,0,2,,,0-FACTORY/101/STRETCHWRAP,STRETCHWRAP,Tonne,0.00185,,,,,2440,0,2440,,2440,4.514,0,14.83,40.57,82.91,0,138.32,123.89,476.95,739.15
BOX001/101/YPL/Y0010/01/1000G,PRINTED LID - YORKSHIRE HALAL EURO LID 585x390x150,Material,,,0,3,,,0-PALLETS/101/Std1000x1200,Pallet 1000x1200 101,1000,0.00093,,,,,4750,0,4750,,4750,4.4175,0,14.83,40.57,82.91,0,138.32,123.89,476.95,739.15
BOX001/101/YPL/Y0010/01/1000G,PRINTED LID - YORKSHIRE HALAL EURO LID 585x390x150,Material,,,0,4,,,0-TOPSHEET/101/1400mmx50UMS,Topsheet 101,Tonne,0.00014,,,,,1945,0,,,1945,0.2723,0,14.83,40.57,82.91,0,138.32,123.89,476.95,739.15
BOX001/101/YPL/Y0010/01/1000G,PRINTED LID - YORKSHIRE HALAL EURO LID 585x390x150,Material,,,2,5,,,BRD001/YPL/Y0010/01/1000G/WW,PRINTED BOARD - YORKSHIRE HALAL EURO LID 585x390x150,1000 Sheet,0.5,,,,,,0,,,925.1963,462.59815,0,14.83,40.57,82.91,0,138.32,123.89,476.95,739.15
BOX001/101/YPL/Y0010/01/1000G,PRINTED LID - YORKSHIRE HALAL EURO LID 585x390x150,Rolled Child,,,2,5.001,,,BRD001/YPL/Y0010/01/1000G/WW,Rolled Up Child Material,1000 Sheet,0.5,,,,,,,,,925.1963,462.59815,1,14.83,40.57,82.91,0,138.32,123.89,476.95,739.15
BOX001/101/YPL/Y0010/01/1000G,PRINTED LID - YORKSHIRE HALAL EURO LID 585x390x150,Rolled Child,,,2,5.002,,,BRD001/YPL/Y0010/01/1000G/WW,Rolled Up Child Labour,1000 Sheet,0.5,,,,,,,,,59.34167,29.67084,1,14.83,40.57,82.91,0,138.32,123.89,476.95,739.15
BOX001/101/YPL/Y0010/01/1000G,PRINTED LID - YORKSHIRE HALAL EURO LID 585x390x150,Rolled Child,Printer,Print,2,5.003,,,BRD001/YPL/Y0010/01/1000G/WW,Rolled Up Child Print Machine,1000 Sheet,0.5,,,,,,,,,29.665,14.8325,1,14.83,40.57,82.91,0,138.32,123.89,476.95,739.15
BOX001/101/YPL/Y0010/01/1000G,PRINTED LID - YORKSHIRE HALAL EURO LID 585x390x150,Material,,,0,6,,,PLASTOMELT9799,PLASTOMELT9799,Tonne,0.00187,,,,,2750,0,2518.65105,,2750,5.1425,0,14.83,40.57,82.91,0,138.32,123.89,476.95,739.15
BOX001/101/YPL/Y0010/01/1000G,PRINTED LID - YORKSHIRE HALAL EURO LID 585x390x150,Labour,Diecutter,,0,10,DIE CUTTING,DIE CUTTING,101 Die Cutter Operator,101 Die Cutter Operator,,,1,8,4.387231,4.387231,,,,136.57,136.57,31.12897,0,14.83,40.57,82.91,0,138.32,123.89,476.95,739.15
BOX001/101/YPL/Y0010/01/1000G,PRINTED LID - YORKSHIRE HALAL EURO LID 585x390x150,Machine,Diecutter,Die Cut,0,10,DIE CUTTING,DIE CUTTING,101 Die Cutter #1,101 Die Cutter #1,,,1,8,4.387231,4.387231,,,,177.99,177.99,40.57001,0,14.83,40.57,82.91,0,138.32,123.89,476.95,739.15
BOX001/101/YPL/Y0010/01/1000G,PRINTED LID - YORKSHIRE HALAL EURO LID 585x390x150,Labour,Folder Gluer,,0,20,FOLDER GLUER,FOLDER GLUER,101 Folder Gluer Operator,101 Folder Gluer Operator,,,1,10,2.146689,2.146689,,,,135.43,135.43,63.08785,0,14.83,40.57,82.91,0,138.32,123.89,476.95,739.15
BOX001/101/YPL/Y0010/01/1000G,PRINTED LID - YORKSHIRE HALAL EURO LID 585x390x150,Machine,Folder Gluer,Fold Glue,0,20,FOLDER GLUER,FOLDER GLUER,101 Folder Gluer Domino,101 Folder Gluer Domino,,,1,10,2.146689,2.146689,,,,177.99,177.99,82.91373,0,14.83,40.57,82.91,0,138.32,123.89,476.95,739.15
BOX001/102/DWB/1000G/510P(2),UNPRINTED BASE - DLS 1000GSM REVISED DS 10T 580x38,Material,,,0,1,,,0-FACTORY/102/BANDING,BLUE BANDING 102,COIL,0.00011,,,,,29.67,0,42.82,,29.67,0.00326,0,0,114.94,126.96,0,241.89,184.79,539.71,966.39
BOX001/102/DWB/1000G/510P(2),UNPRINTED BASE - DLS 1000GSM REVISED DS 10T 580x38,Material,,,2,2,,,0-FACTORY/102/EUROLAYERCARD,0-FACTORY/102/EUROLAYERCARD,1000,0.00268,,,,,685,0,685,,685,1.8358,0,0,114.94,126.96,0,241.89,184.79,539.71,966.39
BOX001/102/DWB/1000G/510P(2),UNPRINTED BASE - DLS 1000GSM REVISED DS 10T 580x38,Material,,,0,3,,,0-FACTORY/102/STRETCHWRAP,0-FACTORY/102/STRETCHWRAP,Tonne,0.00032,,,,,2440,0,2810,,2440,0.7808,0,0,114.94,126.96,0,241.89,184.79,539.71,966.39
BOX001/102/DWB/1000G/510P(2),UNPRINTED BASE - DLS 1000GSM REVISED DS 10T 580x38,Material,,,0,4,,,0-FACTORY/102/TOPSHEET,0-TOPSHEET/102/1400mmX1600mm/40MU,Tonne,0.00013,,,,,1820,0,1820,,1820,0.2366,0,0,114.94,126.96,0,241.89,184.79,539.71,966.39
BOX001/102/DWB/1000G/510P(2),UNPRINTED BASE - DLS 1000GSM REVISED DS 10T 580x38,Material,,,0,5,,,0-LARGE BINDER-1050x1250,BOARD 1250 x 1050/GRUNL / GRUNL /450GSM,1000,0.00089,,,,,685,0,685,,685,0.60965,0,0,114.94,126.96,0,241.89,184.79,539.71,966.39
BOX001/102/DWB/1000G/510P(2),UNPRINTED BASE - DLS 1000GSM REVISED DS 10T 580x38,Material,,,0,6,,,0-Pallets/102/Std1000x1200,0-Pallets/102/Std1000x1200,1000,0.00089,,,,,4950,0,5250,,4950,4.4055,0,0,114.94,126.96,0,241.89,184.79,539.71,966.39
BOX001/102/DWB/1000G/510P(2),UNPRINTED BASE - DLS 1000GSM REVISED DS 10T 580x38,Material,,,0,7,,,BRD001/102/DWB/1000G/BB,BOARD968X878/TKL/TKL,Tonne,0.8624,,,,,610,0,610,,610,526.064,0,0,114.94,126.96,0,241.89,184.79,539.71,966.39
BOX001/102/DWB/1000G/510P(2),UNPRINTED BASE - DLS 1000GSM REVISED DS 10T 580x38,Material,,,0,8,,,PLASTOMELT9799,PLASTOMELT9799,Tonne,0.0021,,,,,2750,0,2518.65105,,2750,5.775,0,0,114.94,126.96,0,241.89,184.79,539.71,966.39
BOX001/102/DWB/1000G/510P(2),UNPRINTED BASE - DLS 1000GSM REVISED DS 10T 580x38,Labour,Diecutter,,0,20,DIE CUTTING,DIE CUTTING,102 DIE CUTTER OPERATOR,102 Die Cutter Operator,,,1,4,3.097171,3.097171,,,,136.57,136.57,44.09508,0,0,114.94,126.96,0,241.89,184.79,539.71,966.39
BOX001/102/DWB/1000G/510P(2),UNPRINTED BASE - DLS 1000GSM REVISED DS 10T 580x38,Labour,Diecutter,,0,20,DIE CUTTING,DIE CUTTING,102 DIE CUTTER OPERATOR,102 Die Cutter Operator,,,1,4,3.097171,3.097171,,,,136.57,136.57,44.09508,0,0,114.94,126.96,0,241.89,184.79,539.71,966.39
BOX001/102/DWB/1000G/510P(2),UNPRINTED BASE - DLS 1000GSM REVISED DS 10T 580x38,Machine,Diecutter,Die Cut,0,20,DIE CUTTING,DIE CUTTING,102 DIE CUTTER #2,332 142E,,,1,4,3.097171,3.097171,,,,177.99,177.99,57.46857,0,0,114.94,126.96,0,241.89,184.79,539.71,966.39
BOX001/102/DWB/1000G/510P(2),UNPRINTED BASE - DLS 1000GSM REVISED DS 10T 580x38,Machine,Diecutter,Die Cut,0,20,DIE CUTTING,DIE CUTTING,102 DIE CUTTER #2,332 142E,,,1,4,3.097171,3.097171,,,,177.99,177.99,57.46857,0,0,114.94,126.96,0,241.89,184.79,539.71,966.39
BOX001/102/DWB/1000G/510P(2),UNPRINTED BASE - DLS 1000GSM REVISED DS 10T 580x38,Labour,Folder Gluer,,0,30,FOLDER GLUER,FOLDER GLUER,102 FOLDER GLUER OPERATOR,102 Folder Gluer Operator,,,1,6,2.803968,2.803968,,,,135.43,135.43,48.29941,0,0,114.94,126.96,0,241.89,184.79,539.71,966.39
BOX001/102/DWB/1000G/510P(2),UNPRINTED BASE - DLS 1000GSM REVISED DS 10T 580x38,Labour,Folder Gluer,,0,30,FOLDER GLUER,FOLDER GLUER,102 FOLDER GLUER OPERATOR,102 Folder Gluer Operator,,,1,6,2.803968,2.803968,,,,135.43,135.43,48.29941,0,0,114.94,126.96,0,241.89,184.79,539.71,966.39
BOX001/102/DWB/1000G/510P(2),UNPRINTED BASE - DLS 1000GSM REVISED DS 10T 580x38,Machine,Folder Gluer,Fold Glue,0,30,FOLDER GLUER,FOLDER GLUER,102 FOLDER GLUER #2,TANABE BOXR,,,1,6,2.803968,2.803968,,,,177.99,177.99,63.4779,0,0,114.94,126.96,0,241.89,184.79,539.71,966.39
BOX001/102/DWB/1000G/510P(2),UNPRINTED BASE - DLS 1000GSM REVISED DS 10T 580x38,Machine,Folder Gluer,Fold Glue,0,30,FOLDER GLUER,FOLDER GLUER,102 FOLDER GLUER #2,TANABE BOXR,,,1,6,2.803968,2.803968,,,,177.99,177.99,63.4779,0,0,114.94,126.96,0,241.89,184.79,539.71,966.39
BOX001/102/DWB/1000G/540P,UNPRINTED BASE -PREMIUM EXP BASE No H 576x380x159,Material,,,0,1,,,0-FACTORY/102/BANDING,BLUE BANDING 102,COIL,0.00011,,,,,29.67,0,42.82,,29.67,0.00326,0,0,56.54,65.11,0,121.65,92.92,572.46,787.03
BOX001/102/DWB/1000G/540P,UNPRINTED BASE -PREMIUM EXP BASE No H 576x380x159,Material,,,0,3,,,0-FACTORY/102/STRETCHWRAP,0-FACTORY/102/STRETCHWRAP,Tonne,0.00032,,,,,2440,0,2810,,2440,0.7808,0,0,56.54,65.11,0,121.65,92.92,572.46,787.03
BOX001/102/DWB/1000G/540P,UNPRINTED BASE -PREMIUM EXP BASE No H 576x380x159,Material,,,0,4,,,0-FACTORY/102/TOPSHEET,0-TOPSHEET/102/1400mmX1600mm/40MU,Tonne,0.00013,,,,,1820,0,1820,,1820,0.2366,0,0,56.54,65.11,0,121.65,92.92,572.46,787.03
BOX001/102/DWB/1000G/540P,UNPRINTED BASE -PREMIUM EXP BASE No H 576x380x159,Material,,,0,5,,,0-LARGE BINDER-1050x1250,BOARD 1250 x 1050/GRUNL / GRUNL /450GSM,1000,0.00089,,,,,685,0,685,,685,0.60965,0,0,56.54,65.11,0,121.65,92.92,572.46,787.03
BOX001/102/DWB/1000G/540P,UNPRINTED BASE -PREMIUM EXP BASE No H 576x380x159,Material,,,0,6,,,0-Pallets/102/Std1000x1200,0-Pallets/102/Std1000x1200,1000,0.00185,,,,,4950,0,5250,,4950,9.1575,0,0,56.54,65.11,0,121.65,92.92,572.46,787.03
BOX001/102/DWB/1000G/540P,UNPRINTED BASE -PREMIUM EXP BASE No H 576x380x159,Material,,,0,7,,,BRD001/103/NPB/1000G/BB(4),BOARD1006X909/BT/NW/BT/1000GSM,Tonne,0.9083,,,,,610,0,610,,610,554.063,0,0,56.54,65.11,0,121.65,92.92,572.46,787.03
BOX001/102/DWB/1000G/540P,UNPRINTED BASE -PREMIUM EXP BASE No H 576x380x159,Material,,,0,8,,,PLASTOMELT9799,PLASTOMELT9799,Tonne,0.0021,,,,,2750,0,2518.65105,,2750,5.775,0,0,56.54,65.11,0,121.65,92.92,572.46,787.03
BOX001/102/DWB/1000G/540P,UNPRINTED BASE -PREMIUM EXP BASE No H 576x380x159,Material,,,2,8.001,,,0-FACTORY/102/EUROLAYERCARD,0-FACTORY/102/EUROLAYERCARD,1000,0.00268,,,,,685,0,685,,685,1.8358,0,0,56.54,65.11,0,121.65,92.92,572.46,787.03
BOX001/102/DWB/1000G/540P,UNPRINTED BASE -PREMIUM EXP BASE No H 576x380x159,Labour,Diecutter,,0,20,DIE CUTTING,DIE CUTTING,101 Die Cutter Operator,101 Die Cutter Operator,,,1,4,3.147887,3.147887,,,,136.57,136.57,43.38466,0,0,56.54,65.11,0,121.65,92.92,572.46,787.03
BOX001/102/DWB/1000G/540P,UNPRINTED BASE -PREMIUM EXP BASE No H 576x380x159,Machine,Diecutter,Die Cut,0,20,DIE CUTTING,DIE CUTTING,101 Die Cutter #1,101 Die Cutter #1,,,1,4,3.147887,3.147887,,,,177.99,177.99,56.54269,0,0,56.54,65.11,0,121.65,92.92,572.46,787.03
BOX001/102/DWB/1000G/540P,UNPRINTED BASE -PREMIUM EXP BASE No H 576x380x159,Labour,Folder Gluer,,0,30,FOLDER GLUER,FOLDER GLUER,101 Folder Gluer Operator,101 Folder Gluer Operator,,,1,10,2.733862,2.733862,,,,135.43,135.43,49.53798,0,0,56.54,65.11,0,121.65,92.92,572.46,787.03
BOX001/102/DWB/1000G/540P,UNPRINTED BASE -PREMIUM EXP BASE No H 576x380x159,Machine,Folder Gluer,Fold Glue,0,30,FOLDER GLUER,FOLDER GLUER,101 Folder Gluer Domino,101 Folder Gluer Domino,,,1,10,2.733862,2.733862,,,,177.99,177.99,65.1057,0,0,56.54,65.11,0,121.65,92.92,572.46,787.03
BOX001/102/DWB/1000G/600P,BOX001/103/DWB/1000G/600P,Material,,,0,1,,,0-FACTORY/102/BANDING,BLUE BANDING 102,COIL,0.03,,,,,29.67,0,42.82,,29.67,0.8901,0,0,44.5,29.67,0,74.16,56.71,543.01,673.89
BOX001/102/DWB/1000G/600P,BOX001/103/DWB/1000G/600P,Material,,,0,2,,,0-FACTORY/102/STDLAYERCARD,0-FACTORY/102/STDLAYERCARD,1000,0.004,,,,,198,0,,,198,0.792,0,0,44.5,29.67,0,74.16,56.71,543.01,673.89
BOX001/102/DWB/1000G/600P,BOX001/103/DWB/1000G/600P,Material,,,0,3,,,0-FACTORY/102/STRETCHWRAP,0-FACTORY/102/STRETCHWRAP,Tonne,0.0001,,,,,2440,0,2810,,2440,0.244,0,0,44.5,29.67,0,74.16,56.71,543.01,673.89
BOX001/102/DWB/1000G/600P,BOX001/103/DWB/1000G/600P,Material,,,0,4,,,0-FACTORY/102/TOPSHEET,0-TOPSHEET/102/1400mmX1600mm/40MU,Tonne,0.001,,,,,1820,0,1820,,1820,1.82,0,0,44.5,29.67,0,74.16,56.71,543.01,673.89
BOX001/102/DWB/1000G/600P,BOX001/103/DWB/1000G/600P,Material,,,0,5,,,0-Pallets/102/Std1000x1200,0-Pallets/102/Std1000x1200,1000,0.001,,,,,4950,0,5250,,4950,4.95,0,0,44.5,29.67,0,74.16,56.71,543.01,673.89
BOX001/102/DWB/1000G/600P,BOX001/103/DWB/1000G/600P,Material,,,0,6,,,BRD001/103/NPB/1000G/BB,BRD990X905/1000GSM/TKL/TKL,Tonne,0.8624,,,,,610,0,586,,610,526.064,0,0,44.5,29.67,0,74.16,56.71,543.01,673.89
BOX001/102/DWB/1000G/600P,BOX001/103/DWB/1000G/600P,Material,,,0,7,,,PLASTOMELT9799,PLASTOMELT9799,Tonne,0.003,,,,,2750,0,2518.65105,,2750,8.25,0,0,44.5,29.67,0,74.16,56.71,543.01,673.89
BOX001/102/DWB/1000G/600P,BOX001/103/DWB/1000G/600P,Labour,Diecutter,,0,20,DIE CUTTING,DIE CUTTING,102 DIE CUTTER OPERATOR,102 Die Cutter Operator,,,1,4,,4,,,,136.57,136.57,34.1425,0,0,44.5,29.67,0,74.16,56.71,543.01,673.89
BOX001/102/DWB/1000G/600P,BOX001/103/DWB/1000G/600P,Machine,Diecutter,Die Cut,0,20,DIE CUTTING,DIE CUTTING,102 DIE CUTTER #1,331 130E,,,1,4,,4,,,,177.99,177.99,44.4975,0,0,44.5,29.67,0,74.16,56.71,543.01,673.89
BOX001/102/DWB/1000G/600P,BOX001/103/DWB/1000G/600P,Labour,Folder Gluer,,0,30,FOLDER GLUER,FOLDER GLUER,102 FOLDER GLUER OPERATOR,102 Folder Gluer Operator,,,1,6,,6,,,,135.43,135.43,22.57167,0,0,44.5,29.67,0,74.16,56.71,543.01,673.89
BOX001/102/DWB/1000G/600P,BOX001/103/DWB/1000G/600P,Machine,Folder Gluer,Fold Glue,0,30,FOLDER GLUER,FOLDER GLUER,102 FOLDER GLUER #2,TANABE BOXR,,,1,6,,6,,,,177.99,177.99,29.665,0,0,44.5,29.67,0,74.16,56.71,543.01,673.89
BOX001/102/DWB/1250G/680P,UNPRINTED BASE - 25KG CHINESE DOUBLE WALL BASE 576,Material,,,0,1,,,0-FACTORY/102/BANDING,BLUE BANDING 102,COIL,0.03,,,,,29.67,0,42.82,,29.67,0.8901,0,0,44.5,29.67,0,74.16,56.71,899.24,1030.12
BOX001/102/DWB/1250G/680P,UNPRINTED BASE - 25KG CHINESE DOUBLE WALL BASE 576,Material,,,0,2,,,0-FACTORY/102/STDLAYERCARD,0-FACTORY/102/STDLAYERCARD,1000,0.004,,,,,198,0,,,198,0.792,0,0,44.5,29.67,0,74.16,56.71,899.24,1030.12
BOX001/102/DWB/1250G/680P,UNPRINTED BASE - 25KG CHINESE DOUBLE WALL BASE 576,Material,,,0,3,,,0-FACTORY/102/TOPSHEET,0-TOPSHEET/102/1400mmX1600mm/40MU,Tonne,0.001,,,,,1820,0,1820,,1820,1.82,0,0,44.5,29.67,0,74.16,56.71,899.24,1030.12
BOX001/102/DWB/1250G/680P,UNPRINTED BASE - 25KG CHINESE DOUBLE WALL BASE 576,Material,,,0,4,,,0-Pallets/102/Std1000x1200,0-Pallets/102/Std1000x1200,1000,0.001,,,,,4950,0,5250,,4950,4.95,0,0,44.5,29.67,0,74.16,56.71,899.24,1030.12
BOX001/102/DWB/1250G/680P,UNPRINTED BASE - 25KG CHINESE DOUBLE WALL BASE 576,Material,,,0,5,,,BRD001/103/DWB/1250G/BW,BOARD1024x922/BK/NW/WPE/1250GSM,Tonne,1.17359,,,,,752,0,0,,752,882.53968,0,0,44.5,29.67,0,74.16,56.71,899.24,1030.12
BOX001/102/DWB/1250G/680P,UNPRINTED BASE - 25KG CHINESE DOUBLE WALL BASE 576,Material,,,0,6,,,PLASTOMELT9799,PLASTOMELT9799,Tonne,0.003,,,,,2750,0,2518.65105,,2750,8.25,0,0,44.5,29.67,0,74.16,56.71,899.24,1030.12
BOX001/102/DWB/1250G/680P,UNPRINTED BASE - 25KG CHINESE DOUBLE WALL BASE 576,Labour,Diecutter,,0,20,DIE CUTTING,DIE CUTTING,102 DIE CUTTER OPERATOR,102 Die Cutter Operator,,,1,4,,4,,,,136.57,136.57,34.1425,0,0,44.5,29.67,0,74.16,56.71,899.24,1030.12
BOX001/102/DWB/1250G/680P,UNPRINTED BASE - 25KG CHINESE DOUBLE WALL BASE 576,Machine,Diecutter,Die Cut,0,20,DIE CUTTING,DIE CUTTING,102 DIE CUTTER #2,332 142E,,,1,4,,4,,,,177.99,177.99,44.4975,0,0,44.5,29.67,0,74.16,56.71,899.24,1030.12
BOX001/102/DWB/1250G/680P,UNPRINTED BASE - 25KG CHINESE DOUBLE WALL BASE 576,Labour,Folder Gluer,,0,30,FOLDER GLUER,FOLDER GLUER,102 FOLDER GLUER OPERATOR,102 Folder Gluer Operator,,,1,6,,6,,,,135.43,135.43,22.57167,0,0,44.5,29.67,0,74.16,56.71,899.24,1030.12
BOX001/102/DWB/1250G/680P,UNPRINTED BASE - 25KG CHINESE DOUBLE WALL BASE 576,Machine,Folder Gluer,Fold Glue,0,30,FOLDER GLUER,FOLDER GLUER,102 FOLDER GLUER #1,552 TRIM1,,,1,6,,6,,,,177.99,177.99,29.665,0,0,44.5,29.67,0,74.16,56.71,899.24,1030.12
BOX001/102/DWB/900G/680P,UNPRINTED BASE - EXTRA STRONG EXPORT BASE 565x378x,Material,,,0,1,,,0-FACTORY/102/BANDING,BLUE BANDING 102,COIL,0.00011,,,,,29.67,0,42.82,,29.67,0.00326,0,0,62.18,88.32,0,150.5,114.91,478.08,743.5
BOX001/102/DWB/900G/680P,UNPRINTED BASE - EXTRA STRONG EXPORT BASE 565x378x,Material,,,2,2,,,0-FACTORY/102/EUROLAYERCARD,0-FACTORY/102/EUROLAYERCARD,1000,0.00268,,,,,685,0,685,,685,1.8358,0,0,62.18,88.32,0,150.5,114.91,478.08,743.5
BOX001/102/DWB/900G/680P,UNPRINTED BASE - EXTRA STRONG EXPORT BASE 565x378x,Material,,,0,3,,,0-FACTORY/102/STRETCHWRAP,0-FACTORY/102/STRETCHWRAP,Tonne,0.00032,,,,,2440,0,2810,,2440,0.7808,0,0,62.18,88.32,0,150.5,114.91,478.08,743.5
BOX001/102/DWB/900G/680P,UNPRINTED BASE - EXTRA STRONG EXPORT BASE 565x378x,Material,,,0,4,,,0-FACTORY/102/TOPSHEET,0-TOPSHEET/102/1400mmX1600mm/40MU,Tonne,0.00013,,,,,1820,0,1820,,1820,0.2366,0,0,62.18,88.32,0,150.5,114.91,478.08,743.5
BOX001/102/DWB/900G/680P,UNPRINTED BASE - EXTRA STRONG EXPORT BASE 565x378x,Material,,,0,5,,,0-LARGE BINDER-1050x1250,BOARD 1250 x 1050/GRUNL / GRUNL /450GSM,1000,0.00089,,,,,685,0,685,,685,0.60965,0,0,62.18,88.32,0,150.5,114.91,478.08,743.5
BOX001/102/DWB/900G/680P,UNPRINTED BASE - EXTRA STRONG EXPORT BASE 565x378x,Material,,,0,6,,,0-Pallets/102/Std1000x1200,0-Pallets/102/Std1000x1200,1000,0.00089,,,,,4950,0,5250,,4950,4.4055,0,0,62.18,88.32,0,150.5,114.91,478.08,743.5
BOX001/102/DWB/900G/680P,UNPRINTED BASE - EXTRA STRONG EXPORT BASE 565x378x,Material,,,0,7,,,BRD001/102/DWB/900G/BB,BOARD966x872/BT/NW/BT/900GSM,Tonne,0.76137,,,,,610,0,596,,610,464.4357,0,0,62.18,88.32,0,150.5,114.91,478.08,743.5
BOX001/102/DWB/900G/680P,UNPRINTED BASE - EXTRA STRONG EXPORT BASE 565x378x,Material,,,0,8,,,PLASTOMELT9799,PLASTOMELT9799,Tonne,0.0021,,,,,2750,0,2518.65105,,2750,5.775,0,0,62.18,88.32,0,150.5,114.91,478.08,743.5
BOX001/102/DWB/900G/680P,UNPRINTED BASE - EXTRA STRONG EXPORT BASE 565x378x,Labour,Diecutter,,0,20,DIE CUTTING,DIE CUTTING,102 DIE CUTTER OPERATOR,102 Die Cutter Operator,,,1,4,2.862608,2.862608,,,,136.57,136.57,47.70824,0,0,62.18,88.32,0,150.5,114.91,478.08,743.5
BOX001/102/DWB/900G/680P,UNPRINTED BASE - EXTRA STRONG EXPORT BASE 565x378x,Machine,Diecutter,Die Cut,0,20,DIE CUTTING,DIE CUTTING,102 DIE CUTTER #2,332 142E,,,1,4,2.862608,2.862608,,,,177.99,177.99,62.17757,0,0,62.18,88.32,0,150.5,114.91,478.08,743.5
BOX001/102/DWB/900G/680P,UNPRINTED BASE - EXTRA STRONG EXPORT BASE 565x378x,Labour,Folder Gluer,,0,30,FOLDER GLUER,FOLDER GLUER,102 FOLDER GLUER OPERATOR,102 Folder Gluer Operator,,,1,6,2.015196,2.015196,,,,135.43,135.43,67.20438,0,0,62.18,88.32,0,150.5,114.91,478.08,743.5
BOX001/102/DWB/900G/680P,UNPRINTED BASE - EXTRA STRONG EXPORT BASE 565x378x,Machine,Folder Gluer,Fold Glue,0,30,FOLDER GLUER,FOLDER GLUER,102 FOLDER GLUER #2,TANABE BOXR,,,1,6,2.015196,2.015196,,,,177.99,177.99,88.32391,0,0,62.18,88.32,0,150.5,114.91,478.08,743.5
BOX001/102/DWBH/1000G/540P,UNPRINTED BASE - PREMIUM EXPORT BASE (HOLES) 1000G,Material,,,0,1,,,0-FACTORY/102/BANDING,BLUE BANDING 102,COIL,0.00011,,,,,29.67,0,42.82,,29.67,0.00326,0,0,58.7,65.74,0,124.43,95.06,572.46,791.95
BOX001/102/DWBH/1000G/540P,UNPRINTED BASE - PREMIUM EXPORT BASE (HOLES) 1000G,Material,,,2,2,,,0-FACTORY/102/EUROLAYERCARD,0-FACTORY/102/EUROLAYERCARD,1000,0.00268,,,,,685,0,685,,685,1.8358,0,0,58.7,65.74,0,124.43,95.06,572.46,791.95
BOX001/102/DWBH/1000G/540P,UNPRINTED BASE - PREMIUM EXPORT BASE (HOLES) 1000G,Material,,,0,3,,,0-FACTORY/102/STRETCHWRAP,0-FACTORY/102/STRETCHWRAP,Tonne,0.00032,,,,,2440,0,2810,,2440,0.7808,0,0,58.7,65.74,0,124.43,95.06,572.46,791.95
BOX001/102/DWBH/1000G/540P,UNPRINTED BASE - PREMIUM EXPORT BASE (HOLES) 1000G,Material,,,0,4,,,0-FACTORY/102/TOPSHEET,0-TOPSHEET/102/1400mmX1600mm/40MU,Tonne,0.00013,,,,,1820,0,1820,,1820,0.2366,0,0,58.7,65.74,0,124.43,95.06,572.46,791.95
BOX001/102/DWBH/1000G/540P,UNPRINTED BASE - PREMIUM EXPORT BASE (HOLES) 1000G,Material,,,0,5,,,0-LARGE BINDER-1050x1250,BOARD 1250 x 1050/GRUNL / GRUNL /450GSM,1000,0.00089,,,,,685,0,685,,685,0.60965,0,0,58.7,65.74,0,124.43,95.06,572.46,791.95
BOX001/102/DWBH/1000G/540P,UNPRINTED BASE - PREMIUM EXPORT BASE (HOLES) 1000G,Material,,,0,6,,,0-Pallets/102/Std1000x1200,0-Pallets/102/Std1000x1200,1000,0.00185,,,,,4950,0,5250,,4950,9.1575,0,0,58.7,65.74,0,124.43,95.06,572.46,791.95
BOX001/102/DWBH/1000G/540P,UNPRINTED BASE - PREMIUM EXPORT BASE (HOLES) 1000G,Material,,,0,7,,,BRD001/103/NPB/1000G/BB(4),BOARD1006X909/BT/NW/BT/1000GSM,Tonne,0.9083,,,,,610,0,610,,610,554.063,0,0,58.7,65.74,0,124.43,95.06,572.46,791.95
BOX001/102/DWBH/1000G/540P,UNPRINTED BASE - PREMIUM EXPORT BASE (HOLES) 1000G,Material,,,0,8,,,PLASTOMELT9799,PLASTOMELT9799,Tonne,0.0021,,,,,2750,0,2518.65105,,2750,5.775,0,0,58.7,65.74,0,124.43,95.06,572.46,791.95
BOX001/102/DWBH/1000G/540P,UNPRINTED BASE - PREMIUM EXPORT BASE (HOLES) 1000G,Labour,Diecutter,,0,20,DIE CUTTING,DIE CUTTING,102 DIE CUTTER OPERATOR,102 Die Cutter Operator,,,1,4,3.032311,3.032311,,,,136.57,136.57,45.03826,0,0,58.7,65.74,0,124.43,95.06,572.46,791.95
BOX001/102/DWBH/1000G/540P,UNPRINTED BASE - PREMIUM EXPORT BASE (HOLES) 1000G,Machine,Diecutter,Die Cut,0,20,DIE CUTTING,DIE CUTTING,102 DIE CUTTER #2,332 142E,,,1,4,3.032311,3.032311,,,,177.99,177.99,58.69781,0,0,58.7,65.74,0,124.43,95.06,572.46,791.95
BOX001/102/DWBH/1000G/540P,UNPRINTED BASE - PREMIUM EXPORT BASE (HOLES) 1000G,Labour,Folder Gluer,,0,30,FOLDER GLUER,FOLDER GLUER,102 FOLDER GLUER OPERATOR,102 Folder Gluer Operator,,,1,6,2.707664,2.707664,,,,135.43,135.43,50.01728,0,0,58.7,65.74,0,124.43,95.06,572.46,791.95
BOX001/102/DWBH/1000G/540P,UNPRINTED BASE - PREMIUM EXPORT BASE (HOLES) 1000G,Machine,Folder Gluer,Fold Glue,0,30,FOLDER GLUER,FOLDER GLUER,102 FOLDER GLUER #2,TANABE BOXR,,,1,6,2.707664,2.707664,,,,177.99,177.99,65.73563,0,0,58.7,65.74,0,124.43,95.06,572.46,791.95
BOX001/102/DWBH/900G/680P,UNPRINTED BASE - NO POLY (HOLES) 565x378x150 900G,Material,,,0,1,,,0-FACTORY/102/BANDING,BLUE BANDING 102,COIL,0.00011,,,,,29.67,0,42.82,,29.67,0.00326,0,0,0,0,0,0,0,478.08,478.08
BOX001/102/DWBH/900G/680P,UNPRINTED BASE - NO POLY (HOLES) 565x378x150 900G,Material,,,2,2,,,0-FACTORY/102/EUROLAYERCARD,0-FACTORY/102/EUROLAYERCARD,1000,0.00268,,,,,685,0,685,,685,1.8358,0,0,0,0,0,0,0,478.08,478.08
BOX001/102/DWBH/900G/680P,UNPRINTED BASE - NO POLY (HOLES) 565x378x150 900G,Material,,,0,3,,,0-FACTORY/102/STRETCHWRAP,0-FACTORY/102/STRETCHWRAP,Tonne,0.00032,,,,,2440,0,2810,,2440,0.7808,0,0,0,0,0,0,0,478.08,478.08
BOX001/102/DWBH/900G/680P,UNPRINTED BASE - NO POLY (HOLES) 565x378x150 900G,Material,,,0,4,,,0-FACTORY/102/TOPSHEET,0-TOPSHEET/102/1400mmX1600mm/40MU,Tonne,0.00013,,,,,1820,0,1820,,1820,0.2366,0,0,0,0,0,0,0,478.08,478.08
BOX001/102/DWBH/900G/680P,UNPRINTED BASE - NO POLY (HOLES) 565x378x150 900G,Material,,,0,5,,,0-LARGE BINDER-1050x1250,BOARD 1250 x 1050/GRUNL / GRUNL /450GSM,1000,0.00089,,,,,685,0,685,,685,0.60965,0,0,0,0,0,0,0,478.08,478.08
BOX001/102/DWBH/900G/680P,UNPRINTED BASE - NO POLY (HOLES) 565x378x150 900G,Material,,,0,6,,,0-Pallets/102/Std1000x1200,0-Pallets/102/Std1000x1200,1000,0.00089,,,,,4950,0,5250,,4950,4.4055,0,0,0,0,0,0,0,478.08,478.08
BOX001/102/DWBH/900G/680P,UNPRINTED BASE - NO POLY (HOLES) 565x378x150 900G,Material,,,0,7,,,BRD001/102/DWB/900G/BB,BOARD966x872/BT/NW/BT/900GSM,Tonne,0.76137,,,,,610,0,596,,610,464.4357,0,0,0,0,0,0,0,478.08,478.08
BOX001/102/DWBH/900G/680P,UNPRINTED BASE - NO POLY (HOLES) 565x378x150 900G,Material,,,0,8,,,PLASTOMELT9799,PLASTOMELT9799,Tonne,0.0021,,,,,2750,0,2518.65105,,2750,5.775,0,0,0,0,0,0,0,478.08,478.08
BOX001/102/LPB/1000G/1120P,UNPRINTED BASE - LEAKPROOF EURO BASE 580mm x 380mm,Material,,,0,1,,,0-FACTORY/102/BANDING,BLUE BANDING 102,COIL,0.00011,,,,,29.67,0,42.82,,29.67,0.00326,0,0,51.21,51.27,0,102.47,78.3,487.01,667.78
BOX001/102/LPB/1000G/1120P,UNPRINTED BASE - LEAKPROOF EURO BASE 580mm x 380mm,Material,,,2,2,,,0-FACTORY/102/EUROLAYERCARD,0-FACTORY/102/EUROLAYERCARD,1000,0.00268,,,,,685,0,685,,685,1.8358,0,0,51.21,51.27,0,102.47,78.3,487.01,667.78
BOX001/102/LPB/1000G/1120P,UNPRINTED BASE - LEAKPROOF EURO BASE 580mm x 380mm,Material,,,0,3,,,0-FACTORY/102/STRETCHWRAP,0-FACTORY/102/STRETCHWRAP,Tonne,0.00032,,,,,2440,0,2810,,2440,0.7808,0,0,51.21,51.27,0,102.47,78.3,487.01,667.78
BOX001/102/LPB/1000G/1120P,UNPRINTED BASE - LEAKPROOF EURO BASE 580mm x 380mm,Material,,,0,4,,,0-FACTORY/102/TOPSHEET,0-TOPSHEET/102/1400mmX1600mm/40MU,Tonne,0.00013,,,,,1820,0,1820,,1820,0.2366,0,0,51.21,51.27,0,102.47,78.3,487.01,667.78
BOX001/102/LPB/1000G/1120P,UNPRINTED BASE - LEAKPROOF EURO BASE 580mm x 380mm,Material,,,0,5,,,0-LARGE BINDER-1050x1250,BOARD 1250 x 1050/GRUNL / GRUNL /450GSM,1000,0.00089,,,,,685,0,685,,685,0.60965,0,0,51.21,51.27,0,102.47,78.3,487.01,667.78
BOX001/102/LPB/1000G/1120P,UNPRINTED BASE - LEAKPROOF EURO BASE 580mm x 380mm,Material,,,0,6,,,0-Pallets/102/Std1000x1200,0-Pallets/102/Std1000x1200,1000,0.00089,,,,,4950,0,5250,,4950,4.4055,0,0,51.21,51.27,0,102.47,78.3,487.01,667.78
BOX001/102/LPB/1000G/1120P,UNPRINTED BASE - LEAKPROOF EURO BASE 580mm x 380mm,Material,,,0,7,,,BRD001/102/LPB/1000G/BB,BOARD 1358 x 878/BRKFL / BRTKLWPENC /1000GSM,Tonne,0.59617,,,,,794,0,794,,794,473.35898,0,0,51.21,51.27,0,102.47,78.3,487.01,667.78
BOX001/102/LPB/1000G/1120P,UNPRINTED BASE - LEAKPROOF EURO BASE 580mm x 380mm,Material,,,0,8,,,PLASTOMELT9799,PLASTOMELT9799,Tonne,0.0021,,,,,2750,0,2518.65105,,2750,5.775,0,0,51.21,51.27,0,102.47,78.3,487.01,667.78
BOX001/102/LPB/1000G/1120P,UNPRINTED BASE - LEAKPROOF EURO BASE 580mm x 380mm,Labour,Diecutter,,0,20,DIE CUTTING,DIE CUTTING,102 DIE CUTTER OPERATOR,102 Die Cutter Operator,,,1,8,6.951584,6.951584,,,,136.57,136.57,19.64588,0,0,51.21,51.27,0,102.47,78.3,487.01,667.78
BOX001/102/LPB/1000G/1120P,UNPRINTED BASE - LEAKPROOF EURO BASE 580mm x 380mm,Labour,Diecutter,,0,20,DIE CUTTING,DIE CUTTING,102 DIE CUTTER OPERATOR,102 Die Cutter Operator,,,1,8,6.951584,6.951584,,,,136.57,136.57,19.64588,0,0,51.21,51.27,0,102.47,78.3,487.01,667.78
BOX001/102/LPB/1000G/1120P,UNPRINTED BASE - LEAKPROOF EURO BASE 580mm x 380mm,Machine,Diecutter,Die Cut,0,20,DIE CUTTING,DIE CUTTING,102 DIE CUTTER #1,331 130E,,,1,8,6.951584,6.951584,,,,177.99,177.99,25.60424,0,0,51.21,51.27,0,102.47,78.3,487.01,667.78
BOX001/102/LPB/1000G/1120P,UNPRINTED BASE - LEAKPROOF EURO BASE 580mm x 380mm,Machine,Diecutter,Die Cut,0,20,DIE CUTTING,DIE CUTTING,102 DIE CUTTER #1,331 130E,,,1,8,6.951584,6.951584,,,,177.99,177.99,25.60424,0,0,51.21,51.27,0,102.47,78.3,487.01,667.78
BOX001/102/LPB/1000G/1120P,UNPRINTED BASE - LEAKPROOF EURO BASE 580mm x 380mm,Labour,Folder Gluer,,0,30,FOLDER GLUER,FOLDER GLUER,102 FOLDER GLUER OPERATOR,102 Folder Gluer Operator,,,1,10,6.943878,6.943878,,,,135.43,135.43,19.50351,0,0,51.21,51.27,0,102.47,78.3,487.01,667.78
BOX001/102/LPB/1000G/1120P,UNPRINTED BASE - LEAKPROOF EURO BASE 580mm x 380mm,Labour,Folder Gluer,,0,30,FOLDER GLUER,FOLDER GLUER,102 FOLDER GLUER OPERATOR,102 Folder Gluer Operator,,,1,10,6.943878,6.943878,,,,135.43,135.43,19.50351,0,0,51.21,51.27,0,102.47,78.3,487.01,667.78
BOX001/102/LPB/1000G/1120P,UNPRINTED BASE - LEAKPROOF EURO BASE 580mm x 380mm,Machine,Folder Gluer,Fold Glue,0,30,FOLDER GLUER,FOLDER GLUER,102 FOLDER GLUER #2,TANABE BOXR,,,1,10,6.943878,6.943878,,,,177.99,177.99,25.63265,0,0,51.21,51.27,0,102.47,78.3,487.01,667.78
BOX001/102/LPB/1000G/1120P,UNPRINTED BASE - LEAKPROOF EURO BASE 580mm x 380mm,Machine,Folder Gluer,Fold Glue,0,30,FOLDER GLUER,FOLDER GLUER,102 FOLDER GLUER #2,TANABE BOXR,,,1,10,6.943878,6.943878,,,,177.99,177.99,25.63265,0,0,51.21,51.27,0,102.47,78.3,487.01,667.78
BOX001/102/LPB/1000G/560P,UNPRINTED BASE - LEAKPROOF EURO BASE 580mm x 380mm x 150mm,Material,,,2,0.001,,,BOX001/102/LPB/1000G/1120P,UNPRINTED BASE - LEAKPROOF EURO BASE 580mm x 380mm x 150mm 1,1000,1,,,,,591,0,601.68135,,591,591,0,0,0,0,0,0,0,591,591
BOX001/102/LPB/1100G/1080P,UNPRINTED BASE - LEAKPROOF BASE 580x380x150 1100G,Material,,,0,1,,,0-FACTORY/102/BANDING,BLUE BANDING 102,COIL,0.00011,,,,,29.67,0,42.82,,29.67,0.00326,0,0,26.92,26.59,0,53.51,40.89,551.43,645.83
BOX001/102/LPB/1100G/1080P,UNPRINTED BASE - LEAKPROOF BASE 580x380x150 1100G,Material,,,2,2,,,0-FACTORY/102/EUROLAYERCARD,0-FACTORY/102/EUROLAYERCARD,1000,0.00268,,,,,685,0,685,,685,1.8358,0,0,26.92,26.59,0,53.51,40.89,551.43,645.83
BOX001/102/LPB/1100G/1080P,UNPRINTED BASE - LEAKPROOF BASE 580x380x150 1100G,Material,,,0,3,,,0-FACTORY/102/STRETCHWRAP,0-FACTORY/102/STRETCHWRAP,Tonne,0.00032,,,,,2440,0,2810,,2440,0.7808,0,0,26.92,26.59,0,53.51,40.89,551.43,645.83
BOX001/102/LPB/1100G/1080P,UNPRINTED BASE - LEAKPROOF BASE 580x380x150 1100G,Material,,,0,4,,,0-FACTORY/102/TOPSHEET,0-TOPSHEET/102/1400mmX1600mm/40MU,Tonne,0.00013,,,,,1820,0,1820,,1820,0.2366,0,0,26.92,26.59,0,53.51,40.89,551.43,645.83
BOX001/102/LPB/1100G/1080P,UNPRINTED BASE - LEAKPROOF BASE 580x380x150 1100G,Material,,,0,5,,,0-LARGE BINDER-1050x1250,BOARD 1250 x 1050/GRUNL / GRUNL /450GSM,1000,0.00089,,,,,685,0,685,,685,0.60965,0,0,26.92,26.59,0,53.51,40.89,551.43,645.83
BOX001/102/LPB/1100G/1080P,UNPRINTED BASE - LEAKPROOF BASE 580x380x150 1100G,Material,,,0,6,,,0-Pallets/102/Std1000x1200,0-Pallets/102/Std1000x1200,1000,0.00089,,,,,4950,0,5250,,4950,4.4055,0,0,26.92,26.59,0,53.51,40.89,551.43,645.83
BOX001/102/LPB/1100G/1080P,UNPRINTED BASE - LEAKPROOF BASE 580x380x150 1100G,Material,,,0,7,,,BRD001/103/YPB/1100G/WW(2),BOARD1360X876/WK/NW/WPENC,Tonne,0.65824,,,,,817,0,817,,817,537.78208,0,0,26.92,26.59,0,53.51,40.89,551.43,645.83
BOX001/102/LPB/1100G/1080P,UNPRINTED BASE - LEAKPROOF BASE 580x380x150 1100G,Material,,,0,8,,,PLASTOMELT9799,PLASTOMELT9799,Tonne,0.0021,,,,,2750,0,2518.65105,,2750,5.775,0,0,26.92,26.59,0,53.51,40.89,551.43,645.83
BOX001/102/LPB/1100G/1080P,UNPRINTED BASE - LEAKPROOF BASE 580x380x150 1100G,Labour,Diecutter,,0,20,DIE CUTTING,DIE CUTTING,102 DIE CUTTER OPERATOR,102 Die Cutter Operator,,,1,8,6.611222,6.611222,,,,136.57,136.57,20.6573,0,0,26.92,26.59,0,53.51,40.89,551.43,645.83
BOX001/102/LPB/1100G/1080P,UNPRINTED BASE - LEAKPROOF BASE 580x380x150 1100G,Machine,Diecutter,Die Cut,0,20,DIE CUTTING,DIE CUTTING,102 DIE CUTTER #1,331 130E,,,1,8,6.611222,6.611222,,,,177.99,177.99,26.92241,0,0,26.92,26.59,0,53.51,40.89,551.43,645.83
BOX001/102/LPB/1100G/1080P,UNPRINTED BASE - LEAKPROOF BASE 580x380x150 1100G,Labour,Folder Gluer,,0,30,FOLDER GLUER,FOLDER GLUER,102 FOLDER GLUER OPERATOR,102 Folder Gluer Operator,,,1,10,6.693878,6.693878,,,,135.43,135.43,20.23192,0,0,26.92,26.59,0,53.51,40.89,551.43,645.83
BOX001/102/LPB/1100G/1080P,UNPRINTED BASE - LEAKPROOF BASE 580x380x150 1100G,Machine,Folder Gluer,Fold Glue,0,30,FOLDER GLUER,FOLDER GLUER,102 FOLDER GLUER #2,TANABE BOXR,,,1,10,6.693878,6.693878,,,,177.99,177.99,26.58997,0,0,26.92,26.59,0,53.51,40.89,551.43,645.83
BOX001/102/LPB/1100G/1215P,UNPRINTED BASE - LEAKPROOF BASE 580x380x150 1100G,Material,,,0,1,,,0-FACTORY/102/BANDING,BLUE BANDING 102,COIL,0.00011,,,,,29.67,0,42.82,,29.67,0.00326,0,0,22.25,17.8,0,40.05,30.61,551.43,622.09
BOX001/102/LPB/1100G/1215P,UNPRINTED BASE - LEAKPROOF BASE 580x380x150 1100G,Material,,,2,2,,,0-FACTORY/102/EUROLAYERCARD,0-FACTORY/102/EUROLAYERCARD,1000,0.00268,,,,,685,0,685,,685,1.8358,0,0,22.25,17.8,0,40.05,30.61,551.43,622.09
BOX001/102/LPB/1100G/1215P,UNPRINTED BASE - LEAKPROOF BASE 580x380x150 1100G,Material,,,0,3,,,0-FACTORY/102/STRETCHWRAP,0-FACTORY/102/STRETCHWRAP,Tonne,0.00032,,,,,2440,0,2810,,2440,0.7808,0,0,22.25,17.8,0,40.05,30.61,551.43,622.09
BOX001/102/LPB/1100G/1215P,UNPRINTED BASE - LEAKPROOF BASE 580x380x150 1100G,Material,,,0,4,,,0-FACTORY/102/TOPSHEET,0-TOPSHEET/102/1400mmX1600mm/40MU,Tonne,0.00013,,,,,1820,0,1820,,1820,0.2366,0,0,22.25,17.8,0,40.05,30.61,551.43,622.09
BOX001/102/LPB/1100G/1215P,UNPRINTED BASE - LEAKPROOF BASE 580x380x150 1100G,Material,,,0,5,,,0-LARGE BINDER-1050x1250,BOARD 1250 x 1050/GRUNL / GRUNL /450GSM,1000,0.00089,,,,,685,0,685,,685,0.60965,0,0,22.25,17.8,0,40.05,30.61,551.43,622.09
BOX001/102/LPB/1100G/1215P,UNPRINTED BASE - LEAKPROOF BASE 580x380x150 1100G,Material,,,0,6,,,0-Pallets/102/Std1000x1200,0-Pallets/102/Std1000x1200,1000,0.00089,,,,,4950,0,5250,,4950,4.4055,0,0,22.25,17.8,0,40.05,30.61,551.43,622.09
BOX001/102/LPB/1100G/1215P,UNPRINTED BASE - LEAKPROOF BASE 580x380x150 1100G,Material,,,0,7,,,BRD001/103/YPB/1100G/WW(2),BOARD1360X876/WK/NW/WPENC,Tonne,0.65824,,,,,817,0,817,,817,537.78208,0,0,22.25,17.8,0,40.05,30.61,551.43,622.09
BOX001/102/LPB/1100G/1215P,UNPRINTED BASE - LEAKPROOF BASE 580x380x150 1100G,Material,,,0,8,,,PLASTOMELT9799,PLASTOMELT9799,Tonne,0.0021,,,,,2750,0,2518.65105,,2750,5.775,0,0,22.25,17.8,0,40.05,30.61,551.43,622.09
BOX001/102/LPB/1100G/1215P,UNPRINTED BASE - LEAKPROOF BASE 580x380x150 1100G,Labour,Diecutter,,0,20,DIE CUTTING,DIE CUTTING,102 DIE CUTTER OPERATOR,102 Die Cutter Operator,,,1,8,,8,,,,136.57,136.57,17.07125,0,0,22.25,17.8,0,40.05,30.61,551.43,622.09
BOX001/102/LPB/1100G/1215P,UNPRINTED BASE - LEAKPROOF BASE 580x380x150 1100G,Machine,Diecutter,Die Cut,0,20,DIE CUTTING,DIE CUTTING,102 DIE CUTTER #1,331 130E,,,1,8,,8,,,,177.99,177.99,22.24875,0,0,22.25,17.8,0,40.05,30.61,551.43,622.09
BOX001/102/LPB/1100G/1215P,UNPRINTED BASE - LEAKPROOF BASE 580x380x150 1100G,Labour,Folder Gluer,,0,30,FOLDER GLUER,FOLDER GLUER,102 FOLDER GLUER OPERATOR,102 Folder Gluer Operator,,,1,10,,10,,,,135.43,135.43,13.543,0,0,22.25,17.8,0,40.05,30.61,551.43,622.09
BOX001/102/LPB/1100G/1215P,UNPRINTED BASE - LEAKPROOF BASE 580x380x150 1100G,Machine,Folder Gluer,Fold Glue,0,30,FOLDER GLUER,FOLDER GLUER,102 FOLDER GLUER #2,TANABE BOXR,,,1,10,,10,,,,177.99,177.99,17.799,0,0,22.25,17.8,0,40.05,30.61,551.43,622.09
BOX001/102/LPB/1250G/1000P,BOX001/102/LPB/1250G/1000P,Material,,,0,1,,,0-FACTORY/102/STDLAYERCARD,0-FACTORY/102/STDLAYERCARD,1000,0.004,,,,,198,0,,,198,0.792,0,0,25.76,25.77,0,51.54,39.38,620.22,711.14
BOX001/102/LPB/1250G/1000P,BOX001/102/LPB/1250G/1000P,Material,,,0,2,,,0-FACTORY/102/STRAPPING,STRAPPING-102,COIL,0.03,,,,,29.67,0,,,29.67,0.8901,0,0,25.76,25.77,0,51.54,39.38,620.22,711.14
BOX001/102/LPB/1250G/1000P,BOX001/102/LPB/1250G/1000P,Material,,,0,3,,,0-FACTORY/102/STRETCHWRAP,0-FACTORY/102/STRETCHWRAP,Tonne,1e-05,,,,,2440,0,2810,,2440,0.0244,0,0,25.76,25.77,0,51.54,39.38,620.22,711.14
BOX001/102/LPB/1250G/1000P,BOX001/102/LPB/1250G/1000P,Material,,,0,4,,,0-FACTORY/102/TOPSHEET,0-TOPSHEET/102/1400mmX1600mm/40MU,Tonne,0.0001,,,,,1820,0,1820,,1820,0.182,0,0,25.76,25.77,0,51.54,39.38,620.22,711.14
BOX001/102/LPB/1250G/1000P,BOX001/102/LPB/1250G/1000P,Material,,,0,5,,,0-Pallets/102/Std1000x1200,0-Pallets/102/Std1000x1200,1000,0.001,,,,,4950,0,5250,,4950,4.95,0,0,25.76,25.77,0,51.54,39.38,620.22,711.14
BOX001/102/LPB/1250G/1000P,BOX001/102/LPB/1250G/1000P,Material,,,0,6,,,BRD001/102/LPB/1250G/WB,BOARD 1358 x 878/WHKFL / BRTKLWPENC /1250GSM,Tonne,0.748,,,,,809,0,809,,809,605.132,0,0,25.76,25.77,0,51.54,39.38,620.22,711.14
BOX001/102/LPB/1250G/1000P,BOX001/102/LPB/1250G/1000P,Material,,,0,7,,,PLASTOMELT9799,PLASTOMELT9799,Tonne,0.003,,,,,2750,0,2518.65105,,2750,8.25,0,0,25.76,25.77,0,51.54,39.38,620.22,711.14
BOX001/102/LPB/1250G/1000P,BOX001/102/LPB/1250G/1000P,Labour,Diecutter,,0,20,DIE CUTTING,DIE CUTTING,102 DIE CUTTER OPERATOR,102 Die Cutter Operator,,,1,8,6.908575,6.908575,,,,136.57,136.57,19.76819,0,0,25.76,25.77,0,51.54,39.38,620.22,711.14
BOX001/102/LPB/1250G/1000P,BOX001/102/LPB/1250G/1000P,Machine,Diecutter,Die Cut,0,20,DIE CUTTING,DIE CUTTING,102 DIE CUTTER #1,331 130E,,,1,8,6.908575,6.908575,,,,177.99,177.99,25.76363,0,0,25.76,25.77,0,51.54,39.38,620.22,711.14
BOX001/102/LPB/1250G/1000P,BOX001/102/LPB/1250G/1000P,Labour,Folder Gluer,,0,30,FOLDER GLUER,FOLDER GLUER,102 FOLDER GLUER OPERATOR,102 Folder Gluer Operator,,,1,10,6.905621,6.905621,,,,135.43,135.43,19.61156,0,0,25.76,25.77,0,51.54,39.38,620.22,711.14
BOX001/102/LPB/1250G/1000P,BOX001/102/LPB/1250G/1000P,Machine,Folder Gluer,Fold Glue,0,30,FOLDER GLUER,FOLDER GLUER,102 FOLDER GLUER #2,TANABE BOXR,,,1,10,6.905621,6.905621,,,,177.99,177.99,25.77466,0,0,25.76,25.77,0,51.54,39.38,620.22,711.14
BOX001/102/LPB/1250G/690P,UNPRINTED BASE - 1250GSM L/PROOF INT BASE (F/S) 58,Material,,,0,1,,,0-FACTORY/102/BANDING,BLUE BANDING 102,COIL,0.00014,,,,,29.67,0,42.82,,29.67,0.00415,0,0,0,0,0,0,0,625.75,625.75
BOX001/102/LPB/1250G/690P,UNPRINTED BASE - 1250GSM L/PROOF INT BASE (F/S) 58,Material,,,2,2,,,0-FACTORY/102/EUROLAYERCARD,0-FACTORY/102/EUROLAYERCARD,1000,0.00725,,,,,685,0,685,,685,4.96625,0,0,0,0,0,0,0,625.75,625.75
BOX001/102/LPB/1250G/690P,UNPRINTED BASE - 1250GSM L/PROOF INT BASE (F/S) 58,Material,,,0,3,,,0-FACTORY/102/STRETCHWRAP,0-FACTORY/102/STRETCHWRAP,Tonne,0.00051,,,,,2440,0,2810,,2440,1.2444,0,0,0,0,0,0,0,625.75,625.75
BOX001/102/LPB/1250G/690P,UNPRINTED BASE - 1250GSM L/PROOF INT BASE (F/S) 58,Material,,,0,4,,,0-FACTORY/102/TOPSHEET,0-TOPSHEET/102/1400mmX1600mm/40MU,Tonne,0.00025,,,,,1820,0,1820,,1820,0.455,0,0,0,0,0,0,0,625.75,625.75
BOX001/102/LPB/1250G/690P,UNPRINTED BASE - 1250GSM L/PROOF INT BASE (F/S) 58,Material,,,0,5,,,0-LARGE BINDER-1050x1250,BOARD 1250 x 1050/GRUNL / GRUNL /450GSM,1000,0.00145,,,,,685,0,685,,685,0.99325,0,0,0,0,0,0,0,625.75,625.75
BOX001/102/LPB/1250G/690P,UNPRINTED BASE - 1250GSM L/PROOF INT BASE (F/S) 58,Material,,,0,6,,,0-Pallets/102/Std1000x1200,0-Pallets/102/Std1000x1200,1000,0.00145,,,,,4950,0,5250,,4950,7.1775,0,0,0,0,0,0,0,625.75,625.75
BOX001/102/LPB/1250G/690P,UNPRINTED BASE - 1250GSM L/PROOF INT BASE (F/S) 58,Material,,,0,7,,,BRD001/102/LPB/1250G/WB,BOARD 1358 x 878/WHKFL / BRTKLWPENC /1250GSM,Tonne,0.748,,,,,809,0,809,,809,605.132,0,0,0,0,0,0,0,625.75,625.75
BOX001/102/LPB/1250G/690P,UNPRINTED BASE - 1250GSM L/PROOF INT BASE (F/S) 58,Material,,,0,8,,,PLASTOMELT9799,PLASTOMELT9799,Tonne,0.0021,,,,,2750,0,2518.65105,,2750,5.775,0,0,0,0,0,0,0,625.75,625.75
BOX001/102/LPB/1250G/920P,UNPRINTED BASE - LEAKPROOF INTV BASE 580mm x 380mm,Material,,,0,1,,,0-FACTORY/102/BANDING,BLUE BANDING 102,COIL,0.00014,,,,,29.67,0,42.82,,29.67,0.00415,0,0,44.5,35.6,0,80.1,61.23,620.52,761.85
BOX001/102/LPB/1250G/920P,UNPRINTED BASE - LEAKPROOF INTV BASE 580mm x 380mm,Material,,,2,2,,,0-FACTORY/102/EUROLAYERCARD,0-FACTORY/102/EUROLAYERCARD,1000,0.00326,,,,,685,0,685,,685,2.2331,0,0,44.5,35.6,0,80.1,61.23,620.52,761.85
BOX001/102/LPB/1250G/920P,UNPRINTED BASE - LEAKPROOF INTV BASE 580mm x 380mm,Material,,,0,3,,,0-FACTORY/102/STRETCHWRAP,0-FACTORY/102/STRETCHWRAP,Tonne,0.00038,,,,,2440,0,2810,,2440,0.9272,0,0,44.5,35.6,0,80.1,61.23,620.52,761.85
BOX001/102/LPB/1250G/920P,UNPRINTED BASE - LEAKPROOF INTV BASE 580mm x 380mm,Material,,,0,4,,,0-FACTORY/102/TOPSHEET,0-TOPSHEET/102/1400mmX1600mm/40MU,Tonne,0.00017,,,,,1820,0,1820,,1820,0.3094,0,0,44.5,35.6,0,80.1,61.23,620.52,761.85
BOX001/102/LPB/1250G/920P,UNPRINTED BASE - LEAKPROOF INTV BASE 580mm x 380mm,Material,,,0,5,,,0-LARGE BINDER-1050x1250,BOARD 1250 x 1050/GRUNL / GRUNL /450GSM,1000,0.00109,,,,,685,0,685,,685,0.74665,0,0,44.5,35.6,0,80.1,61.23,620.52,761.85
BOX001/102/LPB/1250G/920P,UNPRINTED BASE - LEAKPROOF INTV BASE 580mm x 380mm,Material,,,0,6,,,0-Pallets/102/Std1000x1200,0-Pallets/102/Std1000x1200,1000,0.00109,,,,,4950,0,5250,,4950,5.3955,0,0,44.5,35.6,0,80.1,61.23,620.52,761.85
BOX001/102/LPB/1250G/920P,UNPRINTED BASE - LEAKPROOF INTV BASE 580mm x 380mm,Material,,,0,7,,,BRD001/102/LPB/1250G/WB,BOARD 1358 x 878/WHKFL / BRTKLWPENC /1250GSM,Tonne,0.748,,,,,809,0,809,,809,605.132,0,0,44.5,35.6,0,80.1,61.23,620.52,761.85
BOX001/102/LPB/1250G/920P,UNPRINTED BASE - LEAKPROOF INTV BASE 580mm x 380mm,Material,,,0,8,,,PLASTOMELT9799,PLASTOMELT9799,Tonne,0.0021,,,,,2750,0,2518.65105,,2750,5.775,0,0,44.5,35.6,0,80.1,61.23,620.52,761.85
BOX001/102/LPB/1250G/920P,UNPRINTED BASE - LEAKPROOF INTV BASE 580mm x 380mm,Labour,Diecutter,,0,20,DIE CUTTING,DIE CUTTING,102 DIE CUTTER OPERATOR,102 Die Cutter Operator,,,1,8,,8,,,,136.57,136.57,17.07125,0,0,44.5,35.6,0,80.1,61.23,620.52,761.85
BOX001/102/LPB/1250G/920P,UNPRINTED BASE - LEAKPROOF INTV BASE 580mm x 380mm,Labour,Diecutter,,0,20,DIE CUTTING,DIE CUTTING,102 DIE CUTTER OPERATOR,102 Die Cutter Operator,,,1,8,,8,,,,136.57,136.57,17.07125,0,0,44.5,35.6,0,80.1,61.23,620.52,761.85
BOX001/102/LPB/1250G/920P,UNPRINTED BASE - LEAKPROOF INTV BASE 580mm x 380mm,Machine,Diecutter,Die Cut,0,20,DIE CUTTING,DIE CUTTING,102 DIE CUTTER #2,332 142E,,,1,8,,8,,,,177.99,177.99,22.24875,0,0,44.5,35.6,0,80.1,61.23,620.52,761.85
BOX001/102/LPB/1250G/920P,UNPRINTED BASE - LEAKPROOF INTV BASE 580mm x 380mm,Machine,Diecutter,Die Cut,0,20,DIE CUTTING,DIE CUTTING,102 DIE CUTTER #2,332 142E,,,1,8,,8,,,,177.99,177.99,22.24875,0,0,44.5,35.6,0,80.1,61.23,620.52,761.85
BOX001/102/LPB/1250G/920P,UNPRINTED BASE - LEAKPROOF INTV BASE 580mm x 380mm,Labour,Folder Gluer,,0,30,FOLDER GLUER,FOLDER GLUER,102 FOLDER GLUER OPERATOR,102 Folder Gluer Operator,,,1,10,,10,,,,135.43,135.43,13.543,0,0,44.5,35.6,0,80.1,61.23,620.52,761.85
BOX001/102/LPB/1250G/920P,UNPRINTED BASE - LEAKPROOF INTV BASE 580mm x 380mm,Labour,Folder Gluer,,0,30,FOLDER GLUER,FOLDER GLUER,102 FOLDER GLUER OPERATOR,102 Folder Gluer Operator,,,1,10,,10,,,,135.43,135.43,13.543,0,0,44.5,35.6,0,80.1,61.23,620.52,761.85
BOX001/102/LPB/1250G/920P,UNPRINTED BASE - LEAKPROOF INTV BASE 580mm x 380mm,Machine,Folder Gluer,Fold Glue,0,30,FOLDER GLUER,FOLDER GLUER,102 FOLDER GLUER #2,TANABE BOXR,,,1,10,,10,,,,177.99,177.99,17.799,0,0,44.5,35.6,0,80.1,61.23,620.52,761.85
BOX001/102/LPB/1250G/920P,UNPRINTED BASE - LEAKPROOF INTV BASE 580mm x 380mm,Machine,Folder Gluer,Fold Glue,0,30,FOLDER GLUER,FOLDER GLUER,102 FOLDER GLUER #2,TANABE BOXR,,,1,10,,10,,,,177.99,177.99,17.799,0,0,44.5,35.6,0,80.1,61.23,620.52,761.85
BOX001/102/NPB/1000G/1120P,UNPRINTED BASE - VAC PACK BEEF BASE 2021 580mm x 3,Material,,,0,1,,,0-102-GLUE-PVA,Cold Glue-102,Tonne,0.00187,,,,,1710,0,1710,,1710,3.1977,0,0,40.55,39.22,0,79.78,60.96,376.1,516.84
BOX001/102/NPB/1000G/1120P,UNPRINTED BASE - VAC PACK BEEF BASE 2021 580mm x 3,Material,,,0,2,,,0-FACTORY/102/BANDING,BLUE BANDING 102,COIL,9e-05,,,,,29.67,0,42.82,,29.67,0.00267,0,0,40.55,39.22,0,79.78,60.96,376.1,516.84
BOX001/102/NPB/1000G/1120P,UNPRINTED BASE - VAC PACK BEEF BASE 2021 580mm x 3,Material,,,2,3,,,0-FACTORY/102/EUROLAYERCARD,0-FACTORY/102/EUROLAYERCARD,1000,0.00267,,,,,685,0,685,,685,1.82895,0,0,40.55,39.22,0,79.78,60.96,376.1,516.84
BOX001/102/NPB/1000G/1120P,UNPRINTED BASE - VAC PACK BEEF BASE 2021 580mm x 3,Material,,,0,4,,,0-FACTORY/102/STRETCHWRAP,0-FACTORY/102/STRETCHWRAP,Tonne,0.00032,,,,,2440,0,2810,,2440,0.7808,0,0,40.55,39.22,0,79.78,60.96,376.1,516.84
BOX001/102/NPB/1000G/1120P,UNPRINTED BASE - VAC PACK BEEF BASE 2021 580mm x 3,Material,,,0,5,,,0-FACTORY/102/TOPSHEET,0-TOPSHEET/102/1400mmX1600mm/40MU,Tonne,0.00014,,,,,1820,0,1820,,1820,0.2548,0,0,40.55,39.22,0,79.78,60.96,376.1,516.84
BOX001/102/NPB/1000G/1120P,UNPRINTED BASE - VAC PACK BEEF BASE 2021 580mm x 3,Material,,,0,6,,,0-LARGE BINDER-1050x1250,BOARD 1250 x 1050/GRUNL / GRUNL /450GSM,1000,0.00089,,,,,685,0,685,,685,0.60965,0,0,40.55,39.22,0,79.78,60.96,376.1,516.84
BOX001/102/NPB/1000G/1120P,UNPRINTED BASE - VAC PACK BEEF BASE 2021 580mm x 3,Material,,,0,7,,,0-Pallets/102/Std1000x1200,0-Pallets/102/Std1000x1200,1000,0.00089,,,,,4950,0,5250,,4950,4.4055,0,0,40.55,39.22,0,79.78,60.96,376.1,516.84
BOX001/102/NPB/1000G/1120P,UNPRINTED BASE - VAC PACK BEEF BASE 2021 580mm x 3,Material,,,0,8,,,BRD001/102/NPB/1000G/BB,BOARD 1360 x 880/BRTKL / BRTKL /1000GSM,Tonne,0.5984,,,,,610,0,610,,610,365.024,0,0,40.55,39.22,0,79.78,60.96,376.1,516.84
BOX001/102/NPB/1000G/1120P,UNPRINTED BASE - VAC PACK BEEF BASE 2021 580mm x 3,Labour,Diecutter,,0,20,DIE CUTTING,DIE CUTTING,102 DIE CUTTER OPERATOR,102 Die Cutter Operator,,,1,8,4.389192,4.389192,,,,136.57,136.57,31.11507,0,0,40.55,39.22,0,79.78,60.96,376.1,516.84
BOX001/102/NPB/1000G/1120P,UNPRINTED BASE - VAC PACK BEEF BASE 2021 580mm x 3,Machine,Diecutter,Die Cut,0,20,DIE CUTTING,DIE CUTTING,102 DIE CUTTER #2,332 142E,,,1,8,4.389192,4.389192,,,,177.99,177.99,40.55188,0,0,40.55,39.22,0,79.78,60.96,376.1,516.84
BOX001/102/NPB/1000G/1120P,UNPRINTED BASE - VAC PACK BEEF BASE 2021 580mm x 3,Labour,Folder Gluer,,0,30,FOLDER GLUER,FOLDER GLUER,102 FOLDER GLUER OPERATOR,102 Folder Gluer Operator,,,1,10,4.537779,4.537779,,,,135.43,135.43,29.845,0,0,40.55,39.22,0,79.78,60.96,376.1,516.84
BOX001/102/NPB/1000G/1120P,UNPRINTED BASE - VAC PACK BEEF BASE 2021 580mm x 3,Machine,Folder Gluer,Fold Glue,0,30,FOLDER GLUER,FOLDER GLUER,102 FOLDER GLUER #1,552 TRIM1,,,1,10,4.537779,4.537779,,,,177.99,177.99,39.22403,0,0,40.55,39.22,0,79.78,60.96,376.1,516.84
BOX001/102/NPB/1250G/600P,UNPRINTED BASE - NON POLY INT BASE (F/S) 580mm x 3,Material,,,0,1,,,0-102-GLUE-PVA,Cold Glue-102,Tonne,0.00187,,,,,1710,0,1710,,1710,3.1977,0,0,32.36,33.54,0,65.9,50.35,487.22,603.47
BOX001/102/NPB/1250G/600P,UNPRINTED BASE - NON POLY INT BASE (F/S) 580mm x 3,Material,,,0,2,,,0-FACTORY/102/BANDING,BLUE BANDING 102,COIL,0.00013,,,,,29.67,0,42.82,,29.67,0.00386,0,0,32.36,33.54,0,65.9,50.35,487.22,603.47
BOX001/102/NPB/1250G/600P,UNPRINTED BASE - NON POLY INT BASE (F/S) 580mm x 3,Material,,,2,3,,,0-FACTORY/102/EUROLAYERCARD,0-FACTORY/102/EUROLAYERCARD,1000,0.00666,,,,,685,0,685,,685,4.5621,0,0,32.36,33.54,0,65.9,50.35,487.22,603.47
BOX001/102/NPB/1250G/600P,UNPRINTED BASE - NON POLY INT BASE (F/S) 580mm x 3,Material,,,0,4,,,0-FACTORY/102/STRETCHWRAP,0-FACTORY/102/STRETCHWRAP,Tonne,0.00059,,,,,2440,0,2810,,2440,1.4396,0,0,32.36,33.54,0,65.9,50.35,487.22,603.47
BOX001/102/NPB/1250G/600P,UNPRINTED BASE - NON POLY INT BASE (F/S) 580mm x 3,Material,,,0,5,,,0-FACTORY/102/TOPSHEET,0-TOPSHEET/102/1400mmX1600mm/40MU,Tonne,0.00023,,,,,1820,0,1820,,1820,0.4186,0,0,32.36,33.54,0,65.9,50.35,487.22,603.47
BOX001/102/NPB/1250G/600P,UNPRINTED BASE - NON POLY INT BASE (F/S) 580mm x 3,Material,,,0,6,,,0-LARGE BINDER-1050x1250,BOARD 1250 x 1050/GRUNL / GRUNL /450GSM,1000,0.00166,,,,,685,0,685,,685,1.1371,0,0,32.36,33.54,0,65.9,50.35,487.22,603.47
BOX001/102/NPB/1250G/600P,UNPRINTED BASE - NON POLY INT BASE (F/S) 580mm x 3,Material,,,0,7,,,0-Pallets/102/Std1000x1200,0-Pallets/102/Std1000x1200,1000,0.00166,,,,,4950,0,5250,,4950,8.217,0,0,32.36,33.54,0,65.9,50.35,487.22,603.47
BOX001/102/NPB/1250G/600P,UNPRINTED BASE - NON POLY INT BASE (F/S) 580mm x 3,Material,,,0,8,,,BRD001/102/NPB/1250G/BB,BOARD 1360 x 880/BRTKL / BRTKL /1250GSM,Tonne,0.748,,,,,626,0,626,,626,468.248,0,0,32.36,33.54,0,65.9,50.35,487.22,603.47
BOX001/102/NPB/1250G/600P,UNPRINTED BASE - NON POLY INT BASE (F/S) 580mm x 3,Labour,Diecutter,,0,20,DIE CUTTING,DIE CUTTING,102 DIE CUTTER OPERATOR,102 Die Cutter Operator,,,1,8,5.500103,5.500103,,,,136.57,136.57,24.83044,0,0,32.36,33.54,0,65.9,50.35,487.22,603.47
BOX001/102/NPB/1250G/600P,UNPRINTED BASE - NON POLY INT BASE (F/S) 580mm x 3,Machine,Diecutter,Die Cut,0,20,DIE CUTTING,DIE CUTTING,102 DIE CUTTER #2,332 142E,,,1,8,5.500103,5.500103,,,,177.99,177.99,32.36121,0,0,32.36,33.54,0,65.9,50.35,487.22,603.47
BOX001/102/NPB/1250G/600P,UNPRINTED BASE - NON POLY INT BASE (F/S) 580mm x 3,Labour,Folder Gluer,,0,30,FOLDER GLUER,FOLDER GLUER,102 FOLDER GLUER OPERATOR,102 Folder Gluer Operator,,,1,10,5.307279,5.307279,,,,135.43,135.43,25.51778,0,0,32.36,33.54,0,65.9,50.35,487.22,603.47
BOX001/102/NPB/1250G/600P,UNPRINTED BASE - NON POLY INT BASE (F/S) 580mm x 3,Machine,Folder Gluer,Fold Glue,0,30,FOLDER GLUER,FOLDER GLUER,102 FOLDER GLUER #2,TANABE BOXR,,,1,10,5.307279,5.307279,,,,177.99,177.99,33.53696,0,0,32.36,33.54,0,65.9,50.35,487.22,603.47
BOX001/102/NPL/1000G/1120P,UNPRINTED LID - PLN VAC PACK LID 590mm x 390mm x 1,Material,,,0,1,,,0-102-GLUE-PVA,Cold Glue-102,Tonne,0.00187,,,,,1710,0,1710,,1710,3.1977,0,0,28.84,42.7,0,71.53,54.61,414.67,540.82
BOX001/102/NPL/1000G/1120P,UNPRINTED LID - PLN VAC PACK LID 590mm x 390mm x 1,Material,,,0,2,,,0-FACTORY/102/BANDING,BLUE BANDING 102,COIL,9e-05,,,,,29.67,0,42.82,,29.67,0.00267,0,0,28.84,42.7,0,71.53,54.61,414.67,540.82
BOX001/102/NPL/1000G/1120P,UNPRINTED LID - PLN VAC PACK LID 590mm x 390mm x 1,Material,,,2,3,,,0-FACTORY/102/EUROLAYERCARD,0-FACTORY/102/EUROLAYERCARD,1000,0.00268,,,,,685,0,685,,685,1.8358,0,0,28.84,42.7,0,71.53,54.61,414.67,540.82
BOX001/102/NPL/1000G/1120P,UNPRINTED LID - PLN VAC PACK LID 590mm x 390mm x 1,Material,,,0,4,,,0-FACTORY/102/STRETCHWRAP,0-FACTORY/102/STRETCHWRAP,Tonne,0.00032,,,,,2440,0,2810,,2440,0.7808,0,0,28.84,42.7,0,71.53,54.61,414.67,540.82
BOX001/102/NPL/1000G/1120P,UNPRINTED LID - PLN VAC PACK LID 590mm x 390mm x 1,Material,,,0,5,,,0-FACTORY/102/TOPSHEET,0-TOPSHEET/102/1400mmX1600mm/40MU,Tonne,0.00014,,,,,1820,0,1820,,1820,0.2548,0,0,28.84,42.7,0,71.53,54.61,414.67,540.82
BOX001/102/NPL/1000G/1120P,UNPRINTED LID - PLN VAC PACK LID 590mm x 390mm x 1,Material,,,0,6,,,0-LARGE BINDER-1050x1250,BOARD 1250 x 1050/GRUNL / GRUNL /450GSM,1000,0.00089,,,,,685,0,685,,685,0.60965,0,0,28.84,42.7,0,71.53,54.61,414.67,540.82
BOX001/102/NPL/1000G/1120P,UNPRINTED LID - PLN VAC PACK LID 590mm x 390mm x 1,Material,,,0,7,,,0-Pallets/102/Std1000x1200,0-Pallets/102/Std1000x1200,1000,0.00089,,,,,4950,0,5250,,4950,4.4055,0,0,28.84,42.7,0,71.53,54.61,414.67,540.82
BOX001/102/NPL/1000G/1120P,UNPRINTED LID - PLN VAC PACK LID 590mm x 390mm x 1,Material,,,0,8,,,BRD001/102/NPL/1000G/WB,BOARD 1372 x 886/WHKFT / BRTKL /1000GSM,Tonne,0.6078,,,,,664,0,649,,664,403.5792,0,0,28.84,42.7,0,71.53,54.61,414.67,540.82
BOX001/102/NPL/1000G/1120P,UNPRINTED LID - PLN VAC PACK LID 590mm x 390mm x 1,Labour,Diecutter,,0,20,DIE CUTTING,DIE CUTTING,102 DIE CUTTER OPERATOR,102 Die Cutter Operator,,,1,8,6.172376,6.172376,,,,136.57,136.57,22.126,0,0,28.84,42.7,0,71.53,54.61,414.67,540.82
BOX001/102/NPL/1000G/1120P,UNPRINTED LID - PLN VAC PACK LID 590mm x 390mm x 1,Machine,Diecutter,Die Cut,0,20,DIE CUTTING,DIE CUTTING,102 DIE CUTTER #2,332 142E,,,1,8,6.172376,6.172376,,,,177.99,177.99,28.83655,0,0,28.84,42.7,0,71.53,54.61,414.67,540.82
BOX001/102/NPL/1000G/1120P,UNPRINTED LID - PLN VAC PACK LID 590mm x 390mm x 1,Labour,Folder Gluer,,0,30,FOLDER GLUER,FOLDER GLUER,102 FOLDER GLUER OPERATOR,102 Folder Gluer Operator,,,1,10,4.168576,4.168576,,,,135.43,135.43,32.48831,0,0,28.84,42.7,0,71.53,54.61,414.67,540.82
BOX001/102/NPL/1000G/1120P,UNPRINTED LID - PLN VAC PACK LID 590mm x 390mm x 1,Machine,Folder Gluer,Fold Glue,0,30,FOLDER GLUER,FOLDER GLUER,102 FOLDER GLUER #1,552 TRIM1,,,1,10,4.168576,4.168576,,,,177.99,177.99,42.69803,0,0,28.84,42.7,0,71.53,54.61,414.67,540.82
BOX001/102/NPL/1250G/600P,UNPRINTED LID - NON POLY INT LID (F/S) 590mm x 390,Material,,,0,1,,,0-102-GLUE-PVA,Cold Glue-102,Tonne,0.00187,,,,,1710,0,1710,,1710,3.1977,0,0,31.77,35.15,0,66.93,51.13,521.99,640.05
BOX001/102/NPL/1250G/600P,UNPRINTED LID - NON POLY INT LID (F/S) 590mm x 390,Material,,,0,2,,,0-FACTORY/102/BANDING,BLUE BANDING 102,COIL,0.00013,,,,,29.67,0,42.82,,29.67,0.00386,0,0,31.77,35.15,0,66.93,51.13,521.99,640.05
BOX001/102/NPL/1250G/600P,UNPRINTED LID - NON POLY INT LID (F/S) 590mm x 390,Material,,,2,3,,,0-FACTORY/102/EUROLAYERCARD,0-FACTORY/102/EUROLAYERCARD,1000,0.00667,,,,,685,0,685,,685,4.56895,0,0,31.77,35.15,0,66.93,51.13,521.99,640.05
BOX001/102/NPL/1250G/600P,UNPRINTED LID - NON POLY INT LID (F/S) 590mm x 390,Material,,,0,4,,,0-FACTORY/102/STRETCHWRAP,0-FACTORY/102/STRETCHWRAP,Tonne,0.00059,,,,,2440,0,2810,,2440,1.4396,0,0,31.77,35.15,0,66.93,51.13,521.99,640.05
BOX001/102/NPL/1250G/600P,UNPRINTED LID - NON POLY INT LID (F/S) 590mm x 390,Material,,,0,5,,,0-FACTORY/102/TOPSHEET,0-TOPSHEET/102/1400mmX1600mm/40MU,Tonne,0.00023,,,,,1820,0,1820,,1820,0.4186,0,0,31.77,35.15,0,66.93,51.13,521.99,640.05
BOX001/102/NPL/1250G/600P,UNPRINTED LID - NON POLY INT LID (F/S) 590mm x 390,Material,,,0,6,,,0-LARGE BINDER-1050x1250,BOARD 1250 x 1050/GRUNL / GRUNL /450GSM,1000,0.00167,,,,,685,0,685,,685,1.14395,0,0,31.77,35.15,0,66.93,51.13,521.99,640.05
BOX001/102/NPL/1250G/600P,UNPRINTED LID - NON POLY INT LID (F/S) 590mm x 390,Material,,,0,7,,,0-Pallets/102/Std1000x1200,0-Pallets/102/Std1000x1200,1000,0.00167,,,,,4950,0,5250,,4950,8.2665,0,0,31.77,35.15,0,66.93,51.13,521.99,640.05
BOX001/102/NPL/1250G/600P,UNPRINTED LID - NON POLY INT LID (F/S) 590mm x 390,Material,,,0,8,,,BRD001/102/NPL/1250G/WB (2),BOARD 1372 x 886/WHKFL / BRTKL /1250GSM,Tonne,0.75975,,,,,662,0,662,,662,502.9545,0,0,31.77,35.15,0,66.93,51.13,521.99,640.05
BOX001/102/NPL/1250G/600P,UNPRINTED LID - NON POLY INT LID (F/S) 590mm x 390,Labour,Diecutter,,0,20,DIE CUTTING,DIE CUTTING,102 DIE CUTTER OPERATOR,102 Die Cutter Operator,,,1,8,5.601625,5.601625,,,,136.57,136.57,24.38043,0,0,31.77,35.15,0,66.93,51.13,521.99,640.05
BOX001/102/NPL/1250G/600P,UNPRINTED LID - NON POLY INT LID (F/S) 590mm x 390,Machine,Diecutter,Die Cut,0,20,DIE CUTTING,DIE CUTTING,102 DIE CUTTER #2,332 142E,,,1,8,5.601625,5.601625,,,,177.99,177.99,31.77471,0,0,31.77,35.15,0,66.93,51.13,521.99,640.05
BOX001/102/NPL/1250G/600P,UNPRINTED LID - NON POLY INT LID (F/S) 590mm x 390,Labour,Folder Gluer,,0,30,FOLDER GLUER,FOLDER GLUER,102 FOLDER GLUER OPERATOR,102 Folder Gluer Operator,,,1,10,5.063162,5.063162,,,,135.43,135.43,26.74811,0,0,31.77,35.15,0,66.93,51.13,521.99,640.05
BOX001/102/NPL/1250G/600P,UNPRINTED LID - NON POLY INT LID (F/S) 590mm x 390,Machine,Folder Gluer,Fold Glue,0,30,FOLDER GLUER,FOLDER GLUER,102 FOLDER GLUER #2,TANABE BOXR,,,1,10,5.063162,5.063162,,,,177.99,177.99,35.15392,0,0,31.77,35.15,0,66.93,51.13,521.99,640.05
BOX001/102/NPL/A0105/01/1250G,PRINTED LID - JARRETT VP LID 590mm x 390mm x 148mm,Material,,,0,1,,,0-102-GLUE-PVA,Cold Glue-102,Tonne,0.00187,,,,,1710,0,1710,,1710,3.1977,0,0,0,0,0,0,0,516.7,516.7
BOX001/102/NPL/A0105/01/1250G,PRINTED LID - JARRETT VP LID 590mm x 390mm x 148mm,Material,,,0,2,,,0-FACTORY/102/BANDING,BLUE BANDING 102,COIL,0.00012,,,,,29.67,0,42.82,,29.67,0.00356,0,0,0,0,0,0,0,516.7,516.7
BOX001/102/NPL/A0105/01/1250G,PRINTED LID - JARRETT VP LID 590mm x 390mm x 148mm,Material,,,2,3,,,0-FACTORY/102/EUROLAYERCARD,0-FACTORY/102/EUROLAYERCARD,1000,0.00375,,,,,685,0,685,,685,2.56875,0,0,0,0,0,0,0,516.7,516.7
BOX001/102/NPL/A0105/01/1250G,PRINTED LID - JARRETT VP LID 590mm x 390mm x 148mm,Material,,,0,4,,,0-FACTORY/102/STRETCHWRAP,0-FACTORY/102/STRETCHWRAP,Tonne,0.00044,,,,,2440,0,2810,,2440,1.0736,0,0,0,0,0,0,0,516.7,516.7
BOX001/102/NPL/A0105/01/1250G,PRINTED LID - JARRETT VP LID 590mm x 390mm x 148mm,Material,,,0,5,,,0-FACTORY/102/TOPSHEET,0-TOPSHEET/102/1400mmX1600mm/40MU,Tonne,0.00019,,,,,1820,0,1820,,1820,0.3458,0,0,0,0,0,0,0,516.7,516.7
BOX001/102/NPL/A0105/01/1250G,PRINTED LID - JARRETT VP LID 590mm x 390mm x 148mm,Material,,,0,6,,,0-LARGE BINDER-1050x1250,BOARD 1250 x 1050/GRUNL / GRUNL /450GSM,1000,0.00125,,,,,685,0,685,,685,0.85625,0,0,0,0,0,0,0,516.7,516.7
BOX001/102/NPL/A0105/01/1250G,PRINTED LID - JARRETT VP LID 590mm x 390mm x 148mm,Material,,,0,7,,,0-Pallets/102/Std1000x1200,0-Pallets/102/Std1000x1200,1000,0.00125,,,,,4950,0,5250,,4950,6.1875,0,0,0,0,0,0,0,516.7,516.7
BOX001/102/NPL/A0105/01/1250G,PRINTED LID - JARRETT VP LID 590mm x 390mm x 148mm,Material,,,0,8,,,BLUE 286 U,PRINTER INK 6000029 BLUE,KGs,0.0003,,,,,15,0,,,15,0.0045,0,0,0,0,0,0,0,516.7,516.7
BOX001/102/NPL/A0105/01/1250G,PRINTED LID - JARRETT VP LID 590mm x 390mm x 148mm,Material,,,0,9,,,BRD001/102/NPL/1250G/WB (2),BOARD 1372 x 886/WHKFL / BRTKL /1250GSM,Tonne,0.759,,,,,662,0,662,,662,502.458,0,0,0,0,0,0,0,516.7,516.7
BOX001/102/NPL/A0105/01/1250G,PRINTED LID - JARRETT VP LID 590mm x 390mm x 148mm,Material,,,0,10,,,ORANGE 021 U,PRINTER INK 6000018 ORANGE,KGs,9e-05,,,,,15,0,,,15,0.00135,0,0,0,0,0,0,0,516.7,516.7
BOX001/102/NPL/A0105/02/1250G,PRINTED LID - HIGHFIELD VP LID 590mm x 390mm x 148,Material,,,0,1,,,0-102-GLUE-PVA,Cold Glue-102,Tonne,0.00187,,,,,1710,0,1710,,1710,3.1977,0,45.41,41.88,39.73,0,127.02,153.21,516.72,796.95
BOX001/102/NPL/A0105/02/1250G,PRINTED LID - HIGHFIELD VP LID 590mm x 390mm x 148,Material,,,0,2,,,0-FACTORY/102/BANDING,BLUE BANDING 102,COIL,0.00012,,,,,29.67,0,42.82,,29.67,0.00356,0,45.41,41.88,39.73,0,127.02,153.21,516.72,796.95
BOX001/102/NPL/A0105/02/1250G,PRINTED LID - HIGHFIELD VP LID 590mm x 390mm x 148,Material,,,2,3,,,0-FACTORY/102/EUROLAYERCARD,0-FACTORY/102/EUROLAYERCARD,1000,0.00375,,,,,685,0,685,,685,2.56875,0,45.41,41.88,39.73,0,127.02,153.21,516.72,796.95
BOX001/102/NPL/A0105/02/1250G,PRINTED LID - HIGHFIELD VP LID 590mm x 390mm x 148,Material,,,0,4,,,0-FACTORY/102/STRETCHWRAP,0-FACTORY/102/STRETCHWRAP,Tonne,0.00044,,,,,2440,0,2810,,2440,1.0736,0,45.41,41.88,39.73,0,127.02,153.21,516.72,796.95
BOX001/102/NPL/A0105/02/1250G,PRINTED LID - HIGHFIELD VP LID 590mm x 390mm x 148,Material,,,0,5,,,0-FACTORY/102/TOPSHEET,0-TOPSHEET/102/1400mmX1600mm/40MU,Tonne,0.0002,,,,,1820,0,1820,,1820,0.364,0,45.41,41.88,39.73,0,127.02,153.21,516.72,796.95
BOX001/102/NPL/A0105/02/1250G,PRINTED LID - HIGHFIELD VP LID 590mm x 390mm x 148,Material,,,0,6,,,0-LARGE BINDER-1050x1250,BOARD 1250 x 1050/GRUNL / GRUNL /450GSM,1000,0.00125,,,,,685,0,685,,685,0.85625,0,45.41,41.88,39.73,0,127.02,153.21,516.72,796.95
BOX001/102/NPL/A0105/02/1250G,PRINTED LID - HIGHFIELD VP LID 590mm x 390mm x 148,Material,,,0,7,,,0-Pallets/102/Std1000x1200,0-Pallets/102/Std1000x1200,1000,0.00125,,,,,4950,0,5250,,4950,6.1875,0,45.41,41.88,39.73,0,127.02,153.21,516.72,796.95
BOX001/102/NPL/A0105/02/1250G,PRINTED LID - HIGHFIELD VP LID 590mm x 390mm x 148,Material,,,0,8,,,BLUE 286 U,PRINTER INK 6000029 BLUE,KGs,0.00035,,,,,15,0,,,15,0.00525,0,45.41,41.88,39.73,0,127.02,153.21,516.72,796.95
BOX001/102/NPL/A0105/02/1250G,PRINTED LID - HIGHFIELD VP LID 590mm x 390mm x 148,Material,,,0,9,,,BRD001/102/NPL/1250G/WB,BOARD 1372 x 886/WHTST / BRTKL /1250GSM,Tonne,0.759,,,,,662,0,642,,662,502.458,0,45.41,41.88,39.73,0,127.02,153.21,516.72,796.95
BOX001/102/NPL/A0105/02/1250G,PRINTED LID - HIGHFIELD VP LID 590mm x 390mm x 148,Material,,,0,10,,,ORANGE 021 U,PRINTER INK 6000018 ORANGE,KGs,9e-05,,,,,15,0,,,15,0.00135,0,45.41,41.88,39.73,0,127.02,153.21,516.72,796.95
BOX001/102/NPL/A0105/02/1250G,PRINTED LID - HIGHFIELD VP LID 590mm x 390mm x 148,Labour,Printer,,0,10,PRINT,PRINT,101 Printer Operator,101 Printer Operator,,,1,6,3.919271,3.919271,,,,356.05,356.05,90.84598,0,45.41,41.88,39.73,0,127.02,153.21,516.72,796.95
BOX001/102/NPL/A0105/02/1250G,PRINTED LID - HIGHFIELD VP LID 590mm x 390mm x 148,Machine,Printer,Print,0,10,PRINT,PRINT,101 KBA,101 KBA,,,1,6,3.919271,3.919271,,,,177.99,177.99,45.41406,0,45.41,41.88,39.73,0,127.02,153.21,516.72,796.95
BOX001/102/NPL/A0105/02/1250G,PRINTED LID - HIGHFIELD VP LID 590mm x 390mm x 148,Labour,Diecutter,,0,20,DIE CUTTING,DIE CUTTING,101 Die Cutter Operator,101 Die Cutter Operator,,,1,4,4.249896,4.249896,,,,136.57,136.57,32.1349,0,45.41,41.88,39.73,0,127.02,153.21,516.72,796.95
BOX001/102/NPL/A0105/02/1250G,PRINTED LID - HIGHFIELD VP LID 590mm x 390mm x 148,Machine,Diecutter,Die Cut,0,20,DIE CUTTING,DIE CUTTING,101 Die Cutter #1,101 Die Cutter #1,,,1,4,4.249896,4.249896,,,,177.99,177.99,41.88102,0,45.41,41.88,39.73,0,127.02,153.21,516.72,796.95
BOX001/102/NPL/A0105/02/1250G,PRINTED LID - HIGHFIELD VP LID 590mm x 390mm x 148,Labour,Folder Gluer,,0,30,FOLDER GLUER,FOLDER GLUER,101 Folder Gluer Operator,101 Folder Gluer Operator,,,1,10,4.480199,4.480199,,,,135.43,135.43,30.22857,0,45.41,41.88,39.73,0,127.02,153.21,516.72,796.95
BOX001/102/NPL/A0105/02/1250G,PRINTED LID - HIGHFIELD VP LID 590mm x 390mm x 148,Machine,Folder Gluer,Fold Glue,0,30,FOLDER GLUER,FOLDER GLUER,101 Folder Gluer Domino,101 Folder Gluer Domino,,,1,10,4.480199,4.480199,,,,177.99,177.99,39.72815,0,45.41,41.88,39.73,0,127.02,153.21,516.72,796.95
BOX001/102/NPL/A0105/04/1250G,PRINTED LID - ASHDALE PTD LID 590mm x 390mm x 148mm 1250GSM,Material,,,0,0.001,,,0-102-GLUE-PVA,Cold Glue-102,Tonne,0.00187,,,,,1710,0,1710,,1710,3.1977,0,29.67,44.5,17.8,0,91.96,107.03,514.71,713.7
BOX001/102/NPL/A0105/04/1250G,PRINTED LID - ASHDALE PTD LID 590mm x 390mm x 148mm 1250GSM,Material,,,0,0.003,,,0-FACTORY/102/BANDING,BLUE BANDING 102,COIL,0.00016,,,,,29.67,0,42.82,,29.67,0.00475,0,29.67,44.5,17.8,0,91.96,107.03,514.71,713.7
BOX001/102/NPL/A0105/04/1250G,PRINTED LID - ASHDALE PTD LID 590mm x 390mm x 148mm 1250GSM,Material,,,2,0.004,,,0-FACTORY/102/EUROLAYERCARD,0-FACTORY/102/EUROLAYERCARD,1000,0.004,,,,,685,0,685,,685,2.74,0,29.67,44.5,17.8,0,91.96,107.03,514.71,713.7
BOX001/102/NPL/A0105/04/1250G,PRINTED LID - ASHDALE PTD LID 590mm x 390mm x 148mm 1250GSM,Material,,,0,0.005,,,0-FACTORY/102/STRETCHWRAP,0-FACTORY/102/STRETCHWRAP,Tonne,0.00035,,,,,2440,0,2810,,2440,0.854,0,29.67,44.5,17.8,0,91.96,107.03,514.71,713.7
BOX001/102/NPL/A0105/04/1250G,PRINTED LID - ASHDALE PTD LID 590mm x 390mm x 148mm 1250GSM,Material,,,0,0.006,,,0-FACTORY/102/TOPSHEET,0-TOPSHEET/102/1400mmX1600mm/40MU,Tonne,0.00015,,,,,1820,0,1820,,1820,0.273,0,29.67,44.5,17.8,0,91.96,107.03,514.71,713.7
BOX001/102/NPL/A0105/04/1250G,PRINTED LID - ASHDALE PTD LID 590mm x 390mm x 148mm 1250GSM,Material,,,0,0.007,,,BRD001/102/NPL/1250G/WB,BOARD 1372 x 886/WHTST / BRTKL /1250GSM,Tonne,0.759,,,,,662,0,642,,662,502.458,0,29.67,44.5,17.8,0,91.96,107.03,514.71,713.7
BOX001/102/NPL/A0105/04/1250G,PRINTED LID - ASHDALE PTD LID 590mm x 390mm x 148mm 1250GSM,Material,,,0,0.008,,,0-LARGE BINDER-1050x1250,BOARD 1250 x 1050/GRUNL / GRUNL /450GSM,1000,0.001,,,,,685,0,685,,685,0.685,0,29.67,44.5,17.8,0,91.96,107.03,514.71,713.7
BOX001/102/NPL/A0105/04/1250G,PRINTED LID - ASHDALE PTD LID 590mm x 390mm x 148mm 1250GSM,Material,,,0,0.009,,,0-Pallets/102/Euro800x1200,0-Pallets/102/Euro800x1200,1000,0.001,,,,,4500,0,5350,,4500,4.5,0,29.67,44.5,17.8,0,91.96,107.03,514.71,713.7
BOX001/102/NPL/A0105/04/1250G,PRINTED LID - ASHDALE PTD LID 590mm x 390mm x 148mm 1250GSM,Labour,Printer,,0,10,PRINT,PRINT,102 Printer Operator,102 Printer Operator,,,1,6,,6,,,,356.05,356.05,59.34167,0,29.67,44.5,17.8,0,91.96,107.03,514.71,713.7
BOX001/102/NPL/A0105/04/1250G,PRINTED LID - ASHDALE PTD LID 590mm x 390mm x 148mm 1250GSM,Machine,Printer,Print,0,10,PRINT,PRINT,102 Printer DERI,221 DERITEND,,,1,6,,6,,,,177.99,177.99,29.665,0,29.67,44.5,17.8,0,91.96,107.03,514.71,713.7
BOX001/102/NPL/A0105/04/1250G,PRINTED LID - ASHDALE PTD LID 590mm x 390mm x 148mm 1250GSM,Labour,Diecutter,,0,20,DIE CUTTING,DIE CUTTING,102 Die Cutter Operator,102 Die Cutter Operator,,,1,4,,4,,,,136.57,136.57,34.1425,0,29.67,44.5,17.8,0,91.96,107.03,514.71,713.7
BOX001/102/NPL/A0105/04/1250G,PRINTED LID - ASHDALE PTD LID 590mm x 390mm x 148mm 1250GSM,Machine,Diecutter,Die Cut,0,20,DIE CUTTING,DIE CUTTING,102 Die Cutter #1,331 130E,,,1,4,,4,,,,177.99,177.99,44.4975,0,29.67,44.5,17.8,0,91.96,107.03,514.71,713.7
BOX001/102/NPL/A0105/04/1250G,PRINTED LID - ASHDALE PTD LID 590mm x 390mm x 148mm 1250GSM,Labour,Folder Gluer,,0,30,FOLDER GLUER,FOLDER GLUER,102 Folder Gluer Operator,102 Folder Gluer Operator,,,1,10,,10,,,,135.43,135.43,13.543,0,29.67,44.5,17.8,0,91.96,107.03,514.71,713.7
BOX001/102/NPL/A0105/04/1250G,PRINTED LID - ASHDALE PTD LID 590mm x 390mm x 148mm 1250GSM,Machine,Folder Gluer,Fold Glue,0,30,FOLDER GLUER,FOLDER GLUER,102 Folder Gluer #1,552 TRIM1,,,1,10,,10,,,,177.99,177.99,17.799,0,29.67,44.5,17.8,0,91.96,107.03,514.71,713.7
BOX001/102/NPL/D0004/01/950G,BOX001/103/NPL/D9999/06/950G,Material,,,0,1,,,0-FACTORY/101/BANDING/01,Factory Banding 101,COIL,0.03,,,,,41.39,0,36.2,,41.39,1.2417,0,14.83,44.5,17.8,0,77.13,77.36,461.11,615.6
BOX001/102/NPL/D0004/01/950G,BOX001/103/NPL/D9999/06/950G,Material,,,0,2,,,0-FACTORY/101/LAYERCARD,Factory Layercard 101 Testliner 150GSM 1100x930,1000,0.004,,,,,187,0,210,,187,0.748,0,14.83,44.5,17.8,0,77.13,77.36,461.11,615.6
BOX001/102/NPL/D0004/01/950G,BOX001/103/NPL/D9999/06/950G,Material,,,0,3,,,0-FACTORY/101/STRETCHWRAP,STRETCHWRAP,Tonne,0.0001,,,,,2440,0,2440,,2440,0.244,0,14.83,44.5,17.8,0,77.13,77.36,461.11,615.6
BOX001/102/NPL/D0004/01/950G,BOX001/103/NPL/D9999/06/950G,Material,,,0,4,,,0-PALLETS/101/Std1000x1200,Pallet 1000x1200 101,1000,0.001,,,,,4750,0,4750,,4750,4.75,0,14.83,44.5,17.8,0,77.13,77.36,461.11,615.6
BOX001/102/NPL/D0004/01/950G,BOX001/103/NPL/D9999/06/950G,Material,,,0,5,,,0-TOPSHEET/101/1500mmx50UMS,Topsheet 101,Tonne,0.001,,,,,2347,0,1820,,2347,2.347,0,14.83,44.5,17.8,0,77.13,77.36,461.11,615.6
BOX001/102/NPL/D0004/01/950G,BOX001/103/NPL/D9999/06/950G,Material,,,2,6,,,BRD001/NPL/D0004/01/950G/WB,PRINTED BRD - EURO LID NP CC DB SELECT BEEF 585x385x150,1000 Sheet,0.5,,,,,,0,,,887.0605,443.53025,0,14.83,44.5,17.8,0,77.13,77.36,461.11,615.6
BOX001/102/NPL/D0004/01/950G,BOX001/103/NPL/D9999/06/950G,Rolled Child,,,2,6.001,,,BRD001/NPL/D0004/01/950G/WB,Rolled Up Child Material,1000 Sheet,0.5,,,,,,,,,887.0605,443.53025,1,14.83,44.5,17.8,0,77.13,77.36,461.11,615.6
BOX001/102/NPL/D0004/01/950G,BOX001/103/NPL/D9999/06/950G,Rolled Child,,,2,6.002,,,BRD001/NPL/D0004/01/950G/WB,Rolled Up Child Labour,1000 Sheet,0.5,,,,,,,,,59.34167,29.67084,1,14.83,44.5,17.8,0,77.13,77.36,461.11,615.6
BOX001/102/NPL/D0004/01/950G,BOX001/103/NPL/D9999/06/950G,Rolled Child,Printer,Print,2,6.003,,,BRD001/NPL/D0004/01/950G/WB,Rolled Up Child Print Machine,1000 Sheet,0.5,,,,,,,,,29.665,14.8325,1,14.83,44.5,17.8,0,77.13,77.36,461.11,615.6
BOX001/102/NPL/D0004/01/950G,BOX001/103/NPL/D9999/06/950G,Material,,,0,7,,,PLASTOMELT9799,PLASTOMELT9799,Tonne,0.003,,,,,2750,0,2518.65105,,2750,8.25,0,14.83,44.5,17.8,0,77.13,77.36,461.11,615.6
BOX001/102/NPL/D0004/01/950G,BOX001/103/NPL/D9999/06/950G,Labour,Diecutter,,0,10,DIE CUTTING,DIE CUTTING,101 Die Cutter Operator,101 Die Cutter Operator,,,1,4,,4,,,,136.57,136.57,34.1425,0,14.83,44.5,17.8,0,77.13,77.36,461.11,615.6
BOX001/102/NPL/D0004/01/950G,BOX001/103/NPL/D9999/06/950G,Machine,Diecutter,Die Cut,0,10,DIE CUTTING,DIE CUTTING,101 Die Cutter #1,101 Die Cutter #1,,,1,4,,4,,,,177.99,177.99,44.4975,0,14.83,44.5,17.8,0,77.13,77.36,461.11,615.6
BOX001/102/NPL/D0004/01/950G,BOX001/103/NPL/D9999/06/950G,Labour,Folder Gluer,,0,20,FOLDER GLUER,FOLDER GLUER,101 Folder Gluer Operator,101 Folder Gluer Operator,,,1,10,,10,,,,135.43,135.43,13.543,0,14.83,44.5,17.8,0,77.13,77.36,461.11,615.6
BOX001/102/NPL/D0004/01/950G,BOX001/103/NPL/D9999/06/950G,Machine,Folder Gluer,Fold Glue,0,20,FOLDER GLUER,FOLDER GLUER,101 Folder Gluer Domino,101 Folder Gluer Domino,,,1,10,,10,,,,177.99,177.99,17.799,0,14.83,44.5,17.8,0,77.13,77.36,461.11,615.6
BOX001/102/NPL/D9999/01/1000G,PRINTED LID -STD LID CALEDONIAN CROWN SB  583x385x,Material,,,0,1,,,0-102-GLUE-PVA,Cold Glue-102,Tonne,0.00187,,,,,1710,0,1710,,1710,3.1977,0,14.83,0,0,0,14.83,29.67,454.62,499.12
BOX001/102/NPL/D9999/01/1000G,PRINTED LID -STD LID CALEDONIAN CROWN SB  583x385x,Material,,,0,2,,,0-FACTORY/102/BANDING,BLUE BANDING 102,COIL,9e-05,,,,,29.67,0,42.82,,29.67,0.00267,0,14.83,0,0,0,14.83,29.67,454.62,499.12
BOX001/102/NPL/D9999/01/1000G,PRINTED LID -STD LID CALEDONIAN CROWN SB  583x385x,Material,,,2,3,,,0-FACTORY/102/EUROLAYERCARD,0-FACTORY/102/EUROLAYERCARD,1000,0.00268,,,,,685,0,685,,685,1.8358,0,14.83,0,0,0,14.83,29.67,454.62,499.12
BOX001/102/NPL/D9999/01/1000G,PRINTED LID -STD LID CALEDONIAN CROWN SB  583x385x,Material,,,0,4,,,0-FACTORY/102/STRETCHWRAP,0-FACTORY/102/STRETCHWRAP,Tonne,0.00032,,,,,2440,0,2810,,2440,0.7808,0,14.83,0,0,0,14.83,29.67,454.62,499.12
BOX001/102/NPL/D9999/01/1000G,PRINTED LID -STD LID CALEDONIAN CROWN SB  583x385x,Material,,,0,5,,,0-FACTORY/102/TOPSHEET,0-TOPSHEET/102/1400mmX1600mm/40MU,Tonne,0.00014,,,,,1820,0,1820,,1820,0.2548,0,14.83,0,0,0,14.83,29.67,454.62,499.12
BOX001/102/NPL/D9999/01/1000G,PRINTED LID -STD LID CALEDONIAN CROWN SB  583x385x,Material,,,0,6,,,0-LARGE BINDER-1050x1250,BOARD 1250 x 1050/GRUNL / GRUNL /450GSM,1000,0.00089,,,,,685,0,685,,685,0.60965,0,14.83,0,0,0,14.83,29.67,454.62,499.12
BOX001/102/NPL/D9999/01/1000G,PRINTED LID -STD LID CALEDONIAN CROWN SB  583x385x,Material,,,0,7,,,0-Pallets/102/Std1000x1200,0-Pallets/102/Std1000x1200,1000,0.00089,,,,,4950,0,5250,,4950,4.4055,0,14.83,0,0,0,14.83,29.67,454.62,499.12
BOX001/102/NPL/D9999/01/1000G,PRINTED LID -STD LID CALEDONIAN CROWN SB  583x385x,Material,,,2,8,,,BRD001/NPL/D9999/01/1000G/WW,PRINTED BOARD FOR LID -STD LID CALEDONIAN CROWN 583x385x156,1000 Sheet,0.5,,,,,,0,,,887.0665,443.53325,0,14.83,0,0,0,14.83,29.67,454.62,499.12
BOX001/102/NPL/D9999/01/1000G,PRINTED LID -STD LID CALEDONIAN CROWN SB  583x385x,Rolled Child,,,2,8.001,,,BRD001/NPL/D9999/01/1000G/WW,Rolled Up Child Material,1000 Sheet,0.5,,,,,,,,,887.0665,443.53325,1,14.83,0,0,0,14.83,29.67,454.62,499.12
BOX001/102/NPL/D9999/01/1000G,PRINTED LID -STD LID CALEDONIAN CROWN SB  583x385x,Rolled Child,,,2,8.002,,,BRD001/NPL/D9999/01/1000G/WW,Rolled Up Child Labour,1000 Sheet,0.5,,,,,,,,,59.34167,29.67084,1,14.83,0,0,0,14.83,29.67,454.62,499.12
BOX001/102/NPL/D9999/01/1000G,PRINTED LID -STD LID CALEDONIAN CROWN SB  583x385x,Rolled Child,Printer,Print,2,8.003,,,BRD001/NPL/D9999/01/1000G/WW,Rolled Up Child Print Machine,1000 Sheet,0.5,,,,,,,,,29.665,14.8325,1,14.83,0,0,0,14.83,29.67,454.62,499.12
BOX001/102/NPL/D9999/04/1000G,BOX060/103/NPL/D9999/03/1000G,Material,,,0,1,,,0-FACTORY/102/BANDING,BLUE BANDING 102,COIL,0.03,,,,,29.67,0,42.82,,29.67,0.8901,0,14.83,22.25,17.8,0,54.88,60.29,461.77,576.93
BOX001/102/NPL/D9999/04/1000G,BOX060/103/NPL/D9999/03/1000G,Material,,,0,2,,,0-FACTORY/102/STDLAYERCARD,0-FACTORY/102/STDLAYERCARD,1000,0.004,,,,,198,0,,,198,0.792,0,14.83,22.25,17.8,0,54.88,60.29,461.77,576.93
BOX001/102/NPL/D9999/04/1000G,BOX060/103/NPL/D9999/03/1000G,Material,,,0,3,,,0-FACTORY/102/TOPSHEET,0-TOPSHEET/102/1400mmX1600mm/40MU,Tonne,0.001,,,,,1820,0,1820,,1820,1.82,0,14.83,22.25,17.8,0,54.88,60.29,461.77,576.93
BOX001/102/NPL/D9999/04/1000G,BOX060/103/NPL/D9999/03/1000G,Material,,,0,4,,,0-Pallets/102/Std1000x1200,0-Pallets/102/Std1000x1200,1000,0.001,,,,,4950,0,5250,,4950,4.95,0,14.83,22.25,17.8,0,54.88,60.29,461.77,576.93
BOX001/102/NPL/D9999/04/1000G,BOX060/103/NPL/D9999/03/1000G,Material,,,2,5,,,BRD001/NPL/D9999/04/1000G/BB,PRINTED BOARD - BROWN DUNBIA STD PTD SHEET 583x385x156,Tonne,0.5,,,,,,0,,,890.127,445.0635,0,14.83,22.25,17.8,0,54.88,60.29,461.77,576.93
BOX001/102/NPL/D9999/04/1000G,BOX060/103/NPL/D9999/03/1000G,Rolled Child,,,2,5.001,,,BRD001/NPL/D9999/04/1000G/BB,Rolled Up Child Material,Tonne,0.5,,,,,,,,,890.127,445.0635,1,14.83,22.25,17.8,0,54.88,60.29,461.77,576.93
BOX001/102/NPL/D9999/04/1000G,BOX060/103/NPL/D9999/03/1000G,Rolled Child,,,2,5.002,,,BRD001/NPL/D9999/04/1000G/BB,Rolled Up Child Labour,Tonne,0.5,,,,,,,,,59.34167,29.67084,1,14.83,22.25,17.8,0,54.88,60.29,461.77,576.93
BOX001/102/NPL/D9999/04/1000G,BOX060/103/NPL/D9999/03/1000G,Rolled Child,Printer,Print,2,5.003,,,BRD001/NPL/D9999/04/1000G/BB,Rolled Up Child Print Machine,Tonne,0.5,,,,,,,,,29.665,14.8325,1,14.83,22.25,17.8,0,54.88,60.29,461.77,576.93
BOX001/102/NPL/D9999/04/1000G,BOX060/103/NPL/D9999/03/1000G,Material,,,0,6,,,PLASTOMELT9799,PLASTOMELT9799,Tonne,0.003,,,,,2750,0,2518.65105,,2750,8.25,0,14.83,22.25,17.8,0,54.88,60.29,461.77,576.93
BOX001/102/NPL/D9999/04/1000G,BOX060/103/NPL/D9999/03/1000G,Labour,Diecutter,,0,20,DIE CUTTING,DIE CUTTING,102 DIE CUTTER OPERATOR,102 Die Cutter Operator,,,1,8,,8,,,,136.57,136.57,17.07125,0,14.83,22.25,17.8,0,54.88,60.29,461.77,576.93
BOX001/102/NPL/D9999/04/1000G,BOX060/103/NPL/D9999/03/1000G,Machine,Diecutter,Die Cut,0,20,DIE CUTTING,DIE CUTTING,101 DIE CUTTER #2,101 Die Cutter #2,,,1,8,,8,,,,177.99,177.99,22.24875,0,14.83,22.25,17.8,0,54.88,60.29,461.77,576.93
BOX001/102/NPL/D9999/04/1000G,BOX060/103/NPL/D9999/03/1000G,Labour,Folder Gluer,,0,30,FOLDER GLUER,FOLDER GLUER,102 FOLDER GLUER OPERATOR,102 Folder Gluer Operator,,,1,10,,10,,,,135.43,135.43,13.543,0,14.83,22.25,17.8,0,54.88,60.29,461.77,576.93
BOX001/102/NPL/D9999/04/1000G,BOX060/103/NPL/D9999/03/1000G,Machine,Folder Gluer,Fold Glue,0,30,FOLDER GLUER,FOLDER GLUER,101 FOLDER GLUER OMEGA,101 Folder Gluer Omega,,,1,10,,10,,,,177.99,177.99,17.799,0,14.83,22.25,17.8,0,54.88,60.29,461.77,576.93
BOX001/102/NPL/D9999/10/950G,BOX001/103/NPL/D9999/10/950G,Material,,,0,1,,,0-FACTORY/102/BANDING,BLUE BANDING 102,COIL,0.03,,,,,29.67,0,42.82,,29.67,0.8901,0,14.83,22.25,17.8,0,54.88,60.29,462.13,577.3
BOX001/102/NPL/D9999/10/950G,BOX001/103/NPL/D9999/10/950G,Material,,,0,2,,,0-FACTORY/102/STDLAYERCARD,0-FACTORY/102/STDLAYERCARD,1000,0.004,,,,,198,0,,,198,0.792,0,14.83,22.25,17.8,0,54.88,60.29,462.13,577.3
BOX001/102/NPL/D9999/10/950G,BOX001/103/NPL/D9999/10/950G,Material,,,0,3,,,0-FACTORY/102/TOPSHEET,0-TOPSHEET/102/1400mmX1600mm/40MU,Tonne,0.001,,,,,1820,0,1820,,1820,1.82,0,14.83,22.25,17.8,0,54.88,60.29,462.13,577.3
BOX001/102/NPL/D9999/10/950G,BOX001/103/NPL/D9999/10/950G,Material,,,0,4,,,0-Pallets/102/Std1000x1200,0-Pallets/102/Std1000x1200,1000,0.001,,,,,4950,0,5250,,4950,4.95,0,14.83,22.25,17.8,0,54.88,60.29,462.13,577.3
BOX001/102/NPL/D9999/10/950G,BOX001/103/NPL/D9999/10/950G,Material,,,2,5,,,BRD001/NPL/D9999/10/950G/WW,PRINTED BOARD -EURO LID GREEN PASTURES NO POLY 950G NW/WK,1000,0.5,,,,,,0,,,890.8607,445.43035,0,14.83,22.25,17.8,0,54.88,60.29,462.13,577.3
BOX001/102/NPL/D9999/10/950G,BOX001/103/NPL/D9999/10/950G,Rolled Child,,,2,5.001,,,BRD001/NPL/D9999/10/950G/WW,Rolled Up Child Material,1000,0.5,,,,,,,,,890.8607,445.43035,1,14.83,22.25,17.8,0,54.88,60.29,462.13,577.3
BOX001/102/NPL/D9999/10/950G,BOX001/103/NPL/D9999/10/950G,Rolled Child,,,2,5.002,,,BRD001/NPL/D9999/10/950G/WW,Rolled Up Child Labour,1000,0.5,,,,,,,,,59.34167,29.67084,1,14.83,22.25,17.8,0,54.88,60.29,462.13,577.3
BOX001/102/NPL/D9999/10/950G,BOX001/103/NPL/D9999/10/950G,Rolled Child,Printer,Print,2,5.003,,,BRD001/NPL/D9999/10/950G/WW,Rolled Up Child Print Machine,1000,0.5,,,,,,,,,29.665,14.8325,1,14.83,22.25,17.8,0,54.88,60.29,462.13,577.3
BOX001/102/NPL/D9999/10/950G,BOX001/103/NPL/D9999/10/950G,Material,,,0,6,,,PLASTOMELT9799,PLASTOMELT9799,Tonne,0.003,,,,,2750,0,2518.65105,,2750,8.25,0,14.83,22.25,17.8,0,54.88,60.29,462.13,577.3
BOX001/102/NPL/D9999/10/950G,BOX001/103/NPL/D9999/10/950G,Labour,Diecutter,,0,20,DIE CUTTING,DIE CUTTING,102 DIE CUTTER OPERATOR,102 Die Cutter Operator,,,1,8,,8,,,,136.57,136.57,17.07125,0,14.83,22.25,17.8,0,54.88,60.29,462.13,577.3
BOX001/102/NPL/D9999/10/950G,BOX001/103/NPL/D9999/10/950G,Machine,Diecutter,Die Cut,0,20,DIE CUTTING,DIE CUTTING,102 DIE CUTTER #1,331 130E,,,1,8,,8,,,,177.99,177.99,22.24875,0,14.83,22.25,17.8,0,54.88,60.29,462.13,577.3
BOX001/102/NPL/D9999/10/950G,BOX001/103/NPL/D9999/10/950G,Labour,Folder Gluer,,0,30,FOLDER GLUER,FOLDER GLUER,102 FOLDER GLUER OPERATOR,102 Folder Gluer Operator,,,1,10,,10,,,,135.43,135.43,13.543,0,14.83,22.25,17.8,0,54.88,60.29,462.13,577.3
BOX001/102/NPL/D9999/10/950G,BOX001/103/NPL/D9999/10/950G,Machine,Folder Gluer,Fold Glue,0,30,FOLDER GLUER,FOLDER GLUER,102 FOLDER GLUER #1,552 TRIM1,,,1,10,,10,,,,177.99,177.99,17.799,0,14.83,22.25,17.8,0,54.88,60.29,462.13,577.3
BOX001/102/NPL/D9999/11/950G,BOX001/103/NPL/D9999/11/950G,Material,,,0,1,,,0-FACTORY/102/BANDING,BLUE BANDING 102,COIL,0.03,,,,,29.67,0,42.82,,29.67,0.8901,0,14.83,22.25,17.8,0,54.88,60.29,464.58,579.74
BOX001/102/NPL/D9999/11/950G,BOX001/103/NPL/D9999/11/950G,Material,,,0,2,,,0-FACTORY/102/STDLAYERCARD,0-FACTORY/102/STDLAYERCARD,1000,0.004,,,,,198,0,,,198,0.792,0,14.83,22.25,17.8,0,54.88,60.29,464.58,579.74
BOX001/102/NPL/D9999/11/950G,BOX001/103/NPL/D9999/11/950G,Material,,,0,3,,,0-FACTORY/102/TOPSHEET,0-TOPSHEET/102/1400mmX1600mm/40MU,Tonne,0.001,,,,,1820,0,1820,,1820,1.82,0,14.83,22.25,17.8,0,54.88,60.29,464.58,579.74
BOX001/102/NPL/D9999/11/950G,BOX001/103/NPL/D9999/11/950G,Material,,,0,4,,,0-Pallets/102/Std1000x1200,0-Pallets/102/Std1000x1200,1000,0.001,,,,,4950,0,5250,,4950,4.95,0,14.83,22.25,17.8,0,54.88,60.29,464.58,579.74
BOX001/102/NPL/D9999/11/950G,BOX001/103/NPL/D9999/11/950G,Material,,,2,5,,,BRD001/NPL/D9999/11/950G/WW,PRINTED BOARD - EURO LID PURE NATURE NO POLY 950G NW/WK,1000,0.5,,,,,,0,,,895.7524,447.8762,0,14.83,22.25,17.8,0,54.88,60.29,464.58,579.74
BOX001/102/NPL/D9999/11/950G,BOX001/103/NPL/D9999/11/950G,Rolled Child,,,2,5.001,,,BRD001/NPL/D9999/11/950G/WW,Rolled Up Child Material,1000,0.5,,,,,,,,,895.7524,447.8762,1,14.83,22.25,17.8,0,54.88,60.29,464.58,579.74
BOX001/102/NPL/D9999/11/950G,BOX001/103/NPL/D9999/11/950G,Rolled Child,,,2,5.002,,,BRD001/NPL/D9999/11/950G/WW,Rolled Up Child Labour,1000,0.5,,,,,,,,,59.34167,29.67084,1,14.83,22.25,17.8,0,54.88,60.29,464.58,579.74
BOX001/102/NPL/D9999/11/950G,BOX001/103/NPL/D9999/11/950G,Rolled Child,Printer,Print,2,5.003,,,BRD001/NPL/D9999/11/950G/WW,Rolled Up Child Print Machine,1000,0.5,,,,,,,,,29.665,14.8325,1,14.83,22.25,17.8,0,54.88,60.29,464.58,579.74
BOX001/102/NPL/D9999/11/950G,BOX001/103/NPL/D9999/11/950G,Material,,,0,6,,,PLASTOMELT9799,PLASTOMELT9799,Tonne,0.003,,,,,2750,0,2518.65105,,2750,8.25,0,14.83,22.25,17.8,0,54.88,60.29,464.58,579.74
BOX001/102/NPL/D9999/11/950G,BOX001/103/NPL/D9999/11/950G,Labour,Diecutter,,0,20,DIE CUTTING,DIE CUTTING,102 DIE CUTTER OPERATOR,102 Die Cutter Operator,,,1,8,,8,,,,136.57,136.57,17.07125,0,14.83,22.25,17.8,0,54.88,60.29,464.58,579.74
BOX001/102/NPL/D9999/11/950G,BOX001/103/NPL/D9999/11/950G,Machine,Diecutter,Die Cut,0,20,DIE CUTTING,DIE CUTTING,102 DIE CUTTER #1,331 130E,,,1,8,,8,,,,177.99,177.99,22.24875,0,14.83,22.25,17.8,0,54.88,60.29,464.58,579.74
BOX001/102/NPL/D9999/11/950G,BOX001/103/NPL/D9999/11/950G,Labour,Folder Gluer,,0,30,FOLDER GLUER,FOLDER GLUER,102 FOLDER GLUER OPERATOR,102 Folder Gluer Operator,,,1,10,,10,,,,135.43,135.43,13.543,0,14.83,22.25,17.8,0,54.88,60.29,464.58,579.74
BOX001/102/NPL/D9999/11/950G,BOX001/103/NPL/D9999/11/950G,Machine,Folder Gluer,Fold Glue,0,30,FOLDER GLUER,FOLDER GLUER,102 FOLDER GLUER #1,552 TRIM1,,,1,10,,10,,,,177.99,177.99,17.799,0,14.83,22.25,17.8,0,54.88,60.29,464.58,579.74
BOX001/102/NPL/D9999/14/1000G,BOX001/103/NPL/D9999/14/1000G,Material,,,0,1,,,0-FACTORY/102/BANDING,BLUE BANDING 102,COIL,0.03,,,,,29.67,0,42.82,,29.67,0.8901,0,14.83,44.5,35.6,0,94.93,90.9,460.68,646.51
BOX001/102/NPL/D9999/14/1000G,BOX001/103/NPL/D9999/14/1000G,Material,,,0,2,,,0-FACTORY/102/STDLAYERCARD,0-FACTORY/102/STDLAYERCARD,1000,0.004,,,,,198,0,,,198,0.792,0,14.83,44.5,35.6,0,94.93,90.9,460.68,646.51
BOX001/102/NPL/D9999/14/1000G,BOX001/103/NPL/D9999/14/1000G,Material,,,0,3,,,0-FACTORY/102/TOPSHEET,0-TOPSHEET/102/1400mmX1600mm/40MU,Tonne,0.001,,,,,1820,0,1820,,1820,1.82,0,14.83,44.5,35.6,0,94.93,90.9,460.68,646.51
BOX001/102/NPL/D9999/14/1000G,BOX001/103/NPL/D9999/14/1000G,Material,,,0,4,,,0-Pallets/102/Std1000x1200,0-Pallets/102/Std1000x1200,1000,0.001,,,,,4950,0,5250,,4950,4.95,0,14.83,44.5,35.6,0,94.93,90.9,460.68,646.51
BOX001/102/NPL/D9999/14/1000G,BOX001/103/NPL/D9999/14/1000G,Material,,,2,5,,,BRD001/NPL/D9999/14/1000G/WW,PRINTED BOARD - STD LID BLACK ANGUS NO POLY 1000G,1000 Sheet,0.5,,,,,,0,,,887.956,443.978,0,14.83,44.5,35.6,0,94.93,90.9,460.68,646.51
BOX001/102/NPL/D9999/14/1000G,BOX001/103/NPL/D9999/14/1000G,Rolled Child,,,2,5.001,,,BRD001/NPL/D9999/14/1000G/WW,Rolled Up Child Material,1000 Sheet,0.5,,,,,,,,,887.956,443.978,1,14.83,44.5,35.6,0,94.93,90.9,460.68,646.51
BOX001/102/NPL/D9999/14/1000G,BOX001/103/NPL/D9999/14/1000G,Rolled Child,,,2,5.002,,,BRD001/NPL/D9999/14/1000G/WW,Rolled Up Child Labour,1000 Sheet,0.5,,,,,,,,,59.34167,29.67084,1,14.83,44.5,35.6,0,94.93,90.9,460.68,646.51
BOX001/102/NPL/D9999/14/1000G,BOX001/103/NPL/D9999/14/1000G,Rolled Child,Printer,Print,2,5.003,,,BRD001/NPL/D9999/14/1000G/WW,Rolled Up Child Print Machine,1000 Sheet,0.5,,,,,,,,,29.665,14.8325,1,14.83,44.5,35.6,0,94.93,90.9,460.68,646.51
BOX001/102/NPL/D9999/14/1000G,BOX001/103/NPL/D9999/14/1000G,Material,,,0,6,,,PLASTOMELT9799,PLASTOMELT9799,Tonne,0.003,,,,,2750,0,2518.65105,,2750,8.25,0,14.83,44.5,35.6,0,94.93,90.9,460.68,646.51
BOX001/102/NPL/D9999/14/1000G,BOX001/103/NPL/D9999/14/1000G,Labour,Diecutter,,0,20,DIE CUTTING,DIE CUTTING,102 DIE CUTTER OPERATOR,102 Die Cutter Operator,,,1,8,,8,,,,136.57,136.57,17.07125,0,14.83,44.5,35.6,0,94.93,90.9,460.68,646.51
BOX001/102/NPL/D9999/14/1000G,BOX001/103/NPL/D9999/14/1000G,Labour,Diecutter,,0,20,DIE CUTTING,DIE CUTTING,102 DIE CUTTER OPERATOR,102 Die Cutter Operator,,,1,8,,8,,,,136.57,136.57,17.07125,0,14.83,44.5,35.6,0,94.93,90.9,460.68,646.51
BOX001/102/NPL/D9999/14/1000G,BOX001/103/NPL/D9999/14/1000G,Machine,Diecutter,Die Cut,0,20,DIE CUTTING,DIE CUTTING,102 DIE CUTTER #1,331 130E,,,1,8,,8,,,,177.99,177.99,22.24875,0,14.83,44.5,35.6,0,94.93,90.9,460.68,646.51
BOX001/102/NPL/D9999/14/1000G,BOX001/103/NPL/D9999/14/1000G,Machine,Diecutter,Die Cut,0,20,DIE CUTTING,DIE CUTTING,102 DIE CUTTER #1,331 130E,,,1,8,,8,,,,177.99,177.99,22.24875,0,14.83,44.5,35.6,0,94.93,90.9,460.68,646.51
BOX001/102/NPL/D9999/14/1000G,BOX001/103/NPL/D9999/14/1000G,Labour,Folder Gluer,,0,30,FOLDER GLUER,FOLDER GLUER,102 FOLDER GLUER OPERATOR,102 Folder Gluer Operator,,,1,10,,10,,,,135.43,135.43,13.543,0,14.83,44.5,35.6,0,94.93,90.9,460.68,646.51
BOX001/102/NPL/D9999/14/1000G,BOX001/103/NPL/D9999/14/1000G,Labour,Folder Gluer,,0,30,FOLDER GLUER,FOLDER GLUER,102 FOLDER GLUER OPERATOR,102 Folder Gluer Operator,,,1,10,,10,,,,135.43,135.43,13.543,0,14.83,44.5,35.6,0,94.93,90.9,460.68,646.51
BOX001/102/NPL/D9999/14/1000G,BOX001/103/NPL/D9999/14/1000G,Machine,Folder Gluer,Fold Glue,0,30,FOLDER GLUER,FOLDER GLUER,102 FOLDER GLUER #1,552 TRIM1,,,1,10,,10,,,,177.99,177.99,17.799,0,14.83,44.5,35.6,0,94.93,90.9,460.68,646.51
BOX001/102/NPL/D9999/14/1000G,BOX001/103/NPL/D9999/14/1000G,Machine,Folder Gluer,Fold Glue,0,30,FOLDER GLUER,FOLDER GLUER,102 FOLDER GLUER #1,552 TRIM1,,,1,10,,10,,,,177.99,177.99,17.799,0,14.83,44.5,35.6,0,94.93,90.9,460.68,646.51
BOX001/102/NPL/D9999/26/1000G,BOX001/103/NPL/D9999/26/1000G,Material,,,0,1,,,0-FACTORY/102/BANDING,BLUE BANDING 102,COIL,0.03,,,,,29.67,0,42.82,,29.67,0.8901,0,44.5,22.25,17.8,0,84.55,119.63,463.23,667.4
BOX001/102/NPL/D9999/26/1000G,BOX001/103/NPL/D9999/26/1000G,Material,,,0,2,,,0-FACTORY/102/STDLAYERCARD,0-FACTORY/102/STDLAYERCARD,1000,0.004,,,,,198,0,,,198,0.792,0,44.5,22.25,17.8,0,84.55,119.63,463.23,667.4
BOX001/102/NPL/D9999/26/1000G,BOX001/103/NPL/D9999/26/1000G,Material,,,0,3,,,0-FACTORY/102/TOPSHEET,0-TOPSHEET/102/1400mmX1600mm/40MU,Tonne,0.001,,,,,1820,0,1820,,1820,1.82,0,44.5,22.25,17.8,0,84.55,119.63,463.23,667.4
BOX001/102/NPL/D9999/26/1000G,BOX001/103/NPL/D9999/26/1000G,Material,,,0,4,,,0-Pallets/102/Std1000x1200,0-Pallets/102/Std1000x1200,1000,0.001,,,,,4950,0,5250,,4950,4.95,0,44.5,22.25,17.8,0,84.55,119.63,463.23,667.4
BOX001/102/NPL/D9999/26/1000G,BOX001/103/NPL/D9999/26/1000G,Material,,,2,5,,,BRD001/NPL/D9999/26/1000G/WW,PRINTED BRD-STD LID NATURES MEADOW BLUE NP 583x385x156 1000G,1000 Sheet,0.5,,,,,,0,,,893.0605,446.53025,0,44.5,22.25,17.8,0,84.55,119.63,463.23,667.4
BOX001/102/NPL/D9999/26/1000G,BOX001/103/NPL/D9999/26/1000G,Rolled Child,,,2,5.001,,,BRD001/NPL/D9999/26/1000G/WW,Rolled Up Child Material,1000 Sheet,0.5,,,,,,,,,893.0605,446.53025,1,44.5,22.25,17.8,0,84.55,119.63,463.23,667.4
BOX001/102/NPL/D9999/26/1000G,BOX001/103/NPL/D9999/26/1000G,Rolled Child,,,2,5.002,,,BRD001/NPL/D9999/26/1000G/WW,Rolled Up Child Labour,1000 Sheet,0.5,,,,,,,,,59.34167,29.67084,1,44.5,22.25,17.8,0,84.55,119.63,463.23,667.4
BOX001/102/NPL/D9999/26/1000G,BOX001/103/NPL/D9999/26/1000G,Rolled Child,Printer,Print,2,5.003,,,BRD001/NPL/D9999/26/1000G/WW,Rolled Up Child Print Machine,1000 Sheet,0.5,,,,,,,,,29.665,14.8325,1,44.5,22.25,17.8,0,84.55,119.63,463.23,667.4
BOX001/102/NPL/D9999/26/1000G,BOX001/103/NPL/D9999/26/1000G,Material,,,0,6,,,PLASTOMELT9799,PLASTOMELT9799,Tonne,0.003,,,,,2750,0,2518.65105,,2750,8.25,0,44.5,22.25,17.8,0,84.55,119.63,463.23,667.4
BOX001/102/NPL/D9999/26/1000G,BOX001/103/NPL/D9999/26/1000G,Labour,Printer,,0,10,PRINT,PRINT,102 PRINTER OPERATOR,102 Printer Operator,,,1,6,,6,,,,356.05,356.05,59.34167,0,44.5,22.25,17.8,0,84.55,119.63,463.23,667.4
BOX001/102/NPL/D9999/26/1000G,BOX001/103/NPL/D9999/26/1000G,Machine,Printer,Print,0,10,PRINT,PRINT,102 PRINTER DERI,221 DERITEND,,,1,6,,6,,,,177.99,177.99,29.665,0,44.5,22.25,17.8,0,84.55,119.63,463.23,667.4
BOX001/102/NPL/D9999/26/1000G,BOX001/103/NPL/D9999/26/1000G,Labour,Diecutter,,0,20,DIE CUTTING,DIE CUTTING,102 DIE CUTTER OPERATOR,102 Die Cutter Operator,,,1,8,,8,,,,136.57,136.57,17.07125,0,44.5,22.25,17.8,0,84.55,119.63,463.23,667.4
BOX001/102/NPL/D9999/26/1000G,BOX001/103/NPL/D9999/26/1000G,Machine,Diecutter,Die Cut,0,20,DIE CUTTING,DIE CUTTING,102 DIE CUTTER #1,331 130E,,,1,8,,8,,,,177.99,177.99,22.24875,0,44.5,22.25,17.8,0,84.55,119.63,463.23,667.4
BOX001/102/NPL/D9999/26/1000G,BOX001/103/NPL/D9999/26/1000G,Labour,Folder Gluer,,0,30,FOLDER GLUER,FOLDER GLUER,102 FOLDER GLUER OPERATOR,102 Folder Gluer Operator,,,1,10,,10,,,,135.43,135.43,13.543,0,44.5,22.25,17.8,0,84.55,119.63,463.23,667.4
BOX001/102/NPL/D9999/26/1000G,BOX001/103/NPL/D9999/26/1000G,Machine,Folder Gluer,Fold Glue,0,30,FOLDER GLUER,FOLDER GLUER,102 FOLDER GLUER #1,552 TRIM1,,,1,10,,10,,,,177.99,177.99,17.799,0,44.5,22.25,17.8,0,84.55,119.63,463.23,667.4
BOX001/102/NPL/D9999/29/1000G,BOX001/103/NPL/D9999/29/1000G,Material,,,0,1,,,0-FACTORY/102/BANDING,BLUE BANDING 102,COIL,0.03,,,,,29.67,0,42.82,,29.67,0.8901,0,29.67,22.25,17.8,0,69.71,89.96,457.1,616.77
BOX001/102/NPL/D9999/29/1000G,BOX001/103/NPL/D9999/29/1000G,Material,,,0,2,,,0-FACTORY/102/STDLAYERCARD,0-FACTORY/102/STDLAYERCARD,1000,0.004,,,,,198,0,,,198,0.792,0,29.67,22.25,17.8,0,69.71,89.96,457.1,616.77
BOX001/102/NPL/D9999/29/1000G,BOX001/103/NPL/D9999/29/1000G,Material,,,0,3,,,0-FACTORY/102/TOPSHEET,0-TOPSHEET/102/1400mmX1600mm/40MU,Tonne,0.001,,,,,1820,0,1820,,1820,1.82,0,29.67,22.25,17.8,0,69.71,89.96,457.1,616.77
BOX001/102/NPL/D9999/29/1000G,BOX001/103/NPL/D9999/29/1000G,Material,,,0,4,,,0-Pallets/102/Std1000x1200,0-Pallets/102/Std1000x1200,1000,0.001,,,,,4950,0,5250,,4950,4.95,0,29.67,22.25,17.8,0,69.71,89.96,457.1,616.77
BOX001/102/NPL/D9999/29/1000G,BOX001/103/NPL/D9999/29/1000G,Material,,,0,5,,,BRD001/103/NPL/1000G/WW,BOARD1410x920/WCC/NW/WK/1000GSM,Tonne,0.6238,,,,,706,0,698,,706,440.4028,0,29.67,22.25,17.8,0,69.71,89.96,457.1,616.77
BOX001/102/NPL/D9999/29/1000G,BOX001/103/NPL/D9999/29/1000G,Material,,,0,6,,,PLASTOMELT9799,PLASTOMELT9799,Tonne,0.003,,,,,2750,0,2518.65105,,2750,8.25,0,29.67,22.25,17.8,0,69.71,89.96,457.1,616.77
BOX001/102/NPL/D9999/29/1000G,BOX001/103/NPL/D9999/29/1000G,Labour,Printer,,0,10,PRINT,PRINT,101 PRINTER OPERATOR,101 Printer Operator,,,1,6,,6,,,,356.05,356.05,59.34167,0,29.67,22.25,17.8,0,69.71,89.96,457.1,616.77
BOX001/102/NPL/D9999/29/1000G,BOX001/103/NPL/D9999/29/1000G,Machine,Printer,Print,0,10,PRINT,PRINT,101 KBA,101 KBA,,,1,6,,6,,,,177.99,177.99,29.665,0,29.67,22.25,17.8,0,69.71,89.96,457.1,616.77
BOX001/102/NPL/D9999/29/1000G,BOX001/103/NPL/D9999/29/1000G,Labour,Diecutter,,0,20,DIE CUTTING,DIE CUTTING,101 DIE CUTTER OPERATOR,101 Die Cutter Operator,,,1,8,,8,,,,136.57,136.57,17.07125,0,29.67,22.25,17.8,0,69.71,89.96,457.1,616.77
BOX001/102/NPL/D9999/29/1000G,BOX001/103/NPL/D9999/29/1000G,Machine,Diecutter,Die Cut,0,20,DIE CUTTING,DIE CUTTING,101 DIE CUTTER #1,101 Die Cutter #1,,,1,8,,8,,,,177.99,177.99,22.24875,0,29.67,22.25,17.8,0,69.71,89.96,457.1,616.77
BOX001/102/NPL/D9999/29/1000G,BOX001/103/NPL/D9999/29/1000G,Labour,Folder Gluer,,0,30,FOLDER GLUER,FOLDER GLUER,101 FOLDER GLUER OPERATOR,101 Folder Gluer Operator,,,1,10,,10,,,,135.43,135.43,13.543,0,29.67,22.25,17.8,0,69.71,89.96,457.1,616.77
BOX001/102/NPL/D9999/29/1000G,BOX001/103/NPL/D9999/29/1000G,Machine,Folder Gluer,Fold Glue,0,30,FOLDER GLUER,FOLDER GLUER,101 FOLDER GLUER OMEGA,101 Folder Gluer Omega,,,1,10,,10,,,,177.99,177.99,17.799,0,29.67,22.25,17.8,0,69.71,89.96,457.1,616.77
BOX001/102/NPL/D9999/30/1000G,BOX001/103/NPL/D9999/30/1000G,Material,,,0,1,,,0-FACTORY/102/BANDING,BLUE BANDING 102,COIL,0.03,,,,,29.67,0,42.82,,29.67,0.8901,0,14.83,22.25,17.8,0,54.88,60.29,445.07,560.24
BOX001/102/NPL/D9999/30/1000G,BOX001/103/NPL/D9999/30/1000G,Material,,,0,2,,,0-FACTORY/102/STDLAYERCARD,0-FACTORY/102/STDLAYERCARD,1000,0.004,,,,,198,0,,,198,0.792,0,14.83,22.25,17.8,0,54.88,60.29,445.07,560.24
BOX001/102/NPL/D9999/30/1000G,BOX001/103/NPL/D9999/30/1000G,Material,,,0,3,,,0-FACTORY/102/TOPSHEET,0-TOPSHEET/102/1400mmX1600mm/40MU,Tonne,0.001,,,,,1820,0,1820,,1820,1.82,0,14.83,22.25,17.8,0,54.88,60.29,445.07,560.24
BOX001/102/NPL/D9999/30/1000G,BOX001/103/NPL/D9999/30/1000G,Material,,,0,4,,,0-Pallets/102/Std1000x1200,0-Pallets/102/Std1000x1200,1000,0.001,,,,,4950,0,5250,,4950,4.95,0,14.83,22.25,17.8,0,54.88,60.29,445.07,560.24
BOX001/102/NPL/D9999/30/1000G,BOX001/103/NPL/D9999/30/1000G,Material,,,2,5,,,BRD001/NPL/D9999/30/1000G/WW,PRINTED BRD - STD LID RIDING RESERVE RED NP 583x385x156 1000,1000,0.5,,,,,,0,,,856.7423,428.37115,0,14.83,22.25,17.8,0,54.88,60.29,445.07,560.24
BOX001/102/NPL/D9999/30/1000G,BOX001/103/NPL/D9999/30/1000G,Rolled Child,,,2,5.001,,,BRD001/NPL/D9999/30/1000G/WW,Rolled Up Child Material,1000,0.5,,,,,,,,,856.7423,428.37115,1,14.83,22.25,17.8,0,54.88,60.29,445.07,560.24
BOX001/102/NPL/D9999/30/1000G,BOX001/103/NPL/D9999/30/1000G,Rolled Child,,,2,5.002,,,BRD001/NPL/D9999/30/1000G/WW,Rolled Up Child Labour,1000,0.5,,,,,,,,,59.34167,29.67084,1,14.83,22.25,17.8,0,54.88,60.29,445.07,560.24
BOX001/102/NPL/D9999/30/1000G,BOX001/103/NPL/D9999/30/1000G,Rolled Child,Printer,Print,2,5.003,,,BRD001/NPL/D9999/30/1000G/WW,Rolled Up Child Print Machine,1000,0.5,,,,,,,,,29.665,14.8325,1,14.83,22.25,17.8,0,54.88,60.29,445.07,560.24
BOX001/102/NPL/D9999/30/1000G,BOX001/103/NPL/D9999/30/1000G,Material,,,0,6,,,PLASTOMELT9799,PLASTOMELT9799,Tonne,0.003,,,,,2750,0,2518.65105,,2750,8.25,0,14.83,22.25,17.8,0,54.88,60.29,445.07,560.24
BOX001/102/NPL/D9999/30/1000G,BOX001/103/NPL/D9999/30/1000G,Labour,Diecutter,,0,10,DIE CUTTING,DIE CUTTING,101 Die Cutter Operator,101 Die Cutter Operator,,,1,8,,8,,,,136.57,136.57,17.07125,0,14.83,22.25,17.8,0,54.88,60.29,445.07,560.24
BOX001/102/NPL/D9999/30/1000G,BOX001/103/NPL/D9999/30/1000G,Machine,Diecutter,Die Cut,0,10,DIE CUTTING,DIE CUTTING,101 Die Cutter #1,101 Die Cutter #1,,,1,8,,8,,,,177.99,177.99,22.24875,0,14.83,22.25,17.8,0,54.88,60.29,445.07,560.24
BOX001/102/NPL/D9999/30/1000G,BOX001/103/NPL/D9999/30/1000G,Labour,Folder Gluer,,0,20,FOLDER GLUER,FOLDER GLUER,101 Folder Gluer Operator,101 Folder Gluer Operator,,,1,10,,10,,,,135.43,135.43,13.543,0,14.83,22.25,17.8,0,54.88,60.29,445.07,560.24
BOX001/102/NPL/D9999/30/1000G,BOX001/103/NPL/D9999/30/1000G,Machine,Folder Gluer,Fold Glue,0,20,FOLDER GLUER,FOLDER GLUER,101 Folder Gluer Domino,101 Folder Gluer Domino,,,1,10,,10,,,,177.99,177.99,17.799,0,14.83,22.25,17.8,0,54.88,60.29,445.07,560.24
BOX001/102/NPL/D9999/32/1000G,BOX001/103/NPL/D9999/32/1000G,Material,,,0,1,,,0-FACTORY/102/BANDING,BLUE BANDING 102,COIL,0.03,,,,,29.67,0,42.82,,29.67,0.8901,0,59.33,44.5,35.6,0,139.43,179.91,457.1,776.44
BOX001/102/NPL/D9999/32/1000G,BOX001/103/NPL/D9999/32/1000G,Material,,,0,2,,,0-FACTORY/102/STDLAYERCARD,0-FACTORY/102/STDLAYERCARD,1000,0.004,,,,,198,0,,,198,0.792,0,59.33,44.5,35.6,0,139.43,179.91,457.1,776.44
BOX001/102/NPL/D9999/32/1000G,BOX001/103/NPL/D9999/32/1000G,Material,,,0,3,,,0-FACTORY/102/TOPSHEET,0-TOPSHEET/102/1400mmX1600mm/40MU,Tonne,0.001,,,,,1820,0,1820,,1820,1.82,0,59.33,44.5,35.6,0,139.43,179.91,457.1,776.44
BOX001/102/NPL/D9999/32/1000G,BOX001/103/NPL/D9999/32/1000G,Material,,,0,4,,,0-Pallets/102/Std1000x1200,0-Pallets/102/Std1000x1200,1000,0.001,,,,,4950,0,5250,,4950,4.95,0,59.33,44.5,35.6,0,139.43,179.91,457.1,776.44
BOX001/102/NPL/D9999/32/1000G,BOX001/103/NPL/D9999/32/1000G,Material,,,0,5,,,BRD001/103/NPL/1000G/WW,BOARD1410x920/WCC/NW/WK/1000GSM,Tonne,0.6238,,,,,706,0,698,,706,440.4028,0,59.33,44.5,35.6,0,139.43,179.91,457.1,776.44
BOX001/102/NPL/D9999/32/1000G,BOX001/103/NPL/D9999/32/1000G,Material,,,0,6,,,PLASTOMELT9799,PLASTOMELT9799,Tonne,0.003,,,,,2750,0,2518.65105,,2750,8.25,0,59.33,44.5,35.6,0,139.43,179.91,457.1,776.44
BOX001/102/NPL/D9999/32/1000G,BOX001/103/NPL/D9999/32/1000G,Labour,Printer,,0,10,PRINT,PRINT,102 PRINTER OPERATOR,102 Printer Operator,,,1,6,,6,,,,356.05,356.05,59.34167,0,59.33,44.5,35.6,0,139.43,179.91,457.1,776.44
BOX001/102/NPL/D9999/32/1000G,BOX001/103/NPL/D9999/32/1000G,Labour,Printer,,0,10,PRINT,PRINT,102 PRINTER OPERATOR,102 Printer Operator,,,1,6,,6,,,,356.05,356.05,59.34167,0,59.33,44.5,35.6,0,139.43,179.91,457.1,776.44
BOX001/102/NPL/D9999/32/1000G,BOX001/103/NPL/D9999/32/1000G,Machine,Printer,Print,0,10,PRINT,PRINT,102 PRINTER DERI,221 DERITEND,,,1,6,,6,,,,177.99,177.99,29.665,0,59.33,44.5,35.6,0,139.43,179.91,457.1,776.44
BOX001/102/NPL/D9999/32/1000G,BOX001/103/NPL/D9999/32/1000G,Machine,Printer,Print,0,10,PRINT,PRINT,102 PRINTER DERI,221 DERITEND,,,1,6,,6,,,,177.99,177.99,29.665,0,59.33,44.5,35.6,0,139.43,179.91,457.1,776.44
BOX001/102/NPL/D9999/32/1000G,BOX001/103/NPL/D9999/32/1000G,Labour,Diecutter,,0,20,DIE CUTTING,DIE CUTTING,102 DIE CUTTER OPERATOR,102 Die Cutter Operator,,,1,8,,8,,,,136.57,136.57,17.07125,0,59.33,44.5,35.6,0,139.43,179.91,457.1,776.44
BOX001/102/NPL/D9999/32/1000G,BOX001/103/NPL/D9999/32/1000G,Labour,Diecutter,,0,20,DIE CUTTING,DIE CUTTING,102 DIE CUTTER OPERATOR,102 Die Cutter Operator,,,1,8,,8,,,,136.57,136.57,17.07125,0,59.33,44.5,35.6,0,139.43,179.91,457.1,776.44
BOX001/102/NPL/D9999/32/1000G,BOX001/103/NPL/D9999/32/1000G,Machine,Diecutter,Die Cut,0,20,DIE CUTTING,DIE CUTTING,102 DIE CUTTER #2,332 142E,,,1,8,,8,,,,177.99,177.99,22.24875,0,59.33,44.5,35.6,0,139.43,179.91,457.1,776.44
BOX001/102/NPL/D9999/32/1000G,BOX001/103/NPL/D9999/32/1000G,Machine,Diecutter,Die Cut,0,20,DIE CUTTING,DIE CUTTING,102 DIE CUTTER #2,332 142E,,,1,8,,8,,,,177.99,177.99,22.24875,0,59.33,44.5,35.6,0,139.43,179.91,457.1,776.44
BOX001/102/NPL/D9999/32/1000G,BOX001/103/NPL/D9999/32/1000G,Labour,Folder Gluer,,0,30,FOLDER GLUER,FOLDER GLUER,102 FOLDER GLUER OPERATOR,102 Folder Gluer Operator,,,1,10,,10,,,,135.43,135.43,13.543,0,59.33,44.5,35.6,0,139.43,179.91,457.1,776.44
BOX001/102/NPL/D9999/32/1000G,BOX001/103/NPL/D9999/32/1000G,Labour,Folder Gluer,,0,30,FOLDER GLUER,FOLDER GLUER,102 FOLDER GLUER OPERATOR,102 Folder Gluer Operator,,,1,10,,10,,,,135.43,135.43,13.543,0,59.33,44.5,35.6,0,139.43,179.91,457.1,776.44
BOX001/102/NPL/D9999/32/1000G,BOX001/103/NPL/D9999/32/1000G,Machine,Folder Gluer,Fold Glue,0,30,FOLDER GLUER,FOLDER GLUER,102 FOLDER GLUER #1,552 TRIM1,,,1,10,,10,,,,177.99,177.99,17.799,0,59.33,44.5,35.6,0,139.43,179.91,457.1,776.44
BOX001/102/NPL/D9999/32/1000G,BOX001/103/NPL/D9999/32/1000G,Machine,Folder Gluer,Fold Glue,0,30,FOLDER GLUER,FOLDER GLUER,102 FOLDER GLUER #1,552 TRIM1,,,1,10,,10,,,,177.99,177.99,17.799,0,59.33,44.5,35.6,0,139.43,179.91,457.1,776.44
BOX001/102/NPL/D9999/34/1000G,BOX001/103/NPL/D9999/34/1000G,Material,,,0,1,,,0-FACTORY/102/BANDING,BLUE BANDING 102,COIL,0.03,,,,,29.67,0,42.82,,29.67,0.8901,0,29.67,22.25,17.8,0,69.71,89.96,457.1,616.77
BOX001/102/NPL/D9999/34/1000G,BOX001/103/NPL/D9999/34/1000G,Material,,,0,2,,,0-FACTORY/102/STDLAYERCARD,0-FACTORY/102/STDLAYERCARD,1000,0.004,,,,,198,0,,,198,0.792,0,29.67,22.25,17.8,0,69.71,89.96,457.1,616.77
BOX001/102/NPL/D9999/34/1000G,BOX001/103/NPL/D9999/34/1000G,Material,,,0,3,,,0-FACTORY/102/TOPSHEET,0-TOPSHEET/102/1400mmX1600mm/40MU,Tonne,0.001,,,,,1820,0,1820,,1820,1.82,0,29.67,22.25,17.8,0,69.71,89.96,457.1,616.77
BOX001/102/NPL/D9999/34/1000G,BOX001/103/NPL/D9999/34/1000G,Material,,,0,4,,,0-Pallets/102/Std1000x1200,0-Pallets/102/Std1000x1200,1000,0.001,,,,,4950,0,5250,,4950,4.95,0,29.67,22.25,17.8,0,69.71,89.96,457.1,616.77
BOX001/102/NPL/D9999/34/1000G,BOX001/103/NPL/D9999/34/1000G,Material,,,0,5,,,BRD001/103/NPL/1000G/WW,BOARD1410x920/WCC/NW/WK/1000GSM,Tonne,0.6238,,,,,706,0,698,,706,440.4028,0,29.67,22.25,17.8,0,69.71,89.96,457.1,616.77
BOX001/102/NPL/D9999/34/1000G,BOX001/103/NPL/D9999/34/1000G,Material,,,0,6,,,PLASTOMELT9799,PLASTOMELT9799,Tonne,0.003,,,,,2750,0,2518.65105,,2750,8.25,0,29.67,22.25,17.8,0,69.71,89.96,457.1,616.77
BOX001/102/NPL/D9999/34/1000G,BOX001/103/NPL/D9999/34/1000G,Labour,Printer,,0,10,PRINT,PRINT,102 PRINTER OPERATOR,102 Printer Operator,,,1,6,,6,,,,356.05,356.05,59.34167,0,29.67,22.25,17.8,0,69.71,89.96,457.1,616.77
BOX001/102/NPL/D9999/34/1000G,BOX001/103/NPL/D9999/34/1000G,Machine,Printer,Print,0,10,PRINT,PRINT,102 PRINTER DERI,221 DERITEND,,,1,6,,6,,,,177.99,177.99,29.665,0,29.67,22.25,17.8,0,69.71,89.96,457.1,616.77
BOX001/102/NPL/D9999/34/1000G,BOX001/103/NPL/D9999/34/1000G,Labour,Diecutter,,0,20,DIE CUTTING,DIE CUTTING,102 DIE CUTTER OPERATOR,102 Die Cutter Operator,,,1,8,,8,,,,136.57,136.57,17.07125,0,29.67,22.25,17.8,0,69.71,89.96,457.1,616.77
BOX001/102/NPL/D9999/34/1000G,BOX001/103/NPL/D9999/34/1000G,Machine,Diecutter,Die Cut,0,20,DIE CUTTING,DIE CUTTING,102 DIE CUTTER #2,332 142E,,,1,8,,8,,,,177.99,177.99,22.24875,0,29.67,22.25,17.8,0,69.71,89.96,457.1,616.77
BOX001/102/NPL/D9999/34/1000G,BOX001/103/NPL/D9999/34/1000G,Labour,Folder Gluer,,0,30,FOLDER GLUER,FOLDER GLUER,102 FOLDER GLUER OPERATOR,102 Folder Gluer Operator,,,1,10,,10,,,,135.43,135.43,13.543,0,29.67,22.25,17.8,0,69.71,89.96,457.1,616.77
BOX001/102/NPL/D9999/34/1000G,BOX001/103/NPL/D9999/34/1000G,Machine,Folder Gluer,Fold Glue,0,30,FOLDER GLUER,FOLDER GLUER,102 FOLDER GLUER #1,552 TRIM1,,,1,10,,10,,,,177.99,177.99,17.799,0,29.67,22.25,17.8,0,69.71,89.96,457.1,616.77
BOX001/102/NPL/D9999/37/1000G,BOX001/103/NPL/D9999/37/1000G,Material,,,0,1,,,0-FACTORY/102/BANDING,BLUE BANDING 102,COIL,0.03,,,,,29.67,0,42.82,,29.67,0.8901,0,29.67,22.25,17.8,0,69.71,89.96,460.63,620.3
BOX001/102/NPL/D9999/37/1000G,BOX001/103/NPL/D9999/37/1000G,Material,,,0,2,,,0-FACTORY/102/STDLAYERCARD,0-FACTORY/102/STDLAYERCARD,1000,0.004,,,,,198,0,,,198,0.792,0,29.67,22.25,17.8,0,69.71,89.96,460.63,620.3
BOX001/102/NPL/D9999/37/1000G,BOX001/103/NPL/D9999/37/1000G,Material,,,0,3,,,0-FACTORY/102/TOPSHEET,0-TOPSHEET/102/1400mmX1600mm/40MU,Tonne,0.001,,,,,1820,0,1820,,1820,1.82,0,29.67,22.25,17.8,0,69.71,89.96,460.63,620.3
BOX001/102/NPL/D9999/37/1000G,BOX001/103/NPL/D9999/37/1000G,Material,,,0,4,,,0-Pallets/102/Std1000x1200,0-Pallets/102/Std1000x1200,1000,0.001,,,,,4950,0,5250,,4950,4.95,0,29.67,22.25,17.8,0,69.71,89.96,460.63,620.3
BOX001/102/NPL/D9999/37/1000G,BOX001/103/NPL/D9999/37/1000G,Material,,,0,5,,,BRD001/103/NPL/1000G/WW,BOARD1410x920/WCC/NW/WK/1000GSM,Tonne,0.6288,,,,,706,0,698,,706,443.9328,0,29.67,22.25,17.8,0,69.71,89.96,460.63,620.3
BOX001/102/NPL/D9999/37/1000G,BOX001/103/NPL/D9999/37/1000G,Material,,,0,6,,,PLASTOMELT9799,PLASTOMELT9799,Tonne,0.003,,,,,2750,0,2518.65105,,2750,8.25,0,29.67,22.25,17.8,0,69.71,89.96,460.63,620.3
BOX001/102/NPL/D9999/37/1000G,BOX001/103/NPL/D9999/37/1000G,Labour,Printer,,0,10,PRINT,PRINT,102 PRINTER OPERATOR,102 Printer Operator,,,1,6,,6,,,,356.05,356.05,59.34167,0,29.67,22.25,17.8,0,69.71,89.96,460.63,620.3
BOX001/102/NPL/D9999/37/1000G,BOX001/103/NPL/D9999/37/1000G,Machine,Printer,Print,0,10,PRINT,PRINT,102 PRINTER DERI,221 DERITEND,,,1,6,,6,,,,177.99,177.99,29.665,0,29.67,22.25,17.8,0,69.71,89.96,460.63,620.3
BOX001/102/NPL/D9999/37/1000G,BOX001/103/NPL/D9999/37/1000G,Labour,Diecutter,,0,20,DIE CUTTING,DIE CUTTING,102 DIE CUTTER OPERATOR,102 Die Cutter Operator,,,1,8,,8,,,,136.57,136.57,17.07125,0,29.67,22.25,17.8,0,69.71,89.96,460.63,620.3
BOX001/102/NPL/D9999/37/1000G,BOX001/103/NPL/D9999/37/1000G,Machine,Diecutter,Die Cut,0,20,DIE CUTTING,DIE CUTTING,102 DIE CUTTER #1,331 130E,,,1,8,,8,,,,177.99,177.99,22.24875,0,29.67,22.25,17.8,0,69.71,89.96,460.63,620.3
BOX001/102/NPL/D9999/37/1000G,BOX001/103/NPL/D9999/37/1000G,Labour,Folder Gluer,,0,30,FOLDER GLUER,FOLDER GLUER,102 FOLDER GLUER OPERATOR,102 Folder Gluer Operator,,,1,10,,10,,,,135.43,135.43,13.543,0,29.67,22.25,17.8,0,69.71,89.96,460.63,620.3
BOX001/102/NPL/D9999/37/1000G,BOX001/103/NPL/D9999/37/1000G,Machine,Folder Gluer,Fold Glue,0,30,FOLDER GLUER,FOLDER GLUER,102 FOLDER GLUER #1,552 TRIM1,,,1,10,,10,,,,177.99,177.99,17.799,0,29.67,22.25,17.8,0,69.71,89.96,460.63,620.3
BOX001/102/NPL/D9999/38/1000G,BOX001/103/NPL/D9999/38/1000G,Material,,,0,1,,,0-FACTORY/102/BANDING,BLUE BANDING 102,COIL,0.03,,,,,29.67,0,42.82,,29.67,0.8901,0,14.83,0,0,0,14.83,29.67,443.3,487.81
BOX001/102/NPL/D9999/38/1000G,BOX001/103/NPL/D9999/38/1000G,Material,,,0,2,,,0-FACTORY/102/STDLAYERCARD,0-FACTORY/102/STDLAYERCARD,1000,0.004,,,,,198,0,,,198,0.792,0,14.83,0,0,0,14.83,29.67,443.3,487.81
BOX001/102/NPL/D9999/38/1000G,BOX001/103/NPL/D9999/38/1000G,Material,,,0,3,,,0-FACTORY/102/TOPSHEET,0-TOPSHEET/102/1400mmX1600mm/40MU,Tonne,0.001,,,,,1820,0,1820,,1820,1.82,0,14.83,0,0,0,14.83,29.67,443.3,487.81
BOX001/102/NPL/D9999/38/1000G,BOX001/103/NPL/D9999/38/1000G,Material,,,0,4,,,0-Pallets/102/Std1000x1200,0-Pallets/102/Std1000x1200,1000,0.001,,,,,4950,0,5250,,4950,4.95,0,14.83,0,0,0,14.83,29.67,443.3,487.81
BOX001/102/NPL/D9999/38/1000G,BOX001/103/NPL/D9999/38/1000G,Material,,,2,5,,,BRD001/NPL/D9999/38/1000G/WW,PRINTED BRD - STD LID WEST COUNTRY CHOICE NP 583x385x156,1000 Sheet,0.5,,,,,,0,,,853.2,426.6,0,14.83,0,0,0,14.83,29.67,443.3,487.81
BOX001/102/NPL/D9999/38/1000G,BOX001/103/NPL/D9999/38/1000G,Rolled Child,,,2,5.001,,,BRD001/NPL/D9999/38/1000G/WW,Rolled Up Child Material,1000 Sheet,0.5,,,,,,,,,853.2,426.6,1,14.83,0,0,0,14.83,29.67,443.3,487.81
BOX001/102/NPL/D9999/38/1000G,BOX001/103/NPL/D9999/38/1000G,Rolled Child,,,2,5.002,,,BRD001/NPL/D9999/38/1000G/WW,Rolled Up Child Labour,1000 Sheet,0.5,,,,,,,,,59.34167,29.67084,1,14.83,0,0,0,14.83,29.67,443.3,487.81
BOX001/102/NPL/D9999/38/1000G,BOX001/103/NPL/D9999/38/1000G,Rolled Child,Printer,Print,2,5.003,,,BRD001/NPL/D9999/38/1000G/WW,Rolled Up Child Print Machine,1000 Sheet,0.5,,,,,,,,,29.665,14.8325,1,14.83,0,0,0,14.83,29.67,443.3,487.81
BOX001/102/NPL/D9999/38/1000G,BOX001/103/NPL/D9999/38/1000G,Material,,,0,6,,,PLASTOMELT9799,PLASTOMELT9799,Tonne,0.003,,,,,2750,0,2518.65105,,2750,8.25,0,14.83,0,0,0,14.83,29.67,443.3,487.81
BOX001/102/NPL/H0080/01/1000G,PRINTED LID - HIGHLAND GAME LID 2021 590mm x 390mm,Material,,,0,1,,,0-102-GLUE-PVA,Cold Glue-102,Tonne,0.00187,,,,,1710,0,1710,,1710,3.1977,0,29.67,44.5,17.8,0,91.96,107.03,415.61,614.6
BOX001/102/NPL/H0080/01/1000G,PRINTED LID - HIGHLAND GAME LID 2021 590mm x 390mm,Material,,,0,2,,,0-FACTORY/102/BANDING,BLUE BANDING 102,COIL,0.00012,,,,,29.67,0,42.82,,29.67,0.00356,0,29.67,44.5,17.8,0,91.96,107.03,415.61,614.6
BOX001/102/NPL/H0080/01/1000G,PRINTED LID - HIGHLAND GAME LID 2021 590mm x 390mm,Material,,,2,3,,,0-FACTORY/102/EUROLAYERCARD,0-FACTORY/102/EUROLAYERCARD,1000,0.003,,,,,685,0,685,,685,2.055,0,29.67,44.5,17.8,0,91.96,107.03,415.61,614.6
BOX001/102/NPL/H0080/01/1000G,PRINTED LID - HIGHLAND GAME LID 2021 590mm x 390mm,Material,,,0,4,,,0-FACTORY/102/STRETCHWRAP,0-FACTORY/102/STRETCHWRAP,Tonne,0.00035,,,,,2440,0,2810,,2440,0.854,0,29.67,44.5,17.8,0,91.96,107.03,415.61,614.6
BOX001/102/NPL/H0080/01/1000G,PRINTED LID - HIGHLAND GAME LID 2021 590mm x 390mm,Material,,,0,5,,,0-FACTORY/102/TOPSHEET,0-TOPSHEET/102/1400mmX1600mm/40MU,Tonne,0.00015,,,,,1820,0,1820,,1820,0.273,0,29.67,44.5,17.8,0,91.96,107.03,415.61,614.6
BOX001/102/NPL/H0080/01/1000G,PRINTED LID - HIGHLAND GAME LID 2021 590mm x 390mm,Material,,,0,6,,,0-LARGE BINDER-1050x1250,BOARD 1250 x 1050/GRUNL / GRUNL /450GSM,1000,0.001,,,,,685,0,685,,685,0.685,0,29.67,44.5,17.8,0,91.96,107.03,415.61,614.6
BOX001/102/NPL/H0080/01/1000G,PRINTED LID - HIGHLAND GAME LID 2021 590mm x 390mm,Material,,,0,7,,,0-Pallets/102/Std1000x1200,0-Pallets/102/Std1000x1200,1000,0.001,,,,,4950,0,5250,,4950,4.95,0,29.67,44.5,17.8,0,91.96,107.03,415.61,614.6
BOX001/102/NPL/H0080/01/1000G,PRINTED LID - HIGHLAND GAME LID 2021 590mm x 390mm,Material,,,2,8,,,BRD001/102/NPL/1000G/WB (2),BOARD 886 x 686/WHKFT / BRTKL /1000GSM,Tonne,0.6078,,,,,664,0,640,,664,403.5792,0,29.67,44.5,17.8,0,91.96,107.03,415.61,614.6
BOX001/102/NPL/H0080/01/1000G,PRINTED LID - HIGHLAND GAME LID 2021 590mm x 390mm,Material,,,0,9,,,PROCESS BLACK U,PRINTER INK 6000001 CMYK BLACK,KGs,0.00089,,,,,15,0,4.25,,15,0.01335,0,29.67,44.5,17.8,0,91.96,107.03,415.61,614.6
BOX001/102/NPL/H0080/01/1000G,PRINTED LID - HIGHLAND GAME LID 2021 590mm x 390mm,Labour,Printer,,0,10,PRINT,PRINT,102 PRINTER OPERATOR,102 Printer Operator,,,1,6,,6,,,,356.05,356.05,59.34167,0,29.67,44.5,17.8,0,91.96,107.03,415.61,614.6
BOX001/102/NPL/H0080/01/1000G,PRINTED LID - HIGHLAND GAME LID 2021 590mm x 390mm,Machine,Printer,Print,0,10,PRINT,PRINT,102 PRINTER DERI,221 DERITEND,,,1,6,,6,,,,177.99,177.99,29.665,0,29.67,44.5,17.8,0,91.96,107.03,415.61,614.6
BOX001/102/NPL/H0080/01/1000G,PRINTED LID - HIGHLAND GAME LID 2021 590mm x 390mm,Labour,Diecutter,,0,20,DIE CUTTING,DIE CUTTING,102 DIE CUTTER OPERATOR,102 Die Cutter Operator,,,1,4,,4,,,,136.57,136.57,34.1425,0,29.67,44.5,17.8,0,91.96,107.03,415.61,614.6
BOX001/102/NPL/H0080/01/1000G,PRINTED LID - HIGHLAND GAME LID 2021 590mm x 390mm,Machine,Diecutter,Die Cut,0,20,DIE CUTTING,DIE CUTTING,102 DIE CUTTER #3,333 142ER,,,1,4,,4,,,,177.99,177.99,44.4975,0,29.67,44.5,17.8,0,91.96,107.03,415.61,614.6
BOX001/102/NPL/H0080/01/1000G,PRINTED LID - HIGHLAND GAME LID 2021 590mm x 390mm,Labour,Folder Gluer,,0,30,FOLDER GLUER,FOLDER GLUER,102 FOLDER GLUER OPERATOR,102 Folder Gluer Operator,,,1,10,,10,,,,135.43,135.43,13.543,0,29.67,44.5,17.8,0,91.96,107.03,415.61,614.6
BOX001/102/NPL/H0080/01/1000G,PRINTED LID - HIGHLAND GAME LID 2021 590mm x 390mm,Machine,Folder Gluer,Fold Glue,0,30,FOLDER GLUER,FOLDER GLUER,102 FOLDER GLUER #3,551 TANABE 1,,,1,10,,10,,,,177.99,177.99,17.799,0,29.67,44.5,17.8,0,91.96,107.03,415.61,614.6
BOX001/102/NPL/R0069/01/1000G,PRINTED LID - RGB WEBSTER PTD LID 2021 NON EU 590m,Material,,,0,1,,,0-102-GLUE-PVA,Cold Glue-102,Tonne,0.00187,,,,,1710,0,1710,,1710,3.1977,0,29.67,44.5,17.8,0,91.96,107.03,415.61,614.6
BOX001/102/NPL/R0069/01/1000G,PRINTED LID - RGB WEBSTER PTD LID 2021 NON EU 590m,Material,,,0,2,,,0-FACTORY/102/BANDING,BLUE BANDING 102,COIL,0.00012,,,,,29.67,0,42.82,,29.67,0.00356,0,29.67,44.5,17.8,0,91.96,107.03,415.61,614.6
BOX001/102/NPL/R0069/01/1000G,PRINTED LID - RGB WEBSTER PTD LID 2021 NON EU 590m,Material,,,2,3,,,0-FACTORY/102/EUROLAYERCARD,0-FACTORY/102/EUROLAYERCARD,1000,0.003,,,,,685,0,685,,685,2.055,0,29.67,44.5,17.8,0,91.96,107.03,415.61,614.6
BOX001/102/NPL/R0069/01/1000G,PRINTED LID - RGB WEBSTER PTD LID 2021 NON EU 590m,Material,,,0,4,,,0-FACTORY/102/STRETCHWRAP,0-FACTORY/102/STRETCHWRAP,Tonne,0.00035,,,,,2440,0,2810,,2440,0.854,0,29.67,44.5,17.8,0,91.96,107.03,415.61,614.6
BOX001/102/NPL/R0069/01/1000G,PRINTED LID - RGB WEBSTER PTD LID 2021 NON EU 590m,Material,,,0,5,,,0-FACTORY/102/TOPSHEET,0-TOPSHEET/102/1400mmX1600mm/40MU,Tonne,0.00015,,,,,1820,0,1820,,1820,0.273,0,29.67,44.5,17.8,0,91.96,107.03,415.61,614.6
BOX001/102/NPL/R0069/01/1000G,PRINTED LID - RGB WEBSTER PTD LID 2021 NON EU 590m,Material,,,0,6,,,0-LARGE BINDER-1050x1250,BOARD 1250 x 1050/GRUNL / GRUNL /450GSM,1000,0.001,,,,,685,0,685,,685,0.685,0,29.67,44.5,17.8,0,91.96,107.03,415.61,614.6
BOX001/102/NPL/R0069/01/1000G,PRINTED LID - RGB WEBSTER PTD LID 2021 NON EU 590m,Material,,,0,7,,,0-Pallets/102/Std1000x1200,0-Pallets/102/Std1000x1200,1000,0.001,,,,,4950,0,5250,,4950,4.95,0,29.67,44.5,17.8,0,91.96,107.03,415.61,614.6
BOX001/102/NPL/R0069/01/1000G,PRINTED LID - RGB WEBSTER PTD LID 2021 NON EU 590m,Material,,,2,8,,,BRD001/102/NPL/1000G/WB (2),BOARD 886 x 686/WHKFT / BRTKL /1000GSM,Tonne,0.6078,,,,,664,0,640,,664,403.5792,0,29.67,44.5,17.8,0,91.96,107.03,415.61,614.6
BOX001/102/NPL/R0069/01/1000G,PRINTED LID - RGB WEBSTER PTD LID 2021 NON EU 590m,Material,,,0,9,,,GREEN 350 U,PRINTER INK 6000056 GREEN,KGs,0.00025,,,,,15,0,,,15,0.00375,0,29.67,44.5,17.8,0,91.96,107.03,415.61,614.6
BOX001/102/NPL/R0069/01/1000G,PRINTED LID - RGB WEBSTER PTD LID 2021 NON EU 590m,Material,,,0,10,,,GREEN 369 U,PRINTER INK 6000055 GREEN,KGs,0.00018,,,,,15,0,,,15,0.0027,0,29.67,44.5,17.8,0,91.96,107.03,415.61,614.6
BOX001/102/NPL/R0069/01/1000G,PRINTED LID - RGB WEBSTER PTD LID 2021 NON EU 590m,Labour,Printer,,0,10,PRINT,PRINT,102 PRINTER OPERATOR,102 Printer Operator,,,1,6,,6,,,,356.05,356.05,59.34167,0,29.67,44.5,17.8,0,91.96,107.03,415.61,614.6
BOX001/102/NPL/R0069/01/1000G,PRINTED LID - RGB WEBSTER PTD LID 2021 NON EU 590m,Machine,Printer,Print,0,10,PRINT,PRINT,102 PRINTER DERI,221 DERITEND,,,1,6,,6,,,,177.99,177.99,29.665,0,29.67,44.5,17.8,0,91.96,107.03,415.61,614.6
BOX001/102/NPL/R0069/01/1000G,PRINTED LID - RGB WEBSTER PTD LID 2021 NON EU 590m,Material,,,0,11,,,RED 485 U X2,PRINTER INK 6000014 RED,KGs,0.00019,,,,,15,0,17.5,,15,0.00285,0,29.67,44.5,17.8,0,91.96,107.03,415.61,614.6
BOX001/102/NPL/R0069/01/1000G,PRINTED LID - RGB WEBSTER PTD LID 2021 NON EU 590m,Labour,Diecutter,,0,20,DIE CUTTING,DIE CUTTING,102 DIE CUTTER OPERATOR,102 Die Cutter Operator,,,1,4,,4,,,,136.57,136.57,34.1425,0,29.67,44.5,17.8,0,91.96,107.03,415.61,614.6
BOX001/102/NPL/R0069/01/1000G,PRINTED LID - RGB WEBSTER PTD LID 2021 NON EU 590m,Machine,Diecutter,Die Cut,0,20,DIE CUTTING,DIE CUTTING,102 DIE CUTTER #3,333 142ER,,,1,4,,4,,,,177.99,177.99,44.4975,0,29.67,44.5,17.8,0,91.96,107.03,415.61,614.6
BOX001/102/NPL/R0069/01/1000G,PRINTED LID - RGB WEBSTER PTD LID 2021 NON EU 590m,Labour,Folder Gluer,,0,30,FOLDER GLUER,FOLDER GLUER,102 FOLDER GLUER OPERATOR,102 Folder Gluer Operator,,,1,10,,10,,,,135.43,135.43,13.543,0,29.67,44.5,17.8,0,91.96,107.03,415.61,614.6
BOX001/102/NPL/R0069/01/1000G,PRINTED LID - RGB WEBSTER PTD LID 2021 NON EU 590m,Machine,Folder Gluer,Fold Glue,0,30,FOLDER GLUER,FOLDER GLUER,102 FOLDER GLUER #1,552 TRIM1,,,1,10,,10,,,,177.99,177.99,17.799,0,29.67,44.5,17.8,0,91.96,107.03,415.61,614.6
BOX001/102/NPL/T0105/01/1000G,PRINTED LID - TOPPING MEATS PTD LID 590mm x 390mm,Material,,,0,1,,,0-102-GLUE-PVA,Cold Glue-102,Tonne,0.00187,,,,,1710,0,1710,,1710,3.1977,0,0,0,0,0,0,0,414.72,414.72
BOX001/102/NPL/T0105/01/1000G,PRINTED LID - TOPPING MEATS PTD LID 590mm x 390mm,Material,,,0,2,,,0-FACTORY/102/BANDING,BLUE BANDING 102,COIL,9e-05,,,,,29.67,0,42.82,,29.67,0.00267,0,0,0,0,0,0,0,414.72,414.72
BOX001/102/NPL/T0105/01/1000G,PRINTED LID - TOPPING MEATS PTD LID 590mm x 390mm,Material,,,2,3,,,0-FACTORY/102/EUROLAYERCARD,0-FACTORY/102/EUROLAYERCARD,1000,0.00268,,,,,685,0,685,,685,1.8358,0,0,0,0,0,0,0,414.72,414.72
BOX001/102/NPL/T0105/01/1000G,PRINTED LID - TOPPING MEATS PTD LID 590mm x 390mm,Material,,,0,4,,,0-FACTORY/102/STRETCHWRAP,0-FACTORY/102/STRETCHWRAP,Tonne,0.00032,,,,,2440,0,2810,,2440,0.7808,0,0,0,0,0,0,0,414.72,414.72
BOX001/102/NPL/T0105/01/1000G,PRINTED LID - TOPPING MEATS PTD LID 590mm x 390mm,Material,,,0,5,,,0-FACTORY/102/TOPSHEET,0-TOPSHEET/102/1400mmX1600mm/40MU,Tonne,0.00014,,,,,1820,0,1820,,1820,0.2548,0,0,0,0,0,0,0,414.72,414.72
BOX001/102/NPL/T0105/01/1000G,PRINTED LID - TOPPING MEATS PTD LID 590mm x 390mm,Material,,,0,6,,,0-LARGE BINDER-1050x1250,BOARD 1250 x 1050/GRUNL / GRUNL /450GSM,1000,0.00089,,,,,685,0,685,,685,0.60965,0,0,0,0,0,0,0,414.72,414.72
BOX001/102/NPL/T0105/01/1000G,PRINTED LID - TOPPING MEATS PTD LID 590mm x 390mm,Material,,,0,7,,,0-Pallets/102/Std1000x1200,0-Pallets/102/Std1000x1200,1000,0.00089,,,,,4950,0,5250,,4950,4.4055,0,0,0,0,0,0,0,414.72,414.72
BOX001/102/NPL/T0105/01/1000G,PRINTED LID - TOPPING MEATS PTD LID 590mm x 390mm,Material,,,2,8,,,BRD001/102/NPL/1000G/WB (3),BOARD 916 x 686/WHKFT / BRTKL /1000GSM,Tonne,0.6078,,,,,664,0,497.06,,664,403.5792,0,0,0,0,0,0,0,414.72,414.72
BOX001/102/NPL/T0105/01/1000G,PRINTED LID - TOPPING MEATS PTD LID 590mm x 390mm,Material,,,0,9,,,BURGUNDY 1807 U,PRINTER INK 6000020 BURGUNDY,KGs,0.00363,,,,,15,0,,,15,0.05445,0,0,0,0,0,0,0,414.72,414.72
BOX001/102/NPL/T0105/01/1000G,PRINTED LID - TOPPING MEATS PTD LID 590mm x 390mm,Material,,,0,10,,,GREY 401 U,PRINTER INK 6000008 GREY,7KGs,0.0002,,,,,15,0,,,15,0.003,0,0,0,0,0,0,0,414.72,414.72
BOX001/102/NPL/W0034/01/1000G,PRINTED LID - WEEKS W/SALE PRINTED LID *DS 590mm x,Material,,,0,1,,,0-102-GLUE-PVA,Cold Glue-102,Tonne,0.00187,,,,,1710,0,1710,,1710,3.1977,0,14.83,42.11,17.8,0,74.74,75.52,419.85,570.12
BOX001/102/NPL/W0034/01/1000G,PRINTED LID - WEEKS W/SALE PRINTED LID *DS 590mm x,Material,,,0,2,,,0-FACTORY/102/BANDING,BLUE BANDING 102,COIL,9e-05,,,,,29.67,0,42.82,,29.67,0.00267,0,14.83,42.11,17.8,0,74.74,75.52,419.85,570.12
BOX001/102/NPL/W0034/01/1000G,PRINTED LID - WEEKS W/SALE PRINTED LID *DS 590mm x,Material,,,2,3,,,0-FACTORY/102/EUROLAYERCARD,0-FACTORY/102/EUROLAYERCARD,1000,0.00178,,,,,685,0,685,,685,1.2193,0,14.83,42.11,17.8,0,74.74,75.52,419.85,570.12
BOX001/102/NPL/W0034/01/1000G,PRINTED LID - WEEKS W/SALE PRINTED LID *DS 590mm x,Material,,,0,4,,,0-FACTORY/102/STRETCHWRAP,0-FACTORY/102/STRETCHWRAP,Tonne,0.00063,,,,,2440,0,2810,,2440,1.5372,0,14.83,42.11,17.8,0,74.74,75.52,419.85,570.12
BOX001/102/NPL/W0034/01/1000G,PRINTED LID - WEEKS W/SALE PRINTED LID *DS 590mm x,Material,,,0,5,,,0-FACTORY/102/TOPSHEET,0-TOPSHEET/102/1400mmX1600mm/40MU,Tonne,0.00025,,,,,1820,0,1820,,1820,0.455,0,14.83,42.11,17.8,0,74.74,75.52,419.85,570.12
BOX001/102/NPL/W0034/01/1000G,PRINTED LID - WEEKS W/SALE PRINTED LID *DS 590mm x,Material,,,0,6,,,0-LARGE BINDER-1050x1250,BOARD 1250 x 1050/GRUNL / GRUNL /450GSM,1000,0.00178,,,,,685,0,685,,685,1.2193,0,14.83,42.11,17.8,0,74.74,75.52,419.85,570.12
BOX001/102/NPL/W0034/01/1000G,PRINTED LID - WEEKS W/SALE PRINTED LID *DS 590mm x,Material,,,0,7,,,0-Pallets/102/Std1000x1200,0-Pallets/102/Std1000x1200,1000,0.00178,,,,,4950,0,5250,,4950,8.811,0,14.83,42.11,17.8,0,74.74,75.52,419.85,570.12
BOX001/102/NPL/W0034/01/1000G,PRINTED LID - WEEKS W/SALE PRINTED LID *DS 590mm x,Material,,,2,8,,,BRD001/NPL/W0034/01/1000G/WB,PRINTED BRD - WEEKS W/SALE LID 1000G WK/TKL 886x686,1000 Sheet,0.5,,,,,,0,,,806.818,403.409,0,14.83,42.11,17.8,0,74.74,75.52,419.85,570.12
BOX001/102/NPL/W0034/01/1000G,PRINTED LID - WEEKS W/SALE PRINTED LID *DS 590mm x,Rolled Child,,,2,8.001,,,BRD001/NPL/W0034/01/1000G/WB,Rolled Up Child Material,1000 Sheet,0.5,,,,,,,,,806.818,403.409,1,14.83,42.11,17.8,0,74.74,75.52,419.85,570.12
BOX001/102/NPL/W0034/01/1000G,PRINTED LID - WEEKS W/SALE PRINTED LID *DS 590mm x,Rolled Child,,,2,8.002,,,BRD001/NPL/W0034/01/1000G/WB,Rolled Up Child Labour,1000 Sheet,0.5,,,,,,,,,59.34167,29.67084,1,14.83,42.11,17.8,0,74.74,75.52,419.85,570.12
BOX001/102/NPL/W0034/01/1000G,PRINTED LID - WEEKS W/SALE PRINTED LID *DS 590mm x,Rolled Child,Printer,Print,2,8.003,,,BRD001/NPL/W0034/01/1000G/WB,Rolled Up Child Print Machine,1000 Sheet,0.5,,,,,,,,,29.665,14.8325,1,14.83,42.11,17.8,0,74.74,75.52,419.85,570.12
BOX001/102/NPL/W0034/01/1000G,PRINTED LID - WEEKS W/SALE PRINTED LID *DS 590mm x,Labour,Diecutter,,0,20,DIE CUTTING,DIE CUTTING,102 DIE CUTTER OPERATOR,102 Die Cutter Operator,,,1,4,4.226808,4.226808,,,,136.57,136.57,32.31043,0,14.83,42.11,17.8,0,74.74,75.52,419.85,570.12
BOX001/102/NPL/W0034/01/1000G,PRINTED LID - WEEKS W/SALE PRINTED LID *DS 590mm x,Machine,Diecutter,Die Cut,0,20,DIE CUTTING,DIE CUTTING,102 DIE CUTTER #3,333 142ER,,,1,4,4.226808,4.226808,,,,177.99,177.99,42.10979,0,14.83,42.11,17.8,0,74.74,75.52,419.85,570.12
BOX001/102/NPL/W0034/01/1000G,PRINTED LID - WEEKS W/SALE PRINTED LID *DS 590mm x,Labour,Folder Gluer,,0,30,FOLDER GLUER,FOLDER GLUER,102 FOLDER GLUER OPERATOR,102 Folder Gluer Operator,,,1,10,,10,,,,135.43,135.43,13.543,0,14.83,42.11,17.8,0,74.74,75.52,419.85,570.12
BOX001/102/NPL/W0034/01/1000G,PRINTED LID - WEEKS W/SALE PRINTED LID *DS 590mm x,Machine,Folder Gluer,Fold Glue,0,30,FOLDER GLUER,FOLDER GLUER,102 FOLDER GLUER #2,TANABE BOXR,,,1,10,,10,,,,177.99,177.99,17.799,0,14.83,42.11,17.8,0,74.74,75.52,419.85,570.12
BOX001/102/YPB/1000G/1120P,UNPRINTED BASE - EURO BASE 580mm x 380mm x 150mm 1,Material,,,0,1,,,0-FACTORY/102/BANDING,BLUE BANDING 102,COIL,9e-05,,,,,29.67,0,42.82,,29.67,0.00267,0,0,28.48,30.08,0,58.56,44.74,450.5,553.8
BOX001/102/YPB/1000G/1120P,UNPRINTED BASE - EURO BASE 580mm x 380mm x 150mm 1,Material,,,2,2,,,0-FACTORY/102/EUROLAYERCARD,0-FACTORY/102/EUROLAYERCARD,1000,0.00268,,,,,685,0,685,,685,1.8358,0,0,28.48,30.08,0,58.56,44.74,450.5,553.8
BOX001/102/YPB/1000G/1120P,UNPRINTED BASE - EURO BASE 580mm x 380mm x 150mm 1,Material,,,0,3,,,0-FACTORY/102/STRETCHWRAP,0-FACTORY/102/STRETCHWRAP,Tonne,0.00032,,,,,2440,0,2810,,2440,0.7808,0,0,28.48,30.08,0,58.56,44.74,450.5,553.8
BOX001/102/YPB/1000G/1120P,UNPRINTED BASE - EURO BASE 580mm x 380mm x 150mm 1,Material,,,0,4,,,0-FACTORY/102/TOPSHEET,0-TOPSHEET/102/1400mmX1600mm/40MU,Tonne,0.00014,,,,,1820,0,1820,,1820,0.2548,0,0,28.48,30.08,0,58.56,44.74,450.5,553.8
BOX001/102/YPB/1000G/1120P,UNPRINTED BASE - EURO BASE 580mm x 380mm x 150mm 1,Material,,,0,5,,,0-LARGE BINDER-1050x1250,BOARD 1250 x 1050/GRUNL / GRUNL /450GSM,1000,0.00089,,,,,685,0,685,,685,0.60965,0,0,28.48,30.08,0,58.56,44.74,450.5,553.8
BOX001/102/YPB/1000G/1120P,UNPRINTED BASE - EURO BASE 580mm x 380mm x 150mm 1,Material,,,0,6,,,0-Pallets/102/Std1000x1200,0-Pallets/102/Std1000x1200,1000,0.00089,,,,,4950,0,5250,,4950,4.4055,0,0,28.48,30.08,0,58.56,44.74,450.5,553.8
BOX001/102/YPB/1000G/1120P,UNPRINTED BASE - EURO BASE 580mm x 380mm x 150mm 1,Material,,,0,7,,,BRD001/102/YPB/1000G/BB,BOARD 1360 x 880/BRTKL / BRTKLWPENC /1000GSM,Tonne,0.5984,,,,,730,0,730,,730,436.832,0,0,28.48,30.08,0,58.56,44.74,450.5,553.8
BOX001/102/YPB/1000G/1120P,UNPRINTED BASE - EURO BASE 580mm x 380mm x 150mm 1,Material,,,0,8,,,PLASTOMELT9799,PLASTOMELT9799,Tonne,0.0021,,,,,2750,0,2518.65105,,2750,5.775,0,0,28.48,30.08,0,58.56,44.74,450.5,553.8
BOX001/102/YPB/1000G/1120P,UNPRINTED BASE - EURO BASE 580mm x 380mm x 150mm 1,Labour,Diecutter,,0,20,DIE CUTTING,DIE CUTTING,102 DIE CUTTER OPERATOR,102 Die Cutter Operator,,,1,8,6.250567,6.250567,,,,136.57,136.57,21.84922,0,0,28.48,30.08,0,58.56,44.74,450.5,553.8
BOX001/102/YPB/1000G/1120P,UNPRINTED BASE - EURO BASE 580mm x 380mm x 150mm 1,Machine,Diecutter,Die Cut,0,20,DIE CUTTING,DIE CUTTING,101 DIE CUTTER #2,101 Die Cutter #2,,,1,8,6.250567,6.250567,,,,177.99,177.99,28.47582,0,0,28.48,30.08,0,58.56,44.74,450.5,553.8
BOX001/102/YPB/1000G/1120P,UNPRINTED BASE - EURO BASE 580mm x 380mm x 150mm 1,Labour,Folder Gluer,,0,30,FOLDER GLUER,FOLDER GLUER,102 FOLDER GLUER OPERATOR,102 Folder Gluer Operator,,,1,10,5.916374,5.916374,,,,135.43,135.43,22.89071,0,0,28.48,30.08,0,58.56,44.74,450.5,553.8
BOX001/102/YPB/1000G/1120P,UNPRINTED BASE - EURO BASE 580mm x 380mm x 150mm 1,Machine,Folder Gluer,Fold Glue,0,30,FOLDER GLUER,FOLDER GLUER,102 FOLDER GLUER #1,552 TRIM1,,,1,10,5.916374,5.916374,,,,177.99,177.99,30.08431,0,0,28.48,30.08,0,58.56,44.74,450.5,553.8
BOX001/102/YPB/1000G/510P,UNPRINTED BASE - DLS PE BASE *DS 2017 580mm x 380mm x 150mm,Material,,,0,0,,,0-FACTORY/102/BANDING,BLUE BANDING 102,COIL,0.00018,,,,,29.67,0,42.82,,29.67,0.00534,0,0,47.69,72.03,0,119.71,91.39,695.19,906.3
BOX001/102/YPB/1000G/510P,UNPRINTED BASE - DLS PE BASE *DS 2017 580mm x 380mm x 150mm,Material,,,2,0,,,0-FACTORY/102/EUROLAYERCARD,EURO LAYERCARD 800 x 1000,1000,0.00392,,,,,685,0,685,,685,2.6852,0,0,47.69,72.03,0,119.71,91.39,695.19,906.3
BOX001/102/YPB/1000G/510P,UNPRINTED BASE - DLS PE BASE *DS 2017 580mm x 380mm x 150mm,Material,,,0,0,,,0-FACTORY/102/STRETCHWRAP,STRETCHWRAP,Tonne,0.00069,,,,,2440,0,2810,,2440,1.6836,0,0,47.69,72.03,0,119.71,91.39,695.19,906.3
BOX001/102/YPB/1000G/510P,UNPRINTED BASE - DLS PE BASE *DS 2017 580mm x 380mm x 150mm,Material,,,0,0,,,0-FACTORY/102/TOPSHEET,0-TOPSHEET/102/1400mmX1600mm/40MU,Tonne,0.0003,,,,,1820,0,1820,,1820,0.546,0,0,47.69,72.03,0,119.71,91.39,695.19,906.3
BOX001/102/YPB/1000G/510P,UNPRINTED BASE - DLS PE BASE *DS 2017 580mm x 380mm x 150mm,Material,,,0,0,,,0-LARGE BINDER-1050x1250,PACKLINE  450 GSM DR UNLINED / UNLINED  FSC recycled 100% C,1000,0.00196,,,,,685,0,685,,685,1.3426,0,0,47.69,72.03,0,119.71,91.39,695.19,906.3
BOX001/102/YPB/1000G/510P,UNPRINTED BASE - DLS PE BASE *DS 2017 580mm x 380mm x 150mm,Material,,,0,0,,,0-Pallets/102/Std1000x1200,STANDARD PALLET,1000,0.00196,,,,,4950,0,5250,,4950,9.702,0,0,47.69,72.03,0,119.71,91.39,695.19,906.3
BOX001/102/YPB/1000G/510P,UNPRINTED BASE - DLS PE BASE *DS 2017 580mm x 380mm x 150mm,Material,,,0,0,,,BRD001/102/YPB/1000G/WB,PACKLINE 1000 G/M? KRAFTLINER /  TKLINER+WHITE PE-NC FSC mi,Tonne,0.8409,,,,,794,0,794,,794,667.6746,0,0,47.69,72.03,0,119.71,91.39,695.19,906.3
BOX001/102/YPB/1000G/510P,UNPRINTED BASE - DLS PE BASE *DS 2017 580mm x 380mm x 150mm,Material,,,0,0,,,PLASTOMELT9799,PLASTOMELT9799,Tonne,0.0042,,,,,2750,0,2518.65105,,2750,11.55,0,0,47.69,72.03,0,119.71,91.39,695.19,906.3
BOX001/102/YPB/1000G/510P,UNPRINTED BASE - DLS PE BASE *DS 2017 580mm x 380mm x 150mm,Labour,Diecutter,,0,20,DIE CUTTING,DIE CUTTING,102 Die Cutter Operator,102 Die Cutter Operator,,,1,4,3.732492,3.732492,,,,136.57,136.57,36.5895,0,0,47.69,72.03,0,119.71,91.39,695.19,906.3
BOX001/102/YPB/1000G/510P,UNPRINTED BASE - DLS PE BASE *DS 2017 580mm x 380mm x 150mm,Machine,Diecutter,Die Cut,0,20,DIE CUTTING,DIE CUTTING,102 Die Cutter #1,332 142E,,,1,4,3.732492,3.732492,,,,177.99,177.99,47.68664,0,0,47.69,72.03,0,119.71,91.39,695.19,906.3
BOX001/102/YPB/1000G/510P,UNPRINTED BASE - DLS PE BASE *DS 2017 580mm x 380mm x 150mm,Labour,Folder Gluer,,0,30,FOLDER GLUER,FOLDER GLUER,102 Folder Gluer Operator,102 Folder Gluer Operator,,,1,10,2.471146,2.471146,,,,135.43,135.43,54.80453,0,0,47.69,72.03,0,119.71,91.39,695.19,906.3
BOX001/102/YPB/1000G/510P,UNPRINTED BASE - DLS PE BASE *DS 2017 580mm x 380mm x 150mm,Machine,Folder Gluer,Fold Glue,0,30,FOLDER GLUER,FOLDER GLUER,102 Folder Gluer #2,TANABE BOXR,,,1,10,2.471146,2.471146,,,,177.99,177.99,72.02731,0,0,47.69,72.03,0,119.71,91.39,695.19,906.3
BOX001/102/YPB/1250G/1000P,UNPRINTED BASE - PLN BASE 580mm x 380mm x 150mm 12,Material,,,0,1,,,0-FACTORY/102/BANDING,BLUE BANDING 102,COIL,0.00012,,,,,29.67,0,42.82,,29.67,0.00356,0,0,28.24,32.22,0,60.45,46.18,559.06,665.69
BOX001/102/YPB/1250G/1000P,UNPRINTED BASE - PLN BASE 580mm x 380mm x 150mm 12,Material,,,2,2,,,0-FACTORY/102/EUROLAYERCARD,0-FACTORY/102/EUROLAYERCARD,1000,0.004,,,,,685,0,685,,685,2.74,0,0,28.24,32.22,0,60.45,46.18,559.06,665.69
BOX001/102/YPB/1250G/1000P,UNPRINTED BASE - PLN BASE 580mm x 380mm x 150mm 12,Material,,,0,3,,,0-FACTORY/102/STRETCHWRAP,0-FACTORY/102/STRETCHWRAP,Tonne,0.00035,,,,,2440,0,2810,,2440,0.854,0,0,28.24,32.22,0,60.45,46.18,559.06,665.69
BOX001/102/YPB/1250G/1000P,UNPRINTED BASE - PLN BASE 580mm x 380mm x 150mm 12,Material,,,0,4,,,0-FACTORY/102/TOPSHEET,0-TOPSHEET/102/1400mmX1600mm/40MU,Tonne,0.00014,,,,,1820,0,1820,,1820,0.2548,0,0,28.24,32.22,0,60.45,46.18,559.06,665.69
BOX001/102/YPB/1250G/1000P,UNPRINTED BASE - PLN BASE 580mm x 380mm x 150mm 12,Material,,,0,5,,,0-LARGE BINDER-1050x1250,BOARD 1250 x 1050/GRUNL / GRUNL /450GSM,1000,0.001,,,,,685,0,685,,685,0.685,0,0,28.24,32.22,0,60.45,46.18,559.06,665.69
BOX001/102/YPB/1250G/1000P,UNPRINTED BASE - PLN BASE 580mm x 380mm x 150mm 12,Material,,,0,6,,,0-Pallets/102/Std1000x1200,0-Pallets/102/Std1000x1200,1000,0.001,,,,,4950,0,5250,,4950,4.95,0,0,28.24,32.22,0,60.45,46.18,559.06,665.69
BOX001/102/YPB/1250G/1000P,UNPRINTED BASE - PLN BASE 580mm x 380mm x 150mm 12,Material,,,0,7,,,BRD001/102/YPB/1250G/BB,BOARD 1358 x 878/BRTKL/BRTKLWPENC/1250GSM,Tonne,0.748,,,,,727,0,692,,727,543.796,0,0,28.24,32.22,0,60.45,46.18,559.06,665.69
BOX001/102/YPB/1250G/1000P,UNPRINTED BASE - PLN BASE 580mm x 380mm x 150mm 12,Material,,,0,8,,,PLASTOMELT9799,PLASTOMELT9799,Tonne,0.0021,,,,,2750,0,2518.65105,,2750,5.775,0,0,28.24,32.22,0,60.45,46.18,559.06,665.69
BOX001/102/YPB/1250G/1000P,UNPRINTED BASE - PLN BASE 580mm x 380mm x 150mm 12,Labour,Diecutter,,0,20,DIE CUTTING,DIE CUTTING,102 DIE CUTTER OPERATOR,102 Die Cutter Operator,,,1,8,6.303774,6.303774,,,,136.57,136.57,21.6648,0,0,28.24,32.22,0,60.45,46.18,559.06,665.69
BOX001/102/YPB/1250G/1000P,UNPRINTED BASE - PLN BASE 580mm x 380mm x 150mm 12,Machine,Diecutter,Die Cut,0,20,DIE CUTTING,DIE CUTTING,102 DIE CUTTER #2,332 142E,,,1,8,6.303774,6.303774,,,,177.99,177.99,28.23547,0,0,28.24,32.22,0,60.45,46.18,559.06,665.69
BOX001/102/YPB/1250G/1000P,UNPRINTED BASE - PLN BASE 580mm x 380mm x 150mm 12,Labour,Folder Gluer,,0,30,FOLDER GLUER,FOLDER GLUER,102 FOLDER GLUER OPERATOR,102 Folder Gluer Operator,,,1,10,5.524719,5.524719,,,,135.43,135.43,24.51346,0,0,28.24,32.22,0,60.45,46.18,559.06,665.69
BOX001/102/YPB/1250G/1000P,UNPRINTED BASE - PLN BASE 580mm x 380mm x 150mm 12,Machine,Folder Gluer,Fold Glue,0,30,FOLDER GLUER,FOLDER GLUER,102 FOLDER GLUER #2,TANABE BOXR,,,1,10,5.524719,5.524719,,,,177.99,177.99,32.21702,0,0,28.24,32.22,0,60.45,46.18,559.06,665.69
BOX001/102/YPL/1000G/1000P,UNPRINTED LID - PLN EURO LID 590mm x 390mm x 148mm,Material,,,0,1,,,0-FACTORY/102/BANDING,BLUE BANDING 102,COIL,0.00012,,,,,29.67,0,42.82,,29.67,0.00356,0,0,24.81,27.4,0,52.21,39.89,478.35,570.45
BOX001/102/YPL/1000G/1000P,UNPRINTED LID - PLN EURO LID 590mm x 390mm x 148mm,Material,,,2,2,,,0-FACTORY/102/EUROLAYERCARD,0-FACTORY/102/EUROLAYERCARD,1000,0.003,,,,,685,0,685,,685,2.055,0,0,24.81,27.4,0,52.21,39.89,478.35,570.45
BOX001/102/YPL/1000G/1000P,UNPRINTED LID - PLN EURO LID 590mm x 390mm x 148mm,Material,,,0,3,,,0-FACTORY/102/STRETCHWRAP,0-FACTORY/102/STRETCHWRAP,Tonne,0.00035,,,,,2440,0,2810,,2440,0.854,0,0,24.81,27.4,0,52.21,39.89,478.35,570.45
BOX001/102/YPL/1000G/1000P,UNPRINTED LID - PLN EURO LID 590mm x 390mm x 148mm,Material,,,0,4,,,0-FACTORY/102/TOPSHEET,0-TOPSHEET/102/1400mmX1600mm/40MU,Tonne,0.00015,,,,,1820,0,1820,,1820,0.273,0,0,24.81,27.4,0,52.21,39.89,478.35,570.45
BOX001/102/YPL/1000G/1000P,UNPRINTED LID - PLN EURO LID 590mm x 390mm x 148mm,Material,,,0,5,,,0-LARGE BINDER-1050x1250,BOARD 1250 x 1050/GRUNL / GRUNL /450GSM,1000,0.001,,,,,685,0,685,,685,0.685,0,0,24.81,27.4,0,52.21,39.89,478.35,570.45
BOX001/102/YPL/1000G/1000P,UNPRINTED LID - PLN EURO LID 590mm x 390mm x 148mm,Material,,,0,6,,,0-Pallets/102/Std1000x1200,0-Pallets/102/Std1000x1200,1000,0.001,,,,,4950,0,5250,,4950,4.95,0,0,24.81,27.4,0,52.21,39.89,478.35,570.45
BOX001/102/YPL/1000G/1000P,UNPRINTED LID - PLN EURO LID 590mm x 390mm x 148mm,Material,,,0,7,,,BRD001/102/YPL/1000G/WB,BOARD 1370 x 884/WHTST/BRTKLWPENC/1000GSM,Tonne,0.6078,,,,,763,0,763,,763,463.7514,0,0,24.81,27.4,0,52.21,39.89,478.35,570.45
BOX001/102/YPL/1000G/1000P,UNPRINTED LID - PLN EURO LID 590mm x 390mm x 148mm,Material,,,0,8,,,PLASTOMELT9799,PLASTOMELT9799,Tonne,0.0021,,,,,2750,0,2518.65105,,2750,5.775,0,0,24.81,27.4,0,52.21,39.89,478.35,570.45
BOX001/102/YPL/1000G/1000P,UNPRINTED LID - PLN EURO LID 590mm x 390mm x 148mm,Labour,Diecutter,,0,20,DIE CUTTING,DIE CUTTING,102 DIE CUTTER OPERATOR,102 Die Cutter Operator,,,1,8,7.173606,7.173606,,,,136.57,136.57,19.03785,0,0,24.81,27.4,0,52.21,39.89,478.35,570.45
BOX001/102/YPL/1000G/1000P,UNPRINTED LID - PLN EURO LID 590mm x 390mm x 148mm,Machine,Diecutter,Die Cut,0,20,DIE CUTTING,DIE CUTTING,102 DIE CUTTER #1,331 130E,,,1,8,7.173606,7.173606,,,,177.99,177.99,24.81179,0,0,24.81,27.4,0,52.21,39.89,478.35,570.45
BOX001/102/YPL/1000G/1000P,UNPRINTED LID - PLN EURO LID 590mm x 390mm x 148mm,Labour,Folder Gluer,,0,30,FOLDER GLUER,FOLDER GLUER,102 FOLDER GLUER OPERATOR,102 Folder Gluer Operator,,,1,10,6.495724,6.495724,,,,135.43,135.43,20.8491,0,0,24.81,27.4,0,52.21,39.89,478.35,570.45
BOX001/102/YPL/1000G/1000P,UNPRINTED LID - PLN EURO LID 590mm x 390mm x 148mm,Machine,Folder Gluer,Fold Glue,0,30,FOLDER GLUER,FOLDER GLUER,102 FOLDER GLUER #2,TANABE BOXR,,,1,10,6.495724,6.495724,,,,177.99,177.99,27.4011,0,0,24.81,27.4,0,52.21,39.89,478.35,570.45
BOX001/102/YPL/1000G/1120P,UNPRINTED LID - PLN EURO LID 580mm x 380mm x 150mm,Material,,,0,1,,,0-FACTORY/102/BANDING,BLUE BANDING 102,COIL,9e-05,,,,,29.67,0,42.82,,29.67,0.00267,0,0,26.38,28.94,0,55.32,42.26,477.42,574.99
BOX001/102/YPL/1000G/1120P,UNPRINTED LID - PLN EURO LID 580mm x 380mm x 150mm,Material,,,2,2,,,0-FACTORY/102/EUROLAYERCARD,0-FACTORY/102/EUROLAYERCARD,1000,0.00268,,,,,685,0,685,,685,1.8358,0,0,26.38,28.94,0,55.32,42.26,477.42,574.99
BOX001/102/YPL/1000G/1120P,UNPRINTED LID - PLN EURO LID 580mm x 380mm x 150mm,Material,,,0,3,,,0-FACTORY/102/STRETCHWRAP,0-FACTORY/102/STRETCHWRAP,Tonne,0.00032,,,,,2440,0,2810,,2440,0.7808,0,0,26.38,28.94,0,55.32,42.26,477.42,574.99
BOX001/102/YPL/1000G/1120P,UNPRINTED LID - PLN EURO LID 580mm x 380mm x 150mm,Material,,,0,4,,,0-FACTORY/102/TOPSHEET,0-TOPSHEET/102/1400mmX1600mm/40MU,Tonne,0.00014,,,,,1820,0,1820,,1820,0.2548,0,0,26.38,28.94,0,55.32,42.26,477.42,574.99
BOX001/102/YPL/1000G/1120P,UNPRINTED LID - PLN EURO LID 580mm x 380mm x 150mm,Material,,,0,5,,,0-LARGE BINDER-1050x1250,BOARD 1250 x 1050/GRUNL / GRUNL /450GSM,1000,0.00089,,,,,685,0,685,,685,0.60965,0,0,26.38,28.94,0,55.32,42.26,477.42,574.99
BOX001/102/YPL/1000G/1120P,UNPRINTED LID - PLN EURO LID 580mm x 380mm x 150mm,Material,,,0,6,,,0-Pallets/102/Std1000x1200,0-Pallets/102/Std1000x1200,1000,0.00089,,,,,4950,0,5250,,4950,4.4055,0,0,26.38,28.94,0,55.32,42.26,477.42,574.99
BOX001/102/YPL/1000G/1120P,UNPRINTED LID - PLN EURO LID 580mm x 380mm x 150mm,Material,,,0,7,,,BRD001/102/YPL/1000G/WB,BOARD 1370 x 884/WHTST/BRTKLWPENC/1000GSM,Tonne,0.6078,,,,,763,0,763,,763,463.7514,0,0,26.38,28.94,0,55.32,42.26,477.42,574.99
BOX001/102/YPL/1000G/1120P,UNPRINTED LID - PLN EURO LID 580mm x 380mm x 150mm,Material,,,0,8,,,PLASTOMELT9799,PLASTOMELT9799,Tonne,0.0021,,,,,2750,0,2518.65105,,2750,5.775,0,0,26.38,28.94,0,55.32,42.26,477.42,574.99
BOX001/102/YPL/1000G/1120P,UNPRINTED LID - PLN EURO LID 580mm x 380mm x 150mm,Labour,Diecutter,,0,20,DIE CUTTING,DIE CUTTING,102 DIE CUTTER OPERATOR,102 Die Cutter Operator,,,1,8,6.748063,6.748063,,,,136.57,136.57,20.2384,0,0,26.38,28.94,0,55.32,42.26,477.42,574.99
BOX001/102/YPL/1000G/1120P,UNPRINTED LID - PLN EURO LID 580mm x 380mm x 150mm,Machine,Diecutter,Die Cut,0,20,DIE CUTTING,DIE CUTTING,102 DIE CUTTER #2,332 142E,,,1,8,6.748063,6.748063,,,,177.99,177.99,26.37646,0,0,26.38,28.94,0,55.32,42.26,477.42,574.99
BOX001/102/YPL/1000G/1120P,UNPRINTED LID - PLN EURO LID 580mm x 380mm x 150mm,Labour,Folder Gluer,,0,30,FOLDER GLUER,FOLDER GLUER,102 FOLDER GLUER OPERATOR,102 Folder Gluer Operator,,,1,10,6.150542,6.150542,,,,135.43,135.43,22.0192,0,0,26.38,28.94,0,55.32,42.26,477.42,574.99
BOX001/102/YPL/1000G/1120P,UNPRINTED LID - PLN EURO LID 580mm x 380mm x 150mm,Machine,Folder Gluer,Fold Glue,0,30,FOLDER GLUER,FOLDER GLUER,102 FOLDER GLUER #2,TANABE BOXR,,,1,10,6.150542,6.150542,,,,177.99,177.99,28.93891,0,0,26.38,28.94,0,55.32,42.26,477.42,574.99
BOX001/102/YPL/1000G/560P,UNPRINTED LID - PLN EURO LID 590mm x 390mm x 148mm 1000GSM,Material,,,2,0.001,,,BOX001/102/YPL/1000G/1120P,UNPRINTED LID - PLN EURO LID 590mm x 390mm x 148mm 1000GSM 1,1000,1,,,,,580,0,2622.6905,,580,580,0,0,0,0,0,0,0,580,580
BOX001/102/YPL/1250G/1000P,UNPRINTED LID - PLN POLY INT LID 590mm x 390mm x 1,Material,,,0,1,,,0-FACTORY/102/BANDING,BLUE BANDING 102,COIL,0.00012,,,,,29.67,0,42.82,,29.67,0.00356,0,0,34.63,38.71,0,73.34,56.03,629.92,759.29
BOX001/102/YPL/1250G/1000P,UNPRINTED LID - PLN POLY INT LID 590mm x 390mm x 1,Material,,,2,2,,,0-FACTORY/102/EUROLAYERCARD,0-FACTORY/102/EUROLAYERCARD,1000,0.004,,,,,685,0,685,,685,2.74,0,0,34.63,38.71,0,73.34,56.03,629.92,759.29
BOX001/102/YPL/1250G/1000P,UNPRINTED LID - PLN POLY INT LID 590mm x 390mm x 1,Material,,,0,3,,,0-FACTORY/102/STRETCHWRAP,0-FACTORY/102/STRETCHWRAP,Tonne,0.00035,,,,,2440,0,2810,,2440,0.854,0,0,34.63,38.71,0,73.34,56.03,629.92,759.29
BOX001/102/YPL/1250G/1000P,UNPRINTED LID - PLN POLY INT LID 590mm x 390mm x 1,Material,,,0,4,,,0-FACTORY/102/TOPSHEET,0-TOPSHEET/102/1400mmX1600mm/40MU,Tonne,0.00015,,,,,1820,0,1820,,1820,0.273,0,0,34.63,38.71,0,73.34,56.03,629.92,759.29
BOX001/102/YPL/1250G/1000P,UNPRINTED LID - PLN POLY INT LID 590mm x 390mm x 1,Material,,,0,5,,,0-LARGE BINDER-1050x1250,BOARD 1250 x 1050/GRUNL / GRUNL /450GSM,1000,0.001,,,,,685,0,685,,685,0.685,0,0,34.63,38.71,0,73.34,56.03,629.92,759.29
BOX001/102/YPL/1250G/1000P,UNPRINTED LID - PLN POLY INT LID 590mm x 390mm x 1,Material,,,0,6,,,0-Pallets/102/Std1000x1200,0-Pallets/102/Std1000x1200,1000,0.001,,,,,4950,0,5250,,4950,4.95,0,0,34.63,38.71,0,73.34,56.03,629.92,759.29
BOX001/102/YPL/1250G/1000P,UNPRINTED LID - PLN POLY INT LID 590mm x 390mm x 1,Material,,,0,7,,,BRD001/102/YPL/1250G/WB,BOARD 1372 x 886/WHKFT/BRTKLWPENC/1250GSM,Tonne,0.75975,,,,,809,0,809,,809,614.63775,0,0,34.63,38.71,0,73.34,56.03,629.92,759.29
BOX001/102/YPL/1250G/1000P,UNPRINTED LID - PLN POLY INT LID 590mm x 390mm x 1,Material,,,0,8,,,PLASTOMELT9799,PLASTOMELT9799,Tonne,0.0021,,,,,2750,0,2518.65105,,2750,5.775,0,0,34.63,38.71,0,73.34,56.03,629.92,759.29
BOX001/102/YPL/1250G/1000P,UNPRINTED LID - PLN POLY INT LID 590mm x 390mm x 1,Labour,Diecutter,,0,10,DIE CUTTING,DIE CUTTING,101 Die Cutter Operator,101 Die Cutter Operator,,,1,4,5.139636,5.139636,,,,136.57,136.57,26.57192,0,0,34.63,38.71,0,73.34,56.03,629.92,759.29
BOX001/102/YPL/1250G/1000P,UNPRINTED LID - PLN POLY INT LID 590mm x 390mm x 1,Machine,Diecutter,Die Cut,0,10,DIE CUTTING,DIE CUTTING,101 Die Cutter #1,101 Die Cutter #1,,,1,4,5.139636,5.139636,,,,177.99,177.99,34.63086,0,0,34.63,38.71,0,73.34,56.03,629.92,759.29
BOX001/102/YPL/1250G/1000P,UNPRINTED LID - PLN POLY INT LID 590mm x 390mm x 1,Labour,Folder Gluer,,0,20,FOLDER GLUER,FOLDER GLUER,101 Folder Gluer Operator,101 Folder Gluer Operator,,,1,10,4.59801,4.59801,,,,135.43,135.43,29.45405,0,0,34.63,38.71,0,73.34,56.03,629.92,759.29
BOX001/102/YPL/1250G/1000P,UNPRINTED LID - PLN POLY INT LID 590mm x 390mm x 1,Machine,Folder Gluer,Fold Glue,0,20,FOLDER GLUER,FOLDER GLUER,101 Folder Gluer Domino,101 Folder Gluer Domino,,,1,10,4.59801,4.59801,,,,177.99,177.99,38.71022,0,0,34.63,38.71,0,73.34,56.03,629.92,759.29
BOX001/102/YPL/A0016/01/1250G,PRINTED LID - STODDART PTD LID 590mm x 390mm x 148,Material,,,0,1,,,0-FACTORY/102/BANDING,BLUE BANDING 102,COIL,0.00012,,,,,29.67,0,42.82,,29.67,0.00356,0,39.95,32.28,36.1,0,108.34,132.16,629.98,870.47
BOX001/102/YPL/A0016/01/1250G,PRINTED LID - STODDART PTD LID 590mm x 390mm x 148,Material,,,0,3,,,0-FACTORY/102/STRETCHWRAP,0-FACTORY/102/STRETCHWRAP,Tonne,0.00035,,,,,2440,0,2810,,2440,0.854,0,39.95,32.28,36.1,0,108.34,132.16,629.98,870.47
BOX001/102/YPL/A0016/01/1250G,PRINTED LID - STODDART PTD LID 590mm x 390mm x 148,Material,,,0,4,,,0-FACTORY/102/TOPSHEET,0-TOPSHEET/102/1400mmX1600mm/40MU,Tonne,0.00015,,,,,1820,0,1820,,1820,0.273,0,39.95,32.28,36.1,0,108.34,132.16,629.98,870.47
BOX001/102/YPL/A0016/01/1250G,PRINTED LID - STODDART PTD LID 590mm x 390mm x 148,Material,,,0,5,,,0-LARGE BINDER-1050x1250,BOARD 1250 x 1050/GRUNL / GRUNL /450GSM,1000,0.001,,,,,685,0,685,,685,0.685,0,39.95,32.28,36.1,0,108.34,132.16,629.98,870.47
BOX001/102/YPL/A0016/01/1250G,PRINTED LID - STODDART PTD LID 590mm x 390mm x 148,Material,,,0,6,,,0-Pallets/102/Std1000x1200,0-Pallets/102/Std1000x1200,1000,0.001,,,,,4950,0,5250,,4950,4.95,0,39.95,32.28,36.1,0,108.34,132.16,629.98,870.47
BOX001/102/YPL/A0016/01/1250G,PRINTED LID - STODDART PTD LID 590mm x 390mm x 148,Material,,,0,7,,,BRD001/102/YPL/1250G/WB,BOARD 1372 x 886/WHKFT/BRTKLWPENC/1250GSM,Tonne,0.7598,,,,,809,0,809,,809,614.6782,0,39.95,32.28,36.1,0,108.34,132.16,629.98,870.47
BOX001/102/YPL/A0016/01/1250G,PRINTED LID - STODDART PTD LID 590mm x 390mm x 148,Material,,,0,8,,,GREEN 346 U,PRINTER INK 6000060 GREEN,KGs,4e-05,,,,,15,0,,,15,0.0006,0,39.95,32.28,36.1,0,108.34,132.16,629.98,870.47
BOX001/102/YPL/A0016/01/1250G,PRINTED LID - STODDART PTD LID 590mm x 390mm x 148,Material,,,0,9,,,GREEN 355 U,PRINTER INK 6000038 GREEN,KGs,0.00082,,,,,15,0,,,15,0.0123,0,39.95,32.28,36.1,0,108.34,132.16,629.98,870.47
BOX001/102/YPL/A0016/01/1250G,PRINTED LID - STODDART PTD LID 590mm x 390mm x 148,Material,,,0,10,,,PLASTOMELT9799,PLASTOMELT9799,Tonne,0.0021,,,,,2750,0,2518.65105,,2750,5.775,0,39.95,32.28,36.1,0,108.34,132.16,629.98,870.47
BOX001/102/YPL/A0016/01/1250G,PRINTED LID - STODDART PTD LID 590mm x 390mm x 148,Labour,Printer,,0,10,PRINT,PRINT,101 Printer Operator,101 Printer Operator,,,1,6,4.455432,4.455432,,,,356.05,356.05,79.91369,0,39.95,32.28,36.1,0,108.34,132.16,629.98,870.47
BOX001/102/YPL/A0016/01/1250G,PRINTED LID - STODDART PTD LID 590mm x 390mm x 148,Machine,Printer,Print,0,10,PRINT,PRINT,101 KBA,101 KBA,,,1,6,4.455432,4.455432,,,,177.99,177.99,39.94899,0,39.95,32.28,36.1,0,108.34,132.16,629.98,870.47
BOX001/102/YPL/A0016/01/1250G,PRINTED LID - STODDART PTD LID 590mm x 390mm x 148,Material,,,0,11,,,PURPLE 246 U,PRINTER INK 6000061 PURPLE,KGs,4e-05,,,,,15,0,,,15,0.0006,0,39.95,32.28,36.1,0,108.34,132.16,629.98,870.47
BOX001/102/YPL/A0016/01/1250G,PRINTED LID - STODDART PTD LID 590mm x 390mm x 148,Material,,,0,12,,,PURPLE 2602 U,PRINTER INK 6000062 PURPLE,KGs,0.00035,,,,,15,0,,,15,0.00525,0,39.95,32.28,36.1,0,108.34,132.16,629.98,870.47
BOX001/102/YPL/A0016/01/1250G,PRINTED LID - STODDART PTD LID 590mm x 390mm x 148,Material,,,2,12.001,,,0-FACTORY/102/EUROLAYERCARD,0-FACTORY/102/EUROLAYERCARD,1000,0.004,,,,,685,0,685,,685,2.74,0,39.95,32.28,36.1,0,108.34,132.16,629.98,870.47
BOX001/102/YPL/A0016/01/1250G,PRINTED LID - STODDART PTD LID 590mm x 390mm x 148,Labour,Diecutter,,0,20,DIE CUTTING,DIE CUTTING,101 Die Cutter Operator,101 Die Cutter Operator,,,1,4,5.513197,5.513197,,,,136.57,136.57,24.77147,0,39.95,32.28,36.1,0,108.34,132.16,629.98,870.47
BOX001/102/YPL/A0016/01/1250G,PRINTED LID - STODDART PTD LID 590mm x 390mm x 148,Machine,Diecutter,Die Cut,0,20,DIE CUTTING,DIE CUTTING,101 Die Cutter #1,101 Die Cutter #1,,,1,4,5.513197,5.513197,,,,177.99,177.99,32.28435,0,39.95,32.28,36.1,0,108.34,132.16,629.98,870.47
BOX001/102/YPL/A0016/01/1250G,PRINTED LID - STODDART PTD LID 590mm x 390mm x 148,Labour,Folder Gluer,,0,30,FOLDER GLUER,FOLDER GLUER,101 Folder Gluer Operator,101 Folder Gluer Operator,,,1,10,4.929983,4.929983,,,,135.43,135.43,27.47068,0,39.95,32.28,36.1,0,108.34,132.16,629.98,870.47
BOX001/102/YPL/A0016/01/1250G,PRINTED LID - STODDART PTD LID 590mm x 390mm x 148,Machine,Folder Gluer,Fold Glue,0,30,FOLDER GLUER,FOLDER GLUER,101 Folder Gluer Domino,101 Folder Gluer Domino,,,1,10,4.929983,4.929983,,,,177.99,177.99,36.10357,0,39.95,32.28,36.1,0,108.34,132.16,629.98,870.47
BOX001/102/YPL/A0049/01/1250G,PRINTED LID - PRIME SELECT BLUE (2018) 590mm x 390,Material,,,0,1,,,0-FACTORY/102/BANDING,BLUE BANDING 102,COIL,9e-05,,,,,29.67,0,42.82,,29.67,0.00267,0,29.67,44.5,17.8,0,91.96,107.03,522.09,721.08
BOX001/102/YPL/A0049/01/1250G,PRINTED LID - PRIME SELECT BLUE (2018) 590mm x 390,Material,,,0,2,,,0-FACTORY/102/STDLAYERCARD,0-FACTORY/102/STDLAYERCARD,1000,0.00268,,,,,198,0,,,198,0.53064,0,29.67,44.5,17.8,0,91.96,107.03,522.09,721.08
BOX001/102/YPL/A0049/01/1250G,PRINTED LID - PRIME SELECT BLUE (2018) 590mm x 390,Material,,,0,3,,,0-FACTORY/102/STRETCHWRAP,0-FACTORY/102/STRETCHWRAP,Tonne,0.00032,,,,,2440,0,2810,,2440,0.7808,0,29.67,44.5,17.8,0,91.96,107.03,522.09,721.08
BOX001/102/YPL/A0049/01/1250G,PRINTED LID - PRIME SELECT BLUE (2018) 590mm x 390,Material,,,0,4,,,0-FACTORY/102/TOPSHEET,0-TOPSHEET/102/1400mmX1600mm/40MU,Tonne,0.00089,,,,,1820,0,1820,,1820,1.6198,0,29.67,44.5,17.8,0,91.96,107.03,522.09,721.08
BOX001/102/YPL/A0049/01/1250G,PRINTED LID - PRIME SELECT BLUE (2018) 590mm x 390,Material,,,0,5,,,0-Pallets/102/Std1000x1200,0-Pallets/102/Std1000x1200,1000,0.0021,,,,,4950,0,5250,,4950,10.395,0,29.67,44.5,17.8,0,91.96,107.03,522.09,721.08
BOX001/102/YPL/A0049/01/1250G,PRINTED LID - PRIME SELECT BLUE (2018) 590mm x 390,Material,,,0,6,,,BRD001/102/YPL/1250G/WB(2),BOARD916X686/WHKFT/BRTKL/WPENC/1250G,Tonne,0.7598,,,,,662,0,782,,662,502.9876,0,29.67,44.5,17.8,0,91.96,107.03,522.09,721.08
BOX001/102/YPL/A0049/01/1250G,PRINTED LID - PRIME SELECT BLUE (2018) 590mm x 390,Material,,,0,7,,,PLASTOMELT9799,PLASTOMELT9799,Tonne,0.0021,,,,,2750,0,2518.65105,,2750,5.775,0,29.67,44.5,17.8,0,91.96,107.03,522.09,721.08
BOX001/102/YPL/A0049/01/1250G,PRINTED LID - PRIME SELECT BLUE (2018) 590mm x 390,Labour,Printer,,0,10,PRINT,PRINT,102 PRINTER OPERATOR,102 Printer Operator,,,1,6,,6,,,,356.05,356.05,59.34167,0,29.67,44.5,17.8,0,91.96,107.03,522.09,721.08
BOX001/102/YPL/A0049/01/1250G,PRINTED LID - PRIME SELECT BLUE (2018) 590mm x 390,Machine,Printer,Print,0,10,PRINT,PRINT,102 PRINTER DERI,221 DERITEND,,,1,6,,6,,,,177.99,177.99,29.665,0,29.67,44.5,17.8,0,91.96,107.03,522.09,721.08
BOX001/102/YPL/A0049/01/1250G,PRINTED LID - PRIME SELECT BLUE (2018) 590mm x 390,Labour,Diecutter,,0,20,DIE CUTTING,DIE CUTTING,102 DIE CUTTER OPERATOR,102 Die Cutter Operator,,,1,4,,4,,,,136.57,136.57,34.1425,0,29.67,44.5,17.8,0,91.96,107.03,522.09,721.08
BOX001/102/YPL/A0049/01/1250G,PRINTED LID - PRIME SELECT BLUE (2018) 590mm x 390,Machine,Diecutter,Die Cut,0,20,DIE CUTTING,DIE CUTTING,102 DIE CUTTER #1,331 130E,,,1,4,,4,,,,177.99,177.99,44.4975,0,29.67,44.5,17.8,0,91.96,107.03,522.09,721.08
BOX001/102/YPL/A0049/01/1250G,PRINTED LID - PRIME SELECT BLUE (2018) 590mm x 390,Labour,Folder Gluer,,0,30,FOLDER GLUER,FOLDER GLUER,102 FOLDER GLUER OPERATOR,102 Folder Gluer Operator,,,1,10,,10,,,,135.43,135.43,13.543,0,29.67,44.5,17.8,0,91.96,107.03,522.09,721.08
BOX001/102/YPL/A0049/01/1250G,PRINTED LID - PRIME SELECT BLUE (2018) 590mm x 390,Machine,Folder Gluer,Fold Glue,0,30,FOLDER GLUER,FOLDER GLUER,102 FOLDER GLUER #2,TANABE BOXR,,,1,10,,10,,,,177.99,177.99,17.799,0,29.67,44.5,17.8,0,91.96,107.03,522.09,721.08
BOX001/102/YPL/A0049/03/1250G,PRINTED LID - ABP BURGUNDY LID 1250 590mm x 390mm,Material,,,0,1,,,0-FACTORY/102/BANDING,BLUE BANDING 102,COIL,0.00016,,,,,29.67,0,42.82,,29.67,0.00475,0,56.21,48.02,31.3,0,135.53,173.1,631.77,940.4
BOX001/102/YPL/A0049/03/1250G,PRINTED LID - ABP BURGUNDY LID 1250 590mm x 390mm,Material,,,0,3,,,0-FACTORY/102/STRAPPING,STRAPPING-102,COIL,9e-05,,,,,29.67,0,,,29.67,0.00267,0,56.21,48.02,31.3,0,135.53,173.1,631.77,940.4
BOX001/102/YPL/A0049/03/1250G,PRINTED LID - ABP BURGUNDY LID 1250 590mm x 390mm,Material,,,0,4,,,0-FACTORY/102/STRETCHWRAP,0-FACTORY/102/STRETCHWRAP,Tonne,0.00044,,,,,2440,0,2810,,2440,1.0736,0,56.21,48.02,31.3,0,135.53,173.1,631.77,940.4
BOX001/102/YPL/A0049/03/1250G,PRINTED LID - ABP BURGUNDY LID 1250 590mm x 390mm,Material,,,0,5,,,0-FACTORY/102/TOPSHEET,0-TOPSHEET/102/1400mmX1600mm/40MU,Tonne,0.00022,,,,,1820,0,1820,,1820,0.4004,0,56.21,48.02,31.3,0,135.53,173.1,631.77,940.4
BOX001/102/YPL/A0049/03/1250G,PRINTED LID - ABP BURGUNDY LID 1250 590mm x 390mm,Material,,,0,6,,,0-LARGE BINDER-1050x1250,BOARD 1250 x 1050/GRUNL / GRUNL /450GSM,1000,0.00125,,,,,685,0,685,,685,0.85625,0,56.21,48.02,31.3,0,135.53,173.1,631.77,940.4
BOX001/102/YPL/A0049/03/1250G,PRINTED LID - ABP BURGUNDY LID 1250 590mm x 390mm,Material,,,0,7,,,0-Pallets/102/Std1000x1200,0-Pallets/102/Std1000x1200,1000,0.00125,,,,,4950,0,5250,,4950,6.1875,0,56.21,48.02,31.3,0,135.53,173.1,631.77,940.4
BOX001/102/YPL/A0049/03/1250G,PRINTED LID - ABP BURGUNDY LID 1250 590mm x 390mm,Material,,,0,8,,,BRD001/102/YPL/1250G/WB,BOARD 1372 x 886/WHKFT/BRTKLWPENC/1250GSM,Tonne,0.76,,,,,809,0,809,,809,614.84,0,56.21,48.02,31.3,0,135.53,173.1,631.77,940.4
BOX001/102/YPL/A0049/03/1250G,PRINTED LID - ABP BURGUNDY LID 1250 590mm x 390mm,Material,,,0,9,,,PLASTOMELT9799,PLASTOMELT9799,Tonne,0.0021,,,,,2750,0,2518.65105,,2750,5.775,0,56.21,48.02,31.3,0,135.53,173.1,631.77,940.4
BOX001/102/YPL/A0049/03/1250G,PRINTED LID - ABP BURGUNDY LID 1250 590mm x 390mm,Material,,,0,10,,,PURPLE 209 U,PRINTER INK 6000059 PURPLE,KGs,0.00378,,,,,15,0,,,15,0.0567,0,56.21,48.02,31.3,0,135.53,173.1,631.77,940.4
BOX001/102/YPL/A0049/03/1250G,PRINTED LID - ABP BURGUNDY LID 1250 590mm x 390mm,Labour,Printer,,0,10,PRINT,PRINT,101 Printer Operator,101 Printer Operator,,,1,6,3.166511,3.166511,,,,356.05,356.05,112.44237,0,56.21,48.02,31.3,0,135.53,173.1,631.77,940.4
BOX001/102/YPL/A0049/03/1250G,PRINTED LID - ABP BURGUNDY LID 1250 590mm x 390mm,Machine,Printer,Print,0,10,PRINT,PRINT,101 KBA,101 KBA,,,1,6,3.166511,3.166511,,,,177.99,177.99,56.21013,0,56.21,48.02,31.3,0,135.53,173.1,631.77,940.4
BOX001/102/YPL/A0049/03/1250G,PRINTED LID - ABP BURGUNDY LID 1250 590mm x 390mm,Material,,,2,10.001,,,0-FACTORY/102/EUROLAYERCARD,0-FACTORY/102/EUROLAYERCARD,1000,0.00375,,,,,685,0,685,,685,2.56875,0,56.21,48.02,31.3,0,135.53,173.1,631.77,940.4
BOX001/102/YPL/A0049/03/1250G,PRINTED LID - ABP BURGUNDY LID 1250 590mm x 390mm,Labour,Diecutter,,0,20,DIE CUTTING,DIE CUTTING,101 Die Cutter Operator,101 Die Cutter Operator,,,1,4,3.706612,3.706612,,,,136.57,136.57,36.84497,0,56.21,48.02,31.3,0,135.53,173.1,631.77,940.4
BOX001/102/YPL/A0049/03/1250G,PRINTED LID - ABP BURGUNDY LID 1250 590mm x 390mm,Machine,Diecutter,Die Cut,0,20,DIE CUTTING,DIE CUTTING,101 Die Cutter #1,101 Die Cutter #1,,,1,4,3.706612,3.706612,,,,177.99,177.99,48.01959,0,56.21,48.02,31.3,0,135.53,173.1,631.77,940.4
BOX001/102/YPL/A0049/03/1250G,PRINTED LID - ABP BURGUNDY LID 1250 590mm x 390mm,Labour,Folder Gluer,,0,30,FOLDER GLUER,FOLDER GLUER,101 Folder Gluer Operator,101 Folder Gluer Operator,,,1,10,5.686671,5.686671,,,,135.43,135.43,23.81534,0,56.21,48.02,31.3,0,135.53,173.1,631.77,940.4
BOX001/102/YPL/A0049/03/1250G,PRINTED LID - ABP BURGUNDY LID 1250 590mm x 390mm,Machine,Folder Gluer,Fold Glue,0,30,FOLDER GLUER,FOLDER GLUER,101 Folder Gluer Domino,101 Folder Gluer Domino,,,1,10,5.686671,5.686671,,,,177.99,177.99,31.29951,0,56.21,48.02,31.3,0,135.53,173.1,631.77,940.4
BOX001/102/YPL/A0049/04/1250G,PRINTED LID - SCOTCH PRIME BLACK EURO LID 590x390x,Material,,,0,1,,,0-FACTORY/102/BANDING,BLUE BANDING 102,COIL,9e-05,,,,,29.67,0,42.82,,29.67,0.00267,0,29.67,44.5,17.8,0,91.96,47.69,514.74,654.38
BOX001/102/YPL/A0049/04/1250G,PRINTED LID - SCOTCH PRIME BLACK EURO LID 590x390x,Material,,,0,2,,,0-FACTORY/102/STDLAYERCARD,0-FACTORY/102/STDLAYERCARD,1000,0.00268,,,,,198,0,,,198,0.53064,0,29.67,44.5,17.8,0,91.96,47.69,514.74,654.38
BOX001/102/YPL/A0049/04/1250G,PRINTED LID - SCOTCH PRIME BLACK EURO LID 590x390x,Material,,,0,3,,,0-FACTORY/102/STRETCHWRAP,0-FACTORY/102/STRETCHWRAP,Tonne,0.00032,,,,,2440,0,2810,,2440,0.7808,0,29.67,44.5,17.8,0,91.96,47.69,514.74,654.38
BOX001/102/YPL/A0049/04/1250G,PRINTED LID - SCOTCH PRIME BLACK EURO LID 590x390x,Material,,,0,4,,,0-FACTORY/102/TOPSHEET,0-TOPSHEET/102/1400mmX1600mm/40MU,Tonne,0.00014,,,,,1820,0,1820,,1820,0.2548,0,29.67,44.5,17.8,0,91.96,47.69,514.74,654.38
BOX001/102/YPL/A0049/04/1250G,PRINTED LID - SCOTCH PRIME BLACK EURO LID 590x390x,Material,,,0,5,,,0-Pallets/102/Std1000x1200,0-Pallets/102/Std1000x1200,1000,0.00089,,,,,4950,0,5250,,4950,4.4055,0,29.67,44.5,17.8,0,91.96,47.69,514.74,654.38
BOX001/102/YPL/A0049/04/1250G,PRINTED LID - SCOTCH PRIME BLACK EURO LID 590x390x,Material,,,0,6,,,BRD001/102/YPL/1250G/WB(2),BOARD916X686/WHKFT/BRTKL/WPENC/1250G,Tonne,0.7598,,,,,662,0,782,,662,502.9876,0,29.67,44.5,17.8,0,91.96,47.69,514.74,654.38
BOX001/102/YPL/A0049/04/1250G,PRINTED LID - SCOTCH PRIME BLACK EURO LID 590x390x,Material,,,0,7,,,PLASTOMELT9799,PLASTOMELT9799,Tonne,0.0021,,,,,2750,0,2518.65105,,2750,5.775,0,29.67,44.5,17.8,0,91.96,47.69,514.74,654.38
BOX001/102/YPL/A0049/04/1250G,PRINTED LID - SCOTCH PRIME BLACK EURO LID 590x390x,Machine,Printer,Print,0,10,PRINT,PRINT,101 KBA,101 KBA,,,1,6,,6,,,,177.99,177.99,29.665,0,29.67,44.5,17.8,0,91.96,47.69,514.74,654.38
BOX001/102/YPL/A0049/04/1250G,PRINTED LID - SCOTCH PRIME BLACK EURO LID 590x390x,Labour,Diecutter,,0,20,DIE CUTTING,DIE CUTTING,102 DIE CUTTER OPERATOR,102 Die Cutter Operator,,,1,4,,4,,,,136.57,136.57,34.1425,0,29.67,44.5,17.8,0,91.96,47.69,514.74,654.38
BOX001/102/YPL/A0049/04/1250G,PRINTED LID - SCOTCH PRIME BLACK EURO LID 590x390x,Machine,Diecutter,Die Cut,0,20,DIE CUTTING,DIE CUTTING,102 DIE CUTTER #1,331 130E,,,1,4,,4,,,,177.99,177.99,44.4975,0,29.67,44.5,17.8,0,91.96,47.69,514.74,654.38
BOX001/102/YPL/A0049/04/1250G,PRINTED LID - SCOTCH PRIME BLACK EURO LID 590x390x,Labour,Folder Gluer,,0,30,FOLDER GLUER,FOLDER GLUER,102 FOLDER GLUER OPERATOR,102 Folder Gluer Operator,,,1,10,,10,,,,135.43,135.43,13.543,0,29.67,44.5,17.8,0,91.96,47.69,514.74,654.38
BOX001/102/YPL/A0049/04/1250G,PRINTED LID - SCOTCH PRIME BLACK EURO LID 590x390x,Machine,Folder Gluer,Fold Glue,0,30,FOLDER GLUER,FOLDER GLUER,102 FOLDER GLUER #2,TANABE BOXR,,,1,10,,10,,,,177.99,177.99,17.799,0,29.67,44.5,17.8,0,91.96,47.69,514.74,654.38
BOX001/102/YPL/A0049/05/1250G,PRINTED LID - PRIME SELECT BLUE (2018) 590x390x148,Material,,,0,1,,,0-FACTORY/102/BANDING,BLUE BANDING 102,COIL,9e-05,,,,,29.67,0,42.82,,29.67,0.00267,0,53.91,46.05,35.8,0,135.75,170.4,522.09,828.25
BOX001/102/YPL/A0049/05/1250G,PRINTED LID - PRIME SELECT BLUE (2018) 590x390x148,Material,,,0,2,,,0-FACTORY/102/STDLAYERCARD,0-FACTORY/102/STDLAYERCARD,1000,0.00268,,,,,198,0,,,198,0.53064,0,53.91,46.05,35.8,0,135.75,170.4,522.09,828.25
BOX001/102/YPL/A0049/05/1250G,PRINTED LID - PRIME SELECT BLUE (2018) 590x390x148,Material,,,0,3,,,0-FACTORY/102/STRETCHWRAP,0-FACTORY/102/STRETCHWRAP,Tonne,0.00032,,,,,2440,0,2810,,2440,0.7808,0,53.91,46.05,35.8,0,135.75,170.4,522.09,828.25
BOX001/102/YPL/A0049/05/1250G,PRINTED LID - PRIME SELECT BLUE (2018) 590x390x148,Material,,,0,4,,,0-FACTORY/102/TOPSHEET,0-TOPSHEET/102/1400mmX1600mm/40MU,Tonne,0.00089,,,,,1820,0,1820,,1820,1.6198,0,53.91,46.05,35.8,0,135.75,170.4,522.09,828.25
BOX001/102/YPL/A0049/05/1250G,PRINTED LID - PRIME SELECT BLUE (2018) 590x390x148,Material,,,0,5,,,0-Pallets/102/Std1000x1200,0-Pallets/102/Std1000x1200,1000,0.0021,,,,,4950,0,5250,,4950,10.395,0,53.91,46.05,35.8,0,135.75,170.4,522.09,828.25
BOX001/102/YPL/A0049/05/1250G,PRINTED LID - PRIME SELECT BLUE (2018) 590x390x148,Material,,,0,6,,,BRD001/102/YPL/1250G/WB(2),BOARD916X686/WHKFT/BRTKL/WPENC/1250G,Tonne,0.7598,,,,,662,0,782,,662,502.9876,0,53.91,46.05,35.8,0,135.75,170.4,522.09,828.25
BOX001/102/YPL/A0049/05/1250G,PRINTED LID - PRIME SELECT BLUE (2018) 590x390x148,Material,,,0,7,,,PLASTOMELT9799,PLASTOMELT9799,Tonne,0.0021,,,,,2750,0,2518.65105,,2750,5.775,0,53.91,46.05,35.8,0,135.75,170.4,522.09,828.25
BOX001/102/YPL/A0049/05/1250G,PRINTED LID - PRIME SELECT BLUE (2018) 590x390x148,Labour,Printer,,0,10,PRINT,PRINT,102 PRINTER OPERATOR,102 Printer Operator,,,1,6,3.301832,3.301832,,,,356.05,356.05,107.83408,0,53.91,46.05,35.8,0,135.75,170.4,522.09,828.25
BOX001/102/YPL/A0049/05/1250G,PRINTED LID - PRIME SELECT BLUE (2018) 590x390x148,Machine,Printer,Print,0,10,PRINT,PRINT,102 PRINTER DERI,221 DERITEND,,,1,6,3.301832,3.301832,,,,177.99,177.99,53.90644,0,53.91,46.05,35.8,0,135.75,170.4,522.09,828.25
BOX001/102/YPL/A0049/05/1250G,PRINTED LID - PRIME SELECT BLUE (2018) 590x390x148,Labour,Diecutter,,0,20,DIE CUTTING,DIE CUTTING,102 DIE CUTTER OPERATOR,102 Die Cutter Operator,,,1,4,3.865373,3.865373,,,,136.57,136.57,35.33165,0,53.91,46.05,35.8,0,135.75,170.4,522.09,828.25
BOX001/102/YPL/A0049/05/1250G,PRINTED LID - PRIME SELECT BLUE (2018) 590x390x148,Machine,Diecutter,Die Cut,0,20,DIE CUTTING,DIE CUTTING,102 DIE CUTTER #1,331 130E,,,1,4,3.865373,3.865373,,,,177.99,177.99,46.0473,0,53.91,46.05,35.8,0,135.75,170.4,522.09,828.25
BOX001/102/YPL/A0049/05/1250G,PRINTED LID - PRIME SELECT BLUE (2018) 590x390x148,Labour,Folder Gluer,,0,30,FOLDER GLUER,FOLDER GLUER,102 FOLDER GLUER OPERATOR,102 Folder Gluer Operator,,,1,10,4.971867,4.971867,,,,135.43,135.43,27.23926,0,53.91,46.05,35.8,0,135.75,170.4,522.09,828.25
BOX001/102/YPL/A0049/05/1250G,PRINTED LID - PRIME SELECT BLUE (2018) 590x390x148,Machine,Folder Gluer,Fold Glue,0,30,FOLDER GLUER,FOLDER GLUER,102 FOLDER GLUER #2,TANABE BOXR,,,1,10,4.971867,4.971867,,,,177.99,177.99,35.79943,0,53.91,46.05,35.8,0,135.75,170.4,522.09,828.25
BOX001/102/YPL/A0049/06/1250G,PRINTED LID - SCOTCH PRIME BLACK EURO LID 590x390x,Material,,,2,1,,,BOX001/102/YPL/A0049/04/1250G,PRINTED LID - *LIMITED STOCK* SCOTCH PRIME BLACK EURO LID,1000,0.7598,,,,,,0,879.96698,,514.73701,391.09718,0,22.54,33.81,13.52,0,69.87,36.23,391.1,497.2
BOX001/102/YPL/A0049/06/1250G,PRINTED LID - SCOTCH PRIME BLACK EURO LID 590x390x,Rolled Child,,,2,1.001,,,BOX001/102/YPL/A0049/04/1250G,Rolled Up Child Material,1000,0.7598,,,,,,,,,514.73701,391.09718,1,22.54,33.81,13.52,0,69.87,36.23,391.1,497.2
BOX001/102/YPL/A0049/06/1250G,PRINTED LID - SCOTCH PRIME BLACK EURO LID 590x390x,Rolled Child,,,2,1.002,,,BOX001/102/YPL/A0049/04/1250G,Rolled Up Child Labour,1000,0.7598,,,,,,,,,47.6855,36.23144,1,22.54,33.81,13.52,0,69.87,36.23,391.1,497.2
BOX001/102/YPL/A0049/06/1250G,PRINTED LID - SCOTCH PRIME BLACK EURO LID 590x390x,Rolled Child,Printer,Print,2,1.003,,,BOX001/102/YPL/A0049/04/1250G,Rolled Up Child Print Machine,1000,0.7598,,,,,,,,,29.665,22.53947,1,22.54,33.81,13.52,0,69.87,36.23,391.1,497.2
BOX001/102/YPL/A0049/06/1250G,PRINTED LID - SCOTCH PRIME BLACK EURO LID 590x390x,Rolled Child,Diecutter,Die Cut,2,1.004,,,BOX001/102/YPL/A0049/04/1250G,Rolled Up Child Die Cut Machine,1000,0.7598,,,,,,,,,44.4975,33.8092,1,22.54,33.81,13.52,0,69.87,36.23,391.1,497.2
BOX001/102/YPL/A0049/06/1250G,PRINTED LID - SCOTCH PRIME BLACK EURO LID 590x390x,Rolled Child,Folder Gluer,Fold Glue,2,1.005,,,BOX001/102/YPL/A0049/04/1250G,Rolled Up Child Fold Glue Machine,1000,0.7598,,,,,,,,,17.799,13.52368,1,22.54,33.81,13.52,0,69.87,36.23,391.1,497.2
BOX001/102/YPL/A0105/01/1000G,PRINTED LID - JARRETT EURO LID 590mm x 390mm x 148,Material,,,0,1,,,0-FACTORY/102/BANDING,BLUE BANDING 102,COIL,9e-05,,,,,29.67,0,42.82,,29.67,0.00267,0,36.29,30.07,27.59,0,93.96,116.67,477.42,688.05
BOX001/102/YPL/A0105/01/1000G,PRINTED LID - JARRETT EURO LID 590mm x 390mm x 148,Material,,,2,2,,,0-FACTORY/102/EUROLAYERCARD,0-FACTORY/102/EUROLAYERCARD,1000,0.00268,,,,,685,0,685,,685,1.8358,0,36.29,30.07,27.59,0,93.96,116.67,477.42,688.05
BOX001/102/YPL/A0105/01/1000G,PRINTED LID - JARRETT EURO LID 590mm x 390mm x 148,Material,,,0,3,,,0-FACTORY/102/STRETCHWRAP,0-FACTORY/102/STRETCHWRAP,Tonne,0.00032,,,,,2440,0,2810,,2440,0.7808,0,36.29,30.07,27.59,0,93.96,116.67,477.42,688.05
BOX001/102/YPL/A0105/01/1000G,PRINTED LID - JARRETT EURO LID 590mm x 390mm x 148,Material,,,0,4,,,0-FACTORY/102/TOPSHEET,0-TOPSHEET/102/1400mmX1600mm/40MU,Tonne,0.00014,,,,,1820,0,1820,,1820,0.2548,0,36.29,30.07,27.59,0,93.96,116.67,477.42,688.05
BOX001/102/YPL/A0105/01/1000G,PRINTED LID - JARRETT EURO LID 590mm x 390mm x 148,Material,,,0,5,,,0-LARGE BINDER-1050x1250,BOARD 1250 x 1050/GRUNL / GRUNL /450GSM,1000,0.00089,,,,,685,0,685,,685,0.60965,0,36.29,30.07,27.59,0,93.96,116.67,477.42,688.05
BOX001/102/YPL/A0105/01/1000G,PRINTED LID - JARRETT EURO LID 590mm x 390mm x 148,Material,,,0,6,,,0-Pallets/102/Std1000x1200,0-Pallets/102/Std1000x1200,1000,0.00089,,,,,4950,0,5250,,4950,4.4055,0,36.29,30.07,27.59,0,93.96,116.67,477.42,688.05
BOX001/102/YPL/A0105/01/1000G,PRINTED LID - JARRETT EURO LID 590mm x 390mm x 148,Material,,,0,7,,,BLUE 286 U,PRINTER INK 6000029 BLUE,KGs,0.0003,,,,,15,0,,,15,0.0045,0,36.29,30.07,27.59,0,93.96,116.67,477.42,688.05
BOX001/102/YPL/A0105/01/1000G,PRINTED LID - JARRETT EURO LID 590mm x 390mm x 148,Material,,,0,8,,,BRD001/102/YPL/1000G/WB,BOARD 1370 x 884/WHTST/BRTKLWPENC/1000GSM,Tonne,0.6078,,,,,763,0,763,,763,463.7514,0,36.29,30.07,27.59,0,93.96,116.67,477.42,688.05
BOX001/102/YPL/A0105/01/1000G,PRINTED LID - JARRETT EURO LID 590mm x 390mm x 148,Material,,,0,9,,,ORANGE 021 U,PRINTER INK 6000018 ORANGE,KGs,9e-05,,,,,15,0,,,15,0.00135,0,36.29,30.07,27.59,0,93.96,116.67,477.42,688.05
BOX001/102/YPL/A0105/01/1000G,PRINTED LID - JARRETT EURO LID 590mm x 390mm x 148,Material,,,0,10,,,PLASTOMELT9799,PLASTOMELT9799,Tonne,0.0021,,,,,2750,0,2518.65105,,2750,5.775,0,36.29,30.07,27.59,0,93.96,116.67,477.42,688.05
BOX001/102/YPL/A0105/01/1000G,PRINTED LID - JARRETT EURO LID 590mm x 390mm x 148,Labour,Printer,,0,10,PRINT,PRINT,101 Printer Operator,101 Printer Operator,,,1,6,4.904201,4.904201,,,,356.05,356.05,72.60102,0,36.29,30.07,27.59,0,93.96,116.67,477.42,688.05
BOX001/102/YPL/A0105/01/1000G,PRINTED LID - JARRETT EURO LID 590mm x 390mm x 148,Machine,Printer,Print,0,10,PRINT,PRINT,101 KBA,101 KBA,,,1,6,4.904201,4.904201,,,,177.99,177.99,36.29337,0,36.29,30.07,27.59,0,93.96,116.67,477.42,688.05
BOX001/102/YPL/A0105/01/1000G,PRINTED LID - JARRETT EURO LID 590mm x 390mm x 148,Labour,Diecutter,,0,20,DIE CUTTING,DIE CUTTING,101 Die Cutter Operator,101 Die Cutter Operator,,,1,4,5.918363,5.918363,,,,136.57,136.57,23.07564,0,36.29,30.07,27.59,0,93.96,116.67,477.42,688.05
BOX001/102/YPL/A0105/01/1000G,PRINTED LID - JARRETT EURO LID 590mm x 390mm x 148,Machine,Diecutter,Die Cut,0,20,DIE CUTTING,DIE CUTTING,101 Die Cutter #1,101 Die Cutter #1,,,1,4,5.918363,5.918363,,,,177.99,177.99,30.07419,0,36.29,30.07,27.59,0,93.96,116.67,477.42,688.05
BOX001/102/YPL/A0105/01/1000G,PRINTED LID - JARRETT EURO LID 590mm x 390mm x 148,Labour,Folder Gluer,,0,30,FOLDER GLUER,FOLDER GLUER,101 Folder Gluer Operator,101 Folder Gluer Operator,,,1,10,6.451369,6.451369,,,,135.43,135.43,20.99244,0,36.29,30.07,27.59,0,93.96,116.67,477.42,688.05
BOX001/102/YPL/A0105/01/1000G,PRINTED LID - JARRETT EURO LID 590mm x 390mm x 148,Machine,Folder Gluer,Fold Glue,0,30,FOLDER GLUER,FOLDER GLUER,101 Folder Gluer Domino,101 Folder Gluer Domino,,,1,10,6.451369,6.451369,,,,177.99,177.99,27.58949,0,36.29,30.07,27.59,0,93.96,116.67,477.42,688.05
BOX001/102/YPL/C9999/03/1000G,PRINTED LID - CRANSWICK EURO LID (NAV32410) NonEU,Material,,,0,1,,,0-102-GLUE-PVA,Cold Glue-102,Tonne,0.00187,,,,,1710,0,1710,,1710,3.1977,0,30.53,29.73,30.45,0,90.71,107.05,470.06,667.81
BOX001/102/YPL/C9999/03/1000G,PRINTED LID - CRANSWICK EURO LID (NAV32410) NonEU,Material,,,0,2,,,0-FACTORY/102/BANDING,BLUE BANDING 102,COIL,9e-05,,,,,29.67,0,42.82,,29.67,0.00267,0,30.53,29.73,30.45,0,90.71,107.05,470.06,667.81
BOX001/102/YPL/C9999/03/1000G,PRINTED LID - CRANSWICK EURO LID (NAV32410) NonEU,Material,,,2,3,,,0-FACTORY/102/EUROLAYERCARD,0-FACTORY/102/EUROLAYERCARD,1000,0.00231,,,,,685,0,685,,685,1.58235,0,30.53,29.73,30.45,0,90.71,107.05,470.06,667.81
BOX001/102/YPL/C9999/03/1000G,PRINTED LID - CRANSWICK EURO LID (NAV32410) NonEU,Material,,,0,4,,,0-FACTORY/102/STRETCHWRAP,0-FACTORY/102/STRETCHWRAP,Tonne,0.00016,,,,,2440,0,2810,,2440,0.3904,0,30.53,29.73,30.45,0,90.71,107.05,470.06,667.81
BOX001/102/YPL/C9999/03/1000G,PRINTED LID - CRANSWICK EURO LID (NAV32410) NonEU,Material,,,0,5,,,0-FACTORY/102/TOPSHEET,0-TOPSHEET/102/1400mmX1600mm/40MU,Tonne,7e-05,,,,,1820,0,1820,,1820,0.1274,0,30.53,29.73,30.45,0,90.71,107.05,470.06,667.81
BOX001/102/YPL/C9999/03/1000G,PRINTED LID - CRANSWICK EURO LID (NAV32410) NonEU,Material,,,0,6,,,0-Pallets/102/Euro800x1200,0-Pallets/102/Euro800x1200,1000,0.00046,,,,,4500,0,5350,,4500,2.07,0,30.53,29.73,30.45,0,90.71,107.05,470.06,667.81
BOX001/102/YPL/C9999/03/1000G,PRINTED LID - CRANSWICK EURO LID (NAV32410) NonEU,Material,,,0,7,,,0-SMALL BINDER-850x1250,BOARD 1250 x 850/GRUNL / GRUNL /450GSM,1000,0.00046,,,,,685,0,709,,685,0.3151,0,30.53,29.73,30.45,0,90.71,107.05,470.06,667.81
BOX001/102/YPL/C9999/03/1000G,PRINTED LID - CRANSWICK EURO LID (NAV32410) NonEU,Material,,,0,8,,,BRD001/102/YPL/1000G/WB(5),BOARD 1370 x 884/WHTST/BRTKLWPENC/1000GSM,Tonne,0.606,,,,,763,0,763,,763,462.378,0,30.53,29.73,30.45,0,90.71,107.05,470.06,667.81
BOX001/102/YPL/C9999/03/1000G,PRINTED LID - CRANSWICK EURO LID (NAV32410) NonEU,Labour,Printer,,0,10,PRINT,PRINT,102 PRINTER OPERATOR,102 Printer Operator,,,1,6,5.830503,5.830503,,,,356.05,356.05,61.06677,0,30.53,29.73,30.45,0,90.71,107.05,470.06,667.81
BOX001/102/YPL/C9999/03/1000G,PRINTED LID - CRANSWICK EURO LID (NAV32410) NonEU,Machine,Printer,Print,0,10,PRINT,PRINT,102 PRINTER DERI,221 DERITEND,,,1,6,5.830503,5.830503,,,,177.99,177.99,30.52738,0,30.53,29.73,30.45,0,90.71,107.05,470.06,667.81
BOX001/102/YPL/C9999/03/1000G,PRINTED LID - CRANSWICK EURO LID (NAV32410) NonEU,Labour,Diecutter,,0,30,DIE CUTTING,DIE CUTTING,102 DIE CUTTER OPERATOR,102 Die Cutter Operator,,,1,8,5.987735,5.987735,,,,136.57,136.57,22.80829,0,30.53,29.73,30.45,0,90.71,107.05,470.06,667.81
BOX001/102/YPL/C9999/03/1000G,PRINTED LID - CRANSWICK EURO LID (NAV32410) NonEU,Labour,Folder Gluer,,0,30,FOLDER GLUER,FOLDER GLUER,102 FOLDER GLUER OPERATOR,102 Folder Gluer Operator,,,1,10,5.844962,5.844962,,,,135.43,135.43,23.17038,0,30.53,29.73,30.45,0,90.71,107.05,470.06,667.81
BOX001/102/YPL/C9999/03/1000G,PRINTED LID - CRANSWICK EURO LID (NAV32410) NonEU,Machine,Diecutter,Die Cut,0,30,DIE CUTTING,DIE CUTTING,102 DIE CUTTER #1,331 130E,,,1,8,5.987735,5.987735,,,,177.99,177.99,29.72576,0,30.53,29.73,30.45,0,90.71,107.05,470.06,667.81
BOX001/102/YPL/C9999/03/1000G,PRINTED LID - CRANSWICK EURO LID (NAV32410) NonEU,Machine,Folder Gluer,Fold Glue,0,30,FOLDER GLUER,FOLDER GLUER,102 FOLDER GLUER #2,TANABE BOXR,,,1,10,5.844962,5.844962,,,,177.99,177.99,30.45187,0,30.53,29.73,30.45,0,90.71,107.05,470.06,667.81
BOX001/102/YPL/C9999/04/1000G,PRINTED LID - CRANSWICK EURO LID (WATTON) 590x390x,Material,,,0,1,,,0-FACTORY/102/BANDING,BLUE BANDING 102,COIL,9e-05,,,,,29.67,0,42.82,,29.67,0.00267,0,14.83,29.97,30.15,0,74.95,75.61,441.24,591.8
BOX001/102/YPL/C9999/04/1000G,PRINTED LID - CRANSWICK EURO LID (WATTON) 590x390x,Material,,,2,2,,,0-FACTORY/102/EUROLAYERCARD,0-FACTORY/102/EUROLAYERCARD,1000,0.00268,,,,,685,0,685,,685,1.8358,0,14.83,29.97,30.15,0,74.95,75.61,441.24,591.8
BOX001/102/YPL/C9999/04/1000G,PRINTED LID - CRANSWICK EURO LID (WATTON) 590x390x,Material,,,0,3,,,0-FACTORY/102/STRETCHWRAP,0-FACTORY/102/STRETCHWRAP,Tonne,0.00032,,,,,2440,0,2810,,2440,0.7808,0,14.83,29.97,30.15,0,74.95,75.61,441.24,591.8
BOX001/102/YPL/C9999/04/1000G,PRINTED LID - CRANSWICK EURO LID (WATTON) 590x390x,Material,,,0,4,,,0-FACTORY/102/TOPSHEET,0-TOPSHEET/102/1400mmX1600mm/40MU,Tonne,0.00014,,,,,1820,0,1820,,1820,0.2548,0,14.83,29.97,30.15,0,74.95,75.61,441.24,591.8
BOX001/102/YPL/C9999/04/1000G,PRINTED LID - CRANSWICK EURO LID (WATTON) 590x390x,Material,,,0,5,,,0-LARGE BINDER-1050x1250,BOARD 1250 x 1050/GRUNL / GRUNL /450GSM,1000,0.00089,,,,,685,0,685,,685,0.60965,0,14.83,29.97,30.15,0,74.95,75.61,441.24,591.8
BOX001/102/YPL/C9999/04/1000G,PRINTED LID - CRANSWICK EURO LID (WATTON) 590x390x,Material,,,0,6,,,0-Pallets/102/Std1000x1200,0-Pallets/102/Std1000x1200,1000,0.00089,,,,,4950,0,5250,,4950,4.4055,0,14.83,29.97,30.15,0,74.95,75.61,441.24,591.8
BOX001/102/YPL/C9999/04/1000G,PRINTED LID - CRANSWICK EURO LID (WATTON) 590x390x,Material,,,2,7,,,BRD001/YPL/C9999/04/1000G/WB,PRINTED BOARD - CRANSWICK EURO LID (WATTON),1000,0.5,,,,,,0,,,855.16,427.58,0,14.83,29.97,30.15,0,74.95,75.61,441.24,591.8
BOX001/102/YPL/C9999/04/1000G,PRINTED LID - CRANSWICK EURO LID (WATTON) 590x390x,Rolled Child,,,2,7.001,,,BRD001/YPL/C9999/04/1000G/WB,Rolled Up Child Material,1000,0.5,,,,,,,,,855.16,427.58,1,14.83,29.97,30.15,0,74.95,75.61,441.24,591.8
BOX001/102/YPL/C9999/04/1000G,PRINTED LID - CRANSWICK EURO LID (WATTON) 590x390x,Rolled Child,,,2,7.002,,,BRD001/YPL/C9999/04/1000G/WB,Rolled Up Child Labour,1000,0.5,,,,,,,,,59.34167,29.67084,1,14.83,29.97,30.15,0,74.95,75.61,441.24,591.8
BOX001/102/YPL/C9999/04/1000G,PRINTED LID - CRANSWICK EURO LID (WATTON) 590x390x,Rolled Child,Printer,Print,2,7.003,,,BRD001/YPL/C9999/04/1000G/WB,Rolled Up Child Print Machine,1000,0.5,,,,,,,,,29.665,14.8325,1,14.83,29.97,30.15,0,74.95,75.61,441.24,591.8
BOX001/102/YPL/C9999/04/1000G,PRINTED LID - CRANSWICK EURO LID (WATTON) 590x390x,Material,,,0,8,,,PLASTOMELT9799,PLASTOMELT9799,Tonne,0.0021,,,,,2750,0,2518.65105,,2750,5.775,0,14.83,29.97,30.15,0,74.95,75.61,441.24,591.8
BOX001/102/YPL/C9999/04/1000G,PRINTED LID - CRANSWICK EURO LID (WATTON) 590x390x,Labour,Diecutter,,0,20,DIE CUTTING,DIE CUTTING,102 DIE CUTTER OPERATOR,102 Die Cutter Operator,,,1,8,5.939337,5.939337,,,,136.57,136.57,22.99415,0,14.83,29.97,30.15,0,74.95,75.61,441.24,591.8
BOX001/102/YPL/C9999/04/1000G,PRINTED LID - CRANSWICK EURO LID (WATTON) 590x390x,Machine,Diecutter,Die Cut,0,20,DIE CUTTING,DIE CUTTING,102 DIE CUTTER #1,331 130E,,,1,8,5.939337,5.939337,,,,177.99,177.99,29.96799,0,14.83,29.97,30.15,0,74.95,75.61,441.24,591.8
BOX001/102/YPL/C9999/04/1000G,PRINTED LID - CRANSWICK EURO LID (WATTON) 590x390x,Labour,Folder Gluer,,0,30,FOLDER GLUER,FOLDER GLUER,102 FOLDER GLUER OPERATOR,102 Folder Gluer Operator,,,1,10,5.90329,5.90329,,,,135.43,135.43,22.94144,0,14.83,29.97,30.15,0,74.95,75.61,441.24,591.8
BOX001/102/YPL/C9999/04/1000G,PRINTED LID - CRANSWICK EURO LID (WATTON) 590x390x,Machine,Folder Gluer,Fold Glue,0,30,FOLDER GLUER,FOLDER GLUER,102 FOLDER GLUER #1,552 TRIM1,,,1,10,5.90329,5.90329,,,,177.99,177.99,30.15098,0,14.83,29.97,30.15,0,74.95,75.61,441.24,591.8
BOX001/102/YPL/D9999/03/950G,PRINTED LID -EURO LID WELSH HILL BEEF & LAMB 585 x,Material,,,0,1,,,0-FACTORY/101/BANDING/01,Factory Banding 101,COIL,0.03,,,,,41.39,0,36.2,,41.39,1.2417,0,14.83,0,0,0,14.83,29.67,464.96,509.47
BOX001/102/YPL/D9999/03/950G,PRINTED LID -EURO LID WELSH HILL BEEF & LAMB 585 x,Material,,,0,2,,,0-FACTORY/101/LAYERCARD,Factory Layercard 101 Testliner 150GSM 1100x930,1000,0.004,,,,,187,0,210,,187,0.748,0,14.83,0,0,0,14.83,29.67,464.96,509.47
BOX001/102/YPL/D9999/03/950G,PRINTED LID -EURO LID WELSH HILL BEEF & LAMB 585 x,Material,,,0,3,,,0-PALLETS/101/Std1000x1200,Pallet 1000x1200 101,1000,0.001,,,,,4750,0,4750,,4750,4.75,0,14.83,0,0,0,14.83,29.67,464.96,509.47
BOX001/102/YPL/D9999/03/950G,PRINTED LID -EURO LID WELSH HILL BEEF & LAMB 585 x,Material,,,0,4,,,0-TOPSHEET/101/1400mmx50UMS,Topsheet 101,Tonne,0.001,,,,,1945,0,,,1945,1.945,0,14.83,0,0,0,14.83,29.67,464.96,509.47
BOX001/102/YPL/D9999/03/950G,PRINTED LID -EURO LID WELSH HILL BEEF & LAMB 585 x,Material,,,2,5,,,BRD001/YPL/D9999/03/950G/WB,PRINTED BRD -EURO LID WELSH HILL BEEF & LAMB 585 x 385 x 150,1000,0.5,,,,,,0,,,896.06,448.03,0,14.83,0,0,0,14.83,29.67,464.96,509.47
BOX001/102/YPL/D9999/03/950G,PRINTED LID -EURO LID WELSH HILL BEEF & LAMB 585 x,Rolled Child,,,2,5.001,,,BRD001/YPL/D9999/03/950G/WB,Rolled Up Child Material,1000,0.5,,,,,,,,,896.06,448.03,1,14.83,0,0,0,14.83,29.67,464.96,509.47
BOX001/102/YPL/D9999/03/950G,PRINTED LID -EURO LID WELSH HILL BEEF & LAMB 585 x,Rolled Child,,,2,5.002,,,BRD001/YPL/D9999/03/950G/WB,Rolled Up Child Labour,1000,0.5,,,,,,,,,59.34167,29.67084,1,14.83,0,0,0,14.83,29.67,464.96,509.47
BOX001/102/YPL/D9999/03/950G,PRINTED LID -EURO LID WELSH HILL BEEF & LAMB 585 x,Rolled Child,Printer,Print,2,5.003,,,BRD001/YPL/D9999/03/950G/WB,Rolled Up Child Print Machine,1000,0.5,,,,,,,,,29.665,14.8325,1,14.83,0,0,0,14.83,29.67,464.96,509.47
BOX001/102/YPL/D9999/03/950G,PRINTED LID -EURO LID WELSH HILL BEEF & LAMB 585 x,Material,,,0,6,,,PLASTOMELT9799,PLASTOMELT9799,Tonne,0.003,,,,,2750,0,2518.65105,,2750,8.25,0,14.83,0,0,0,14.83,29.67,464.96,509.47
BOX001/102/YPL/F0005/01/1000G,PRINTED LID - F.DRURY PRINTED LID 590mm x 390mm x,Material,,,0,1,,,0-FACTORY/102/BANDING,BLUE BANDING 102,COIL,0.00012,,,,,29.67,0,42.82,,29.67,0.00356,0,29.67,22.25,17.8,0,69.71,89.96,478.33,638
BOX001/102/YPL/F0005/01/1000G,PRINTED LID - F.DRURY PRINTED LID 590mm x 390mm x,Material,,,2,2,,,0-FACTORY/102/EUROLAYERCARD,0-FACTORY/102/EUROLAYERCARD,1000,0.003,,,,,685,0,685,,685,2.055,0,29.67,22.25,17.8,0,69.71,89.96,478.33,638
BOX001/102/YPL/F0005/01/1000G,PRINTED LID - F.DRURY PRINTED LID 590mm x 390mm x,Material,,,0,3,,,0-FACTORY/102/STRETCHWRAP,0-FACTORY/102/STRETCHWRAP,Tonne,0.00035,,,,,2440,0,2810,,2440,0.854,0,29.67,22.25,17.8,0,69.71,89.96,478.33,638
BOX001/102/YPL/F0005/01/1000G,PRINTED LID - F.DRURY PRINTED LID 590mm x 390mm x,Material,,,0,4,,,0-FACTORY/102/TOPSHEET,0-TOPSHEET/102/1400mmX1600mm/40MU,Tonne,0.00014,,,,,1820,0,1820,,1820,0.2548,0,29.67,22.25,17.8,0,69.71,89.96,478.33,638
BOX001/102/YPL/F0005/01/1000G,PRINTED LID - F.DRURY PRINTED LID 590mm x 390mm x,Material,,,0,5,,,0-LARGE BINDER-1050x1250,BOARD 1250 x 1050/GRUNL / GRUNL /450GSM,1000,0.001,,,,,685,0,685,,685,0.685,0,29.67,22.25,17.8,0,69.71,89.96,478.33,638
BOX001/102/YPL/F0005/01/1000G,PRINTED LID - F.DRURY PRINTED LID 590mm x 390mm x,Material,,,0,6,,,0-Pallets/102/Std1000x1200,0-Pallets/102/Std1000x1200,1000,0.001,,,,,4950,0,5250,,4950,4.95,0,29.67,22.25,17.8,0,69.71,89.96,478.33,638
BOX001/102/YPL/F0005/01/1000G,PRINTED LID - F.DRURY PRINTED LID 590mm x 390mm x,Material,,,0,7,,,BRD001/102/YPL/1000G/WB,BOARD 1370 x 884/WHTST/BRTKLWPENC/1000GSM,Tonne,0.6078,,,,,763,0,763,,763,463.7514,0,29.67,22.25,17.8,0,69.71,89.96,478.33,638
BOX001/102/YPL/F0005/01/1000G,PRINTED LID - F.DRURY PRINTED LID 590mm x 390mm x,Material,,,0,8,,,PLASTOMELT9799,PLASTOMELT9799,Tonne,0.0021,,,,,2750,0,2518.65105,,2750,5.775,0,29.67,22.25,17.8,0,69.71,89.96,478.33,638
BOX001/102/YPL/F0005/01/1000G,PRINTED LID - F.DRURY PRINTED LID 590mm x 390mm x,Material,,,0,9,,,PROCESS BLACK U,PRINTER INK 6000001 CMYK BLACK,KGs,0.00023,,,,,15,0,4.25,,15,0.00345,0,29.67,22.25,17.8,0,69.71,89.96,478.33,638
BOX001/102/YPL/F0005/01/1000G,PRINTED LID - F.DRURY PRINTED LID 590mm x 390mm x,Labour,Printer,,0,10,PRINT,PRINT,102 PRINTER OPERATOR,102 Printer Operator,,,1,6,,6,,,,356.05,356.05,59.34167,0,29.67,22.25,17.8,0,69.71,89.96,478.33,638
BOX001/102/YPL/F0005/01/1000G,PRINTED LID - F.DRURY PRINTED LID 590mm x 390mm x,Machine,Printer,Print,0,10,PRINT,PRINT,102 PRINTER DERI,221 DERITEND,,,1,6,,6,,,,177.99,177.99,29.665,0,29.67,22.25,17.8,0,69.71,89.96,478.33,638
BOX001/102/YPL/F0005/01/1000G,PRINTED LID - F.DRURY PRINTED LID 590mm x 390mm x,Labour,Diecutter,,0,20,DIE CUTTING,DIE CUTTING,102 DIE CUTTER OPERATOR,102 Die Cutter Operator,,,1,8,,8,,,,136.57,136.57,17.07125,0,29.67,22.25,17.8,0,69.71,89.96,478.33,638
BOX001/102/YPL/F0005/01/1000G,PRINTED LID - F.DRURY PRINTED LID 590mm x 390mm x,Machine,Diecutter,Die Cut,0,20,DIE CUTTING,DIE CUTTING,102 DIE CUTTER #2,332 142E,,,1,8,,8,,,,177.99,177.99,22.24875,0,29.67,22.25,17.8,0,69.71,89.96,478.33,638
BOX001/102/YPL/F0005/01/1000G,PRINTED LID - F.DRURY PRINTED LID 590mm x 390mm x,Labour,Folder Gluer,,0,30,FOLDER GLUER,FOLDER GLUER,102 FOLDER GLUER OPERATOR,102 Folder Gluer Operator,,,1,10,,10,,,,135.43,135.43,13.543,0,29.67,22.25,17.8,0,69.71,89.96,478.33,638
BOX001/102/YPL/F0005/01/1000G,PRINTED LID - F.DRURY PRINTED LID 590mm x 390mm x,Machine,Folder Gluer,Fold Glue,0,30,FOLDER GLUER,FOLDER GLUER,102 FOLDER GLUER #2,TANABE BOXR,,,1,10,,10,,,,177.99,177.99,17.799,0,29.67,22.25,17.8,0,69.71,89.96,478.33,638
BOX001/102/YPL/F0032/01/1250G,PRINTED LID - FARMERS FRESH WREXHAM PTD LID 2019 5,Material,,,0,1,,,0-FACTORY/102/BANDING,BLUE BANDING 102,COIL,0.00012,,,,,29.67,0,42.82,,29.67,0.00356,0,29.67,44.5,17.8,0,91.96,107.03,506.34,705.33
BOX001/102/YPL/F0032/01/1250G,PRINTED LID - FARMERS FRESH WREXHAM PTD LID 2019 5,Material,,,2,2,,,0-FACTORY/102/EUROLAYERCARD,0-FACTORY/102/EUROLAYERCARD,1000,0.003,,,,,685,0,685,,685,2.055,0,29.67,44.5,17.8,0,91.96,107.03,506.34,705.33
BOX001/102/YPL/F0032/01/1250G,PRINTED LID - FARMERS FRESH WREXHAM PTD LID 2019 5,Material,,,0,3,,,0-FACTORY/102/STRETCHWRAP,0-FACTORY/102/STRETCHWRAP,Tonne,0.00035,,,,,2440,0,2810,,2440,0.854,0,29.67,44.5,17.8,0,91.96,107.03,506.34,705.33
BOX001/102/YPL/F0032/01/1250G,PRINTED LID - FARMERS FRESH WREXHAM PTD LID 2019 5,Material,,,0,4,,,0-FACTORY/102/TOPSHEET,0-TOPSHEET/102/1400mmX1600mm/40MU,Tonne,0.00015,,,,,1820,0,1820,,1820,0.273,0,29.67,44.5,17.8,0,91.96,107.03,506.34,705.33
BOX001/102/YPL/F0032/01/1250G,PRINTED LID - FARMERS FRESH WREXHAM PTD LID 2019 5,Material,,,0,5,,,0-LARGE BINDER-1050x1250,BOARD 1250 x 1050/GRUNL / GRUNL /450GSM,1000,0.001,,,,,685,0,685,,685,0.685,0,29.67,44.5,17.8,0,91.96,107.03,506.34,705.33
BOX001/102/YPL/F0032/01/1250G,PRINTED LID - FARMERS FRESH WREXHAM PTD LID 2019 5,Material,,,0,6,,,0-Pallets/102/Std1000x1200,0-Pallets/102/Std1000x1200,1000,0.001,,,,,4950,0,5250,,4950,4.95,0,29.67,44.5,17.8,0,91.96,107.03,506.34,705.33
BOX001/102/YPL/F0032/01/1250G,PRINTED LID - FARMERS FRESH WREXHAM PTD LID 2019 5,Material,,,0,7,,,BLUE 5405 U,PRINTER INK 6000145 BLUE,KGs,0.00203,,,,,15,0,,,15,0.03045,0,29.67,44.5,17.8,0,91.96,107.03,506.34,705.33
BOX001/102/YPL/F0032/01/1250G,PRINTED LID - FARMERS FRESH WREXHAM PTD LID 2019 5,Material,,,0,8,,,BRD001/102/YPL/1250G/WB,BOARD 1372 x 886/WHKFT/BRTKLWPENC/1250GSM,Tonne,0.6078,,,,,809,0,809,,809,491.7102,0,29.67,44.5,17.8,0,91.96,107.03,506.34,705.33
BOX001/102/YPL/F0032/01/1250G,PRINTED LID - FARMERS FRESH WREXHAM PTD LID 2019 5,Material,,,0,9,,,GREEN 342 U,PRINTER INK 6000039 GREEN,KGs,0.00043,,,,,15,0,,,15,0.00645,0,29.67,44.5,17.8,0,91.96,107.03,506.34,705.33
BOX001/102/YPL/F0032/01/1250G,PRINTED LID - FARMERS FRESH WREXHAM PTD LID 2019 5,Material,,,0,10,,,PLASTOMELT9799,PLASTOMELT9799,Tonne,0.0021,,,,,2750,0,2518.65105,,2750,5.775,0,29.67,44.5,17.8,0,91.96,107.03,506.34,705.33
BOX001/102/YPL/F0032/01/1250G,PRINTED LID - FARMERS FRESH WREXHAM PTD LID 2019 5,Labour,Printer,,0,10,PRINT,PRINT,102 PRINTER OPERATOR,102 Printer Operator,,,1,6,,6,,,,356.05,356.05,59.34167,0,29.67,44.5,17.8,0,91.96,107.03,506.34,705.33
BOX001/102/YPL/F0032/01/1250G,PRINTED LID - FARMERS FRESH WREXHAM PTD LID 2019 5,Machine,Printer,Print,0,10,PRINT,PRINT,102 PRINTER DERI,221 DERITEND,,,1,6,,6,,,,177.99,177.99,29.665,0,29.67,44.5,17.8,0,91.96,107.03,506.34,705.33
BOX001/102/YPL/F0032/01/1250G,PRINTED LID - FARMERS FRESH WREXHAM PTD LID 2019 5,Material,,,0,11,,,PROCESS BLACK U,PRINTER INK 6000001 CMYK BLACK,KGs,4e-05,,,,,15,0,4.25,,15,0.0006,0,29.67,44.5,17.8,0,91.96,107.03,506.34,705.33
BOX001/102/YPL/F0032/01/1250G,PRINTED LID - FARMERS FRESH WREXHAM PTD LID 2019 5,Material,,,0,12,,,RED 032 U,PRINTER INK 6000022 RED,KGs,7e-05,,,,,15,0,,,15,0.00105,0,29.67,44.5,17.8,0,91.96,107.03,506.34,705.33
BOX001/102/YPL/F0032/01/1250G,PRINTED LID - FARMERS FRESH WREXHAM PTD LID 2019 5,Labour,Diecutter,,0,20,DIE CUTTING,DIE CUTTING,102 DIE CUTTER OPERATOR,102 Die Cutter Operator,,,1,4,,4,,,,136.57,136.57,34.1425,0,29.67,44.5,17.8,0,91.96,107.03,506.34,705.33
BOX001/102/YPL/F0032/01/1250G,PRINTED LID - FARMERS FRESH WREXHAM PTD LID 2019 5,Machine,Diecutter,Die Cut,0,20,DIE CUTTING,DIE CUTTING,102 DIE CUTTER #3,333 142ER,,,1,4,,4,,,,177.99,177.99,44.4975,0,29.67,44.5,17.8,0,91.96,107.03,506.34,705.33
BOX001/102/YPL/F0032/01/1250G,PRINTED LID - FARMERS FRESH WREXHAM PTD LID 2019 5,Labour,Folder Gluer,,0,30,FOLDER GLUER,FOLDER GLUER,102 FOLDER GLUER OPERATOR,102 Folder Gluer Operator,,,1,10,,10,,,,135.43,135.43,13.543,0,29.67,44.5,17.8,0,91.96,107.03,506.34,705.33
BOX001/102/YPL/F0032/01/1250G,PRINTED LID - FARMERS FRESH WREXHAM PTD LID 2019 5,Machine,Folder Gluer,Fold Glue,0,30,FOLDER GLUER,FOLDER GLUER,102 FOLDER GLUER #2,TANABE BOXR,,,1,10,,10,,,,177.99,177.99,17.799,0,29.67,44.5,17.8,0,91.96,107.03,506.34,705.33
BOX001/102/YPL/F0097/01/1000G,PRINTED LID - FOYLE PTD LID (LB) 590mm x 390mm x 1,Material,,,0,1,,,0-FACTORY/102/BANDING,BLUE BANDING 102,COIL,0.00013,,,,,29.67,0,42.82,,29.67,0.00386,0,0,0,0,0,0,0,497.14,497.14
BOX001/102/YPL/F0097/01/1000G,PRINTED LID - FOYLE PTD LID (LB) 590mm x 390mm x 1,Material,,,2,2,,,0-FACTORY/102/EUROLAYERCARD,0-FACTORY/102/EUROLAYERCARD,1000,0.00313,,,,,685,0,685,,685,2.14405,0,0,0,0,0,0,0,497.14,497.14
BOX001/102/YPL/F0097/01/1000G,PRINTED LID - FOYLE PTD LID (LB) 590mm x 390mm x 1,Material,,,0,3,,,0-FACTORY/102/STRETCHWRAP,0-FACTORY/102/STRETCHWRAP,Tonne,0.00037,,,,,2440,0,2810,,2440,0.9028,0,0,0,0,0,0,0,497.14,497.14
BOX001/102/YPL/F0097/01/1000G,PRINTED LID - FOYLE PTD LID (LB) 590mm x 390mm x 1,Material,,,0,4,,,0-FACTORY/102/TOPSHEET,0-TOPSHEET/102/1400mmX1600mm/40MU,Tonne,0.00016,,,,,1820,0,1820,,1820,0.2912,0,0,0,0,0,0,0,497.14,497.14
BOX001/102/YPL/F0097/01/1000G,PRINTED LID - FOYLE PTD LID (LB) 590mm x 390mm x 1,Material,,,0,5,,,0-LARGE BINDER-1050x1250,BOARD 1250 x 1050/GRUNL / GRUNL /450GSM,1000,0.00104,,,,,685,0,685,,685,0.7124,0,0,0,0,0,0,0,497.14,497.14
BOX001/102/YPL/F0097/01/1000G,PRINTED LID - FOYLE PTD LID (LB) 590mm x 390mm x 1,Material,,,0,6,,,0-Pallets/102/Std1000x1200,0-Pallets/102/Std1000x1200,1000,0.00104,,,,,4950,0,5250,,4950,5.148,0,0,0,0,0,0,0,497.14,497.14
BOX001/102/YPL/F0097/01/1000G,PRINTED LID - FOYLE PTD LID (LB) 590mm x 390mm x 1,Material,,,0,7,,,BLUE 287 U,PRINTER INK 6000026 BLUE,KGs,0.1,,,,,15,0,16.5,,15,1.5,0,0,0,0,0,0,0,497.14,497.14
BOX001/102/YPL/F0097/01/1000G,PRINTED LID - FOYLE PTD LID (LB) 590mm x 390mm x 1,Material,,,2,8,,,BRD001/102/YPL/1000G/WB (4),BOARD 916 x 686/WHTST / TKL+WPENC /1000GSM,Tonne,0.628,,,,,763,0,738,,763,479.164,0,0,0,0,0,0,0,497.14,497.14
BOX001/102/YPL/F0097/01/1000G,PRINTED LID - FOYLE PTD LID (LB) 590mm x 390mm x 1,Material,,,0,9,,,PLASTOMELT9799,PLASTOMELT9799,Tonne,0.0021,,,,,2750,0,2518.65105,,2750,5.775,0,0,0,0,0,0,0,497.14,497.14
BOX001/102/YPL/F0097/01/1000G,PRINTED LID - FOYLE PTD LID (LB) 590mm x 390mm x 1,Material,,,0,10,,,PROCESS BLACK U,PRINTER INK 6000001 CMYK BLACK,KGs,0.1,,,,,15,0,4.25,,15,1.5,0,0,0,0,0,0,0,497.14,497.14
BOX001/102/YPL/F0097/02/1000G,PRINTED LID - FOYLE PTD LID 2025 590mm x 390mm x 148mm 1000G,Material,,,0,0.001,,,0-FACTORY/102/BANDING,BLUE BANDING 102,COIL,0.00013,,,,,29.67,0,42.82,,29.67,0.00386,0,24.53,22.61,31.89,0,79.03,90.68,492.63,662.33
BOX001/102/YPL/F0097/02/1000G,PRINTED LID - FOYLE PTD LID 2025 590mm x 390mm x 148mm 1000G,Material,,,0,0.002,,,0-FACTORY/102/STDLAYERCARD,0-FACTORY/102/STDLAYERCARD,1000,0.00313,,,,,198,0,,,198,0.61974,0,24.53,22.61,31.89,0,79.03,90.68,492.63,662.33
BOX001/102/YPL/F0097/02/1000G,PRINTED LID - FOYLE PTD LID 2025 590mm x 390mm x 148mm 1000G,Material,,,0,0.003,,,0-FACTORY/102/STRETCHWRAP,0-FACTORY/102/STRETCHWRAP,Tonne,0.00037,,,,,2440,0,2810,,2440,0.9028,0,24.53,22.61,31.89,0,79.03,90.68,492.63,662.33
BOX001/102/YPL/F0097/02/1000G,PRINTED LID - FOYLE PTD LID 2025 590mm x 390mm x 148mm 1000G,Material,,,0,0.004,,,0-FACTORY/102/TOPSHEET,0-TOPSHEET/102/1400mmX1600mm/40MU,Tonne,0.00016,,,,,1820,0,1820,,1820,0.2912,0,24.53,22.61,31.89,0,79.03,90.68,492.63,662.33
BOX001/102/YPL/F0097/02/1000G,PRINTED LID - FOYLE PTD LID 2025 590mm x 390mm x 148mm 1000G,Material,,,0,0.005,,,0-LARGE BINDER-1050x1250,BOARD 1250 x 1050/GRUNL / GRUNL /450GSM,1000,0.00104,,,,,685,0,685,,685,0.7124,0,24.53,22.61,31.89,0,79.03,90.68,492.63,662.33
BOX001/102/YPL/F0097/02/1000G,PRINTED LID - FOYLE PTD LID 2025 590mm x 390mm x 148mm 1000G,Material,,,0,0.006,,,0-Pallets/102/Std1000x1200,0-Pallets/102/Std1000x1200,1000,0.00104,,,,,4950,0,5250,,4950,5.148,0,24.53,22.61,31.89,0,79.03,90.68,492.63,662.33
BOX001/102/YPL/F0097/02/1000G,PRINTED LID - FOYLE PTD LID 2025 590mm x 390mm x 148mm 1000G,Material,,,0,0.007,,,BLUE 287 U,PRINTER INK 6000026 BLUE,KGs,0.001,,,,,15,0,16.5,,15,0.015,0,24.53,22.61,31.89,0,79.03,90.68,492.63,662.33
BOX001/102/YPL/F0097/02/1000G,PRINTED LID - FOYLE PTD LID 2025 590mm x 390mm x 148mm 1000G,Material,,,2,0.008,,,BRD001/102/YPL/1000G/WB (4),BOARD 916 x 686/WHTST / TKL+WPENC /1000GSM,Tonne,0.628,,,,,763,0,738,,763,479.164,0,24.53,22.61,31.89,0,79.03,90.68,492.63,662.33
BOX001/102/YPL/F0097/02/1000G,PRINTED LID - FOYLE PTD LID 2025 590mm x 390mm x 148mm 1000G,Material,,,0,0.009,,,PLASTOMELT9799,PLASTOMELT9799,Tonne,0.0021,,,,,2750,0,2518.65105,,2750,5.775,0,24.53,22.61,31.89,0,79.03,90.68,492.63,662.33
BOX001/102/YPL/F0097/02/1000G,PRINTED LID - FOYLE PTD LID 2025 590mm x 390mm x 148mm 1000G,Labour,Printer,,0,10,PRINT,PRINT,102 Printer Operator,102 Printer Operator,,,1,6,7.257233,7.257233,,,,356.05,356.05,49.0614,0,24.53,22.61,31.89,0,79.03,90.68,492.63,662.33
BOX001/102/YPL/F0097/02/1000G,PRINTED LID - FOYLE PTD LID 2025 590mm x 390mm x 148mm 1000G,Machine,Printer,Print,0,10,PRINT,PRINT,102 Printer DERI,221 DERITEND,,,1,6,7.257233,7.257233,,,,177.99,177.99,24.52588,0,24.53,22.61,31.89,0,79.03,90.68,492.63,662.33
BOX001/102/YPL/F0097/02/1000G,PRINTED LID - FOYLE PTD LID 2025 590mm x 390mm x 148mm 1000G,Labour,Diecutter,,0,20,DIE CUTTING,DIE CUTTING,102 Die Cutter Operator,102 Die Cutter Operator,,,1,4,7.871007,7.871007,,,,136.57,136.57,17.35102,0,24.53,22.61,31.89,0,79.03,90.68,492.63,662.33
BOX001/102/YPL/F0097/02/1000G,PRINTED LID - FOYLE PTD LID 2025 590mm x 390mm x 148mm 1000G,Machine,Diecutter,Die Cut,0,20,DIE CUTTING,DIE CUTTING,102 Die Cutter #1,331 130E,,,1,4,7.871007,7.871007,,,,177.99,177.99,22.61337,0,24.53,22.61,31.89,0,79.03,90.68,492.63,662.33
BOX001/102/YPL/F0097/02/1000G,PRINTED LID - FOYLE PTD LID 2025 590mm x 390mm x 148mm 1000G,Labour,Folder Gluer,,0,30,FOLDER GLUER,FOLDER GLUER,102 Folder Gluer Operator,102 Folder Gluer Operator,,,1,10,5.581711,5.581711,,,,135.43,135.43,24.26317,0,24.53,22.61,31.89,0,79.03,90.68,492.63,662.33
BOX001/102/YPL/F0097/02/1000G,PRINTED LID - FOYLE PTD LID 2025 590mm x 390mm x 148mm 1000G,Machine,Folder Gluer,Fold Glue,0,30,FOLDER GLUER,FOLDER GLUER,102 Folder Gluer #1,552 TRIM1,,,1,10,5.581711,5.581711,,,,177.99,177.99,31.88807,0,24.53,22.61,31.89,0,79.03,90.68,492.63,662.33
BOX001/102/YPL/GENPRT/01/1000G,PRINTED LID - ICC PTD EURO LID 2020 590mm x 390mm,Material,,,0,1,,,0-FACTORY/102/BANDING,BLUE BANDING 102,COIL,0.00011,,,,,29.67,0,42.82,,29.67,0.00326,0,59.33,44.5,35.6,0,139.43,179.91,477.46,796.79
BOX001/102/YPL/GENPRT/01/1000G,PRINTED LID - ICC PTD EURO LID 2020 590mm x 390mm,Material,,,2,2,,,0-FACTORY/102/EUROLAYERCARD,0-FACTORY/102/EUROLAYERCARD,1000,0.00268,,,,,685,0,685,,685,1.8358,0,59.33,44.5,35.6,0,139.43,179.91,477.46,796.79
BOX001/102/YPL/GENPRT/01/1000G,PRINTED LID - ICC PTD EURO LID 2020 590mm x 390mm,Material,,,0,3,,,0-FACTORY/102/STRETCHWRAP,0-FACTORY/102/STRETCHWRAP,Tonne,0.00032,,,,,2440,0,2810,,2440,0.7808,0,59.33,44.5,35.6,0,139.43,179.91,477.46,796.79
BOX001/102/YPL/GENPRT/01/1000G,PRINTED LID - ICC PTD EURO LID 2020 590mm x 390mm,Material,,,0,4,,,0-FACTORY/102/TOPSHEET,0-TOPSHEET/102/1400mmX1600mm/40MU,Tonne,0.00016,,,,,1820,0,1820,,1820,0.2912,0,59.33,44.5,35.6,0,139.43,179.91,477.46,796.79
BOX001/102/YPL/GENPRT/01/1000G,PRINTED LID - ICC PTD EURO LID 2020 590mm x 390mm,Material,,,0,5,,,0-LARGE BINDER-1050x1250,BOARD 1250 x 1050/GRUNL / GRUNL /450GSM,1000,0.00089,,,,,685,0,685,,685,0.60965,0,59.33,44.5,35.6,0,139.43,179.91,477.46,796.79
BOX001/102/YPL/GENPRT/01/1000G,PRINTED LID - ICC PTD EURO LID 2020 590mm x 390mm,Material,,,0,6,,,0-Pallets/102/Std1000x1200,0-Pallets/102/Std1000x1200,1000,0.00089,,,,,4950,0,5250,,4950,4.4055,0,59.33,44.5,35.6,0,139.43,179.91,477.46,796.79
BOX001/102/YPL/GENPRT/01/1000G,PRINTED LID - ICC PTD EURO LID 2020 590mm x 390mm,Material,,,0,7,,,BRD001/102/YPL/1000G/WB,BOARD 1370 x 884/WHTST/BRTKLWPENC/1000GSM,Tonne,0.6078,,,,,763,0,763,,763,463.7514,0,59.33,44.5,35.6,0,139.43,179.91,477.46,796.79
BOX001/102/YPL/GENPRT/01/1000G,PRINTED LID - ICC PTD EURO LID 2020 590mm x 390mm,Material,,,0,8,,,GREEN 355 U,PRINTER INK 6000038 GREEN,KGs,8e-05,,,,,15,0,,,15,0.0012,0,59.33,44.5,35.6,0,139.43,179.91,477.46,796.79
BOX001/102/YPL/GENPRT/01/1000G,PRINTED LID - ICC PTD EURO LID 2020 590mm x 390mm,Material,,,0,9,,,ORANGE 021 U,PRINTER INK 6000018 ORANGE,KGs,2e-05,,,,,15,0,,,15,0.0003,0,59.33,44.5,35.6,0,139.43,179.91,477.46,796.79
BOX001/102/YPL/GENPRT/01/1000G,PRINTED LID - ICC PTD EURO LID 2020 590mm x 390mm,Material,,,0,10,,,PLASTOMELT9799,PLASTOMELT9799,Tonne,0.0021,,,,,2750,0,2518.65105,,2750,5.775,0,59.33,44.5,35.6,0,139.43,179.91,477.46,796.79
BOX001/102/YPL/GENPRT/01/1000G,PRINTED LID - ICC PTD EURO LID 2020 590mm x 390mm,Labour,Printer,,0,10,PRINT,PRINT,102 PRINTER OPERATOR,102 Printer Operator,,,1,6,,6,,,,356.05,356.05,59.34167,0,59.33,44.5,35.6,0,139.43,179.91,477.46,796.79
BOX001/102/YPL/GENPRT/01/1000G,PRINTED LID - ICC PTD EURO LID 2020 590mm x 390mm,Labour,Printer,,0,10,PRINT,PRINT,102 PRINTER OPERATOR,102 Printer Operator,,,1,6,,6,,,,356.05,356.05,59.34167,0,59.33,44.5,35.6,0,139.43,179.91,477.46,796.79
BOX001/102/YPL/GENPRT/01/1000G,PRINTED LID - ICC PTD EURO LID 2020 590mm x 390mm,Machine,Printer,Print,0,10,PRINT,PRINT,102 PRINTER DERI,221 DERITEND,,,1,6,,6,,,,177.99,177.99,29.665,0,59.33,44.5,35.6,0,139.43,179.91,477.46,796.79
BOX001/102/YPL/GENPRT/01/1000G,PRINTED LID - ICC PTD EURO LID 2020 590mm x 390mm,Machine,Printer,Print,0,10,PRINT,PRINT,102 PRINTER DERI,221 DERITEND,,,1,6,,6,,,,177.99,177.99,29.665,0,59.33,44.5,35.6,0,139.43,179.91,477.46,796.79
BOX001/102/YPL/GENPRT/01/1000G,PRINTED LID - ICC PTD EURO LID 2020 590mm x 390mm,Material,,,0,11,,,PROCESS BLACK U,PRINTER INK 6000001 CMYK BLACK,KGs,6e-05,,,,,15,0,4.25,,15,0.0009,0,59.33,44.5,35.6,0,139.43,179.91,477.46,796.79
BOX001/102/YPL/GENPRT/01/1000G,PRINTED LID - ICC PTD EURO LID 2020 590mm x 390mm,Labour,Diecutter,,0,20,DIE CUTTING,DIE CUTTING,102 DIE CUTTER OPERATOR,102 Die Cutter Operator,,,1,8,,8,,,,136.57,136.57,17.07125,0,59.33,44.5,35.6,0,139.43,179.91,477.46,796.79
BOX001/102/YPL/GENPRT/01/1000G,PRINTED LID - ICC PTD EURO LID 2020 590mm x 390mm,Labour,Diecutter,,0,20,DIE CUTTING,DIE CUTTING,102 DIE CUTTER OPERATOR,102 Die Cutter Operator,,,1,8,,8,,,,136.57,136.57,17.07125,0,59.33,44.5,35.6,0,139.43,179.91,477.46,796.79
BOX001/102/YPL/GENPRT/01/1000G,PRINTED LID - ICC PTD EURO LID 2020 590mm x 390mm,Machine,Diecutter,Die Cut,0,20,DIE CUTTING,DIE CUTTING,102 DIE CUTTER #2,332 142E,,,1,8,,8,,,,177.99,177.99,22.24875,0,59.33,44.5,35.6,0,139.43,179.91,477.46,796.79
BOX001/102/YPL/GENPRT/01/1000G,PRINTED LID - ICC PTD EURO LID 2020 590mm x 390mm,Machine,Diecutter,Die Cut,0,20,DIE CUTTING,DIE CUTTING,102 DIE CUTTER #2,332 142E,,,1,8,,8,,,,177.99,177.99,22.24875,0,59.33,44.5,35.6,0,139.43,179.91,477.46,796.79
BOX001/102/YPL/GENPRT/01/1000G,PRINTED LID - ICC PTD EURO LID 2020 590mm x 390mm,Labour,Folder Gluer,,0,30,FOLDER GLUER,FOLDER GLUER,102 FOLDER GLUER OPERATOR,102 Folder Gluer Operator,,,1,10,,10,,,,135.43,135.43,13.543,0,59.33,44.5,35.6,0,139.43,179.91,477.46,796.79
BOX001/102/YPL/GENPRT/01/1000G,PRINTED LID - ICC PTD EURO LID 2020 590mm x 390mm,Labour,Folder Gluer,,0,30,FOLDER GLUER,FOLDER GLUER,102 FOLDER GLUER OPERATOR,102 Folder Gluer Operator,,,1,10,,10,,,,135.43,135.43,13.543,0,59.33,44.5,35.6,0,139.43,179.91,477.46,796.79
BOX001/102/YPL/GENPRT/01/1000G,PRINTED LID - ICC PTD EURO LID 2020 590mm x 390mm,Machine,Folder Gluer,Fold Glue,0,30,FOLDER GLUER,FOLDER GLUER,102 FOLDER GLUER #2,TANABE BOXR,,,1,10,,10,,,,177.99,177.99,17.799,0,59.33,44.5,35.6,0,139.43,179.91,477.46,796.79
BOX001/102/YPL/GENPRT/01/1000G,PRINTED LID - ICC PTD EURO LID 2020 590mm x 390mm,Machine,Folder Gluer,Fold Glue,0,30,FOLDER GLUER,FOLDER GLUER,102 FOLDER GLUER #2,TANABE BOXR,,,1,10,,10,,,,177.99,177.99,17.799,0,59.33,44.5,35.6,0,139.43,179.91,477.46,796.79
BOX001/102/YPL/H0003/01/1000G,PRINTED LID - HG BLAKE PTD EURO LID 590mm x 390mm,Material,,,0,1,,,0-FACTORY/102/BANDING,BLUE BANDING 102,COIL,9e-05,,,,,29.67,0,42.82,,29.67,0.00267,0,29.67,44.5,17.8,0,91.96,107.03,477.42,676.41
BOX001/102/YPL/H0003/01/1000G,PRINTED LID - HG BLAKE PTD EURO LID 590mm x 390mm,Material,,,2,2,,,0-FACTORY/102/EUROLAYERCARD,0-FACTORY/102/EUROLAYERCARD,1000,0.00268,,,,,685,0,685,,685,1.8358,0,29.67,44.5,17.8,0,91.96,107.03,477.42,676.41
BOX001/102/YPL/H0003/01/1000G,PRINTED LID - HG BLAKE PTD EURO LID 590mm x 390mm,Material,,,0,3,,,0-FACTORY/102/STRETCHWRAP,0-FACTORY/102/STRETCHWRAP,Tonne,0.00032,,,,,2440,0,2810,,2440,0.7808,0,29.67,44.5,17.8,0,91.96,107.03,477.42,676.41
BOX001/102/YPL/H0003/01/1000G,PRINTED LID - HG BLAKE PTD EURO LID 590mm x 390mm,Material,,,0,4,,,0-FACTORY/102/TOPSHEET,0-TOPSHEET/102/1400mmX1600mm/40MU,Tonne,0.00014,,,,,1820,0,1820,,1820,0.2548,0,29.67,44.5,17.8,0,91.96,107.03,477.42,676.41
BOX001/102/YPL/H0003/01/1000G,PRINTED LID - HG BLAKE PTD EURO LID 590mm x 390mm,Material,,,0,5,,,0-LARGE BINDER-1050x1250,BOARD 1250 x 1050/GRUNL / GRUNL /450GSM,1000,0.00089,,,,,685,0,685,,685,0.60965,0,29.67,44.5,17.8,0,91.96,107.03,477.42,676.41
BOX001/102/YPL/H0003/01/1000G,PRINTED LID - HG BLAKE PTD EURO LID 590mm x 390mm,Material,,,0,6,,,0-Pallets/102/Std1000x1200,0-Pallets/102/Std1000x1200,1000,0.00089,,,,,4950,0,5250,,4950,4.4055,0,29.67,44.5,17.8,0,91.96,107.03,477.42,676.41
BOX001/102/YPL/H0003/01/1000G,PRINTED LID - HG BLAKE PTD EURO LID 590mm x 390mm,Material,,,0,7,,,BLUE 287 U,PRINTER INK 6000026 BLUE,KGs,6e-05,,,,,15,0,16.5,,15,0.0009,0,29.67,44.5,17.8,0,91.96,107.03,477.42,676.41
BOX001/102/YPL/H0003/01/1000G,PRINTED LID - HG BLAKE PTD EURO LID 590mm x 390mm,Material,,,0,8,,,BRD001/102/YPL/1000G/WB (2),BOARD 886 x 686/WHTST / BRTKLWPENC /1000GSM,Tonne,0.6078,,,,,763,0,741,,763,463.7514,0,29.67,44.5,17.8,0,91.96,107.03,477.42,676.41
BOX001/102/YPL/H0003/01/1000G,PRINTED LID - HG BLAKE PTD EURO LID 590mm x 390mm,Material,,,0,9,,,BURGUNDY 1807 U,PRINTER INK 6000020 BURGUNDY,KGs,0.00049,,,,,15,0,,,15,0.00735,0,29.67,44.5,17.8,0,91.96,107.03,477.42,676.41
BOX001/102/YPL/H0003/01/1000G,PRINTED LID - HG BLAKE PTD EURO LID 590mm x 390mm,Material,,,0,10,,,PLASTOMELT9799,PLASTOMELT9799,Tonne,0.0021,,,,,2750,0,2518.65105,,2750,5.775,0,29.67,44.5,17.8,0,91.96,107.03,477.42,676.41
BOX001/102/YPL/H0003/01/1000G,PRINTED LID - HG BLAKE PTD EURO LID 590mm x 390mm,Labour,Printer,,0,10,PRINT,PRINT,102 PRINTER OPERATOR,102 Printer Operator,,,1,6,,6,,,,356.05,356.05,59.34167,0,29.67,44.5,17.8,0,91.96,107.03,477.42,676.41
BOX001/102/YPL/H0003/01/1000G,PRINTED LID - HG BLAKE PTD EURO LID 590mm x 390mm,Machine,Printer,Print,0,10,PRINT,PRINT,102 PRINTER DERI,221 DERITEND,,,1,6,,6,,,,177.99,177.99,29.665,0,29.67,44.5,17.8,0,91.96,107.03,477.42,676.41
BOX001/102/YPL/H0003/01/1000G,PRINTED LID - HG BLAKE PTD EURO LID 590mm x 390mm,Material,,,0,11,,,RED 186 U,PRINTER INK 6000065 RED,KGs,7e-05,,,,,15,0,,,15,0.00105,0,29.67,44.5,17.8,0,91.96,107.03,477.42,676.41
BOX001/102/YPL/H0003/01/1000G,PRINTED LID - HG BLAKE PTD EURO LID 590mm x 390mm,Labour,Diecutter,,0,20,DIE CUTTING,DIE CUTTING,102 DIE CUTTER OPERATOR,102 Die Cutter Operator,,,1,4,,4,,,,136.57,136.57,34.1425,0,29.67,44.5,17.8,0,91.96,107.03,477.42,676.41
BOX001/102/YPL/H0003/01/1000G,PRINTED LID - HG BLAKE PTD EURO LID 590mm x 390mm,Machine,Diecutter,Die Cut,0,20,DIE CUTTING,DIE CUTTING,102 DIE CUTTER #3,333 142ER,,,1,4,,4,,,,177.99,177.99,44.4975,0,29.67,44.5,17.8,0,91.96,107.03,477.42,676.41
BOX001/102/YPL/H0003/01/1000G,PRINTED LID - HG BLAKE PTD EURO LID 590mm x 390mm,Labour,Folder Gluer,,0,30,FOLDER GLUER,FOLDER GLUER,102 FOLDER GLUER OPERATOR,102 Folder Gluer Operator,,,1,10,,10,,,,135.43,135.43,13.543,0,29.67,44.5,17.8,0,91.96,107.03,477.42,676.41
BOX001/102/YPL/H0003/01/1000G,PRINTED LID - HG BLAKE PTD EURO LID 590mm x 390mm,Machine,Folder Gluer,Fold Glue,0,30,FOLDER GLUER,FOLDER GLUER,102 FOLDER GLUER #1,552 TRIM1,,,1,10,,10,,,,177.99,177.99,17.799,0,29.67,44.5,17.8,0,91.96,107.03,477.42,676.41
BOX001/102/YPL/H0052/01/1000G,PRINTED LID - CAMPBELLS PRIME MEAT LID 590mm x 390,Material,,,0,0.001,,,0-FACTORY/101/BANDING/01,Factory Banding 101,COIL,0.03,,,,,41.39,0,36.2,,41.39,1.2417,0,40.61,42.22,40.79,0,123.62,144.67,396.72,665.01
BOX001/102/YPL/H0052/01/1000G,PRINTED LID - CAMPBELLS PRIME MEAT LID 590mm x 390,Material,,,0,0.002,,,0-FACTORY/101/LAYERCARD,Factory Layercard 101 Testliner 150GSM 1100x930,1000,0.005,,,,,187,0,210,,187,0.935,0,40.61,42.22,40.79,0,123.62,144.67,396.72,665.01
BOX001/102/YPL/H0052/01/1000G,PRINTED LID - CAMPBELLS PRIME MEAT LID 590mm x 390,Material,,,0,0.003,,,0-FACTORY/101/STRETCHWRAP,STRETCHWRAP,Tonne,1e-05,,,,,2440,0,2440,,2440,0.0244,0,40.61,42.22,40.79,0,123.62,144.67,396.72,665.01
BOX001/102/YPL/H0052/01/1000G,PRINTED LID - CAMPBELLS PRIME MEAT LID 590mm x 390,Material,,,0,0.004,,,0-PALLETS/101/Std1000x1200,Pallet 1000x1200 101,1000,0.001,,,,,4750,0,4750,,4750,4.75,0,40.61,42.22,40.79,0,123.62,144.67,396.72,665.01
BOX001/102/YPL/H0052/01/1000G,PRINTED LID - CAMPBELLS PRIME MEAT LID 590mm x 390,Material,,,0,0.005,,,0-TOPSHEET/101/1500mmx50UMS,Topsheet 101,Tonne,1e-05,,,,,2347,0,1820,,2347,0.02347,0,40.61,42.22,40.79,0,123.62,144.67,396.72,665.01
BOX001/102/YPL/H0052/01/1000G,PRINTED LID - CAMPBELLS PRIME MEAT LID 590mm x 390,Material,,,2,0.006,,,BRD001/YPL/H0052/01/1000G,PRINTED BOARD  -  CAMPBELLS PRIME MEATS 585mm x 390mm x 150m,1000 Sheet,0.5,,,,,763,0,,,763,381.5,0,40.61,42.22,40.79,0,123.62,144.67,396.72,665.01
BOX001/102/YPL/H0052/01/1000G,PRINTED LID - CAMPBELLS PRIME MEAT LID 590mm x 390,Material,,,0,0.007,,,PLASTOMELT9799,PLASTOMELT9799,Tonne,0.003,,,,,2750,0,2518.65105,,2750,8.25,0,40.61,42.22,40.79,0,123.62,144.67,396.72,665.01
BOX001/102/YPL/H0052/01/1000G,PRINTED LID - CAMPBELLS PRIME MEAT LID 590mm x 390,Labour,Diecutter,,0,10,DIE CUTTING,DIE CUTTING,101 Die Cutter Operator,101 Die Cutter Operator,,,1,4,4.215684,4.215684,,,,136.57,136.57,32.39569,0,40.61,42.22,40.79,0,123.62,144.67,396.72,665.01
BOX001/102/YPL/H0052/01/1000G,PRINTED LID - CAMPBELLS PRIME MEAT LID 590mm x 390,Machine,Diecutter,Die Cut,0,10,DIE CUTTING,DIE CUTTING,101 Die Cutter #1,101 Die Cutter #1,,,1,4,4.215684,4.215684,,,,177.99,177.99,42.22091,0,40.61,42.22,40.79,0,123.62,144.67,396.72,665.01
BOX001/102/YPL/H0052/01/1000G,PRINTED LID - CAMPBELLS PRIME MEAT LID 590mm x 390,Labour,Folder Gluer,,0,20,FOLDER GLUER,FOLDER GLUER,101 Folder Gluer Operator,101 Folder Gluer Operator,,,1,10,4.363543,4.363543,,,,135.43,135.43,31.03671,0,40.61,42.22,40.79,0,123.62,144.67,396.72,665.01
BOX001/102/YPL/H0052/01/1000G,PRINTED LID - CAMPBELLS PRIME MEAT LID 590mm x 390,Machine,Folder Gluer,Fold Glue,0,20,FOLDER GLUER,FOLDER GLUER,101 Folder Gluer Domino,101 Folder Gluer Domino,,,1,10,4.363543,4.363543,,,,177.99,177.99,40.79025,0,40.61,42.22,40.79,0,123.62,144.67,396.72,665.01
BOX001/102/YPL/H0052/01/1000G,PRINTED LID - CAMPBELLS PRIME MEAT LID 590mm x 390,Labour,Printer,,0,30,PRINT,PRINT,101 Printer Operator,101 Printer Operator,,,1,6,4.38307,4.38307,,,,356.05,356.05,81.23302,0,40.61,42.22,40.79,0,123.62,144.67,396.72,665.01
BOX001/102/YPL/H0052/01/1000G,PRINTED LID - CAMPBELLS PRIME MEAT LID 590mm x 390,Machine,Printer,Print,0,30,PRINT,PRINT,101 KBA,101 KBA,,,1,6,4.38307,4.38307,,,,177.99,177.99,40.60852,0,40.61,42.22,40.79,0,123.62,144.67,396.72,665.01
BOX001/102/YPL/H0064/01/1000G,PRINTED LID - H.F. STILES PRINTED LID 590mm x 390m,Material,,,0,1,,,0-FACTORY/102/BANDING,BLUE BANDING 102,COIL,0.00012,,,,,29.67,0,42.82,,29.67,0.00356,0,68.15,53.83,40.44,0,162.42,208.4,478.34,849.16
BOX001/102/YPL/H0064/01/1000G,PRINTED LID - H.F. STILES PRINTED LID 590mm x 390m,Material,,,2,2,,,0-FACTORY/102/EUROLAYERCARD,0-FACTORY/102/EUROLAYERCARD,1000,0.003,,,,,685,0,685,,685,2.055,0,68.15,53.83,40.44,0,162.42,208.4,478.34,849.16
BOX001/102/YPL/H0064/01/1000G,PRINTED LID - H.F. STILES PRINTED LID 590mm x 390m,Material,,,0,3,,,0-FACTORY/102/STRETCHWRAP,0-FACTORY/102/STRETCHWRAP,Tonne,0.00035,,,,,2440,0,2810,,2440,0.854,0,68.15,53.83,40.44,0,162.42,208.4,478.34,849.16
BOX001/102/YPL/H0064/01/1000G,PRINTED LID - H.F. STILES PRINTED LID 590mm x 390m,Material,,,0,4,,,0-FACTORY/102/TOPSHEET,0-TOPSHEET/102/1400mmX1600mm/40MU,Tonne,0.00014,,,,,1820,0,1820,,1820,0.2548,0,68.15,53.83,40.44,0,162.42,208.4,478.34,849.16
BOX001/102/YPL/H0064/01/1000G,PRINTED LID - H.F. STILES PRINTED LID 590mm x 390m,Material,,,0,5,,,0-LARGE BINDER-1050x1250,BOARD 1250 x 1050/GRUNL / GRUNL /450GSM,1000,0.001,,,,,685,0,685,,685,0.685,0,68.15,53.83,40.44,0,162.42,208.4,478.34,849.16
BOX001/102/YPL/H0064/01/1000G,PRINTED LID - H.F. STILES PRINTED LID 590mm x 390m,Material,,,0,6,,,0-Pallets/102/Std1000x1200,0-Pallets/102/Std1000x1200,1000,0.001,,,,,4950,0,5250,,4950,4.95,0,68.15,53.83,40.44,0,162.42,208.4,478.34,849.16
BOX001/102/YPL/H0064/01/1000G,PRINTED LID - H.F. STILES PRINTED LID 590mm x 390m,Material,,,0,7,,,BRD001/102/YPL/1000G/WB (2),BOARD 886 x 686/WHTST / BRTKLWPENC /1000GSM,Tonne,0.6078,,,,,763,0,741,,763,463.7514,0,68.15,53.83,40.44,0,162.42,208.4,478.34,849.16
BOX001/102/YPL/H0064/01/1000G,PRINTED LID - H.F. STILES PRINTED LID 590mm x 390m,Material,,,0,8,,,PLASTOMELT9799,PLASTOMELT9799,Tonne,0.0021,,,,,2750,0,2518.65105,,2750,5.775,0,68.15,53.83,40.44,0,162.42,208.4,478.34,849.16
BOX001/102/YPL/H0064/01/1000G,PRINTED LID - H.F. STILES PRINTED LID 590mm x 390m,Material,,,0,9,,,PROCESS BLACK U,PRINTER INK 6000001 CMYK BLACK,KGs,0.0001,,,,,15,0,4.25,,15,0.0015,0,68.15,53.83,40.44,0,162.42,208.4,478.34,849.16
BOX001/102/YPL/H0064/01/1000G,PRINTED LID - H.F. STILES PRINTED LID 590mm x 390m,Material,,,0,10,,,YELLOW U,PRINTER INK 6000032 YELLOW,KGs,0.00042,,,,,15,0,,,15,0.0063,0,68.15,53.83,40.44,0,162.42,208.4,478.34,849.16
BOX001/102/YPL/H0064/01/1000G,PRINTED LID - H.F. STILES PRINTED LID 590mm x 390m,Labour,Printer,,0,10,PRINT,PRINT,101 Printer Operator,101 Printer Operator,,,1,6,2.611602,2.611602,,,,356.05,356.05,136.33394,0,68.15,53.83,40.44,0,162.42,208.4,478.34,849.16
BOX001/102/YPL/H0064/01/1000G,PRINTED LID - H.F. STILES PRINTED LID 590mm x 390m,Machine,Printer,Print,0,10,PRINT,PRINT,101 KBA,101 KBA,,,1,6,2.611602,2.611602,,,,177.99,177.99,68.15357,0,68.15,53.83,40.44,0,162.42,208.4,478.34,849.16
BOX001/102/YPL/H0064/01/1000G,PRINTED LID - H.F. STILES PRINTED LID 590mm x 390m,Labour,Diecutter,,0,20,DIE CUTTING,DIE CUTTING,101 Die Cutter Operator,101 Die Cutter Operator,,,1,4,3.306817,3.306817,,,,136.57,136.57,41.29953,0,68.15,53.83,40.44,0,162.42,208.4,478.34,849.16
BOX001/102/YPL/H0064/01/1000G,PRINTED LID - H.F. STILES PRINTED LID 590mm x 390m,Machine,Diecutter,Die Cut,0,20,DIE CUTTING,DIE CUTTING,101 Die Cutter #1,101 Die Cutter #1,,,1,4,3.306817,3.306817,,,,177.99,177.99,53.82517,0,68.15,53.83,40.44,0,162.42,208.4,478.34,849.16
BOX001/102/YPL/H0064/01/1000G,PRINTED LID - H.F. STILES PRINTED LID 590mm x 390m,Labour,Folder Gluer,,0,30,FOLDER GLUER,FOLDER GLUER,101 Folder Gluer Operator,101 Folder Gluer Operator,,,1,10,4.401346,4.401346,,,,135.43,135.43,30.77013,0,68.15,53.83,40.44,0,162.42,208.4,478.34,849.16
BOX001/102/YPL/H0064/01/1000G,PRINTED LID - H.F. STILES PRINTED LID 590mm x 390m,Machine,Folder Gluer,Fold Glue,0,30,FOLDER GLUER,FOLDER GLUER,101 Folder Gluer Domino,101 Folder Gluer Domino,,,1,10,4.401346,4.401346,,,,177.99,177.99,40.4399,0,68.15,53.83,40.44,0,162.42,208.4,478.34,849.16
BOX001/102/YPL/J0003/01/1000G,PRINTED LID - J A JEWITT 2019 590mm x 390mm x 148m,Material,,,0,1,,,0-FACTORY/102/BANDING,BLUE BANDING 102,COIL,9e-05,,,,,29.67,0,42.82,,29.67,0.00267,0,40.5,35.4,36.38,0,112.27,135.85,476.88,725.01
BOX001/102/YPL/J0003/01/1000G,PRINTED LID - J A JEWITT 2019 590mm x 390mm x 148m,Material,,,0,3,,,0-FACTORY/102/STRETCHWRAP,0-FACTORY/102/STRETCHWRAP,Tonne,0.00032,,,,,2440,0,2810,,2440,0.7808,0,40.5,35.4,36.38,0,112.27,135.85,476.88,725.01
BOX001/102/YPL/J0003/01/1000G,PRINTED LID - J A JEWITT 2019 590mm x 390mm x 148m,Material,,,0,4,,,0-FACTORY/102/TOPSHEET,0-TOPSHEET/102/1400mmX1600mm/40MU,Tonne,0.00016,,,,,1820,0,1820,,1820,0.2912,0,40.5,35.4,36.38,0,112.27,135.85,476.88,725.01
BOX001/102/YPL/J0003/01/1000G,PRINTED LID - J A JEWITT 2019 590mm x 390mm x 148m,Material,,,0,5,,,0-LARGE BINDER-1050x1250,BOARD 1250 x 1050/GRUNL / GRUNL /450GSM,1000,0.00089,,,,,685,0,685,,685,0.60965,0,40.5,35.4,36.38,0,112.27,135.85,476.88,725.01
BOX001/102/YPL/J0003/01/1000G,PRINTED LID - J A JEWITT 2019 590mm x 390mm x 148m,Material,,,0,6,,,0-Pallets/102/Std1000x1200,0-Pallets/102/Std1000x1200,1000,0.00089,,,,,4950,0,5250,,4950,4.4055,0,40.5,35.4,36.38,0,112.27,135.85,476.88,725.01
BOX001/102/YPL/J0003/01/1000G,PRINTED LID - J A JEWITT 2019 590mm x 390mm x 148m,Material,,,0,7,,,BRD001/102/YPL/1000G/WB(5),BOARD 1370 x 884/WHTST/BRTKLWPENC/1000GSM,Tonne,0.607,,,,,763,0,763,,763,463.141,0,40.5,35.4,36.38,0,112.27,135.85,476.88,725.01
BOX001/102/YPL/J0003/01/1000G,PRINTED LID - J A JEWITT 2019 590mm x 390mm x 148m,Material,,,0,8,,,GREEN 350 U,PRINTER INK 6000056 GREEN,KGs,0.00281,,,,,15,0,,,15,0.04215,0,40.5,35.4,36.38,0,112.27,135.85,476.88,725.01
BOX001/102/YPL/J0003/01/1000G,PRINTED LID - J A JEWITT 2019 590mm x 390mm x 148m,Material,,,0,9,,,PLASTOMELT9799,PLASTOMELT9799,Tonne,0.0021,,,,,2750,0,2518.65105,,2750,5.775,0,40.5,35.4,36.38,0,112.27,135.85,476.88,725.01
BOX001/102/YPL/J0003/01/1000G,PRINTED LID - J A JEWITT 2019 590mm x 390mm x 148m,Material,,,0,10,,,RED 485 U X2,PRINTER INK 6000014 RED,KGs,4e-05,,,,,15,0,17.5,,15,0.0006,0,40.5,35.4,36.38,0,112.27,135.85,476.88,725.01
BOX001/102/YPL/J0003/01/1000G,PRINTED LID - J A JEWITT 2019 590mm x 390mm x 148m,Labour,Printer,,0,10,PRINT,PRINT,101 Printer Operator,101 Printer Operator,,,1,6,4.395183,4.395183,,,,356.05,356.05,81.00914,0,40.5,35.4,36.38,0,112.27,135.85,476.88,725.01
BOX001/102/YPL/J0003/01/1000G,PRINTED LID - J A JEWITT 2019 590mm x 390mm x 148m,Machine,Printer,Print,0,10,PRINT,PRINT,101 KBA,101 KBA,,,1,6,4.395183,4.395183,,,,177.99,177.99,40.49661,0,40.5,35.4,36.38,0,112.27,135.85,476.88,725.01
BOX001/102/YPL/J0003/01/1000G,PRINTED LID - J A JEWITT 2019 590mm x 390mm x 148m,Material,,,2,10.001,,,0-FACTORY/102/EUROLAYERCARD,0-FACTORY/102/EUROLAYERCARD,1000,0.00268,,,,,685,0,685,,685,1.8358,0,40.5,35.4,36.38,0,112.27,135.85,476.88,725.01
BOX001/102/YPL/J0003/01/1000G,PRINTED LID - J A JEWITT 2019 590mm x 390mm x 148m,Labour,Diecutter,,0,20,DIE CUTTING,DIE CUTTING,101 Die Cutter Operator,101 Die Cutter Operator,,,1,4,5.028115,5.028115,,,,136.57,136.57,27.16127,0,40.5,35.4,36.38,0,112.27,135.85,476.88,725.01
BOX001/102/YPL/J0003/01/1000G,PRINTED LID - J A JEWITT 2019 590mm x 390mm x 148m,Machine,Diecutter,Die Cut,0,20,DIE CUTTING,DIE CUTTING,101 Die Cutter #1,101 Die Cutter #1,,,1,4,5.028115,5.028115,,,,177.99,177.99,35.39895,0,40.5,35.4,36.38,0,112.27,135.85,476.88,725.01
BOX001/102/YPL/J0003/01/1000G,PRINTED LID - J A JEWITT 2019 590mm x 390mm x 148m,Labour,Folder Gluer,,0,30,FOLDER GLUER,FOLDER GLUER,101 Folder Gluer Operator,101 Folder Gluer Operator,,,1,10,4.892821,4.892821,,,,135.43,135.43,27.67933,0,40.5,35.4,36.38,0,112.27,135.85,476.88,725.01
BOX001/102/YPL/J0003/01/1000G,PRINTED LID - J A JEWITT 2019 590mm x 390mm x 148m,Machine,Folder Gluer,Fold Glue,0,30,FOLDER GLUER,FOLDER GLUER,101 Folder Gluer Domino,101 Folder Gluer Domino,,,1,10,4.892821,4.892821,,,,177.99,177.99,36.37779,0,40.5,35.4,36.38,0,112.27,135.85,476.88,725.01
BOX001/102/YPL/J0070/01/1250G,PRINTED LID - JOHN SCOTT LID 2015 590mm x 390mm x,Material,,,0,1,,,0-FACTORY/102/BANDING,BLUE BANDING 102,COIL,0.00012,,,,,29.67,0,42.82,,29.67,0.00356,0,139.95,102.03,72.95,0,314.93,413.75,634.03,1362.71
BOX001/102/YPL/J0070/01/1250G,PRINTED LID - JOHN SCOTT LID 2015 590mm x 390mm x,Material,,,2,2,,,0-FACTORY/102/EUROLAYERCARD,0-FACTORY/102/EUROLAYERCARD,1000,0.00333,,,,,685,0,685,,685,2.28105,0,139.95,102.03,72.95,0,314.93,413.75,634.03,1362.71
BOX001/102/YPL/J0070/01/1250G,PRINTED LID - JOHN SCOTT LID 2015 590mm x 390mm x,Material,,,0,3,,,0-FACTORY/102/STRETCHWRAP,0-FACTORY/102/STRETCHWRAP,Tonne,0.00059,,,,,2440,0,2810,,2440,1.4396,0,139.95,102.03,72.95,0,314.93,413.75,634.03,1362.71
BOX001/102/YPL/J0070/01/1250G,PRINTED LID - JOHN SCOTT LID 2015 590mm x 390mm x,Material,,,0,4,,,0-FACTORY/102/TOPSHEET,0-TOPSHEET/102/1400mmX1600mm/40MU,Tonne,0.00026,,,,,1820,0,1820,,1820,0.4732,0,139.95,102.03,72.95,0,314.93,413.75,634.03,1362.71
BOX001/102/YPL/J0070/01/1250G,PRINTED LID - JOHN SCOTT LID 2015 590mm x 390mm x,Material,,,0,5,,,0-LARGE BINDER-1050x1250,BOARD 1250 x 1050/GRUNL / GRUNL /450GSM,1000,0.00167,,,,,685,0,685,,685,1.14395,0,139.95,102.03,72.95,0,314.93,413.75,634.03,1362.71
BOX001/102/YPL/J0070/01/1250G,PRINTED LID - JOHN SCOTT LID 2015 590mm x 390mm x,Material,,,0,6,,,0-Pallets/102/Std1000x1200,0-Pallets/102/Std1000x1200,1000,0.00167,,,,,4950,0,5250,,4950,8.2665,0,139.95,102.03,72.95,0,314.93,413.75,634.03,1362.71
BOX001/102/YPL/J0070/01/1250G,PRINTED LID - JOHN SCOTT LID 2015 590mm x 390mm x,Material,,,0,7,,,BRD001/102/YPL/1250G/WB(3),BOARD 886 x 686/WHKFL / BRTKLWPENC /1250GSM,Tonne,0.75975,,,,,809,0,809,,809,614.63775,0,139.95,102.03,72.95,0,314.93,413.75,634.03,1362.71
BOX001/102/YPL/J0070/01/1250G,PRINTED LID - JOHN SCOTT LID 2015 590mm x 390mm x,Material,,,0,8,,,PLASTOMELT9799,PLASTOMELT9799,Tonne,0.0021,,,,,2750,0,2518.65105,,2750,5.775,0,139.95,102.03,72.95,0,314.93,413.75,634.03,1362.71
BOX001/102/YPL/J0070/01/1250G,PRINTED LID - JOHN SCOTT LID 2015 590mm x 390mm x,Material,,,0,9,,,PROCESS BLACK U,PRINTER INK 6000001 CMYK BLACK,KGs,0.00019,,,,,15,0,4.25,,15,0.00285,0,139.95,102.03,72.95,0,314.93,413.75,634.03,1362.71
BOX001/102/YPL/J0070/01/1250G,PRINTED LID - JOHN SCOTT LID 2015 590mm x 390mm x,Material,,,0,10,,,RED 485 U X2,PRINTER INK 6000014 RED,KGs,0.00028,,,,,15,0,17.5,,15,0.0042,0,139.95,102.03,72.95,0,314.93,413.75,634.03,1362.71
BOX001/102/YPL/J0070/01/1250G,PRINTED LID - JOHN SCOTT LID 2015 590mm x 390mm x,Labour,Printer,,0,10,PRINT,PRINT,102 PRINTER OPERATOR,102 Printer Operator,,,1,6,2.543701,2.543701,,,,356.05,356.05,139.97321,0,139.95,102.03,72.95,0,314.93,413.75,634.03,1362.71
BOX001/102/YPL/J0070/01/1250G,PRINTED LID - JOHN SCOTT LID 2015 590mm x 390mm x,Labour,Printer,,0,10,PRINT,PRINT,102 PRINTER OPERATOR,102 Printer Operator,,,1,6,2.543701,2.543701,,,,356.05,356.05,139.97321,0,139.95,102.03,72.95,0,314.93,413.75,634.03,1362.71
BOX001/102/YPL/J0070/01/1250G,PRINTED LID - JOHN SCOTT LID 2015 590mm x 390mm x,Machine,Printer,Print,0,10,PRINT,PRINT,102 PRINTER DERI,221 DERITEND,,,1,6,2.543701,2.543701,,,,177.99,177.99,69.97285,0,139.95,102.03,72.95,0,314.93,413.75,634.03,1362.71
BOX001/102/YPL/J0070/01/1250G,PRINTED LID - JOHN SCOTT LID 2015 590mm x 390mm x,Machine,Printer,Print,0,10,PRINT,PRINT,102 PRINTER DERI,221 DERITEND,,,1,6,2.543701,2.543701,,,,177.99,177.99,69.97285,0,139.95,102.03,72.95,0,314.93,413.75,634.03,1362.71
BOX001/102/YPL/J0070/01/1250G,PRINTED LID - JOHN SCOTT LID 2015 590mm x 390mm x,Labour,Diecutter,,0,20,DIE CUTTING,DIE CUTTING,102 DIE CUTTER OPERATOR,102 Die Cutter Operator,,,1,4,3.488819,3.488819,,,,136.57,136.57,39.14505,0,139.95,102.03,72.95,0,314.93,413.75,634.03,1362.71
BOX001/102/YPL/J0070/01/1250G,PRINTED LID - JOHN SCOTT LID 2015 590mm x 390mm x,Labour,Diecutter,,0,20,DIE CUTTING,DIE CUTTING,102 DIE CUTTER OPERATOR,102 Die Cutter Operator,,,1,4,3.488819,3.488819,,,,136.57,136.57,39.14505,0,139.95,102.03,72.95,0,314.93,413.75,634.03,1362.71
BOX001/102/YPL/J0070/01/1250G,PRINTED LID - JOHN SCOTT LID 2015 590mm x 390mm x,Machine,Diecutter,Die Cut,0,20,DIE CUTTING,DIE CUTTING,102 DIE CUTTER #3,333 142ER,,,1,4,3.488819,3.488819,,,,177.99,177.99,51.01726,0,139.95,102.03,72.95,0,314.93,413.75,634.03,1362.71
BOX001/102/YPL/J0070/01/1250G,PRINTED LID - JOHN SCOTT LID 2015 590mm x 390mm x,Machine,Diecutter,Die Cut,0,20,DIE CUTTING,DIE CUTTING,102 DIE CUTTER #3,333 142ER,,,1,4,3.488819,3.488819,,,,177.99,177.99,51.01726,0,139.95,102.03,72.95,0,314.93,413.75,634.03,1362.71
BOX001/102/YPL/J0070/01/1250G,PRINTED LID - JOHN SCOTT LID 2015 590mm x 390mm x,Labour,Folder Gluer,,0,30,FOLDER GLUER,FOLDER GLUER,102 FOLDER GLUER OPERATOR,102 Folder Gluer Operator,,,1,10,4.879507,4.879507,,,,135.43,135.43,27.75485,0,139.95,102.03,72.95,0,314.93,413.75,634.03,1362.71
BOX001/102/YPL/J0070/01/1250G,PRINTED LID - JOHN SCOTT LID 2015 590mm x 390mm x,Labour,Folder Gluer,,0,30,FOLDER GLUER,FOLDER GLUER,102 FOLDER GLUER OPERATOR,102 Folder Gluer Operator,,,1,10,4.879507,4.879507,,,,135.43,135.43,27.75485,0,139.95,102.03,72.95,0,314.93,413.75,634.03,1362.71
BOX001/102/YPL/J0070/01/1250G,PRINTED LID - JOHN SCOTT LID 2015 590mm x 390mm x,Machine,Folder Gluer,Fold Glue,0,30,FOLDER GLUER,FOLDER GLUER,102 FOLDER GLUER #2,TANABE BOXR,,,1,10,4.879507,4.879507,,,,177.99,177.99,36.47705,0,139.95,102.03,72.95,0,314.93,413.75,634.03,1362.71
BOX001/102/YPL/J0070/01/1250G,PRINTED LID - JOHN SCOTT LID 2015 590mm x 390mm x,Machine,Folder Gluer,Fold Glue,0,30,FOLDER GLUER,FOLDER GLUER,102 FOLDER GLUER #2,TANABE BOXR,,,1,10,4.879507,4.879507,,,,177.99,177.99,36.47705,0,139.95,102.03,72.95,0,314.93,413.75,634.03,1362.71
BOX001/102/YPL/M0115/01/1000G,PRINTED LID - MILLERS VLEES DKS PE 59X39X15 OFF 59,Material,,,0,1,,,0-FACTORY/101/BANDING/01,Factory Banding 101,COIL,0.001,,,,,41.39,0,36.2,,41.39,0.04139,0,11.12,22.25,54.43,0,87.8,80.74,238.23,406.78
BOX001/102/YPL/M0115/01/1000G,PRINTED LID - MILLERS VLEES DKS PE 59X39X15 OFF 59,Material,,,0,2,,,0-FACTORY/101/STRETCHWRAP,STRETCHWRAP,Tonne,0.001,,,,,2440,0,2440,,2440,2.44,0,11.12,22.25,54.43,0,87.8,80.74,238.23,406.78
BOX001/102/YPL/M0115/01/1000G,PRINTED LID - MILLERS VLEES DKS PE 59X39X15 OFF 59,Material,,,0,3,,,0-PALLETS/101/Std1000x1200,Pallet 1000x1200 101,1000,0.001,,,,,4750,0,4750,,4750,4.75,0,11.12,22.25,54.43,0,87.8,80.74,238.23,406.78
BOX001/102/YPL/M0115/01/1000G,PRINTED LID - MILLERS VLEES DKS PE 59X39X15 OFF 59,Material,,,0,4,,,0-TOPSHEET/101/1400mmx50UMS,Topsheet 101,Tonne,0.001,,,,,1945,0,,,1945,1.945,0,11.12,22.25,54.43,0,87.8,80.74,238.23,406.78
BOX001/102/YPL/M0115/01/1000G,PRINTED LID - MILLERS VLEES DKS PE 59X39X15 OFF 59,Material,,,2,5,,,BRD001/YPL/M0115/01/1000G/WW,PRINTED BRD - MILLERS VLEES DKS PE 59X39X15 100GSM,1000,0.5,,,,,,0,,,458.1072,229.0536,0,11.12,22.25,54.43,0,87.8,80.74,238.23,406.78
BOX001/102/YPL/M0115/01/1000G,PRINTED LID - MILLERS VLEES DKS PE 59X39X15 OFF 59,Rolled Child,,,2,5.001,,,BRD001/YPL/M0115/01/1000G/WW,Rolled Up Child Material,1000,0.5,,,,,,,,,458.1072,229.0536,1,11.12,22.25,54.43,0,87.8,80.74,238.23,406.78
BOX001/102/YPL/M0115/01/1000G,PRINTED LID - MILLERS VLEES DKS PE 59X39X15 OFF 59,Rolled Child,,,2,5.002,,,BRD001/YPL/M0115/01/1000G/WW,Rolled Up Child Labour,1000,0.5,,,,,,,,,44.50625,22.25313,1,11.12,22.25,54.43,0,87.8,80.74,238.23,406.78
BOX001/102/YPL/M0115/01/1000G,PRINTED LID - MILLERS VLEES DKS PE 59X39X15 OFF 59,Rolled Child,Printer,Print,2,5.003,,,BRD001/YPL/M0115/01/1000G/WW,Rolled Up Child Print Machine,1000,0.5,,,,,,,,,22.24875,11.12438,1,11.12,22.25,54.43,0,87.8,80.74,238.23,406.78
BOX001/102/YPL/M0115/01/1000G,PRINTED LID - MILLERS VLEES DKS PE 59X39X15 OFF 59,Labour,Diecutter,,0,10,DIE CUTTING,DIE CUTTING,101 DIE CUTTER OPERATOR,101 Die Cutter Operator,,,1,8,,8,,,,136.57,136.57,17.07125,0,11.12,22.25,54.43,0,87.8,80.74,238.23,406.78
BOX001/102/YPL/M0115/01/1000G,PRINTED LID - MILLERS VLEES DKS PE 59X39X15 OFF 59,Machine,Diecutter,Die Cut,0,10,DIE CUTTING,DIE CUTTING,101 DIE CUTTER #2,101 Die Cutter #2,,,1,8,,8,,,,177.99,177.99,22.24875,0,11.12,22.25,54.43,0,87.8,80.74,238.23,406.78
BOX001/102/YPL/M0115/01/1000G,PRINTED LID - MILLERS VLEES DKS PE 59X39X15 OFF 59,Labour,Folder Gluer,,0,20,FOLDER GLUER,FOLDER GLUER,101 FOLDER GLUER OPERATOR,101 Folder Gluer Operator,,,1,10,3.269979,3.269979,,,,135.43,135.43,41.41617,0,11.12,22.25,54.43,0,87.8,80.74,238.23,406.78
BOX001/102/YPL/M0115/01/1000G,PRINTED LID - MILLERS VLEES DKS PE 59X39X15 OFF 59,Machine,Folder Gluer,Fold Glue,0,20,FOLDER GLUER,FOLDER GLUER,101 FOLDER GLUER OMEGA,101 Folder Gluer Omega,,,1,10,3.269979,3.269979,,,,177.99,177.99,54.43154,0,11.12,22.25,54.43,0,87.8,80.74,238.23,406.78
BOX001/102/YPL/M0115/02/1000G,PRINTED LID - EURO LID MILLERS CAIRNGORM SB 590X39,Material,,,0,1,,,0-FACTORY/102/BANDING,BLUE BANDING 102,COIL,9e-05,,,,,29.67,0,42.82,,29.67,0.00267,0,14.83,42.75,53.84,0,111.42,103.44,485.88,700.74
BOX001/102/YPL/M0115/02/1000G,PRINTED LID - EURO LID MILLERS CAIRNGORM SB 590X39,Material,,,2,2,,,0-FACTORY/102/EUROLAYERCARD,0-FACTORY/102/EUROLAYERCARD,1000,0.00268,,,,,685,0,685,,685,1.8358,0,14.83,42.75,53.84,0,111.42,103.44,485.88,700.74
BOX001/102/YPL/M0115/02/1000G,PRINTED LID - EURO LID MILLERS CAIRNGORM SB 590X39,Material,,,0,3,,,0-FACTORY/102/STRETCHWRAP,0-FACTORY/102/STRETCHWRAP,Tonne,0.0032,,,,,2440,0,2810,,2440,7.808,0,14.83,42.75,53.84,0,111.42,103.44,485.88,700.74
BOX001/102/YPL/M0115/02/1000G,PRINTED LID - EURO LID MILLERS CAIRNGORM SB 590X39,Material,,,0,4,,,0-FACTORY/102/TOPSHEET,0-TOPSHEET/102/1400mmX1600mm/40MU,Tonne,0.00014,,,,,1820,0,1820,,1820,0.2548,0,14.83,42.75,53.84,0,111.42,103.44,485.88,700.74
BOX001/102/YPL/M0115/02/1000G,PRINTED LID - EURO LID MILLERS CAIRNGORM SB 590X39,Material,,,0,5,,,0-Pallets/102/Std1000x1200,0-Pallets/102/Std1000x1200,1000,0.00089,,,,,4950,0,5250,,4950,4.4055,0,14.83,42.75,53.84,0,111.42,103.44,485.88,700.74
BOX001/102/YPL/M0115/02/1000G,PRINTED LID - EURO LID MILLERS CAIRNGORM SB 590X39,Material,,,0,6,,,PLASTOMELT9799,PLASTOMELT9799,Tonne,0.0021,,,,,2750,0,2518.65105,,2750,5.775,0,14.83,42.75,53.84,0,111.42,103.44,485.88,700.74
BOX001/102/YPL/M0115/02/1000G,PRINTED LID - EURO LID MILLERS CAIRNGORM SB 590X39,Material,,,2,7,,,BRD001/YPL/M0115/02/1000G,PRINTED SHEET - EURO LID MILLERS CAIRNGORM SB 1000G,1000 Sheet,0.5,,,,,,0,,,931.605,465.8025,0,14.83,42.75,53.84,0,111.42,103.44,485.88,700.74
BOX001/102/YPL/M0115/02/1000G,PRINTED LID - EURO LID MILLERS CAIRNGORM SB 590X39,Rolled Child,,,2,7.001,,,BRD001/YPL/M0115/02/1000G,Rolled Up Child Material,1000 Sheet,0.5,,,,,,,,,931.605,465.8025,1,14.83,42.75,53.84,0,111.42,103.44,485.88,700.74
BOX001/102/YPL/M0115/02/1000G,PRINTED LID - EURO LID MILLERS CAIRNGORM SB 590X39,Rolled Child,,,2,7.002,,,BRD001/YPL/M0115/02/1000G,Rolled Up Child Labour,1000 Sheet,0.5,,,,,,,,,59.34167,29.67084,1,14.83,42.75,53.84,0,111.42,103.44,485.88,700.74
BOX001/102/YPL/M0115/02/1000G,PRINTED LID - EURO LID MILLERS CAIRNGORM SB 590X39,Rolled Child,Printer,Print,2,7.003,,,BRD001/YPL/M0115/02/1000G,Rolled Up Child Print Machine,1000 Sheet,0.5,,,,,,,,,29.665,14.8325,1,14.83,42.75,53.84,0,111.42,103.44,485.88,700.74
BOX001/102/YPL/M0115/02/1000G,PRINTED LID - EURO LID MILLERS CAIRNGORM SB 590X39,Labour,Diecutter,,0,20,DIE CUTTING,DIE CUTTING,102 DIE CUTTER OPERATOR,102 Die Cutter Operator,,,1,8,4.163406,4.163406,,,,136.57,136.57,32.80247,0,14.83,42.75,53.84,0,111.42,103.44,485.88,700.74
BOX001/102/YPL/M0115/02/1000G,PRINTED LID - EURO LID MILLERS CAIRNGORM SB 590X39,Machine,Diecutter,Die Cut,0,20,DIE CUTTING,DIE CUTTING,102 DIE CUTTER #2,332 142E,,,1,8,4.163406,4.163406,,,,177.99,177.99,42.75106,0,14.83,42.75,53.84,0,111.42,103.44,485.88,700.74
BOX001/102/YPL/M0115/02/1000G,PRINTED LID - EURO LID MILLERS CAIRNGORM SB 590X39,Labour,Folder Gluer,,0,30,FOLDER GLUER,FOLDER GLUER,102 FOLDER GLUER OPERATOR,102 Folder Gluer Operator,,,1,10,3.305986,3.305986,,,,135.43,135.43,40.96509,0,14.83,42.75,53.84,0,111.42,103.44,485.88,700.74
BOX001/102/YPL/M0115/02/1000G,PRINTED LID - EURO LID MILLERS CAIRNGORM SB 590X39,Machine,Folder Gluer,Fold Glue,0,30,FOLDER GLUER,FOLDER GLUER,102 FOLDER GLUER #2,TANABE BOXR,,,1,10,3.305986,3.305986,,,,177.99,177.99,53.8387,0,14.83,42.75,53.84,0,111.42,103.44,485.88,700.74
BOX001/102/YPL/P0073/01/1000G,PRINTED LID - PILGRIM'S PRINTED EURO LID 2022 590m,Material,,,0,1,,,0-FACTORY/102/BANDING,BLUE BANDING 102,COIL,0.00012,,,,,29.67,0,42.82,,29.67,0.00356,0,29.67,22.25,17.8,0,69.71,89.96,477.74,637.41
BOX001/102/YPL/P0073/01/1000G,PRINTED LID - PILGRIM'S PRINTED EURO LID 2022 590m,Material,,,2,2,,,0-FACTORY/102/EUROLAYERCARD,0-FACTORY/102/EUROLAYERCARD,1000,0.003,,,,,685,0,685,,685,2.055,0,29.67,22.25,17.8,0,69.71,89.96,477.74,637.41
BOX001/102/YPL/P0073/01/1000G,PRINTED LID - PILGRIM'S PRINTED EURO LID 2022 590m,Material,,,0,3,,,0-FACTORY/102/STRETCHWRAP,0-FACTORY/102/STRETCHWRAP,Tonne,0.00035,,,,,2440,0,2810,,2440,0.854,0,29.67,22.25,17.8,0,69.71,89.96,477.74,637.41
BOX001/102/YPL/P0073/01/1000G,PRINTED LID - PILGRIM'S PRINTED EURO LID 2022 590m,Material,,,0,4,,,0-FACTORY/102/TOPSHEET,0-TOPSHEET/102/1400mmX1600mm/40MU,Tonne,0.00015,,,,,1820,0,1820,,1820,0.273,0,29.67,22.25,17.8,0,69.71,89.96,477.74,637.41
BOX001/102/YPL/P0073/01/1000G,PRINTED LID - PILGRIM'S PRINTED EURO LID 2022 590m,Material,,,0,5,,,0-LARGE BINDER-1050x1250,BOARD 1250 x 1050/GRUNL / GRUNL /450GSM,1000,0.001,,,,,685,0,685,,685,0.685,0,29.67,22.25,17.8,0,69.71,89.96,477.74,637.41
BOX001/102/YPL/P0073/01/1000G,PRINTED LID - PILGRIM'S PRINTED EURO LID 2022 590m,Material,,,0,6,,,0-Pallets/102/Std1000x1200,0-Pallets/102/Std1000x1200,1000,0.001,,,,,4950,0,5250,,4950,4.95,0,29.67,22.25,17.8,0,69.71,89.96,477.74,637.41
BOX001/102/YPL/P0073/01/1000G,PRINTED LID - PILGRIM'S PRINTED EURO LID 2022 590m,Material,,,0,7,,,BLUE 2147 C,PRINTER INK 6000190 BLUE,KGs,0.00014,,,,,15,0,,,15,0.0021,0,29.67,22.25,17.8,0,69.71,89.96,477.74,637.41
BOX001/102/YPL/P0073/01/1000G,PRINTED LID - PILGRIM'S PRINTED EURO LID 2022 590m,Material,,,0,8,,,BRD001/102/YPL/1000G/WB,BOARD 1370 x 884/WHTST/BRTKLWPENC/1000GSM,Tonne,0.607,,,,,763,0,763,,763,463.141,0,29.67,22.25,17.8,0,69.71,89.96,477.74,637.41
BOX001/102/YPL/P0073/01/1000G,PRINTED LID - PILGRIM'S PRINTED EURO LID 2022 590m,Material,,,0,9,,,PLASTOMELT9799,PLASTOMELT9799,Tonne,0.0021,,,,,2750,0,2518.65105,,2750,5.775,0,29.67,22.25,17.8,0,69.71,89.96,477.74,637.41
BOX001/102/YPL/P0073/01/1000G,PRINTED LID - PILGRIM'S PRINTED EURO LID 2022 590m,Material,,,0,10,,,RED 711 C,PRINTER INK 6000189 RED,KGs,4e-05,,,,,15,0,,,15,0.0006,0,29.67,22.25,17.8,0,69.71,89.96,477.74,637.41
BOX001/102/YPL/P0073/01/1000G,PRINTED LID - PILGRIM'S PRINTED EURO LID 2022 590m,Labour,Printer,,0,10,PRINT,PRINT,102 PRINTER OPERATOR,102 Printer Operator,,,1,6,,6,,,,356.05,356.05,59.34167,0,29.67,22.25,17.8,0,69.71,89.96,477.74,637.41
BOX001/102/YPL/P0073/01/1000G,PRINTED LID - PILGRIM'S PRINTED EURO LID 2022 590m,Machine,Printer,Print,0,10,PRINT,PRINT,102 PRINTER DERI,221 DERITEND,,,1,6,,6,,,,177.99,177.99,29.665,0,29.67,22.25,17.8,0,69.71,89.96,477.74,637.41
BOX001/102/YPL/P0073/01/1000G,PRINTED LID - PILGRIM'S PRINTED EURO LID 2022 590m,Labour,Diecutter,,0,20,DIE CUTTING,DIE CUTTING,102 DIE CUTTER OPERATOR,102 Die Cutter Operator,,,1,8,,8,,,,136.57,136.57,17.07125,0,29.67,22.25,17.8,0,69.71,89.96,477.74,637.41
BOX001/102/YPL/P0073/01/1000G,PRINTED LID - PILGRIM'S PRINTED EURO LID 2022 590m,Machine,Diecutter,Die Cut,0,20,DIE CUTTING,DIE CUTTING,102 DIE CUTTER #2,332 142E,,,1,8,,8,,,,177.99,177.99,22.24875,0,29.67,22.25,17.8,0,69.71,89.96,477.74,637.41
BOX001/102/YPL/P0073/01/1000G,PRINTED LID - PILGRIM'S PRINTED EURO LID 2022 590m,Labour,Folder Gluer,,0,30,FOLDER GLUER,FOLDER GLUER,102 FOLDER GLUER OPERATOR,102 Folder Gluer Operator,,,1,10,,10,,,,135.43,135.43,13.543,0,29.67,22.25,17.8,0,69.71,89.96,477.74,637.41
BOX001/102/YPL/P0073/01/1000G,PRINTED LID - PILGRIM'S PRINTED EURO LID 2022 590m,Machine,Folder Gluer,Fold Glue,0,30,FOLDER GLUER,FOLDER GLUER,102 FOLDER GLUER #1,552 TRIM1,,,1,10,,10,,,,177.99,177.99,17.799,0,29.67,22.25,17.8,0,69.71,89.96,477.74,637.41
BOX001/102/YPL/R0039/01/1000G,PRINTED LID - PC TURNER LID 590mm x 390mm x 148mm,Material,,,0,1,,,0-FACTORY/102/BANDING,BLUE BANDING 102,COIL,9e-05,,,,,29.67,0,42.82,,29.67,0.00267,0,29.67,44.5,17.8,0,91.96,107.03,477.39,676.38
BOX001/102/YPL/R0039/01/1000G,PRINTED LID - PC TURNER LID 590mm x 390mm x 148mm,Material,,,2,2,,,0-FACTORY/102/EUROLAYERCARD,0-FACTORY/102/EUROLAYERCARD,1000,0.00267,,,,,685,0,685,,685,1.82895,0,29.67,44.5,17.8,0,91.96,107.03,477.39,676.38
BOX001/102/YPL/R0039/01/1000G,PRINTED LID - PC TURNER LID 590mm x 390mm x 148mm,Material,,,0,3,,,0-FACTORY/102/STRETCHWRAP,0-FACTORY/102/STRETCHWRAP,Tonne,0.00032,,,,,2440,0,2810,,2440,0.7808,0,29.67,44.5,17.8,0,91.96,107.03,477.39,676.38
BOX001/102/YPL/R0039/01/1000G,PRINTED LID - PC TURNER LID 590mm x 390mm x 148mm,Material,,,0,4,,,0-FACTORY/102/TOPSHEET,0-TOPSHEET/102/1400mmX1600mm/40MU,Tonne,0.00013,,,,,1820,0,1820,,1820,0.2366,0,29.67,44.5,17.8,0,91.96,107.03,477.39,676.38
BOX001/102/YPL/R0039/01/1000G,PRINTED LID - PC TURNER LID 590mm x 390mm x 148mm,Material,,,0,5,,,0-LARGE BINDER-1050x1250,BOARD 1250 x 1050/GRUNL / GRUNL /450GSM,1000,0.00089,,,,,685,0,685,,685,0.60965,0,29.67,44.5,17.8,0,91.96,107.03,477.39,676.38
BOX001/102/YPL/R0039/01/1000G,PRINTED LID - PC TURNER LID 590mm x 390mm x 148mm,Material,,,0,6,,,0-Pallets/102/Std1000x1200,0-Pallets/102/Std1000x1200,1000,0.00089,,,,,4950,0,5250,,4950,4.4055,0,29.67,44.5,17.8,0,91.96,107.03,477.39,676.38
BOX001/102/YPL/R0039/01/1000G,PRINTED LID - PC TURNER LID 590mm x 390mm x 148mm,Material,,,0,7,,,BLUE 286 U,PRINTER INK 6000029 BLUE,KGs,0.00013,,,,,15,0,,,15,0.00195,0,29.67,44.5,17.8,0,91.96,107.03,477.39,676.38
BOX001/102/YPL/R0039/01/1000G,PRINTED LID - PC TURNER LID 590mm x 390mm x 148mm,Material,,,0,8,,,BRD001/102/YPL/1000G/WB (2),BOARD 886 x 686/WHTST / BRTKLWPENC /1000GSM,Tonne,0.6078,,,,,763,0,741,,763,463.7514,0,29.67,44.5,17.8,0,91.96,107.03,477.39,676.38
BOX001/102/YPL/R0039/01/1000G,PRINTED LID - PC TURNER LID 590mm x 390mm x 148mm,Material,,,0,9,,,PLASTOMELT9799,PLASTOMELT9799,Tonne,0.0021,,,,,2750,0,2518.65105,,2750,5.775,0,29.67,44.5,17.8,0,91.96,107.03,477.39,676.38
BOX001/102/YPL/R0039/01/1000G,PRINTED LID - PC TURNER LID 590mm x 390mm x 148mm,Material,,,0,10,,,RED 1788 U X2,PRINTER INK 6000019 RED,KGs,9e-05,,,,,15,0,,,15,0.00135,0,29.67,44.5,17.8,0,91.96,107.03,477.39,676.38
BOX001/102/YPL/R0039/01/1000G,PRINTED LID - PC TURNER LID 590mm x 390mm x 148mm,Labour,Printer,,0,10,PRINT,PRINT,102 PRINTER OPERATOR,102 Printer Operator,,,1,6,,6,,,,356.05,356.05,59.34167,0,29.67,44.5,17.8,0,91.96,107.03,477.39,676.38
BOX001/102/YPL/R0039/01/1000G,PRINTED LID - PC TURNER LID 590mm x 390mm x 148mm,Machine,Printer,Print,0,10,PRINT,PRINT,102 PRINTER DERI,221 DERITEND,,,1,6,,6,,,,177.99,177.99,29.665,0,29.67,44.5,17.8,0,91.96,107.03,477.39,676.38
BOX001/102/YPL/R0039/01/1000G,PRINTED LID - PC TURNER LID 590mm x 390mm x 148mm,Labour,Diecutter,,0,20,DIE CUTTING,DIE CUTTING,102 DIE CUTTER OPERATOR,102 Die Cutter Operator,,,1,4,,4,,,,136.57,136.57,34.1425,0,29.67,44.5,17.8,0,91.96,107.03,477.39,676.38
BOX001/102/YPL/R0039/01/1000G,PRINTED LID - PC TURNER LID 590mm x 390mm x 148mm,Machine,Diecutter,Die Cut,0,20,DIE CUTTING,DIE CUTTING,102 DIE CUTTER #3,333 142ER,,,1,4,,4,,,,177.99,177.99,44.4975,0,29.67,44.5,17.8,0,91.96,107.03,477.39,676.38
BOX001/102/YPL/R0039/01/1000G,PRINTED LID - PC TURNER LID 590mm x 390mm x 148mm,Labour,Folder Gluer,,0,30,FOLDER GLUER,FOLDER GLUER,102 FOLDER GLUER OPERATOR,102 Folder Gluer Operator,,,1,10,,10,,,,135.43,135.43,13.543,0,29.67,44.5,17.8,0,91.96,107.03,477.39,676.38
BOX001/102/YPL/R0039/01/1000G,PRINTED LID - PC TURNER LID 590mm x 390mm x 148mm,Machine,Folder Gluer,Fold Glue,0,30,FOLDER GLUER,FOLDER GLUER,102 FOLDER GLUER #2,TANABE BOXR,,,1,10,,10,,,,177.99,177.99,17.799,0,29.67,44.5,17.8,0,91.96,107.03,477.39,676.38
BOX001/102/YPL/S0282/01/1000G,PRINTED LID - ST JAMES EURO LID 590mm x 390mm x 14,Material,,,0,1,,,0-FACTORY/102/BANDING,BLUE BANDING 102,COIL,0.00011,,,,,29.67,0,42.82,,29.67,0.00326,0,67.63,53.59,40.63,0,161.85,207.32,496.29,865.46
BOX001/102/YPL/S0282/01/1000G,PRINTED LID - ST JAMES EURO LID 590mm x 390mm x 14,Material,,,2,2,,,0-FACTORY/102/EUROLAYERCARD,0-FACTORY/102/EUROLAYERCARD,1000,0.00267,,,,,685,0,685,,685,1.82895,0,67.63,53.59,40.63,0,161.85,207.32,496.29,865.46
BOX001/102/YPL/S0282/01/1000G,PRINTED LID - ST JAMES EURO LID 590mm x 390mm x 14,Material,,,0,3,,,0-FACTORY/102/STRETCHWRAP,0-FACTORY/102/STRETCHWRAP,Tonne,0.00032,,,,,2440,0,2810,,2440,0.7808,0,67.63,53.59,40.63,0,161.85,207.32,496.29,865.46
BOX001/102/YPL/S0282/01/1000G,PRINTED LID - ST JAMES EURO LID 590mm x 390mm x 14,Material,,,0,4,,,0-FACTORY/102/TOPSHEET,0-TOPSHEET/102/1400mmX1600mm/40MU,Tonne,0.00013,,,,,1820,0,1820,,1820,0.2366,0,67.63,53.59,40.63,0,161.85,207.32,496.29,865.46
BOX001/102/YPL/S0282/01/1000G,PRINTED LID - ST JAMES EURO LID 590mm x 390mm x 14,Material,,,0,5,,,0-LARGE BINDER-1050x1250,BOARD 1250 x 1050/GRUNL / GRUNL /450GSM,1000,0.00089,,,,,685,0,685,,685,0.60965,0,67.63,53.59,40.63,0,161.85,207.32,496.29,865.46
BOX001/102/YPL/S0282/01/1000G,PRINTED LID - ST JAMES EURO LID 590mm x 390mm x 14,Material,,,0,6,,,0-Pallets/102/Std1000x1200,0-Pallets/102/Std1000x1200,1000,0.00089,,,,,4950,0,5250,,4950,4.4055,0,67.63,53.59,40.63,0,161.85,207.32,496.29,865.46
BOX001/102/YPL/S0282/01/1000G,PRINTED LID - ST JAMES EURO LID 590mm x 390mm x 14,Material,,,0,7,,,BRD001/102/YPL/1000G/BB (2),BOARD 916 x 686/BRKFL / BRTKLWPENC /1000GSM,Tonne,0.6078,,,,,794,0,810,,794,482.5932,0,67.63,53.59,40.63,0,161.85,207.32,496.29,865.46
BOX001/102/YPL/S0282/01/1000G,PRINTED LID - ST JAMES EURO LID 590mm x 390mm x 14,Material,,,0,8,,,BURGUNDY 1807 U,PRINTER INK 6000020 BURGUNDY,KGs,8e-05,,,,,15,0,,,15,0.0012,0,67.63,53.59,40.63,0,161.85,207.32,496.29,865.46
BOX001/102/YPL/S0282/01/1000G,PRINTED LID - ST JAMES EURO LID 590mm x 390mm x 14,Material,,,0,9,,,PLASTOMELT9799,PLASTOMELT9799,Tonne,0.0021,,,,,2750,0,2518.65105,,2750,5.775,0,67.63,53.59,40.63,0,161.85,207.32,496.29,865.46
BOX001/102/YPL/S0282/01/1000G,PRINTED LID - ST JAMES EURO LID 590mm x 390mm x 14,Material,,,0,10,,,PROCESS BLACK U,PRINTER INK 6000001 CMYK BLACK,KGs,0.0038,,,,,15,0,4.25,,15,0.057,0,67.63,53.59,40.63,0,161.85,207.32,496.29,865.46
BOX001/102/YPL/S0282/01/1000G,PRINTED LID - ST JAMES EURO LID 590mm x 390mm x 14,Labour,Printer,,0,10,PRINT,PRINT,102 PRINTER OPERATOR,102 Printer Operator,,,1,6,2.631892,2.631892,,,,356.05,356.05,135.28291,0,67.63,53.59,40.63,0,161.85,207.32,496.29,865.46
BOX001/102/YPL/S0282/01/1000G,PRINTED LID - ST JAMES EURO LID 590mm x 390mm x 14,Machine,Printer,Print,0,10,PRINT,PRINT,102 PRINTER DERI,221 DERITEND,,,1,6,2.631892,2.631892,,,,177.99,177.99,67.62815,0,67.63,53.59,40.63,0,161.85,207.32,496.29,865.46
BOX001/102/YPL/S0282/01/1000G,PRINTED LID - ST JAMES EURO LID 590mm x 390mm x 14,Labour,Diecutter,,0,20,DIE CUTTING,DIE CUTTING,102 DIE CUTTER OPERATOR,102 Die Cutter Operator,,,1,4,3.321544,3.321544,,,,136.57,136.57,41.11642,0,67.63,53.59,40.63,0,161.85,207.32,496.29,865.46
BOX001/102/YPL/S0282/01/1000G,PRINTED LID - ST JAMES EURO LID 590mm x 390mm x 14,Machine,Diecutter,Die Cut,0,20,DIE CUTTING,DIE CUTTING,102 DIE CUTTER #3,333 142ER,,,1,4,3.321544,3.321544,,,,177.99,177.99,53.58652,0,67.63,53.59,40.63,0,161.85,207.32,496.29,865.46
BOX001/102/YPL/S0282/01/1000G,PRINTED LID - ST JAMES EURO LID 590mm x 390mm x 14,Labour,Folder Gluer,,0,30,FOLDER GLUER,FOLDER GLUER,102 FOLDER GLUER OPERATOR,102 Folder Gluer Operator,,,1,10,4.38022,4.38022,,,,135.43,135.43,30.91854,0,67.63,53.59,40.63,0,161.85,207.32,496.29,865.46
BOX001/102/YPL/S0282/01/1000G,PRINTED LID - ST JAMES EURO LID 590mm x 390mm x 14,Machine,Folder Gluer,Fold Glue,0,30,FOLDER GLUER,FOLDER GLUER,102 FOLDER GLUER #2,TANABE BOXR,,,1,10,4.38022,4.38022,,,,177.99,177.99,40.63495,0,67.63,53.59,40.63,0,161.85,207.32,496.29,865.46
BOX001/102/YPL/T0089/01/1000G,PRINTED LID - THOMPSON W/SALE MEAT 2020 590mm x 39,Material,,,0,1,,,0-FACTORY/102/BANDING,BLUE BANDING 102,COIL,0.00011,,,,,29.67,0,42.82,,29.67,0.00326,0,60.99,48.85,81.83,0,191.67,221.76,477.45,890.88
BOX001/102/YPL/T0089/01/1000G,PRINTED LID - THOMPSON W/SALE MEAT 2020 590mm x 39,Material,,,2,2,,,0-FACTORY/102/EUROLAYERCARD,0-FACTORY/102/EUROLAYERCARD,1000,0.00267,,,,,685,0,685,,685,1.82895,0,60.99,48.85,81.83,0,191.67,221.76,477.45,890.88
BOX001/102/YPL/T0089/01/1000G,PRINTED LID - THOMPSON W/SALE MEAT 2020 590mm x 39,Material,,,0,3,,,0-FACTORY/102/STRETCHWRAP,0-FACTORY/102/STRETCHWRAP,Tonne,0.00032,,,,,2440,0,2810,,2440,0.7808,0,60.99,48.85,81.83,0,191.67,221.76,477.45,890.88
BOX001/102/YPL/T0089/01/1000G,PRINTED LID - THOMPSON W/SALE MEAT 2020 590mm x 39,Material,,,0,4,,,0-FACTORY/102/TOPSHEET,0-TOPSHEET/102/1400mmX1600mm/40MU,Tonne,0.00014,,,,,1820,0,1820,,1820,0.2548,0,60.99,48.85,81.83,0,191.67,221.76,477.45,890.88
BOX001/102/YPL/T0089/01/1000G,PRINTED LID - THOMPSON W/SALE MEAT 2020 590mm x 39,Material,,,0,5,,,0-LARGE BINDER-1050x1250,BOARD 1250 x 1050/GRUNL / GRUNL /450GSM,1000,0.00089,,,,,685,0,685,,685,0.60965,0,60.99,48.85,81.83,0,191.67,221.76,477.45,890.88
BOX001/102/YPL/T0089/01/1000G,PRINTED LID - THOMPSON W/SALE MEAT 2020 590mm x 39,Material,,,0,6,,,0-Pallets/102/Std1000x1200,0-Pallets/102/Std1000x1200,1000,0.00089,,,,,4950,0,5250,,4950,4.4055,0,60.99,48.85,81.83,0,191.67,221.76,477.45,890.88
BOX001/102/YPL/T0089/01/1000G,PRINTED LID - THOMPSON W/SALE MEAT 2020 590mm x 39,Material,,,0,7,,,BLUE 2768 C (FOR WTK & WTT),PRINTER INK 6000174 BLUE,KGs,0.00026,,,,,15,0,,,15,0.0039,0,60.99,48.85,81.83,0,191.67,221.76,477.45,890.88
BOX001/102/YPL/T0089/01/1000G,PRINTED LID - THOMPSON W/SALE MEAT 2020 590mm x 39,Material,,,0,8,,,BLUE 286 U,PRINTER INK 6000029 BLUE,KGs,0.00274,,,,,15,0,,,15,0.0411,0,60.99,48.85,81.83,0,191.67,221.76,477.45,890.88
BOX001/102/YPL/T0089/01/1000G,PRINTED LID - THOMPSON W/SALE MEAT 2020 590mm x 39,Material,,,2,9,,,BRD001/102/YPL/1000G/WB (4),BOARD 916 x 686/WHTST / TKL+WPENC /1000GSM,Tonne,0.6078,,,,,763,0,738,,763,463.7514,0,60.99,48.85,81.83,0,191.67,221.76,477.45,890.88
BOX001/102/YPL/T0089/01/1000G,PRINTED LID - THOMPSON W/SALE MEAT 2020 590mm x 39,Material,,,0,10,,,PLASTOMELT9799,PLASTOMELT9799,Tonne,0.0021,,,,,2750,0,2518.65105,,2750,5.775,0,60.99,48.85,81.83,0,191.67,221.76,477.45,890.88
BOX001/102/YPL/T0089/01/1000G,PRINTED LID - THOMPSON W/SALE MEAT 2020 590mm x 39,Labour,Printer,,0,10,PRINT,PRINT,102 PRINTER OPERATOR,102 Printer Operator,,,1,6,5.836237,5.836237,,,,356.05,356.05,61.00678,0,60.99,48.85,81.83,0,191.67,221.76,477.45,890.88
BOX001/102/YPL/T0089/01/1000G,PRINTED LID - THOMPSON W/SALE MEAT 2020 590mm x 39,Labour,Printer,,0,10,PRINT,PRINT,102 PRINTER OPERATOR,102 Printer Operator,,,1,6,5.836237,5.836237,,,,356.05,356.05,61.00678,0,60.99,48.85,81.83,0,191.67,221.76,477.45,890.88
BOX001/102/YPL/T0089/01/1000G,PRINTED LID - THOMPSON W/SALE MEAT 2020 590mm x 39,Machine,Printer,Print,0,10,PRINT,PRINT,102 PRINTER DERI,221 DERITEND,,,1,6,5.836237,5.836237,,,,177.99,177.99,30.49739,0,60.99,48.85,81.83,0,191.67,221.76,477.45,890.88
BOX001/102/YPL/T0089/01/1000G,PRINTED LID - THOMPSON W/SALE MEAT 2020 590mm x 39,Machine,Printer,Print,0,10,PRINT,PRINT,102 PRINTER DERI,221 DERITEND,,,1,6,5.836237,5.836237,,,,177.99,177.99,30.49739,0,60.99,48.85,81.83,0,191.67,221.76,477.45,890.88
BOX001/102/YPL/T0089/01/1000G,PRINTED LID - THOMPSON W/SALE MEAT 2020 590mm x 39,Labour,Diecutter,,0,20,DIE CUTTING,DIE CUTTING,102 DIE CUTTER OPERATOR,102 Die Cutter Operator,,,1,4,7.287474,7.287474,,,,136.57,136.57,18.74038,0,60.99,48.85,81.83,0,191.67,221.76,477.45,890.88
BOX001/102/YPL/T0089/01/1000G,PRINTED LID - THOMPSON W/SALE MEAT 2020 590mm x 39,Labour,Diecutter,,0,20,DIE CUTTING,DIE CUTTING,102 DIE CUTTER OPERATOR,102 Die Cutter Operator,,,1,4,7.287474,7.287474,,,,136.57,136.57,18.74038,0,60.99,48.85,81.83,0,191.67,221.76,477.45,890.88
BOX001/102/YPL/T0089/01/1000G,PRINTED LID - THOMPSON W/SALE MEAT 2020 590mm x 39,Machine,Diecutter,Die Cut,0,20,DIE CUTTING,DIE CUTTING,102 DIE CUTTER #3,333 142ER,,,1,4,7.287474,7.287474,,,,177.99,177.99,24.4241,0,60.99,48.85,81.83,0,191.67,221.76,477.45,890.88
BOX001/102/YPL/T0089/01/1000G,PRINTED LID - THOMPSON W/SALE MEAT 2020 590mm x 39,Machine,Diecutter,Die Cut,0,20,DIE CUTTING,DIE CUTTING,102 DIE CUTTER #3,333 142ER,,,1,4,7.287474,7.287474,,,,177.99,177.99,24.4241,0,60.99,48.85,81.83,0,191.67,221.76,477.45,890.88
BOX001/102/YPL/T0089/01/1000G,PRINTED LID - THOMPSON W/SALE MEAT 2020 590mm x 39,Labour,Folder Gluer,,0,30,FOLDER GLUER,FOLDER GLUER,102 FOLDER GLUER OPERATOR,102 Folder Gluer Operator,,,1,10,4.350307,4.350307,,,,135.43,135.43,31.13114,0,60.99,48.85,81.83,0,191.67,221.76,477.45,890.88
BOX001/102/YPL/T0089/01/1000G,PRINTED LID - THOMPSON W/SALE MEAT 2020 590mm x 39,Labour,Folder Gluer,,0,30,FOLDER GLUER,FOLDER GLUER,102 FOLDER GLUER OPERATOR,102 Folder Gluer Operator,,,1,10,4.350307,4.350307,,,,135.43,135.43,31.13114,0,60.99,48.85,81.83,0,191.67,221.76,477.45,890.88
BOX001/102/YPL/T0089/01/1000G,PRINTED LID - THOMPSON W/SALE MEAT 2020 590mm x 39,Machine,Folder Gluer,Fold Glue,0,30,FOLDER GLUER,FOLDER GLUER,102 FOLDER GLUER #1,552 TRIM1,,,1,10,4.350307,4.350307,,,,177.99,177.99,40.91435,0,60.99,48.85,81.83,0,191.67,221.76,477.45,890.88
BOX001/102/YPL/T0089/01/1000G,PRINTED LID - THOMPSON W/SALE MEAT 2020 590mm x 39,Machine,Folder Gluer,Fold Glue,0,30,FOLDER GLUER,FOLDER GLUER,102 FOLDER GLUER #1,552 TRIM1,,,1,10,4.350307,4.350307,,,,177.99,177.99,40.91435,0,60.99,48.85,81.83,0,191.67,221.76,477.45,890.88
BOX001/103/DWB/1100G/750P,BOX001/103/DWB/1100G/750P,Material,,,0,1,,,0-FACTORY/102/BANDING,BLUE BANDING 102,COIL,0.03,,,,,29.67,0,42.82,,29.67,0.8901,0,0,22.25,29.67,0,51.91,39.64,952.42,1043.98
BOX001/103/DWB/1100G/750P,BOX001/103/DWB/1100G/750P,Material,,,0,2,,,0-FACTORY/102/STDLAYERCARD,0-FACTORY/102/STDLAYERCARD,1000,0.004,,,,,198,0,,,198,0.792,0,0,22.25,29.67,0,51.91,39.64,952.42,1043.98
BOX001/103/DWB/1100G/750P,BOX001/103/DWB/1100G/750P,Material,,,0,3,,,0-FACTORY/102/TOPSHEET,0-TOPSHEET/102/1400mmX1600mm/40MU,Tonne,0.001,,,,,1820,0,1820,,1820,1.82,0,0,22.25,29.67,0,51.91,39.64,952.42,1043.98
BOX001/103/DWB/1100G/750P,BOX001/103/DWB/1100G/750P,Material,,,0,4,,,0-Pallets/102/Std1000x1200,0-Pallets/102/Std1000x1200,1000,0.001,,,,,4950,0,5250,,4950,4.95,0,0,22.25,29.67,0,51.91,39.64,952.42,1043.98
BOX001/103/DWB/1100G/750P,BOX001/103/DWB/1100G/750P,Material,,,0,5,,,BRD001/103/YPB/1100G/WB,BOARD1024X922/WPEC/W/BPEC1100GSM,Tonne,1.0328,,,,,906,0,884,,906,935.7168,0,0,22.25,29.67,0,51.91,39.64,952.42,1043.98
BOX001/103/DWB/1100G/750P,BOX001/103/DWB/1100G/750P,Material,,,0,6,,,PLASTOMELT9799,PLASTOMELT9799,Tonne,0.003,,,,,2750,0,2518.65105,,2750,8.25,0,0,22.25,29.67,0,51.91,39.64,952.42,1043.98
BOX001/103/DWB/1100G/750P,BOX001/103/DWB/1100G/750P,Labour,Diecutter,,0,20,DIE CUTTING,DIE CUTTING,102 DIE CUTTER OPERATOR,102 Die Cutter Operator,,,1,8,,8,,,,136.57,136.57,17.07125,0,0,22.25,29.67,0,51.91,39.64,952.42,1043.98
BOX001/103/DWB/1100G/750P,BOX001/103/DWB/1100G/750P,Machine,Diecutter,Die Cut,0,20,DIE CUTTING,DIE CUTTING,102 DIE CUTTER #2,332 142E,,,1,8,,8,,,,177.99,177.99,22.24875,0,0,22.25,29.67,0,51.91,39.64,952.42,1043.98
BOX001/103/DWB/1100G/750P,BOX001/103/DWB/1100G/750P,Labour,Folder Gluer,,0,30,FOLDER GLUER,FOLDER GLUER,102 FOLDER GLUER OPERATOR,102 Folder Gluer Operator,,,1,6,,6,,,,135.43,135.43,22.57167,0,0,22.25,29.67,0,51.91,39.64,952.42,1043.98
BOX001/103/DWB/1100G/750P,BOX001/103/DWB/1100G/750P,Machine,Folder Gluer,Fold Glue,0,30,FOLDER GLUER,FOLDER GLUER,102 FOLDER GLUER #1,552 TRIM1,,,1,6,,6,,,,177.99,177.99,29.665,0,0,22.25,29.67,0,51.91,39.64,952.42,1043.98
BOX001/103/DWB/1250G/750P,BOX001/103/DWB/1250G/750P,Material,,,0,1,,,0-FACTORY/102/BANDING,BLUE BANDING 102,COIL,0.03,,,,,29.67,0,42.82,,29.67,0.8901,0,0,44.5,29.67,0,74.16,56.71,899.25,1030.13
BOX001/103/DWB/1250G/750P,BOX001/103/DWB/1250G/750P,Material,,,0,2,,,0-FACTORY/102/STDLAYERCARD,0-FACTORY/102/STDLAYERCARD,1000,0.004,,,,,198,0,,,198,0.792,0,0,44.5,29.67,0,74.16,56.71,899.25,1030.13
BOX001/103/DWB/1250G/750P,BOX001/103/DWB/1250G/750P,Material,,,0,3,,,0-FACTORY/102/TOPSHEET,0-TOPSHEET/102/1400mmX1600mm/40MU,Tonne,0.001,,,,,1820,0,1820,,1820,1.82,0,0,44.5,29.67,0,74.16,56.71,899.25,1030.13
BOX001/103/DWB/1250G/750P,BOX001/103/DWB/1250G/750P,Material,,,0,4,,,0-Pallets/102/Std1000x1200,0-Pallets/102/Std1000x1200,1000,0.001,,,,,4950,0,5250,,4950,4.95,0,0,44.5,29.67,0,74.16,56.71,899.25,1030.13
BOX001/103/DWB/1250G/750P,BOX001/103/DWB/1250G/750P,Material,,,0,5,,,BRD001/103/DWB/1250G/BW,BOARD1024x922/BK/NW/WPE/1250GSM,Tonne,1.1736,,,,,752,0,0,,752,882.5472,0,0,44.5,29.67,0,74.16,56.71,899.25,1030.13
BOX001/103/DWB/1250G/750P,BOX001/103/DWB/1250G/750P,Material,,,0,6,,,PLASTOMELT9799,PLASTOMELT9799,Tonne,0.003,,,,,2750,0,2518.65105,,2750,8.25,0,0,44.5,29.67,0,74.16,56.71,899.25,1030.13
BOX001/103/DWB/1250G/750P,BOX001/103/DWB/1250G/750P,Labour,Diecutter,,0,20,DIE CUTTING,DIE CUTTING,102 DIE CUTTER OPERATOR,102 Die Cutter Operator,,,1,4,,4,,,,136.57,136.57,34.1425,0,0,44.5,29.67,0,74.16,56.71,899.25,1030.13
BOX001/103/DWB/1250G/750P,BOX001/103/DWB/1250G/750P,Machine,Diecutter,Die Cut,0,20,DIE CUTTING,DIE CUTTING,102 DIE CUTTER #2,332 142E,,,1,4,,4,,,,177.99,177.99,44.4975,0,0,44.5,29.67,0,74.16,56.71,899.25,1030.13
BOX001/103/DWB/1250G/750P,BOX001/103/DWB/1250G/750P,Labour,Folder Gluer,,0,30,FOLDER GLUER,FOLDER GLUER,102 FOLDER GLUER OPERATOR,102 Folder Gluer Operator,,,1,6,,6,,,,135.43,135.43,22.57167,0,0,44.5,29.67,0,74.16,56.71,899.25,1030.13
BOX001/103/DWB/1250G/750P,BOX001/103/DWB/1250G/750P,Machine,Folder Gluer,Fold Glue,0,30,FOLDER GLUER,FOLDER GLUER,102 FOLDER GLUER #1,552 TRIM1,,,1,6,,6,,,,177.99,177.99,29.665,0,0,44.5,29.67,0,74.16,56.71,899.25,1030.13
BOX001/103/DWB/900G/1000P,BOX001/103/DWB/900G/1000P,Material,,,0,1,,,0-FACTORY/102/BANDING,BLUE BANDING 102,COIL,0.03,,,,,29.67,0,42.82,,29.67,0.8901,0,0,22.25,29.67,0,51.91,39.64,479.14,570.7
BOX001/103/DWB/900G/1000P,BOX001/103/DWB/900G/1000P,Material,,,0,2,,,0-FACTORY/102/STDLAYERCARD,0-FACTORY/102/STDLAYERCARD,1000,0.004,,,,,198,0,,,198,0.792,0,0,22.25,29.67,0,51.91,39.64,479.14,570.7
BOX001/103/DWB/900G/1000P,BOX001/103/DWB/900G/1000P,Material,,,0,3,,,0-FACTORY/102/TOPSHEET,0-TOPSHEET/102/1400mmX1600mm/40MU,Tonne,0.001,,,,,1820,0,1820,,1820,1.82,0,0,22.25,29.67,0,51.91,39.64,479.14,570.7
BOX001/103/DWB/900G/1000P,BOX001/103/DWB/900G/1000P,Material,,,0,4,,,0-Pallets/102/Std1000x1200,0-Pallets/102/Std1000x1200,1000,0.001,,,,,4950,0,5250,,4950,4.95,0,0,22.25,29.67,0,51.91,39.64,479.14,570.7
BOX001/103/DWB/900G/1000P,BOX001/103/DWB/900G/1000P,Material,,,0,5,,,BRD001/103/NPB/900G/BB,BOARD991X892/BT/NW/BT/900GSM,Tonne,0.7581,,,,,610,0,595,,610,462.441,0,0,22.25,29.67,0,51.91,39.64,479.14,570.7
BOX001/103/DWB/900G/1000P,BOX001/103/DWB/900G/1000P,Material,,,0,6,,,PLASTOMELT9799,PLASTOMELT9799,Tonne,0.003,,,,,2750,0,2518.65105,,2750,8.25,0,0,22.25,29.67,0,51.91,39.64,479.14,570.7
BOX001/103/DWB/900G/1000P,BOX001/103/DWB/900G/1000P,Labour,Diecutter,,0,20,DIE CUTTING,DIE CUTTING,102 DIE CUTTER OPERATOR,102 Die Cutter Operator,,,1,8,,8,,,,136.57,136.57,17.07125,0,0,22.25,29.67,0,51.91,39.64,479.14,570.7
BOX001/103/DWB/900G/1000P,BOX001/103/DWB/900G/1000P,Machine,Diecutter,Die Cut,0,20,DIE CUTTING,DIE CUTTING,102 DIE CUTTER #1,331 130E,,,1,8,,8,,,,177.99,177.99,22.24875,0,0,22.25,29.67,0,51.91,39.64,479.14,570.7
BOX001/103/DWB/900G/1000P,BOX001/103/DWB/900G/1000P,Labour,Folder Gluer,,0,30,FOLDER GLUER,FOLDER GLUER,102 FOLDER GLUER OPERATOR,102 Folder Gluer Operator,,,1,6,,6,,,,135.43,135.43,22.57167,0,0,22.25,29.67,0,51.91,39.64,479.14,570.7
BOX001/103/DWB/900G/1000P,BOX001/103/DWB/900G/1000P,Machine,Folder Gluer,Fold Glue,0,30,FOLDER GLUER,FOLDER GLUER,102 FOLDER GLUER #1,552 TRIM1,,,1,6,,6,,,,177.99,177.99,29.665,0,0,22.25,29.67,0,51.91,39.64,479.14,570.7
BOX001/103/DWBH/1000G/540P,BOX001/103/DWBH/1000G/540P,Material,,,0,1,,,0-FACTORY/102/BANDING,BLUE BANDING 102,COIL,0.03,,,,,29.67,0,42.82,,29.67,0.8901,0,0,0,0,0,0,0,565.34,565.34
BOX001/103/DWBH/1000G/540P,BOX001/103/DWBH/1000G/540P,Material,,,0,2,,,0-FACTORY/102/STDLAYERCARD,0-FACTORY/102/STDLAYERCARD,1000,0.004,,,,,198,0,,,198,0.792,0,0,0,0,0,0,0,565.34,565.34
BOX001/103/DWBH/1000G/540P,BOX001/103/DWBH/1000G/540P,Material,,,0,3,,,0-FACTORY/102/TOPSHEET,0-TOPSHEET/102/1400mmX1600mm/40MU,Tonne,0.001,,,,,1820,0,1820,,1820,1.82,0,0,0,0,0,0,0,565.34,565.34
BOX001/103/DWBH/1000G/540P,BOX001/103/DWBH/1000G/540P,Material,,,0,4,,,0-Pallets/102/Std1000x1200,0-Pallets/102/Std1000x1200,1000,0.001,,,,,4950,0,5250,,4950,4.95,0,0,0,0,0,0,0,565.34,565.34
BOX001/103/DWBH/1000G/540P,BOX001/103/DWBH/1000G/540P,Material,,,0,5,,,BRD001/103/NPB/1000G/BB,BRD990X905/1000GSM/TKL/TKL,Tonne,0.8994,,,,,610,0,586,,610,548.634,0,0,0,0,0,0,0,565.34,565.34
BOX001/103/DWBH/1000G/540P,BOX001/103/DWBH/1000G/540P,Material,,,0,6,,,PLASTOMELT9799,PLASTOMELT9799,Tonne,0.003,,,,,2750,0,2518.65105,,2750,8.25,0,0,0,0,0,0,0,565.34,565.34
BOX001/103/LPB/1000G/675P,BOX001/103/LPB/1000G/675P,Material,,,0,1,,,0-FACTORY/102/BANDING,BLUE BANDING 102,COIL,0.03,,,,,29.67,0,42.82,,29.67,0.8901,0,0,44.5,35.6,0,80.1,61.23,481.58,622.91
BOX001/103/LPB/1000G/675P,BOX001/103/LPB/1000G/675P,Material,,,0,2,,,0-FACTORY/102/STDLAYERCARD,0-FACTORY/102/STDLAYERCARD,1000,0.004,,,,,198,0,,,198,0.792,0,0,44.5,35.6,0,80.1,61.23,481.58,622.91
BOX001/103/LPB/1000G/675P,BOX001/103/LPB/1000G/675P,Material,,,0,3,,,0-FACTORY/102/TOPSHEET,0-TOPSHEET/102/1400mmX1600mm/40MU,Tonne,0.001,,,,,1820,0,1820,,1820,1.82,0,0,44.5,35.6,0,80.1,61.23,481.58,622.91
BOX001/103/LPB/1000G/675P,BOX001/103/LPB/1000G/675P,Material,,,0,4,,,0-Pallets/102/Std1000x1200,0-Pallets/102/Std1000x1200,1000,0.001,,,,,4950,0,5250,,4950,4.95,0,0,44.5,35.6,0,80.1,61.23,481.58,622.91
BOX001/103/LPB/1000G/675P,BOX001/103/LPB/1000G/675P,Material,,,0,5,,,BRD001/103/LPB/1000G/BW,BOARD880 x 1360/BK/NW/WPE1000GSM,Tonne,0.5983,,,,,777,0,,,777,464.8791,0,0,44.5,35.6,0,80.1,61.23,481.58,622.91
BOX001/103/LPB/1000G/675P,BOX001/103/LPB/1000G/675P,Material,,,0,6,,,PLASTOMELT9799,PLASTOMELT9799,Tonne,0.003,,,,,2750,0,2518.65105,,2750,8.25,0,0,44.5,35.6,0,80.1,61.23,481.58,622.91
BOX001/103/LPB/1000G/675P,BOX001/103/LPB/1000G/675P,Labour,Diecutter,,0,20,DIE CUTTING,DIE CUTTING,102 DIE CUTTER OPERATOR,102 Die Cutter Operator,,,1,8,,8,,,,136.57,136.57,17.07125,0,0,44.5,35.6,0,80.1,61.23,481.58,622.91
BOX001/103/LPB/1000G/675P,BOX001/103/LPB/1000G/675P,Labour,Diecutter,,0,20,DIE CUTTING,DIE CUTTING,102 DIE CUTTER OPERATOR,102 Die Cutter Operator,,,1,8,,8,,,,136.57,136.57,17.07125,0,0,44.5,35.6,0,80.1,61.23,481.58,622.91
BOX001/103/LPB/1000G/675P,BOX001/103/LPB/1000G/675P,Machine,Diecutter,Die Cut,0,20,DIE CUTTING,DIE CUTTING,102 DIE CUTTER #1,331 130E,,,1,8,,8,,,,177.99,177.99,22.24875,0,0,44.5,35.6,0,80.1,61.23,481.58,622.91
BOX001/103/LPB/1000G/675P,BOX001/103/LPB/1000G/675P,Machine,Diecutter,Die Cut,0,20,DIE CUTTING,DIE CUTTING,102 DIE CUTTER #1,331 130E,,,1,8,,8,,,,177.99,177.99,22.24875,0,0,44.5,35.6,0,80.1,61.23,481.58,622.91
BOX001/103/LPB/1000G/675P,BOX001/103/LPB/1000G/675P,Labour,Folder Gluer,,0,30,FOLDER GLUER,FOLDER GLUER,102 FOLDER GLUER OPERATOR,102 Folder Gluer Operator,,,1,10,,10,,,,135.43,135.43,13.543,0,0,44.5,35.6,0,80.1,61.23,481.58,622.91
BOX001/103/LPB/1000G/675P,BOX001/103/LPB/1000G/675P,Labour,Folder Gluer,,0,30,FOLDER GLUER,FOLDER GLUER,102 FOLDER GLUER OPERATOR,102 Folder Gluer Operator,,,1,10,,10,,,,135.43,135.43,13.543,0,0,44.5,35.6,0,80.1,61.23,481.58,622.91
BOX001/103/LPB/1000G/675P,BOX001/103/LPB/1000G/675P,Machine,Folder Gluer,Fold Glue,0,30,FOLDER GLUER,FOLDER GLUER,102 FOLDER GLUER #1,552 TRIM1,,,1,10,,10,,,,177.99,177.99,17.799,0,0,44.5,35.6,0,80.1,61.23,481.58,622.91
BOX001/103/LPB/1000G/675P,BOX001/103/LPB/1000G/675P,Machine,Folder Gluer,Fold Glue,0,30,FOLDER GLUER,FOLDER GLUER,102 FOLDER GLUER #1,552 TRIM1,,,1,10,,10,,,,177.99,177.99,17.799,0,0,44.5,35.6,0,80.1,61.23,481.58,622.91
BOX001/103/LPB/950G/850P,BOX001/103/LPB/950G/850P,Material,,,0,1,,,0-FACTORY/102/BANDING,BLUE BANDING 102,COIL,0.03,,,,,29.67,0,42.82,,29.67,0.8901,0,0,22.25,17.8,0,40.05,30.61,435.31,505.97
BOX001/103/LPB/950G/850P,BOX001/103/LPB/950G/850P,Material,,,0,2,,,0-FACTORY/102/STDLAYERCARD,0-FACTORY/102/STDLAYERCARD,1000,0.004,,,,,198,0,,,198,0.792,0,0,22.25,17.8,0,40.05,30.61,435.31,505.97
BOX001/103/LPB/950G/850P,BOX001/103/LPB/950G/850P,Material,,,0,3,,,0-FACTORY/102/TOPSHEET,0-TOPSHEET/102/1400mmX1600mm/40MU,Tonne,0.001,,,,,1820,0,1820,,1820,1.82,0,0,22.25,17.8,0,40.05,30.61,435.31,505.97
BOX001/103/LPB/950G/850P,BOX001/103/LPB/950G/850P,Material,,,0,4,,,0-Pallets/102/Std1000x1200,0-Pallets/102/Std1000x1200,1000,0.001,,,,,4950,0,5250,,4950,4.95,0,0,22.25,17.8,0,40.05,30.61,435.31,505.97
BOX001/103/LPB/950G/850P,BOX001/103/LPB/950G/850P,Material,,,0,5,,,BRD001/103/LPB/950G/BW,BOARD1360X880/BK/NW/WPE/950GSM,Tonne,0.5685,,,,,,0,,,736.33085,418.60409,0,0,22.25,17.8,0,40.05,30.61,435.31,505.97
BOX001/103/LPB/950G/850P,BOX001/103/LPB/950G/850P,Material,,,0,6,,,PLASTOMELT9799,PLASTOMELT9799,Tonne,0.003,,,,,2750,0,2518.65105,,2750,8.25,0,0,22.25,17.8,0,40.05,30.61,435.31,505.97
BOX001/103/LPB/950G/850P,BOX001/103/LPB/950G/850P,Labour,Diecutter,,0,20,DIE CUTTING,DIE CUTTING,102 DIE CUTTER OPERATOR,102 Die Cutter Operator,,,1,8,,8,,,,136.57,136.57,17.07125,0,0,22.25,17.8,0,40.05,30.61,435.31,505.97
BOX001/103/LPB/950G/850P,BOX001/103/LPB/950G/850P,Machine,Diecutter,Die Cut,0,20,DIE CUTTING,DIE CUTTING,102 DIE CUTTER #1,331 130E,,,1,8,,8,,,,177.99,177.99,22.24875,0,0,22.25,17.8,0,40.05,30.61,435.31,505.97
BOX001/103/LPB/950G/850P,BOX001/103/LPB/950G/850P,Labour,Folder Gluer,,0,30,FOLDER GLUER,FOLDER GLUER,102 FOLDER GLUER OPERATOR,102 Folder Gluer Operator,,,1,10,,10,,,,135.43,135.43,13.543,0,0,22.25,17.8,0,40.05,30.61,435.31,505.97
BOX001/103/LPB/950G/850P,BOX001/103/LPB/950G/850P,Machine,Folder Gluer,Fold Glue,0,30,FOLDER GLUER,FOLDER GLUER,102 FOLDER GLUER #1,552 TRIM1,,,1,10,,10,,,,177.99,177.99,17.799,0,0,22.25,17.8,0,40.05,30.61,435.31,505.97
BOX001/103/NPL/1000G/810P,BOX001/103/NPL/1000G/810P,Material,,,0,1,,,0-FACTORY/102/BANDING,BLUE BANDING 102,COIL,0.03,,,,,29.67,0,42.82,,29.67,0.8901,0,0,44.5,35.6,0,80.1,61.23,479.71,621.03
BOX001/103/NPL/1000G/810P,BOX001/103/NPL/1000G/810P,Material,,,0,2,,,0-FACTORY/102/STDLAYERCARD,0-FACTORY/102/STDLAYERCARD,1000,0.004,,,,,198,0,,,198,0.792,0,0,44.5,35.6,0,80.1,61.23,479.71,621.03
BOX001/103/NPL/1000G/810P,BOX001/103/NPL/1000G/810P,Material,,,0,3,,,0-FACTORY/102/TOPSHEET,0-TOPSHEET/102/1400mmX1600mm/40MU,Tonne,0.001,,,,,1820,0,1820,,1820,1.82,0,0,44.5,35.6,0,80.1,61.23,479.71,621.03
BOX001/103/NPL/1000G/810P,BOX001/103/NPL/1000G/810P,Material,,,0,4,,,0-Pallets/102/Std1000x1200,0-Pallets/102/Std1000x1200,1000,0.001,,,,,4950,0,5250,,4950,4.95,0,0,44.5,35.6,0,80.1,61.23,479.71,621.03
BOX001/103/NPL/1000G/810P,BOX001/103/NPL/1000G/810P,Material,,,0,5,,,BRD001/103/NPL/1000G/WB,BOARD1410X920/WK/NW/BT/1000GSM,Tonne,0.6288,,,,,,0,,,736.33085,463.00484,0,0,44.5,35.6,0,80.1,61.23,479.71,621.03
BOX001/103/NPL/1000G/810P,BOX001/103/NPL/1000G/810P,Material,,,0,6,,,PLASTOMELT9799,PLASTOMELT9799,Tonne,0.003,,,,,2750,0,2518.65105,,2750,8.25,0,0,44.5,35.6,0,80.1,61.23,479.71,621.03
BOX001/103/NPL/1000G/810P,BOX001/103/NPL/1000G/810P,Labour,Diecutter,,0,20,DIE CUTTING,DIE CUTTING,102 DIE CUTTER OPERATOR,102 Die Cutter Operator,,,1,8,,8,,,,136.57,136.57,17.07125,0,0,44.5,35.6,0,80.1,61.23,479.71,621.03
BOX001/103/NPL/1000G/810P,BOX001/103/NPL/1000G/810P,Labour,Diecutter,,0,20,DIE CUTTING,DIE CUTTING,102 DIE CUTTER OPERATOR,102 Die Cutter Operator,,,1,8,,8,,,,136.57,136.57,17.07125,0,0,44.5,35.6,0,80.1,61.23,479.71,621.03
BOX001/103/NPL/1000G/810P,BOX001/103/NPL/1000G/810P,Machine,Diecutter,Die Cut,0,20,DIE CUTTING,DIE CUTTING,102 DIE CUTTER #1,331 130E,,,1,8,,8,,,,177.99,177.99,22.24875,0,0,44.5,35.6,0,80.1,61.23,479.71,621.03
BOX001/103/NPL/1000G/810P,BOX001/103/NPL/1000G/810P,Machine,Diecutter,Die Cut,0,20,DIE CUTTING,DIE CUTTING,102 DIE CUTTER #1,331 130E,,,1,8,,8,,,,177.99,177.99,22.24875,0,0,44.5,35.6,0,80.1,61.23,479.71,621.03
BOX001/103/NPL/1000G/810P,BOX001/103/NPL/1000G/810P,Labour,Folder Gluer,,0,30,FOLDER GLUER,FOLDER GLUER,102 FOLDER GLUER OPERATOR,102 Folder Gluer Operator,,,1,10,,10,,,,135.43,135.43,13.543,0,0,44.5,35.6,0,80.1,61.23,479.71,621.03
BOX001/103/NPL/1000G/810P,BOX001/103/NPL/1000G/810P,Labour,Folder Gluer,,0,30,FOLDER GLUER,FOLDER GLUER,102 FOLDER GLUER OPERATOR,102 Folder Gluer Operator,,,1,10,,10,,,,135.43,135.43,13.543,0,0,44.5,35.6,0,80.1,61.23,479.71,621.03
BOX001/103/NPL/1000G/810P,BOX001/103/NPL/1000G/810P,Machine,Folder Gluer,Fold Glue,0,30,FOLDER GLUER,FOLDER GLUER,102 FOLDER GLUER #1,552 TRIM1,,,1,10,,10,,,,177.99,177.99,17.799,0,0,44.5,35.6,0,80.1,61.23,479.71,621.03
BOX001/103/NPL/1000G/810P,BOX001/103/NPL/1000G/810P,Machine,Folder Gluer,Fold Glue,0,30,FOLDER GLUER,FOLDER GLUER,102 FOLDER GLUER #1,552 TRIM1,,,1,10,,10,,,,177.99,177.99,17.799,0,0,44.5,35.6,0,80.1,61.23,479.71,621.03
BOX001/103/NPL/A9999/05/950G,BOX001/103/NPL/A9999/05/950G,Material,,,0,1,,,0-FACTORY/102/BANDING,BLUE BANDING 102,COIL,0.03,,,,,29.67,0,42.82,,29.67,0.8901,0,29.67,22.25,17.8,0,69.71,89.96,440.76,600.42
BOX001/103/NPL/A9999/05/950G,BOX001/103/NPL/A9999/05/950G,Material,,,0,2,,,0-FACTORY/102/STDLAYERCARD,0-FACTORY/102/STDLAYERCARD,1000,0.004,,,,,198,0,,,198,0.792,0,29.67,22.25,17.8,0,69.71,89.96,440.76,600.42
BOX001/103/NPL/A9999/05/950G,BOX001/103/NPL/A9999/05/950G,Material,,,0,3,,,0-FACTORY/102/TOPSHEET,0-TOPSHEET/102/1400mmX1600mm/40MU,Tonne,0.001,,,,,1820,0,1820,,1820,1.82,0,29.67,22.25,17.8,0,69.71,89.96,440.76,600.42
BOX001/103/NPL/A9999/05/950G,BOX001/103/NPL/A9999/05/950G,Material,,,0,4,,,0-Pallets/102/Std1000x1200,0-Pallets/102/Std1000x1200,1000,0.001,,,,,4950,0,5250,,4950,4.95,0,29.67,22.25,17.8,0,69.71,89.96,440.76,600.42
BOX001/103/NPL/A9999/05/950G,BOX001/103/NPL/A9999/05/950G,Material,,,0,5,,,BRD001/103/NPL/950G/WB,BOARD1390X910/WCC/NW/BT/950GSM,Tonne,0.5759,,,,,,0,,,736.33085,424.05294,0,29.67,22.25,17.8,0,69.71,89.96,440.76,600.42
BOX001/103/NPL/A9999/05/950G,BOX001/103/NPL/A9999/05/950G,Material,,,0,6,,,PLASTOMELT9799,PLASTOMELT9799,Tonne,0.003,,,,,2750,0,2518.65105,,2750,8.25,0,29.67,22.25,17.8,0,69.71,89.96,440.76,600.42
BOX001/103/NPL/A9999/05/950G,BOX001/103/NPL/A9999/05/950G,Labour,Printer,,0,10,PRINT,PRINT,102 PRINTER OPERATOR,102 Printer Operator,,,1,6,,6,,,,356.05,356.05,59.34167,0,29.67,22.25,17.8,0,69.71,89.96,440.76,600.42
BOX001/103/NPL/A9999/05/950G,BOX001/103/NPL/A9999/05/950G,Machine,Printer,Print,0,10,PRINT,PRINT,102 PRINTER DERI,221 DERITEND,,,1,6,,6,,,,177.99,177.99,29.665,0,29.67,22.25,17.8,0,69.71,89.96,440.76,600.42
BOX001/103/NPL/A9999/05/950G,BOX001/103/NPL/A9999/05/950G,Labour,Diecutter,,0,20,DIE CUTTING,DIE CUTTING,102 DIE CUTTER OPERATOR,102 Die Cutter Operator,,,1,8,,8,,,,136.57,136.57,17.07125,0,29.67,22.25,17.8,0,69.71,89.96,440.76,600.42
BOX001/103/NPL/A9999/05/950G,BOX001/103/NPL/A9999/05/950G,Machine,Diecutter,Die Cut,0,20,DIE CUTTING,DIE CUTTING,102 DIE CUTTER #1,331 130E,,,1,8,,8,,,,177.99,177.99,22.24875,0,29.67,22.25,17.8,0,69.71,89.96,440.76,600.42
BOX001/103/NPL/A9999/05/950G,BOX001/103/NPL/A9999/05/950G,Labour,Folder Gluer,,0,30,FOLDER GLUER,FOLDER GLUER,102 FOLDER GLUER OPERATOR,102 Folder Gluer Operator,,,1,10,,10,,,,135.43,135.43,13.543,0,29.67,22.25,17.8,0,69.71,89.96,440.76,600.42
BOX001/103/NPL/A9999/05/950G,BOX001/103/NPL/A9999/05/950G,Machine,Folder Gluer,Fold Glue,0,30,FOLDER GLUER,FOLDER GLUER,102 FOLDER GLUER #1,552 TRIM1,,,1,10,,10,,,,177.99,177.99,17.799,0,29.67,22.25,17.8,0,69.71,89.96,440.76,600.42
BOX001/103/NPL/D9999/09/950G,BOX001/103/NPL/D9999/09/950G,Material,,,0,1,,,0-FACTORY/102/BANDING,BLUE BANDING 102,COIL,0.03,,,,,29.67,0,42.82,,29.67,0.8901,0,29.67,22.25,17.8,0,69.71,89.96,440.76,600.42
BOX001/103/NPL/D9999/09/950G,BOX001/103/NPL/D9999/09/950G,Material,,,0,2,,,0-FACTORY/102/STDLAYERCARD,0-FACTORY/102/STDLAYERCARD,1000,0.004,,,,,198,0,,,198,0.792,0,29.67,22.25,17.8,0,69.71,89.96,440.76,600.42
BOX001/103/NPL/D9999/09/950G,BOX001/103/NPL/D9999/09/950G,Material,,,0,3,,,0-FACTORY/102/TOPSHEET,0-TOPSHEET/102/1400mmX1600mm/40MU,Tonne,0.001,,,,,1820,0,1820,,1820,1.82,0,29.67,22.25,17.8,0,69.71,89.96,440.76,600.42
BOX001/103/NPL/D9999/09/950G,BOX001/103/NPL/D9999/09/950G,Material,,,0,4,,,0-Pallets/102/Std1000x1200,0-Pallets/102/Std1000x1200,1000,0.001,,,,,4950,0,5250,,4950,4.95,0,29.67,22.25,17.8,0,69.71,89.96,440.76,600.42
BOX001/103/NPL/D9999/09/950G,BOX001/103/NPL/D9999/09/950G,Material,,,0,5,,,BRD001/103/NPL/950G/WW,BOARD1390X910/WCC/NW/WK/950GSM,Tonne,0.5759,,,,,,0,,,736.33085,424.05294,0,29.67,22.25,17.8,0,69.71,89.96,440.76,600.42
BOX001/103/NPL/D9999/09/950G,BOX001/103/NPL/D9999/09/950G,Material,,,0,6,,,PLASTOMELT9799,PLASTOMELT9799,Tonne,0.003,,,,,2750,0,2518.65105,,2750,8.25,0,29.67,22.25,17.8,0,69.71,89.96,440.76,600.42
BOX001/103/NPL/D9999/09/950G,BOX001/103/NPL/D9999/09/950G,Labour,Printer,,0,10,PRINT,PRINT,102 PRINTER OPERATOR,102 Printer Operator,,,1,6,,6,,,,356.05,356.05,59.34167,0,29.67,22.25,17.8,0,69.71,89.96,440.76,600.42
BOX001/103/NPL/D9999/09/950G,BOX001/103/NPL/D9999/09/950G,Machine,Printer,Print,0,10,PRINT,PRINT,102 PRINTER DERI,221 DERITEND,,,1,6,,6,,,,177.99,177.99,29.665,0,29.67,22.25,17.8,0,69.71,89.96,440.76,600.42
BOX001/103/NPL/D9999/09/950G,BOX001/103/NPL/D9999/09/950G,Labour,Diecutter,,0,20,DIE CUTTING,DIE CUTTING,102 DIE CUTTER OPERATOR,102 Die Cutter Operator,,,1,8,,8,,,,136.57,136.57,17.07125,0,29.67,22.25,17.8,0,69.71,89.96,440.76,600.42
BOX001/103/NPL/D9999/09/950G,BOX001/103/NPL/D9999/09/950G,Machine,Diecutter,Die Cut,0,20,DIE CUTTING,DIE CUTTING,102 DIE CUTTER #1,331 130E,,,1,8,,8,,,,177.99,177.99,22.24875,0,29.67,22.25,17.8,0,69.71,89.96,440.76,600.42
BOX001/103/NPL/D9999/09/950G,BOX001/103/NPL/D9999/09/950G,Labour,Folder Gluer,,0,30,FOLDER GLUER,FOLDER GLUER,102 FOLDER GLUER OPERATOR,102 Folder Gluer Operator,,,1,10,,10,,,,135.43,135.43,13.543,0,29.67,22.25,17.8,0,69.71,89.96,440.76,600.42
BOX001/103/NPL/D9999/09/950G,BOX001/103/NPL/D9999/09/950G,Machine,Folder Gluer,Fold Glue,0,30,FOLDER GLUER,FOLDER GLUER,102 FOLDER GLUER #1,552 TRIM1,,,1,10,,10,,,,177.99,177.99,17.799,0,29.67,22.25,17.8,0,69.71,89.96,440.76,600.42
BOX001/103/NPL/D9999/18/1000G,BOX001/103/NPL/D9999/18/1000G,Material,,,0,1,,,0-FACTORY/102/BANDING,BLUE BANDING 102,COIL,0.03,,,,,29.67,0,42.82,,29.67,0.8901,0,29.67,22.25,17.8,0,69.71,89.96,457.1,616.77
BOX001/103/NPL/D9999/18/1000G,BOX001/103/NPL/D9999/18/1000G,Material,,,0,2,,,0-FACTORY/102/STDLAYERCARD,0-FACTORY/102/STDLAYERCARD,1000,0.004,,,,,198,0,,,198,0.792,0,29.67,22.25,17.8,0,69.71,89.96,457.1,616.77
BOX001/103/NPL/D9999/18/1000G,BOX001/103/NPL/D9999/18/1000G,Material,,,0,3,,,0-FACTORY/102/TOPSHEET,0-TOPSHEET/102/1400mmX1600mm/40MU,Tonne,0.001,,,,,1820,0,1820,,1820,1.82,0,29.67,22.25,17.8,0,69.71,89.96,457.1,616.77
BOX001/103/NPL/D9999/18/1000G,BOX001/103/NPL/D9999/18/1000G,Material,,,0,4,,,0-Pallets/102/Std1000x1200,0-Pallets/102/Std1000x1200,1000,0.001,,,,,4950,0,5250,,4950,4.95,0,29.67,22.25,17.8,0,69.71,89.96,457.1,616.77
BOX001/103/NPL/D9999/18/1000G,BOX001/103/NPL/D9999/18/1000G,Material,,,0,5,,,BRD001/103/NPL/1000G/WW,BOARD1410x920/WCC/NW/WK/1000GSM,Tonne,0.6238,,,,,706,0,698,,706,440.4028,0,29.67,22.25,17.8,0,69.71,89.96,457.1,616.77
BOX001/103/NPL/D9999/18/1000G,BOX001/103/NPL/D9999/18/1000G,Material,,,0,6,,,PLASTOMELT9799,PLASTOMELT9799,Tonne,0.003,,,,,2750,0,2518.65105,,2750,8.25,0,29.67,22.25,17.8,0,69.71,89.96,457.1,616.77
BOX001/103/NPL/D9999/18/1000G,BOX001/103/NPL/D9999/18/1000G,Labour,Printer,,0,10,PRINT,PRINT,102 PRINTER OPERATOR,102 Printer Operator,,,1,6,,6,,,,356.05,356.05,59.34167,0,29.67,22.25,17.8,0,69.71,89.96,457.1,616.77
BOX001/103/NPL/D9999/18/1000G,BOX001/103/NPL/D9999/18/1000G,Machine,Printer,Print,0,10,PRINT,PRINT,102 PRINTER DERI,221 DERITEND,,,1,6,,6,,,,177.99,177.99,29.665,0,29.67,22.25,17.8,0,69.71,89.96,457.1,616.77
BOX001/103/NPL/D9999/18/1000G,BOX001/103/NPL/D9999/18/1000G,Labour,Diecutter,,0,20,DIE CUTTING,DIE CUTTING,102 DIE CUTTER OPERATOR,102 Die Cutter Operator,,,1,8,,8,,,,136.57,136.57,17.07125,0,29.67,22.25,17.8,0,69.71,89.96,457.1,616.77
BOX001/103/NPL/D9999/18/1000G,BOX001/103/NPL/D9999/18/1000G,Machine,Diecutter,Die Cut,0,20,DIE CUTTING,DIE CUTTING,102 DIE CUTTER #1,331 130E,,,1,8,,8,,,,177.99,177.99,22.24875,0,29.67,22.25,17.8,0,69.71,89.96,457.1,616.77
BOX001/103/NPL/D9999/18/1000G,BOX001/103/NPL/D9999/18/1000G,Labour,Folder Gluer,,0,30,FOLDER GLUER,FOLDER GLUER,102 FOLDER GLUER OPERATOR,102 Folder Gluer Operator,,,1,10,,10,,,,135.43,135.43,13.543,0,29.67,22.25,17.8,0,69.71,89.96,457.1,616.77
BOX001/103/NPL/D9999/18/1000G,BOX001/103/NPL/D9999/18/1000G,Machine,Folder Gluer,Fold Glue,0,30,FOLDER GLUER,FOLDER GLUER,102 FOLDER GLUER #1,552 TRIM1,,,1,10,,10,,,,177.99,177.99,17.799,0,29.67,22.25,17.8,0,69.71,89.96,457.1,616.77
BOX001/103/NPL/D9999/27/1000G,BOX001/103/NPL/D9999/27/1000G,Material,,,0,1,,,0-FACTORY/102/BANDING,BLUE BANDING 102,COIL,0.03,,,,,29.67,0,42.82,,29.67,0.8901,0,29.67,22.25,17.8,0,69.71,89.96,457.1,616.77
BOX001/103/NPL/D9999/27/1000G,BOX001/103/NPL/D9999/27/1000G,Material,,,0,2,,,0-FACTORY/102/STDLAYERCARD,0-FACTORY/102/STDLAYERCARD,1000,0.004,,,,,198,0,,,198,0.792,0,29.67,22.25,17.8,0,69.71,89.96,457.1,616.77
BOX001/103/NPL/D9999/27/1000G,BOX001/103/NPL/D9999/27/1000G,Material,,,0,3,,,0-FACTORY/102/TOPSHEET,0-TOPSHEET/102/1400mmX1600mm/40MU,Tonne,0.001,,,,,1820,0,1820,,1820,1.82,0,29.67,22.25,17.8,0,69.71,89.96,457.1,616.77
BOX001/103/NPL/D9999/27/1000G,BOX001/103/NPL/D9999/27/1000G,Material,,,0,4,,,0-Pallets/102/Std1000x1200,0-Pallets/102/Std1000x1200,1000,0.001,,,,,4950,0,5250,,4950,4.95,0,29.67,22.25,17.8,0,69.71,89.96,457.1,616.77
BOX001/103/NPL/D9999/27/1000G,BOX001/103/NPL/D9999/27/1000G,Material,,,0,5,,,BRD001/103/NPL/1000G/WW,BOARD1410x920/WCC/NW/WK/1000GSM,Tonne,0.6238,,,,,706,0,698,,706,440.4028,0,29.67,22.25,17.8,0,69.71,89.96,457.1,616.77
BOX001/103/NPL/D9999/27/1000G,BOX001/103/NPL/D9999/27/1000G,Material,,,0,6,,,PLASTOMELT9799,PLASTOMELT9799,Tonne,0.003,,,,,2750,0,2518.65105,,2750,8.25,0,29.67,22.25,17.8,0,69.71,89.96,457.1,616.77
BOX001/103/NPL/D9999/27/1000G,BOX001/103/NPL/D9999/27/1000G,Labour,Printer,,0,10,PRINT,PRINT,102 PRINTER OPERATOR,102 Printer Operator,,,1,6,,6,,,,356.05,356.05,59.34167,0,29.67,22.25,17.8,0,69.71,89.96,457.1,616.77
BOX001/103/NPL/D9999/27/1000G,BOX001/103/NPL/D9999/27/1000G,Machine,Printer,Print,0,10,PRINT,PRINT,102 PRINTER DERI,221 DERITEND,,,1,6,,6,,,,177.99,177.99,29.665,0,29.67,22.25,17.8,0,69.71,89.96,457.1,616.77
BOX001/103/NPL/D9999/27/1000G,BOX001/103/NPL/D9999/27/1000G,Labour,Diecutter,,0,20,DIE CUTTING,DIE CUTTING,102 DIE CUTTER OPERATOR,102 Die Cutter Operator,,,1,8,,8,,,,136.57,136.57,17.07125,0,29.67,22.25,17.8,0,69.71,89.96,457.1,616.77
BOX001/103/NPL/D9999/27/1000G,BOX001/103/NPL/D9999/27/1000G,Machine,Diecutter,Die Cut,0,20,DIE CUTTING,DIE CUTTING,102 DIE CUTTER #1,331 130E,,,1,8,,8,,,,177.99,177.99,22.24875,0,29.67,22.25,17.8,0,69.71,89.96,457.1,616.77
BOX001/103/NPL/D9999/27/1000G,BOX001/103/NPL/D9999/27/1000G,Labour,Folder Gluer,,0,30,FOLDER GLUER,FOLDER GLUER,102 FOLDER GLUER OPERATOR,102 Folder Gluer Operator,,,1,10,,10,,,,135.43,135.43,13.543,0,29.67,22.25,17.8,0,69.71,89.96,457.1,616.77
BOX001/103/NPL/D9999/27/1000G,BOX001/103/NPL/D9999/27/1000G,Machine,Folder Gluer,Fold Glue,0,30,FOLDER GLUER,FOLDER GLUER,102 FOLDER GLUER #1,552 TRIM1,,,1,10,,10,,,,177.99,177.99,17.799,0,29.67,22.25,17.8,0,69.71,89.96,457.1,616.77
BOX001/103/NPL/W0004/03/1000G,BOX001/103/NPL/W0004/03/1000G,Material,,,0,1,,,0-FACTORY/102/BANDING,BLUE BANDING 102,COIL,0.03,,,,,29.67,0,42.82,,29.67,0.8901,0,29.67,22.25,17.8,0,69.71,89.96,450.26,609.93
BOX001/103/NPL/W0004/03/1000G,BOX001/103/NPL/W0004/03/1000G,Material,,,0,2,,,0-FACTORY/102/STDLAYERCARD,0-FACTORY/102/STDLAYERCARD,1000,0.004,,,,,198,0,,,198,0.792,0,29.67,22.25,17.8,0,69.71,89.96,450.26,609.93
BOX001/103/NPL/W0004/03/1000G,BOX001/103/NPL/W0004/03/1000G,Material,,,0,3,,,0-FACTORY/102/TOPSHEET,0-TOPSHEET/102/1400mmX1600mm/40MU,Tonne,0.001,,,,,1820,0,1820,,1820,1.82,0,29.67,22.25,17.8,0,69.71,89.96,450.26,609.93
BOX001/103/NPL/W0004/03/1000G,BOX001/103/NPL/W0004/03/1000G,Material,,,0,4,,,0-Pallets/102/Std1000x1200,0-Pallets/102/Std1000x1200,1000,0.001,,,,,4950,0,5250,,4950,4.95,0,29.67,22.25,17.8,0,69.71,89.96,450.26,609.93
BOX001/103/NPL/W0004/03/1000G,BOX001/103/NPL/W0004/03/1000G,Material,,,0,5,,,BRD001/103/NPL/1000G/WW,BOARD1410x920/WCC/NW/WK/1000GSM,Tonne,0.6141,,,,,706,0,698,,706,433.5546,0,29.67,22.25,17.8,0,69.71,89.96,450.26,609.93
BOX001/103/NPL/W0004/03/1000G,BOX001/103/NPL/W0004/03/1000G,Material,,,0,6,,,PLASTOMELT9799,PLASTOMELT9799,Tonne,0.003,,,,,2750,0,2518.65105,,2750,8.25,0,29.67,22.25,17.8,0,69.71,89.96,450.26,609.93
BOX001/103/NPL/W0004/03/1000G,BOX001/103/NPL/W0004/03/1000G,Labour,Printer,,0,10,PRINT,PRINT,102 PRINTER OPERATOR,102 Printer Operator,,,1,6,,6,,,,356.05,356.05,59.34167,0,29.67,22.25,17.8,0,69.71,89.96,450.26,609.93
BOX001/103/NPL/W0004/03/1000G,BOX001/103/NPL/W0004/03/1000G,Machine,Printer,Print,0,10,PRINT,PRINT,102 PRINTER DERI,221 DERITEND,,,1,6,,6,,,,177.99,177.99,29.665,0,29.67,22.25,17.8,0,69.71,89.96,450.26,609.93
BOX001/103/NPL/W0004/03/1000G,BOX001/103/NPL/W0004/03/1000G,Labour,Diecutter,,0,20,DIE CUTTING,DIE CUTTING,102 DIE CUTTER OPERATOR,102 Die Cutter Operator,,,1,8,,8,,,,136.57,136.57,17.07125,0,29.67,22.25,17.8,0,69.71,89.96,450.26,609.93
BOX001/103/NPL/W0004/03/1000G,BOX001/103/NPL/W0004/03/1000G,Machine,Diecutter,Die Cut,0,20,DIE CUTTING,DIE CUTTING,102 DIE CUTTER #2,332 142E,,,1,8,,8,,,,177.99,177.99,22.24875,0,29.67,22.25,17.8,0,69.71,89.96,450.26,609.93
BOX001/103/NPL/W0004/03/1000G,BOX001/103/NPL/W0004/03/1000G,Labour,Folder Gluer,,0,30,FOLDER GLUER,FOLDER GLUER,102 FOLDER GLUER OPERATOR,102 Folder Gluer Operator,,,1,10,,10,,,,135.43,135.43,13.543,0,29.67,22.25,17.8,0,69.71,89.96,450.26,609.93
BOX001/103/NPL/W0004/03/1000G,BOX001/103/NPL/W0004/03/1000G,Machine,Folder Gluer,Fold Glue,0,30,FOLDER GLUER,FOLDER GLUER,102 FOLDER GLUER #1,552 TRIM1,,,1,10,,10,,,,177.99,177.99,17.799,0,29.67,22.25,17.8,0,69.71,89.96,450.26,609.93
BOX001/103/NPL/W0004/04/1000G,BOX001/103/NPL/W0004/04/1000G,Material,,,0,1,,,0-FACTORY/102/BANDING,BLUE BANDING 102,COIL,0.03,,,,,29.67,0,42.82,,29.67,0.8901,0,29.67,22.25,17.8,0,69.71,89.96,450.26,609.93
BOX001/103/NPL/W0004/04/1000G,BOX001/103/NPL/W0004/04/1000G,Material,,,0,2,,,0-FACTORY/102/STDLAYERCARD,0-FACTORY/102/STDLAYERCARD,1000,0.004,,,,,198,0,,,198,0.792,0,29.67,22.25,17.8,0,69.71,89.96,450.26,609.93
BOX001/103/NPL/W0004/04/1000G,BOX001/103/NPL/W0004/04/1000G,Material,,,0,3,,,0-FACTORY/102/TOPSHEET,0-TOPSHEET/102/1400mmX1600mm/40MU,Tonne,0.001,,,,,1820,0,1820,,1820,1.82,0,29.67,22.25,17.8,0,69.71,89.96,450.26,609.93
BOX001/103/NPL/W0004/04/1000G,BOX001/103/NPL/W0004/04/1000G,Material,,,0,4,,,0-Pallets/102/Std1000x1200,0-Pallets/102/Std1000x1200,1000,0.001,,,,,4950,0,5250,,4950,4.95,0,29.67,22.25,17.8,0,69.71,89.96,450.26,609.93
BOX001/103/NPL/W0004/04/1000G,BOX001/103/NPL/W0004/04/1000G,Material,,,0,5,,,BRD001/103/NPL/1000G/WW,BOARD1410x920/WCC/NW/WK/1000GSM,Tonne,0.6141,,,,,706,0,698,,706,433.5546,0,29.67,22.25,17.8,0,69.71,89.96,450.26,609.93
BOX001/103/NPL/W0004/04/1000G,BOX001/103/NPL/W0004/04/1000G,Material,,,0,6,,,PLASTOMELT9799,PLASTOMELT9799,Tonne,0.003,,,,,2750,0,2518.65105,,2750,8.25,0,29.67,22.25,17.8,0,69.71,89.96,450.26,609.93
BOX001/103/NPL/W0004/04/1000G,BOX001/103/NPL/W0004/04/1000G,Labour,Printer,,0,10,PRINT,PRINT,102 PRINTER OPERATOR,102 Printer Operator,,,1,6,,6,,,,356.05,356.05,59.34167,0,29.67,22.25,17.8,0,69.71,89.96,450.26,609.93
BOX001/103/NPL/W0004/04/1000G,BOX001/103/NPL/W0004/04/1000G,Machine,Printer,Print,0,10,PRINT,PRINT,102 PRINTER DERI,221 DERITEND,,,1,6,,6,,,,177.99,177.99,29.665,0,29.67,22.25,17.8,0,69.71,89.96,450.26,609.93
BOX001/103/NPL/W0004/04/1000G,BOX001/103/NPL/W0004/04/1000G,Labour,Diecutter,,0,20,DIE CUTTING,DIE CUTTING,102 DIE CUTTER OPERATOR,102 Die Cutter Operator,,,1,8,,8,,,,136.57,136.57,17.07125,0,29.67,22.25,17.8,0,69.71,89.96,450.26,609.93
BOX001/103/NPL/W0004/04/1000G,BOX001/103/NPL/W0004/04/1000G,Machine,Diecutter,Die Cut,0,20,DIE CUTTING,DIE CUTTING,102 DIE CUTTER #2,332 142E,,,1,8,,8,,,,177.99,177.99,22.24875,0,29.67,22.25,17.8,0,69.71,89.96,450.26,609.93
BOX001/103/NPL/W0004/04/1000G,BOX001/103/NPL/W0004/04/1000G,Labour,Folder Gluer,,0,30,FOLDER GLUER,FOLDER GLUER,102 FOLDER GLUER OPERATOR,102 Folder Gluer Operator,,,1,10,,10,,,,135.43,135.43,13.543,0,29.67,22.25,17.8,0,69.71,89.96,450.26,609.93
BOX001/103/NPL/W0004/04/1000G,BOX001/103/NPL/W0004/04/1000G,Machine,Folder Gluer,Fold Glue,0,30,FOLDER GLUER,FOLDER GLUER,102 FOLDER GLUER #1,552 TRIM1,,,1,10,,10,,,,177.99,177.99,17.799,0,29.67,22.25,17.8,0,69.71,89.96,450.26,609.93
BOX001/103/NPL/W0004/09/950G,BOX001/103/NPL/W0004/09/950G,Material,,,0,1,,,0-FACTORY/102/BANDING,BLUE BANDING 102,COIL,0.03,,,,,29.67,0,42.82,,29.67,0.8901,0,29.67,22.25,17.8,0,69.71,89.96,440.76,600.42
BOX001/103/NPL/W0004/09/950G,BOX001/103/NPL/W0004/09/950G,Material,,,0,2,,,0-FACTORY/102/STDLAYERCARD,0-FACTORY/102/STDLAYERCARD,1000,0.004,,,,,198,0,,,198,0.792,0,29.67,22.25,17.8,0,69.71,89.96,440.76,600.42
BOX001/103/NPL/W0004/09/950G,BOX001/103/NPL/W0004/09/950G,Material,,,0,3,,,0-FACTORY/102/TOPSHEET,0-TOPSHEET/102/1400mmX1600mm/40MU,Tonne,0.001,,,,,1820,0,1820,,1820,1.82,0,29.67,22.25,17.8,0,69.71,89.96,440.76,600.42
BOX001/103/NPL/W0004/09/950G,BOX001/103/NPL/W0004/09/950G,Material,,,0,4,,,0-Pallets/102/Std1000x1200,0-Pallets/102/Std1000x1200,1000,0.001,,,,,4950,0,5250,,4950,4.95,0,29.67,22.25,17.8,0,69.71,89.96,440.76,600.42
BOX001/103/NPL/W0004/09/950G,BOX001/103/NPL/W0004/09/950G,Material,,,0,5,,,BRD001/103/NPL/950G/WW,BOARD1390X910/WCC/NW/WK/950GSM,Tonne,0.5759,,,,,,0,,,736.33085,424.05294,0,29.67,22.25,17.8,0,69.71,89.96,440.76,600.42
BOX001/103/NPL/W0004/09/950G,BOX001/103/NPL/W0004/09/950G,Material,,,0,6,,,PLASTOMELT9799,PLASTOMELT9799,Tonne,0.003,,,,,2750,0,2518.65105,,2750,8.25,0,29.67,22.25,17.8,0,69.71,89.96,440.76,600.42
BOX001/103/NPL/W0004/09/950G,BOX001/103/NPL/W0004/09/950G,Labour,Printer,,0,10,PRINT,PRINT,102 PRINTER OPERATOR,102 Printer Operator,,,1,6,,6,,,,356.05,356.05,59.34167,0,29.67,22.25,17.8,0,69.71,89.96,440.76,600.42
BOX001/103/NPL/W0004/09/950G,BOX001/103/NPL/W0004/09/950G,Machine,Printer,Print,0,10,PRINT,PRINT,102 PRINTER DERI,221 DERITEND,,,1,6,,6,,,,177.99,177.99,29.665,0,29.67,22.25,17.8,0,69.71,89.96,440.76,600.42
BOX001/103/NPL/W0004/09/950G,BOX001/103/NPL/W0004/09/950G,Labour,Diecutter,,0,20,DIE CUTTING,DIE CUTTING,102 DIE CUTTER OPERATOR,102 Die Cutter Operator,,,1,8,,8,,,,136.57,136.57,17.07125,0,29.67,22.25,17.8,0,69.71,89.96,440.76,600.42
BOX001/103/NPL/W0004/09/950G,BOX001/103/NPL/W0004/09/950G,Machine,Diecutter,Die Cut,0,20,DIE CUTTING,DIE CUTTING,102 DIE CUTTER #1,331 130E,,,1,8,,8,,,,177.99,177.99,22.24875,0,29.67,22.25,17.8,0,69.71,89.96,440.76,600.42
BOX001/103/NPL/W0004/09/950G,BOX001/103/NPL/W0004/09/950G,Labour,Folder Gluer,,0,30,FOLDER GLUER,FOLDER GLUER,102 FOLDER GLUER OPERATOR,102 Folder Gluer Operator,,,1,10,,10,,,,135.43,135.43,13.543,0,29.67,22.25,17.8,0,69.71,89.96,440.76,600.42
BOX001/103/NPL/W0004/09/950G,BOX001/103/NPL/W0004/09/950G,Machine,Folder Gluer,Fold Glue,0,30,FOLDER GLUER,FOLDER GLUER,102 FOLDER GLUER #1,552 TRIM1,,,1,10,,10,,,,177.99,177.99,17.799,0,29.67,22.25,17.8,0,69.71,89.96,440.76,600.42
BOX001/103/YPB/1100G/1215P,BOX001/103/YPB/1100G/1215P,Material,,,0,1,,,0-FACTORY/102/BANDING,BLUE BANDING 102,COIL,0.03,,,,,29.67,0,42.82,,29.67,0.8901,0,0,22.25,17.8,0,40.05,30.61,547.75,618.41
BOX001/103/YPB/1100G/1215P,BOX001/103/YPB/1100G/1215P,Material,,,0,2,,,0-FACTORY/102/STDLAYERCARD,0-FACTORY/102/STDLAYERCARD,1000,0.004,,,,,198,0,,,198,0.792,0,0,22.25,17.8,0,40.05,30.61,547.75,618.41
BOX001/103/YPB/1100G/1215P,BOX001/103/YPB/1100G/1215P,Material,,,0,3,,,0-FACTORY/102/TOPSHEET,0-TOPSHEET/102/1400mmX1600mm/40MU,Tonne,0.001,,,,,1820,0,1820,,1820,1.82,0,0,22.25,17.8,0,40.05,30.61,547.75,618.41
BOX001/103/YPB/1100G/1215P,BOX001/103/YPB/1100G/1215P,Material,,,0,4,,,0-Pallets/102/Std1000x1200,0-Pallets/102/Std1000x1200,1000,0.001,,,,,4950,0,5250,,4950,4.95,0,0,22.25,17.8,0,40.05,30.61,547.75,618.41
BOX001/103/YPB/1100G/1215P,BOX001/103/YPB/1100G/1215P,Material,,,0,5,,,BRD001/103/YPB/1100G/WW(2),BOARD1360X876/WK/NW/WPENC,Tonne,0.65,,,,,817,0,817,,817,531.05,0,0,22.25,17.8,0,40.05,30.61,547.75,618.41
BOX001/103/YPB/1100G/1215P,BOX001/103/YPB/1100G/1215P,Material,,,0,6,,,PLASTOMELT9799,PLASTOMELT9799,Tonne,0.003,,,,,2750,0,2518.65105,,2750,8.25,0,0,22.25,17.8,0,40.05,30.61,547.75,618.41
BOX001/103/YPB/1100G/1215P,BOX001/103/YPB/1100G/1215P,Labour,Diecutter,,0,20,DIE CUTTING,DIE CUTTING,102 DIE CUTTER OPERATOR,102 Die Cutter Operator,,,1,8,,8,,,,136.57,136.57,17.07125,0,0,22.25,17.8,0,40.05,30.61,547.75,618.41
BOX001/103/YPB/1100G/1215P,BOX001/103/YPB/1100G/1215P,Machine,Diecutter,Die Cut,0,20,DIE CUTTING,DIE CUTTING,102 DIE CUTTER #1,331 130E,,,1,8,,8,,,,177.99,177.99,22.24875,0,0,22.25,17.8,0,40.05,30.61,547.75,618.41
BOX001/103/YPB/1100G/1215P,BOX001/103/YPB/1100G/1215P,Labour,Folder Gluer,,0,30,FOLDER GLUER,FOLDER GLUER,102 FOLDER GLUER OPERATOR,102 Folder Gluer Operator,,,1,10,,10,,,,135.43,135.43,13.543,0,0,22.25,17.8,0,40.05,30.61,547.75,618.41
BOX001/103/YPB/1100G/1215P,BOX001/103/YPB/1100G/1215P,Machine,Folder Gluer,Fold Glue,0,30,FOLDER GLUER,FOLDER GLUER,102 FOLDER GLUER #2,TANABE BOXR,,,1,10,,10,,,,177.99,177.99,17.799,0,0,22.25,17.8,0,40.05,30.61,547.75,618.41
BOX001/103/YPB/1250G/621P,BOX001/103/YPB/1250G/621P,Material,,,0,1,,,0-FACTORY/102/BANDING,BLUE BANDING 102,COIL,0.03,,,,,29.67,0,42.82,,29.67,0.8901,0,0,22.25,17.8,0,40.05,30.61,542.71,613.37
BOX001/103/YPB/1250G/621P,BOX001/103/YPB/1250G/621P,Material,,,0,2,,,0-FACTORY/102/STDLAYERCARD,0-FACTORY/102/STDLAYERCARD,1000,0.004,,,,,198,0,,,198,0.792,0,0,22.25,17.8,0,40.05,30.61,542.71,613.37
BOX001/103/YPB/1250G/621P,BOX001/103/YPB/1250G/621P,Material,,,0,3,,,0-FACTORY/102/TOPSHEET,0-TOPSHEET/102/1400mmX1600mm/40MU,Tonne,0.001,,,,,1820,0,1820,,1820,1.82,0,0,22.25,17.8,0,40.05,30.61,542.71,613.37
BOX001/103/YPB/1250G/621P,BOX001/103/YPB/1250G/621P,Material,,,0,4,,,0-Pallets/102/Std1000x1200,0-Pallets/102/Std1000x1200,1000,0.001,,,,,4950,0,5250,,4950,4.95,0,0,22.25,17.8,0,40.05,30.61,542.71,613.37
BOX001/103/YPB/1250G/621P,BOX001/103/YPB/1250G/621P,Material,,,0,5,,,BRD001/103/YPB/1250G/BW,BOARD880 x 1360/BK/NW/WPE1250GSM,Tonne,0.744,,,,,707,0,701,,707,526.008,0,0,22.25,17.8,0,40.05,30.61,542.71,613.37
BOX001/103/YPB/1250G/621P,BOX001/103/YPB/1250G/621P,Material,,,0,6,,,PLASTOMELT9799,PLASTOMELT9799,Tonne,0.003,,,,,2750,0,2518.65105,,2750,8.25,0,0,22.25,17.8,0,40.05,30.61,542.71,613.37
BOX001/103/YPB/1250G/621P,BOX001/103/YPB/1250G/621P,Labour,Diecutter,,0,20,DIE CUTTING,DIE CUTTING,102 DIE CUTTER OPERATOR,102 Die Cutter Operator,,,1,8,,8,,,,136.57,136.57,17.07125,0,0,22.25,17.8,0,40.05,30.61,542.71,613.37
BOX001/103/YPB/1250G/621P,BOX001/103/YPB/1250G/621P,Machine,Diecutter,Die Cut,0,20,DIE CUTTING,DIE CUTTING,102 DIE CUTTER #1,331 130E,,,1,8,,8,,,,177.99,177.99,22.24875,0,0,22.25,17.8,0,40.05,30.61,542.71,613.37
BOX001/103/YPB/1250G/621P,BOX001/103/YPB/1250G/621P,Labour,Folder Gluer,,0,30,FOLDER GLUER,FOLDER GLUER,102 FOLDER GLUER OPERATOR,102 Folder Gluer Operator,,,1,10,,10,,,,135.43,135.43,13.543,0,0,22.25,17.8,0,40.05,30.61,542.71,613.37
BOX001/103/YPB/1250G/621P,BOX001/103/YPB/1250G/621P,Machine,Folder Gluer,Fold Glue,0,30,FOLDER GLUER,FOLDER GLUER,102 FOLDER GLUER #1,552 TRIM1,,,1,10,,10,,,,177.99,177.99,17.799,0,0,22.25,17.8,0,40.05,30.61,542.71,613.37
BOX001/103/YPB/1250G/621P(2),BOX001/103/YPB/1250G/621P(2),Material,,,0,1,,,0-FACTORY/102/BANDING,BLUE BANDING 102,COIL,0.03,,,,,29.67,0,42.82,,29.67,0.8901,0,0,22.25,17.8,0,40.05,30.61,466.35,537.02
BOX001/103/YPB/1250G/621P(2),BOX001/103/YPB/1250G/621P(2),Material,,,0,2,,,0-FACTORY/102/STDLAYERCARD,0-FACTORY/102/STDLAYERCARD,1000,0.004,,,,,198,0,,,198,0.792,0,0,22.25,17.8,0,40.05,30.61,466.35,537.02
BOX001/103/YPB/1250G/621P(2),BOX001/103/YPB/1250G/621P(2),Material,,,0,3,,,0-FACTORY/102/TOPSHEET,0-TOPSHEET/102/1400mmX1600mm/40MU,Tonne,0.001,,,,,1820,0,1820,,1820,1.82,0,0,22.25,17.8,0,40.05,30.61,466.35,537.02
BOX001/103/YPB/1250G/621P(2),BOX001/103/YPB/1250G/621P(2),Material,,,0,4,,,0-Pallets/102/Std1000x1200,0-Pallets/102/Std1000x1200,1000,0.001,,,,,4950,0,5250,,4950,4.95,0,0,22.25,17.8,0,40.05,30.61,466.35,537.02
BOX001/103/YPB/1250G/621P(2),BOX001/103/YPB/1250G/621P(2),Material,,,0,5,,,BRD001/103/YPB/1250G/BW,BOARD880 x 1360/BK/NW/WPE1250GSM,Tonne,0.636,,,,,707,0,701,,707,449.652,0,0,22.25,17.8,0,40.05,30.61,466.35,537.02
BOX001/103/YPB/1250G/621P(2),BOX001/103/YPB/1250G/621P(2),Material,,,0,6,,,PLASTOMELT9799,PLASTOMELT9799,Tonne,0.003,,,,,2750,0,2518.65105,,2750,8.25,0,0,22.25,17.8,0,40.05,30.61,466.35,537.02
BOX001/103/YPB/1250G/621P(2),BOX001/103/YPB/1250G/621P(2),Labour,Diecutter,,0,20,DIE CUTTING,DIE CUTTING,102 DIE CUTTER OPERATOR,102 Die Cutter Operator,,,1,8,,8,,,,136.57,136.57,17.07125,0,0,22.25,17.8,0,40.05,30.61,466.35,537.02
BOX001/103/YPB/1250G/621P(2),BOX001/103/YPB/1250G/621P(2),Machine,Diecutter,Die Cut,0,20,DIE CUTTING,DIE CUTTING,102 DIE CUTTER #1,331 130E,,,1,8,,8,,,,177.99,177.99,22.24875,0,0,22.25,17.8,0,40.05,30.61,466.35,537.02
BOX001/103/YPB/1250G/621P(2),BOX001/103/YPB/1250G/621P(2),Labour,Folder Gluer,,0,30,FOLDER GLUER,FOLDER GLUER,102 FOLDER GLUER OPERATOR,102 Folder Gluer Operator,,,1,10,,10,,,,135.43,135.43,13.543,0,0,22.25,17.8,0,40.05,30.61,466.35,537.02
BOX001/103/YPB/1250G/621P(2),BOX001/103/YPB/1250G/621P(2),Machine,Folder Gluer,Fold Glue,0,30,FOLDER GLUER,FOLDER GLUER,102 FOLDER GLUER #1,552 TRIM1,,,1,10,,10,,,,177.99,177.99,17.799,0,0,22.25,17.8,0,40.05,30.61,466.35,537.02
BOX001/103/YPL/1000G/675P,BOX001/103/YPL/1000G/675P,Material,,,0,1,,,0-FACTORY/102/BANDING,BLUE BANDING 102,COIL,0.03,,,,,29.67,0,42.82,,29.67,0.8901,0,0,22.25,17.8,0,40.05,30.61,465.8,536.46
BOX001/103/YPL/1000G/675P,BOX001/103/YPL/1000G/675P,Material,,,0,2,,,0-FACTORY/102/STDLAYERCARD,0-FACTORY/102/STDLAYERCARD,1000,0.004,,,,,198,0,,,198,0.792,0,0,22.25,17.8,0,40.05,30.61,465.8,536.46
BOX001/103/YPL/1000G/675P,BOX001/103/YPL/1000G/675P,Material,,,0,3,,,0-FACTORY/102/TOPSHEET,0-TOPSHEET/102/1400mmX1600mm/40MU,Tonne,0.001,,,,,1820,0,1820,,1820,1.82,0,0,22.25,17.8,0,40.05,30.61,465.8,536.46
BOX001/103/YPL/1000G/675P,BOX001/103/YPL/1000G/675P,Material,,,0,4,,,0-Pallets/102/Std1000x1200,0-Pallets/102/Std1000x1200,1000,0.001,,,,,4950,0,5250,,4950,4.95,0,0,22.25,17.8,0,40.05,30.61,465.8,536.46
BOX001/103/YPL/1000G/675P,BOX001/103/YPL/1000G/675P,Material,,,0,5,,,BRD001/103/YPL/1000G/BW,BOARD880 x 1360/BT/NW/WPE/1000GSM,Tonne,0.598,,,,,751,0,721,,751,449.098,0,0,22.25,17.8,0,40.05,30.61,465.8,536.46
BOX001/103/YPL/1000G/675P,BOX001/103/YPL/1000G/675P,Material,,,0,6,,,PLASTOMELT9799,PLASTOMELT9799,Tonne,0.003,,,,,2750,0,2518.65105,,2750,8.25,0,0,22.25,17.8,0,40.05,30.61,465.8,536.46
BOX001/103/YPL/1000G/675P,BOX001/103/YPL/1000G/675P,Labour,Diecutter,,0,20,DIE CUTTING,DIE CUTTING,102 DIE CUTTER OPERATOR,102 Die Cutter Operator,,,1,8,,8,,,,136.57,136.57,17.07125,0,0,22.25,17.8,0,40.05,30.61,465.8,536.46
BOX001/103/YPL/1000G/675P,BOX001/103/YPL/1000G/675P,Machine,Diecutter,Die Cut,0,20,DIE CUTTING,DIE CUTTING,102 DIE CUTTER #1,331 130E,,,1,8,,8,,,,177.99,177.99,22.24875,0,0,22.25,17.8,0,40.05,30.61,465.8,536.46
BOX001/103/YPL/1000G/675P,BOX001/103/YPL/1000G/675P,Labour,Folder Gluer,,0,30,FOLDER GLUER,FOLDER GLUER,102 FOLDER GLUER OPERATOR,102 Folder Gluer Operator,,,1,10,,10,,,,135.43,135.43,13.543,0,0,22.25,17.8,0,40.05,30.61,465.8,536.46
BOX001/103/YPL/1000G/675P,BOX001/103/YPL/1000G/675P,Machine,Folder Gluer,Fold Glue,0,30,FOLDER GLUER,FOLDER GLUER,102 FOLDER GLUER #1,552 TRIM1,,,1,10,,10,,,,177.99,177.99,17.799,0,0,22.25,17.8,0,40.05,30.61,465.8,536.46
BOX001/103/YPL/A0166/02/950G,BOX001/103/YPL/A0166/02/950G,Material,,,0,1,,,0-FACTORY/102/BANDING,BLUE BANDING 102,COIL,0.03,,,,,29.67,0,42.82,,29.67,0.8901,0,29.67,22.25,17.8,0,69.71,89.96,454.25,613.92
BOX001/103/YPL/A0166/02/950G,BOX001/103/YPL/A0166/02/950G,Material,,,0,2,,,0-FACTORY/102/STDLAYERCARD,0-FACTORY/102/STDLAYERCARD,1000,0.004,,,,,198,0,,,198,0.792,0,29.67,22.25,17.8,0,69.71,89.96,454.25,613.92
BOX001/103/YPL/A0166/02/950G,BOX001/103/YPL/A0166/02/950G,Material,,,0,3,,,0-FACTORY/102/TOPSHEET,0-TOPSHEET/102/1400mmX1600mm/40MU,Tonne,0.001,,,,,1820,0,1820,,1820,1.82,0,29.67,22.25,17.8,0,69.71,89.96,454.25,613.92
BOX001/103/YPL/A0166/02/950G,BOX001/103/YPL/A0166/02/950G,Material,,,0,4,,,0-Pallets/102/Std1000x1200,0-Pallets/102/Std1000x1200,1000,0.001,,,,,4950,0,5250,,4950,4.95,0,29.67,22.25,17.8,0,69.71,89.96,454.25,613.92
BOX001/103/YPL/A0166/02/950G,BOX001/103/YPL/A0166/02/950G,Material,,,0,5,,,BRD001/103/YPL/950G/WW,BOARD1380X890/WK/NW/WPE/950GSM,Tonne,0.5834,,,,,750,0,,,750,437.55,0,29.67,22.25,17.8,0,69.71,89.96,454.25,613.92
BOX001/103/YPL/A0166/02/950G,BOX001/103/YPL/A0166/02/950G,Material,,,0,6,,,PLASTOMELT9799,PLASTOMELT9799,Tonne,0.003,,,,,2750,0,2518.65105,,2750,8.25,0,29.67,22.25,17.8,0,69.71,89.96,454.25,613.92
BOX001/103/YPL/A0166/02/950G,BOX001/103/YPL/A0166/02/950G,Labour,Printer,,0,10,PRINT,PRINT,102 PRINTER OPERATOR,102 Printer Operator,,,1,6,,6,,,,356.05,356.05,59.34167,0,29.67,22.25,17.8,0,69.71,89.96,454.25,613.92
BOX001/103/YPL/A0166/02/950G,BOX001/103/YPL/A0166/02/950G,Machine,Printer,Print,0,10,PRINT,PRINT,101 KBA,101 KBA,,,1,6,,6,,,,177.99,177.99,29.665,0,29.67,22.25,17.8,0,69.71,89.96,454.25,613.92
BOX001/103/YPL/A0166/02/950G,BOX001/103/YPL/A0166/02/950G,Labour,Diecutter,,0,20,DIE CUTTING,DIE CUTTING,102 DIE CUTTER OPERATOR,102 Die Cutter Operator,,,1,8,,8,,,,136.57,136.57,17.07125,0,29.67,22.25,17.8,0,69.71,89.96,454.25,613.92
BOX001/103/YPL/A0166/02/950G,BOX001/103/YPL/A0166/02/950G,Machine,Diecutter,Die Cut,0,20,DIE CUTTING,DIE CUTTING,101 DIE CUTTER #1,101 Die Cutter #1,,,1,8,,8,,,,177.99,177.99,22.24875,0,29.67,22.25,17.8,0,69.71,89.96,454.25,613.92
BOX001/103/YPL/A0166/02/950G,BOX001/103/YPL/A0166/02/950G,Labour,Folder Gluer,,0,30,FOLDER GLUER,FOLDER GLUER,102 FOLDER GLUER OPERATOR,102 Folder Gluer Operator,,,1,10,,10,,,,135.43,135.43,13.543,0,29.67,22.25,17.8,0,69.71,89.96,454.25,613.92
BOX001/103/YPL/A0166/02/950G,BOX001/103/YPL/A0166/02/950G,Machine,Folder Gluer,Fold Glue,0,30,FOLDER GLUER,FOLDER GLUER,101 FOLDER GLUER OMEGA,101 Folder Gluer Omega,,,1,10,,10,,,,177.99,177.99,17.799,0,29.67,22.25,17.8,0,69.71,89.96,454.25,613.92
BOX001/103/YPL/A9999/03/1100G,BOX001/103/YPL/A9999/03/1100G,Material,,,0,1,,,0-FACTORY/102/BANDING,BLUE BANDING 102,COIL,0.03,,,,,29.67,0,42.82,,29.67,0.8901,0,29.67,22.25,17.8,0,69.71,89.96,545.53,705.2
BOX001/103/YPL/A9999/03/1100G,BOX001/103/YPL/A9999/03/1100G,Material,,,0,2,,,0-FACTORY/102/STDLAYERCARD,0-FACTORY/102/STDLAYERCARD,1000,0.004,,,,,198,0,,,198,0.792,0,29.67,22.25,17.8,0,69.71,89.96,545.53,705.2
BOX001/103/YPL/A9999/03/1100G,BOX001/103/YPL/A9999/03/1100G,Material,,,0,3,,,0-FACTORY/102/TOPSHEET,0-TOPSHEET/102/1400mmX1600mm/40MU,Tonne,0.001,,,,,1820,0,1820,,1820,1.82,0,29.67,22.25,17.8,0,69.71,89.96,545.53,705.2
BOX001/103/YPL/A9999/03/1100G,BOX001/103/YPL/A9999/03/1100G,Material,,,0,4,,,0-Pallets/102/Std1000x1200,0-Pallets/102/Std1000x1200,1000,0.001,,,,,4950,0,5250,,4950,4.95,0,29.67,22.25,17.8,0,69.71,89.96,545.53,705.2
BOX001/103/YPL/A9999/03/1100G,BOX001/103/YPL/A9999/03/1100G,Material,,,0,5,,,BRD001/103/YPL/1100G/WB,BOARD1444X942/WPEC/W/BPEC/1100GSM,Tonne,0.7182,,,,,,0,,,736.33085,528.83282,0,29.67,22.25,17.8,0,69.71,89.96,545.53,705.2
BOX001/103/YPL/A9999/03/1100G,BOX001/103/YPL/A9999/03/1100G,Material,,,0,6,,,PLASTOMELT9799,PLASTOMELT9799,Tonne,0.003,,,,,2750,0,2518.65105,,2750,8.25,0,29.67,22.25,17.8,0,69.71,89.96,545.53,705.2
BOX001/103/YPL/A9999/03/1100G,BOX001/103/YPL/A9999/03/1100G,Labour,Printer,,0,10,PRINT,PRINT,102 PRINTER OPERATOR,102 Printer Operator,,,1,6,,6,,,,356.05,356.05,59.34167,0,29.67,22.25,17.8,0,69.71,89.96,545.53,705.2
BOX001/103/YPL/A9999/03/1100G,BOX001/103/YPL/A9999/03/1100G,Machine,Printer,Print,0,10,PRINT,PRINT,102 PRINTER DERI,221 DERITEND,,,1,6,,6,,,,177.99,177.99,29.665,0,29.67,22.25,17.8,0,69.71,89.96,545.53,705.2
BOX001/103/YPL/A9999/03/1100G,BOX001/103/YPL/A9999/03/1100G,Labour,Diecutter,,0,20,DIE CUTTING,DIE CUTTING,102 DIE CUTTER OPERATOR,102 Die Cutter Operator,,,1,8,,8,,,,136.57,136.57,17.07125,0,29.67,22.25,17.8,0,69.71,89.96,545.53,705.2
BOX001/103/YPL/A9999/03/1100G,BOX001/103/YPL/A9999/03/1100G,Machine,Diecutter,Die Cut,0,20,DIE CUTTING,DIE CUTTING,102 DIE CUTTER #1,331 130E,,,1,8,,8,,,,177.99,177.99,22.24875,0,29.67,22.25,17.8,0,69.71,89.96,545.53,705.2
BOX001/103/YPL/A9999/03/1100G,BOX001/103/YPL/A9999/03/1100G,Labour,Folder Gluer,,0,30,FOLDER GLUER,FOLDER GLUER,102 FOLDER GLUER OPERATOR,102 Folder Gluer Operator,,,1,10,,10,,,,135.43,135.43,13.543,0,29.67,22.25,17.8,0,69.71,89.96,545.53,705.2
BOX001/103/YPL/A9999/03/1100G,BOX001/103/YPL/A9999/03/1100G,Machine,Folder Gluer,Fold Glue,0,30,FOLDER GLUER,FOLDER GLUER,102 FOLDER GLUER #1,552 TRIM1,,,1,10,,10,,,,177.99,177.99,17.799,0,29.67,22.25,17.8,0,69.71,89.96,545.53,705.2
BOX001/103/YPL/A9999/07/950G,BOX001/103/YPL/A9999/07/950G,Material,,,0,1,,,0-FACTORY/102/BANDING,BLUE BANDING 102,COIL,0.03,,,,,29.67,0,42.82,,29.67,0.8901,0,14.83,22.25,17.8,0,54.88,60.29,466.75,581.91
BOX001/103/YPL/A9999/07/950G,BOX001/103/YPL/A9999/07/950G,Material,,,0,2,,,0-FACTORY/102/STDLAYERCARD,0-FACTORY/102/STDLAYERCARD,1000,0.004,,,,,198,0,,,198,0.792,0,14.83,22.25,17.8,0,54.88,60.29,466.75,581.91
BOX001/103/YPL/A9999/07/950G,BOX001/103/YPL/A9999/07/950G,Material,,,0,3,,,0-FACTORY/102/TOPSHEET,0-TOPSHEET/102/1400mmX1600mm/40MU,Tonne,0.001,,,,,1820,0,1820,,1820,1.82,0,14.83,22.25,17.8,0,54.88,60.29,466.75,581.91
BOX001/103/YPL/A9999/07/950G,BOX001/103/YPL/A9999/07/950G,Material,,,0,4,,,0-Pallets/102/Std1000x1200,0-Pallets/102/Std1000x1200,1000,0.001,,,,,4950,0,5250,,4950,4.95,0,14.83,22.25,17.8,0,54.88,60.29,466.75,581.91
BOX001/103/YPL/A9999/07/950G,BOX001/103/YPL/A9999/07/950G,Material,,,2,5,,,BRD001/YPL/A9999/07/950G/WW,PRINTED BOARD -  ABP EURO LID  585 x 385 x 150 950G,1000,0.5,,,,,,0,,,900.09,450.045,0,14.83,22.25,17.8,0,54.88,60.29,466.75,581.91
BOX001/103/YPL/A9999/07/950G,BOX001/103/YPL/A9999/07/950G,Rolled Child,,,2,5.001,,,BRD001/YPL/A9999/07/950G/WW,Rolled Up Child Material,1000,0.5,,,,,,,,,900.09,450.045,1,14.83,22.25,17.8,0,54.88,60.29,466.75,581.91
BOX001/103/YPL/A9999/07/950G,BOX001/103/YPL/A9999/07/950G,Rolled Child,,,2,5.002,,,BRD001/YPL/A9999/07/950G/WW,Rolled Up Child Labour,1000,0.5,,,,,,,,,59.34167,29.67084,1,14.83,22.25,17.8,0,54.88,60.29,466.75,581.91
BOX001/103/YPL/A9999/07/950G,BOX001/103/YPL/A9999/07/950G,Rolled Child,Printer,Print,2,5.003,,,BRD001/YPL/A9999/07/950G/WW,Rolled Up Child Print Machine,1000,0.5,,,,,,,,,29.665,14.8325,1,14.83,22.25,17.8,0,54.88,60.29,466.75,581.91
BOX001/103/YPL/A9999/07/950G,BOX001/103/YPL/A9999/07/950G,Material,,,0,6,,,PLASTOMELT9799,PLASTOMELT9799,Tonne,0.003,,,,,2750,0,2518.65105,,2750,8.25,0,14.83,22.25,17.8,0,54.88,60.29,466.75,581.91
BOX001/103/YPL/A9999/07/950G,BOX001/103/YPL/A9999/07/950G,Labour,Diecutter,,0,20,DIE CUTTING,DIE CUTTING,102 DIE CUTTER OPERATOR,102 Die Cutter Operator,,,1,8,,8,,,,136.57,136.57,17.07125,0,14.83,22.25,17.8,0,54.88,60.29,466.75,581.91
BOX001/103/YPL/A9999/07/950G,BOX001/103/YPL/A9999/07/950G,Machine,Diecutter,Die Cut,0,20,DIE CUTTING,DIE CUTTING,101 DIE CUTTER #1,101 Die Cutter #1,,,1,8,,8,,,,177.99,177.99,22.24875,0,14.83,22.25,17.8,0,54.88,60.29,466.75,581.91
BOX001/103/YPL/A9999/07/950G,BOX001/103/YPL/A9999/07/950G,Labour,Folder Gluer,,0,30,FOLDER GLUER,FOLDER GLUER,102 FOLDER GLUER OPERATOR,102 Folder Gluer Operator,,,1,10,,10,,,,135.43,135.43,13.543,0,14.83,22.25,17.8,0,54.88,60.29,466.75,581.91
BOX001/103/YPL/A9999/07/950G,BOX001/103/YPL/A9999/07/950G,Machine,Folder Gluer,Fold Glue,0,30,FOLDER GLUER,FOLDER GLUER,101 FOLDER GLUER OMEGA,101 Folder Gluer Omega,,,1,10,,10,,,,177.99,177.99,17.799,0,14.83,22.25,17.8,0,54.88,60.29,466.75,581.91
BOX001/103/YPL/B0143/02/950G,BOX001/103/YPL/B0143/02/950G,Material,,,0,1,,,0-FACTORY/102/BANDING,BLUE BANDING 102,COIL,0.03,,,,,29.67,0,42.82,,29.67,0.8901,0,29.67,22.25,17.8,0,69.71,89.96,445.7,605.37
BOX001/103/YPL/B0143/02/950G,BOX001/103/YPL/B0143/02/950G,Material,,,0,2,,,0-FACTORY/102/STDLAYERCARD,0-FACTORY/102/STDLAYERCARD,1000,0.004,,,,,198,0,,,198,0.792,0,29.67,22.25,17.8,0,69.71,89.96,445.7,605.37
BOX001/103/YPL/B0143/02/950G,BOX001/103/YPL/B0143/02/950G,Material,,,0,3,,,0-FACTORY/102/TOPSHEET,0-TOPSHEET/102/1400mmX1600mm/40MU,Tonne,0.001,,,,,1820,0,1820,,1820,1.82,0,29.67,22.25,17.8,0,69.71,89.96,445.7,605.37
BOX001/103/YPL/B0143/02/950G,BOX001/103/YPL/B0143/02/950G,Material,,,0,4,,,0-Pallets/102/Std1000x1200,0-Pallets/102/Std1000x1200,1000,0.001,,,,,4950,0,5250,,4950,4.95,0,29.67,22.25,17.8,0,69.71,89.96,445.7,605.37
BOX001/103/YPL/B0143/02/950G,BOX001/103/YPL/B0143/02/950G,Material,,,0,5,,,BRD001/103/YPL/950G/WW,BOARD1380X890/WK/NW/WPE/950GSM,Tonne,0.572,,,,,750,0,,,750,429,0,29.67,22.25,17.8,0,69.71,89.96,445.7,605.37
BOX001/103/YPL/B0143/02/950G,BOX001/103/YPL/B0143/02/950G,Material,,,0,6,,,PLASTOMELT9799,PLASTOMELT9799,Tonne,0.003,,,,,2750,0,2518.65105,,2750,8.25,0,29.67,22.25,17.8,0,69.71,89.96,445.7,605.37
BOX001/103/YPL/B0143/02/950G,BOX001/103/YPL/B0143/02/950G,Labour,Printer,,0,10,PRINT,PRINT,102 PRINTER OPERATOR,102 Printer Operator,,,1,6,,6,,,,356.05,356.05,59.34167,0,29.67,22.25,17.8,0,69.71,89.96,445.7,605.37
BOX001/103/YPL/B0143/02/950G,BOX001/103/YPL/B0143/02/950G,Machine,Printer,Print,0,10,PRINT,PRINT,101 KBA,101 KBA,,,1,6,,6,,,,177.99,177.99,29.665,0,29.67,22.25,17.8,0,69.71,89.96,445.7,605.37
BOX001/103/YPL/B0143/02/950G,BOX001/103/YPL/B0143/02/950G,Labour,Diecutter,,0,20,DIE CUTTING,DIE CUTTING,102 DIE CUTTER OPERATOR,102 Die Cutter Operator,,,1,8,,8,,,,136.57,136.57,17.07125,0,29.67,22.25,17.8,0,69.71,89.96,445.7,605.37
BOX001/103/YPL/B0143/02/950G,BOX001/103/YPL/B0143/02/950G,Machine,Diecutter,Die Cut,0,20,DIE CUTTING,DIE CUTTING,102 DIE CUTTER #1,331 130E,,,1,8,,8,,,,177.99,177.99,22.24875,0,29.67,22.25,17.8,0,69.71,89.96,445.7,605.37
BOX001/103/YPL/B0143/02/950G,BOX001/103/YPL/B0143/02/950G,Labour,Folder Gluer,,0,30,FOLDER GLUER,FOLDER GLUER,102 FOLDER GLUER OPERATOR,102 Folder Gluer Operator,,,1,10,,10,,,,135.43,135.43,13.543,0,29.67,22.25,17.8,0,69.71,89.96,445.7,605.37
BOX001/103/YPL/B0143/02/950G,BOX001/103/YPL/B0143/02/950G,Machine,Folder Gluer,Fold Glue,0,30,FOLDER GLUER,FOLDER GLUER,102 FOLDER GLUER #1,552 TRIM1,,,1,10,,10,,,,177.99,177.99,17.799,0,29.67,22.25,17.8,0,69.71,89.96,445.7,605.37
BOX001/103/YPL/B0182/01/950G,BOX001/103/YPL/B0182/01/950G,Material,,,0,1,,,0-FACTORY/102/BANDING,BLUE BANDING 102,COIL,0.03,,,,,29.67,0,42.82,,29.67,0.8901,0,29.67,22.25,17.8,0,69.71,89.96,445.7,605.37
BOX001/103/YPL/B0182/01/950G,BOX001/103/YPL/B0182/01/950G,Material,,,0,2,,,0-FACTORY/102/STDLAYERCARD,0-FACTORY/102/STDLAYERCARD,1000,0.004,,,,,198,0,,,198,0.792,0,29.67,22.25,17.8,0,69.71,89.96,445.7,605.37
BOX001/103/YPL/B0182/01/950G,BOX001/103/YPL/B0182/01/950G,Material,,,0,3,,,0-FACTORY/102/TOPSHEET,0-TOPSHEET/102/1400mmX1600mm/40MU,Tonne,0.001,,,,,1820,0,1820,,1820,1.82,0,29.67,22.25,17.8,0,69.71,89.96,445.7,605.37
BOX001/103/YPL/B0182/01/950G,BOX001/103/YPL/B0182/01/950G,Material,,,0,4,,,0-Pallets/102/Std1000x1200,0-Pallets/102/Std1000x1200,1000,0.001,,,,,4950,0,5250,,4950,4.95,0,29.67,22.25,17.8,0,69.71,89.96,445.7,605.37
BOX001/103/YPL/B0182/01/950G,BOX001/103/YPL/B0182/01/950G,Material,,,0,5,,,BRD001/103/YPL/950G/WW,BOARD1380X890/WK/NW/WPE/950GSM,Tonne,0.572,,,,,750,0,,,750,429,0,29.67,22.25,17.8,0,69.71,89.96,445.7,605.37
BOX001/103/YPL/B0182/01/950G,BOX001/103/YPL/B0182/01/950G,Material,,,0,6,,,PLASTOMELT9799,PLASTOMELT9799,Tonne,0.003,,,,,2750,0,2518.65105,,2750,8.25,0,29.67,22.25,17.8,0,69.71,89.96,445.7,605.37
BOX001/103/YPL/B0182/01/950G,BOX001/103/YPL/B0182/01/950G,Labour,Printer,,0,10,PRINT,PRINT,102 PRINTER OPERATOR,102 Printer Operator,,,1,6,,6,,,,356.05,356.05,59.34167,0,29.67,22.25,17.8,0,69.71,89.96,445.7,605.37
BOX001/103/YPL/B0182/01/950G,BOX001/103/YPL/B0182/01/950G,Machine,Printer,Print,0,10,PRINT,PRINT,102 PRINTER DERI,221 DERITEND,,,1,6,,6,,,,177.99,177.99,29.665,0,29.67,22.25,17.8,0,69.71,89.96,445.7,605.37
BOX001/103/YPL/B0182/01/950G,BOX001/103/YPL/B0182/01/950G,Labour,Diecutter,,0,20,DIE CUTTING,DIE CUTTING,101 DIE CUTTER OPERATOR,101 Die Cutter Operator,,,1,8,,8,,,,136.57,136.57,17.07125,0,29.67,22.25,17.8,0,69.71,89.96,445.7,605.37
BOX001/103/YPL/B0182/01/950G,BOX001/103/YPL/B0182/01/950G,Machine,Diecutter,Die Cut,0,20,DIE CUTTING,DIE CUTTING,101 DIE CUTTER #1,101 Die Cutter #1,,,1,8,,8,,,,177.99,177.99,22.24875,0,29.67,22.25,17.8,0,69.71,89.96,445.7,605.37
BOX001/103/YPL/B0182/01/950G,BOX001/103/YPL/B0182/01/950G,Labour,Folder Gluer,,0,30,FOLDER GLUER,FOLDER GLUER,101 FOLDER GLUER OPERATOR,101 Folder Gluer Operator,,,1,10,,10,,,,135.43,135.43,13.543,0,29.67,22.25,17.8,0,69.71,89.96,445.7,605.37
BOX001/103/YPL/B0182/01/950G,BOX001/103/YPL/B0182/01/950G,Machine,Folder Gluer,Fold Glue,0,30,FOLDER GLUER,FOLDER GLUER,101 FOLDER GLUER OMEGA,101 Folder Gluer Omega,,,1,10,,10,,,,177.99,177.99,17.799,0,29.67,22.25,17.8,0,69.71,89.96,445.7,605.37
BOX001/103/YPL/C0157/02/950G,BOX001/103/YPL/C0157/02/950G,Material,,,0,1,,,0-FACTORY/102/BANDING,BLUE BANDING 102,COIL,0.03,,,,,29.67,0,42.82,,29.67,0.8901,0,29.67,22.25,17.8,0,69.71,89.96,445.7,605.37
BOX001/103/YPL/C0157/02/950G,BOX001/103/YPL/C0157/02/950G,Material,,,0,2,,,0-FACTORY/102/STDLAYERCARD,0-FACTORY/102/STDLAYERCARD,1000,0.004,,,,,198,0,,,198,0.792,0,29.67,22.25,17.8,0,69.71,89.96,445.7,605.37
BOX001/103/YPL/C0157/02/950G,BOX001/103/YPL/C0157/02/950G,Material,,,0,3,,,0-FACTORY/102/TOPSHEET,0-TOPSHEET/102/1400mmX1600mm/40MU,Tonne,0.001,,,,,1820,0,1820,,1820,1.82,0,29.67,22.25,17.8,0,69.71,89.96,445.7,605.37
BOX001/103/YPL/C0157/02/950G,BOX001/103/YPL/C0157/02/950G,Material,,,0,4,,,0-Pallets/102/Std1000x1200,0-Pallets/102/Std1000x1200,1000,0.001,,,,,4950,0,5250,,4950,4.95,0,29.67,22.25,17.8,0,69.71,89.96,445.7,605.37
BOX001/103/YPL/C0157/02/950G,BOX001/103/YPL/C0157/02/950G,Material,,,0,5,,,BRD001/103/YPL/950G/WW,BOARD1380X890/WK/NW/WPE/950GSM,Tonne,0.572,,,,,750,0,,,750,429,0,29.67,22.25,17.8,0,69.71,89.96,445.7,605.37
BOX001/103/YPL/C0157/02/950G,BOX001/103/YPL/C0157/02/950G,Material,,,0,6,,,PLASTOMELT9799,PLASTOMELT9799,Tonne,0.003,,,,,2750,0,2518.65105,,2750,8.25,0,29.67,22.25,17.8,0,69.71,89.96,445.7,605.37
BOX001/103/YPL/C0157/02/950G,BOX001/103/YPL/C0157/02/950G,Labour,Printer,,0,10,PRINT,PRINT,102 PRINTER OPERATOR,102 Printer Operator,,,1,6,,6,,,,356.05,356.05,59.34167,0,29.67,22.25,17.8,0,69.71,89.96,445.7,605.37
BOX001/103/YPL/C0157/02/950G,BOX001/103/YPL/C0157/02/950G,Machine,Printer,Print,0,10,PRINT,PRINT,102 PRINTER DERI,221 DERITEND,,,1,6,,6,,,,177.99,177.99,29.665,0,29.67,22.25,17.8,0,69.71,89.96,445.7,605.37
BOX001/103/YPL/C0157/02/950G,BOX001/103/YPL/C0157/02/950G,Labour,Diecutter,,0,20,DIE CUTTING,DIE CUTTING,102 DIE CUTTER OPERATOR,102 Die Cutter Operator,,,1,8,,8,,,,136.57,136.57,17.07125,0,29.67,22.25,17.8,0,69.71,89.96,445.7,605.37
BOX001/103/YPL/C0157/02/950G,BOX001/103/YPL/C0157/02/950G,Machine,Diecutter,Die Cut,0,20,DIE CUTTING,DIE CUTTING,101 DIE CUTTER #1,101 Die Cutter #1,,,1,8,,8,,,,177.99,177.99,22.24875,0,29.67,22.25,17.8,0,69.71,89.96,445.7,605.37
BOX001/103/YPL/C0157/02/950G,BOX001/103/YPL/C0157/02/950G,Labour,Folder Gluer,,0,30,FOLDER GLUER,FOLDER GLUER,102 FOLDER GLUER OPERATOR,102 Folder Gluer Operator,,,1,10,,10,,,,135.43,135.43,13.543,0,29.67,22.25,17.8,0,69.71,89.96,445.7,605.37
BOX001/103/YPL/C0157/02/950G,BOX001/103/YPL/C0157/02/950G,Machine,Folder Gluer,Fold Glue,0,30,FOLDER GLUER,FOLDER GLUER,101 FOLDER GLUER OMEGA,101 Folder Gluer Omega,,,1,10,,10,,,,177.99,177.99,17.799,0,29.67,22.25,17.8,0,69.71,89.96,445.7,605.37
BOX001/103/YPL/K0039/01/950G,BOX001/103/YPL/K0039/01/950G,Material,,,0,1,,,0-FACTORY/102/BANDING,BLUE BANDING 102,COIL,0.03,,,,,29.67,0,42.82,,29.67,0.8901,0,0,22.25,17.8,0,40.05,30.61,445.7,516.36
BOX001/103/YPL/K0039/01/950G,BOX001/103/YPL/K0039/01/950G,Material,,,0,2,,,0-FACTORY/102/STDLAYERCARD,0-FACTORY/102/STDLAYERCARD,1000,0.004,,,,,198,0,,,198,0.792,0,0,22.25,17.8,0,40.05,30.61,445.7,516.36
BOX001/103/YPL/K0039/01/950G,BOX001/103/YPL/K0039/01/950G,Material,,,0,3,,,0-FACTORY/102/TOPSHEET,0-TOPSHEET/102/1400mmX1600mm/40MU,Tonne,0.001,,,,,1820,0,1820,,1820,1.82,0,0,22.25,17.8,0,40.05,30.61,445.7,516.36
BOX001/103/YPL/K0039/01/950G,BOX001/103/YPL/K0039/01/950G,Material,,,0,4,,,0-Pallets/102/Std1000x1200,0-Pallets/102/Std1000x1200,1000,0.001,,,,,4950,0,5250,,4950,4.95,0,0,22.25,17.8,0,40.05,30.61,445.7,516.36
BOX001/103/YPL/K0039/01/950G,BOX001/103/YPL/K0039/01/950G,Material,,,0,5,,,BRD001/103/YPL/950G/WW,BOARD1380X890/WK/NW/WPE/950GSM,Tonne,0.572,,,,,750,0,,,750,429,0,0,22.25,17.8,0,40.05,30.61,445.7,516.36
BOX001/103/YPL/K0039/01/950G,BOX001/103/YPL/K0039/01/950G,Material,,,0,6,,,PLASTOMELT9799,PLASTOMELT9799,Tonne,0.003,,,,,2750,0,2518.65105,,2750,8.25,0,0,22.25,17.8,0,40.05,30.61,445.7,516.36
BOX001/103/YPL/K0039/01/950G,BOX001/103/YPL/K0039/01/950G,Labour,Diecutter,,0,20,DIE CUTTING,DIE CUTTING,102 DIE CUTTER OPERATOR,102 Die Cutter Operator,,,1,8,,8,,,,136.57,136.57,17.07125,0,0,22.25,17.8,0,40.05,30.61,445.7,516.36
BOX001/103/YPL/K0039/01/950G,BOX001/103/YPL/K0039/01/950G,Machine,Diecutter,Die Cut,0,20,DIE CUTTING,DIE CUTTING,101 DIE CUTTER #1,101 Die Cutter #1,,,1,8,,8,,,,177.99,177.99,22.24875,0,0,22.25,17.8,0,40.05,30.61,445.7,516.36
BOX001/103/YPL/K0039/01/950G,BOX001/103/YPL/K0039/01/950G,Labour,Folder Gluer,,0,30,FOLDER GLUER,FOLDER GLUER,102 FOLDER GLUER OPERATOR,102 Folder Gluer Operator,,,1,10,,10,,,,135.43,135.43,13.543,0,0,22.25,17.8,0,40.05,30.61,445.7,516.36
BOX001/103/YPL/K0039/01/950G,BOX001/103/YPL/K0039/01/950G,Machine,Folder Gluer,Fold Glue,0,30,FOLDER GLUER,FOLDER GLUER,101 FOLDER GLUER OMEGA,101 Folder Gluer Omega,,,1,10,,10,,,,177.99,177.99,17.799,0,0,22.25,17.8,0,40.05,30.61,445.7,516.36
BOX001/103/YPL/K0039/02/950G,BOX001/103/YPL/K0039/02/950G,Material,,,0,1,,,0-FACTORY/101/BANDING/01,Factory Banding 101,COIL,0.03,,,,,41.39,0,36.2,,41.39,1.2417,0,29.67,22.25,17.8,0,69.71,89.96,1195.9,1355.57
BOX001/103/YPL/K0039/02/950G,BOX001/103/YPL/K0039/02/950G,Material,,,0,2,,,0-FACTORY/101/LAYERCARD,Factory Layercard 101 Testliner 150GSM 1100x930,1000,0.004,,,,,187,0,210,,187,0.748,0,29.67,22.25,17.8,0,69.71,89.96,1195.9,1355.57
BOX001/103/YPL/K0039/02/950G,BOX001/103/YPL/K0039/02/950G,Material,,,0,3,,,0-FACTORY/101/STRETCHWRAP,STRETCHWRAP,Tonne,0.0001,,,,,2440,0,2440,,2440,0.244,0,29.67,22.25,17.8,0,69.71,89.96,1195.9,1355.57
BOX001/103/YPL/K0039/02/950G,BOX001/103/YPL/K0039/02/950G,Material,,,0,4,,,0-PALLETS/101/Std1000x1200,Pallet 1000x1200 101,1000,0.001,,,,,4750,0,4750,,4750,4.75,0,29.67,22.25,17.8,0,69.71,89.96,1195.9,1355.57
BOX001/103/YPL/K0039/02/950G,BOX001/103/YPL/K0039/02/950G,Material,,,0,5,,,0-TOPSHEET/101/1500mmx50UMS,Topsheet 101,Tonne,0.001,,,,,2347,0,1820,,2347,2.347,0,29.67,22.25,17.8,0,69.71,89.96,1195.9,1355.57
BOX001/103/YPL/K0039/02/950G,BOX001/103/YPL/K0039/02/950G,Material,,,0,6,,,BRD001/103/YPL/950G/WW,BOARD1380X890/WK/NW/WPE/950GSM,Tonne,0.572,,,,,750,0,,,750,429,0,29.67,22.25,17.8,0,69.71,89.96,1195.9,1355.57
BOX001/103/YPL/K0039/02/950G,BOX001/103/YPL/K0039/02/950G,Material,,,0,7,,,PLASTOMELT9799,PLASTOMELT9799,Tonne,0.003,,,,,2750,0,2518.65105,,2750,8.25,0,29.67,22.25,17.8,0,69.71,89.96,1195.9,1355.57
BOX001/103/YPL/K0039/02/950G,BOX001/103/YPL/K0039/02/950G,Material,,,0,8,,,PRINT/HPK300002/KR,EURO LID KESBURY RED  590 x 390 x 150 950GSM 675 Per Pallet,1000 Sheet,0.572,,,,,,0,1310,,1310,749.32,0,29.67,22.25,17.8,0,69.71,89.96,1195.9,1355.57
BOX001/103/YPL/K0039/02/950G,BOX001/103/YPL/K0039/02/950G,Labour,Printer,,0,10,PRINT,PRINT,102 PRINTER OPERATOR,102 Printer Operator,,,1,6,,6,,,,356.05,356.05,59.34167,0,29.67,22.25,17.8,0,69.71,89.96,1195.9,1355.57
BOX001/103/YPL/K0039/02/950G,BOX001/103/YPL/K0039/02/950G,Machine,Printer,Print,0,10,PRINT,PRINT,102 PRINTER DERI,221 DERITEND,,,1,6,,6,,,,177.99,177.99,29.665,0,29.67,22.25,17.8,0,69.71,89.96,1195.9,1355.57
BOX001/103/YPL/K0039/02/950G,BOX001/103/YPL/K0039/02/950G,Labour,Diecutter,,0,20,DIE CUTTING,DIE CUTTING,102 DIE CUTTER OPERATOR,102 Die Cutter Operator,,,1,8,,8,,,,136.57,136.57,17.07125,0,29.67,22.25,17.8,0,69.71,89.96,1195.9,1355.57
BOX001/103/YPL/K0039/02/950G,BOX001/103/YPL/K0039/02/950G,Machine,Diecutter,Die Cut,0,20,DIE CUTTING,DIE CUTTING,102 DIE CUTTER #2,332 142E,,,1,8,,8,,,,177.99,177.99,22.24875,0,29.67,22.25,17.8,0,69.71,89.96,1195.9,1355.57
BOX001/103/YPL/K0039/02/950G,BOX001/103/YPL/K0039/02/950G,Labour,Folder Gluer,,0,30,FOLDER GLUER,FOLDER GLUER,102 FOLDER GLUER OPERATOR,102 Folder Gluer Operator,,,1,10,,10,,,,135.43,135.43,13.543,0,29.67,22.25,17.8,0,69.71,89.96,1195.9,1355.57
BOX001/103/YPL/K0039/02/950G,BOX001/103/YPL/K0039/02/950G,Machine,Folder Gluer,Fold Glue,0,30,FOLDER GLUER,FOLDER GLUER,102 FOLDER GLUER #1,552 TRIM1,,,1,10,,10,,,,177.99,177.99,17.799,0,29.67,22.25,17.8,0,69.71,89.96,1195.9,1355.57
BOX001/103/YPL/W0025/03/950G,BOX001/103/YPL/W0025/03/950G,Material,,,0,1,,,0-FACTORY/102/BANDING,BLUE BANDING 102,COIL,0.03,,,,,29.67,0,42.82,,29.67,0.8901,0,29.67,22.25,17.8,0,69.71,89.96,483.34,643.01
BOX001/103/YPL/W0025/03/950G,BOX001/103/YPL/W0025/03/950G,Material,,,0,2,,,0-FACTORY/102/STDLAYERCARD,0-FACTORY/102/STDLAYERCARD,1000,0.004,,,,,198,0,,,198,0.792,0,29.67,22.25,17.8,0,69.71,89.96,483.34,643.01
BOX001/103/YPL/W0025/03/950G,BOX001/103/YPL/W0025/03/950G,Material,,,0,3,,,0-FACTORY/102/TOPSHEET,0-TOPSHEET/102/1400mmX1600mm/40MU,Tonne,0.001,,,,,1820,0,1820,,1820,1.82,0,29.67,22.25,17.8,0,69.71,89.96,483.34,643.01
BOX001/103/YPL/W0025/03/950G,BOX001/103/YPL/W0025/03/950G,Material,,,0,4,,,0-Pallets/102/Std1000x1200,0-Pallets/102/Std1000x1200,1000,0.001,,,,,4950,0,5250,,4950,4.95,0,29.67,22.25,17.8,0,69.71,89.96,483.34,643.01
BOX001/103/YPL/W0025/03/950G,BOX001/103/YPL/W0025/03/950G,Material,,,0,5,,,BRD001/102/YPL/900G/WW,BOARD1380x915/900GSM/WC/TKL.WPE,Tonne,0.5833,,,,,800,0,775,,800,466.64,0,29.67,22.25,17.8,0,69.71,89.96,483.34,643.01
BOX001/103/YPL/W0025/03/950G,BOX001/103/YPL/W0025/03/950G,Material,,,0,6,,,PLASTOMELT9799,PLASTOMELT9799,Tonne,0.003,,,,,2750,0,2518.65105,,2750,8.25,0,29.67,22.25,17.8,0,69.71,89.96,483.34,643.01
BOX001/103/YPL/W0025/03/950G,BOX001/103/YPL/W0025/03/950G,Labour,Printer,,0,10,PRINT,PRINT,102 PRINTER OPERATOR,102 Printer Operator,,,1,6,,6,,,,356.05,356.05,59.34167,0,29.67,22.25,17.8,0,69.71,89.96,483.34,643.01
BOX001/103/YPL/W0025/03/950G,BOX001/103/YPL/W0025/03/950G,Machine,Printer,Print,0,10,PRINT,PRINT,102 PRINTER DERI,221 DERITEND,,,1,6,,6,,,,177.99,177.99,29.665,0,29.67,22.25,17.8,0,69.71,89.96,483.34,643.01
BOX001/103/YPL/W0025/03/950G,BOX001/103/YPL/W0025/03/950G,Labour,Diecutter,,0,20,DIE CUTTING,DIE CUTTING,102 DIE CUTTER OPERATOR,102 Die Cutter Operator,,,1,8,,8,,,,136.57,136.57,17.07125,0,29.67,22.25,17.8,0,69.71,89.96,483.34,643.01
BOX001/103/YPL/W0025/03/950G,BOX001/103/YPL/W0025/03/950G,Machine,Diecutter,Die Cut,0,20,DIE CUTTING,DIE CUTTING,102 DIE CUTTER #2,332 142E,,,1,8,,8,,,,177.99,177.99,22.24875,0,29.67,22.25,17.8,0,69.71,89.96,483.34,643.01
BOX001/103/YPL/W0025/03/950G,BOX001/103/YPL/W0025/03/950G,Labour,Folder Gluer,,0,30,FOLDER GLUER,FOLDER GLUER,102 FOLDER GLUER OPERATOR,102 Folder Gluer Operator,,,1,10,,10,,,,135.43,135.43,13.543,0,29.67,22.25,17.8,0,69.71,89.96,483.34,643.01
BOX001/103/YPL/W0025/03/950G,BOX001/103/YPL/W0025/03/950G,Machine,Folder Gluer,Fold Glue,0,30,FOLDER GLUER,FOLDER GLUER,102 FOLDER GLUER #1,552 TRIM1,,,1,10,,10,,,,177.99,177.99,17.799,0,29.67,22.25,17.8,0,69.71,89.96,483.34,643.01
BOX001/NPBH/900G/1200P,UNPRINTED BASE - NO POLY (HOLES) 576 x 380 x 150mm 900GSM,Material,,,0,0.001,,,0-FACTORY/101/BANDING/01,Factory Banding 101,COIL,0.00012,,,,,41.39,0,36.2,,41.39,0.00497,0,0,44.5,17.8,0,62.3,47.69,341.51,451.49
BOX001/NPBH/900G/1200P,UNPRINTED BASE - NO POLY (HOLES) 576 x 380 x 150mm 900GSM,Material,,,0,0.002,,,0-FACTORY/101/LAYERCARD,Factory Layercard 101 Testliner 150GSM 1100x930,1000,0.00641,,,,,187,0,210,,187,1.19867,0,0,44.5,17.8,0,62.3,47.69,341.51,451.49
BOX001/NPBH/900G/1200P,UNPRINTED BASE - NO POLY (HOLES) 576 x 380 x 150mm 900GSM,Material,,,0,0.003,,,0-FACTORY/101/STRETCHWRAP,STRETCHWRAP,Tonne,0.00045,,,,,2440,0,2440,,2440,1.098,0,0,44.5,17.8,0,62.3,47.69,341.51,451.49
BOX001/NPBH/900G/1200P,UNPRINTED BASE - NO POLY (HOLES) 576 x 380 x 150mm 900GSM,Material,,,0,0.004,,,0-TOPSHEET/101/1400mmx50UMS,Topsheet 101,Tonne,0.0002,,,,,1945,0,,,1945,0.389,0,0,44.5,17.8,0,62.3,47.69,341.51,451.49
BOX001/NPBH/900G/1200P,UNPRINTED BASE - NO POLY (HOLES) 576 x 380 x 150mm 900GSM,Material,,,0,0.005,,,0-PALLETS/101/Std1000x1200,Pallet 1000x1200 101,1000,0.00128,,,,,4750,0,4750,,4750,6.08,0,0,44.5,17.8,0,62.3,47.69,341.51,451.49
BOX001/NPBH/900G/1200P,UNPRINTED BASE - NO POLY (HOLES) 576 x 380 x 150mm 900GSM,Material,,,0,0.006,,,BRD001/NPB/900G/BB,PACKLINE 900 G/M^2 TKLINER / WHITE TESTLINER FSC MIX 70%,Tonne,0.536,,,,,610,0,610,,610,326.96,0,0,44.5,17.8,0,62.3,47.69,341.51,451.49
BOX001/NPBH/900G/1200P,UNPRINTED BASE - NO POLY (HOLES) 576 x 380 x 150mm 900GSM,Material,,,0,0.007,,,PLASTOMELT9799,PLASTOMELT9799,Tonne,0.0021,,,,,2750,0,2518.65105,,2750,5.775,0,0,44.5,17.8,0,62.3,47.69,341.51,451.49
BOX001/NPBH/900G/1200P,UNPRINTED BASE - NO POLY (HOLES) 576 x 380 x 150mm 900GSM,Labour,Diecutter,,0,10,DIE CUTTING,DIE CUTTING,101 Die Cutter Operator,101 Die Cutter Operator,,,1,4,,4,,,,136.57,136.57,34.1425,0,0,44.5,17.8,0,62.3,47.69,341.51,451.49
BOX001/NPBH/900G/1200P,UNPRINTED BASE - NO POLY (HOLES) 576 x 380 x 150mm 900GSM,Machine,Diecutter,Die Cut,0,10,DIE CUTTING,DIE CUTTING,101 Die Cutter #1,101 Die Cutter #1,,,1,4,,4,,,,177.99,177.99,44.4975,0,0,44.5,17.8,0,62.3,47.69,341.51,451.49
BOX001/NPBH/900G/1200P,UNPRINTED BASE - NO POLY (HOLES) 576 x 380 x 150mm 900GSM,Labour,Folder Gluer,,0,20,FOLDER GLUER,FOLDER GLUER,101 Folder Gluer Operator,101 Folder Gluer Operator,,,1,10,,10,,,,135.43,135.43,13.543,0,0,44.5,17.8,0,62.3,47.69,341.51,451.49
BOX001/NPBH/900G/1200P,UNPRINTED BASE - NO POLY (HOLES) 576 x 380 x 150mm 900GSM,Machine,Folder Gluer,Fold Glue,0,20,FOLDER GLUER,FOLDER GLUER,101 Folder Gluer Domino,101 Folder Gluer Domino,,,1,10,,10,,,,177.99,177.99,17.799,0,0,44.5,17.8,0,62.3,47.69,341.51,451.49
BOX001/NPL/A0105/01/1000G,PRINTED LID - ALEC JARRETT ASHDALE 585 x 390 x 150mm,Material,,,0,0.001,,,0-FACTORY/101/BANDING/01,Factory Banding 101,COIL,0.03,,,,,41.39,0,36.2,,41.39,1.2417,0,14.83,22.25,17.8,0,54.88,60.29,418.27,533.44
BOX001/NPL/A0105/01/1000G,PRINTED LID - ALEC JARRETT ASHDALE 585 x 390 x 150mm,Material,,,0,0.002,,,0-FACTORY/101/LAYERCARD,Factory Layercard 101 Testliner 150GSM 1100x930,1000,0.005,,,,,187,0,210,,187,0.935,0,14.83,22.25,17.8,0,54.88,60.29,418.27,533.44
BOX001/NPL/A0105/01/1000G,PRINTED LID - ALEC JARRETT ASHDALE 585 x 390 x 150mm,Material,,,0,0.003,,,0-FACTORY/101/STRETCHWRAP,STRETCHWRAP,Tonne,1e-05,,,,,2440,0,2440,,2440,0.0244,0,14.83,22.25,17.8,0,54.88,60.29,418.27,533.44
BOX001/NPL/A0105/01/1000G,PRINTED LID - ALEC JARRETT ASHDALE 585 x 390 x 150mm,Material,,,0,0.004,,,0-PALLETS/101/Std1000x1200,Pallet 1000x1200 101,1000,0.001,,,,,4750,0,4750,,4750,4.75,0,14.83,22.25,17.8,0,54.88,60.29,418.27,533.44
BOX001/NPL/A0105/01/1000G,PRINTED LID - ALEC JARRETT ASHDALE 585 x 390 x 150mm,Material,,,0,0.005,,,0-TOPSHEET/101/1400mmx50UMS,Topsheet 101,Tonne,1e-05,,,,,1945,0,,,1945,0.01945,0,14.83,22.25,17.8,0,54.88,60.29,418.27,533.44
BOX001/NPL/A0105/01/1000G,PRINTED LID - ALEC JARRETT ASHDALE 585 x 390 x 150mm,Material,,,2,0.006,,,BRD001/NPL/A0105/01/1000G,PRINTED BOARD FOR LID - ALEC JARRETT ASHDALE 585x390x150mm,1000 Sheet,0.5,,,,,,0,,,806.102,403.051,0,14.83,22.25,17.8,0,54.88,60.29,418.27,533.44
BOX001/NPL/A0105/01/1000G,PRINTED LID - ALEC JARRETT ASHDALE 585 x 390 x 150mm,Material,,,0,0.007,,,PLASTOMELT9799,PLASTOMELT9799,Tonne,0.003,,,,,2750,0,2518.65105,,2750,8.25,0,14.83,22.25,17.8,0,54.88,60.29,418.27,533.44
BOX001/NPL/A0105/01/1000G,PRINTED LID - ALEC JARRETT ASHDALE 585 x 390 x 150mm,Rolled Child,,,2,0.007,,,BRD001/NPL/A0105/01/1000G,Rolled Up Child Material,1000 Sheet,0.5,,,,,,,,,806.102,403.051,1,14.83,22.25,17.8,0,54.88,60.29,418.27,533.44
BOX001/NPL/A0105/01/1000G,PRINTED LID - ALEC JARRETT ASHDALE 585 x 390 x 150mm,Rolled Child,,,2,0.008,,,BRD001/NPL/A0105/01/1000G,Rolled Up Child Labour,1000 Sheet,0.5,,,,,,,,,59.34167,29.67084,1,14.83,22.25,17.8,0,54.88,60.29,418.27,533.44
BOX001/NPL/A0105/01/1000G,PRINTED LID - ALEC JARRETT ASHDALE 585 x 390 x 150mm,Rolled Child,Printer,Print,2,0.009,,,BRD001/NPL/A0105/01/1000G,Rolled Up Child Print Machine,1000 Sheet,0.5,,,,,,,,,29.665,14.8325,1,14.83,22.25,17.8,0,54.88,60.29,418.27,533.44
BOX001/NPL/A0105/01/1000G,PRINTED LID - ALEC JARRETT ASHDALE 585 x 390 x 150mm,Labour,Diecutter,,0,10,DIE CUTTING,DIE CUTTING,101 Die Cutter Operator,101 Die Cutter Operator,,,1,8,,8,,,,136.57,136.57,17.07125,0,14.83,22.25,17.8,0,54.88,60.29,418.27,533.44
BOX001/NPL/A0105/01/1000G,PRINTED LID - ALEC JARRETT ASHDALE 585 x 390 x 150mm,Machine,Diecutter,Die Cut,0,10,DIE CUTTING,DIE CUTTING,101 Die Cutter #1,101 Die Cutter #1,,,1,8,,8,,,,177.99,177.99,22.24875,0,14.83,22.25,17.8,0,54.88,60.29,418.27,533.44
BOX001/NPL/A0105/01/1000G,PRINTED LID - ALEC JARRETT ASHDALE 585 x 390 x 150mm,Labour,Folder Gluer,,0,20,FOLDER GLUER,FOLDER GLUER,101 Folder Gluer Operator,101 Folder Gluer Operator,,,1,10,,10,,,,135.43,135.43,13.543,0,14.83,22.25,17.8,0,54.88,60.29,418.27,533.44
BOX001/NPL/A0105/01/1000G,PRINTED LID - ALEC JARRETT ASHDALE 585 x 390 x 150mm,Machine,Folder Gluer,Fold Glue,0,20,FOLDER GLUER,FOLDER GLUER,101 Folder Gluer Domino,101 Folder Gluer Domino,,,1,10,,10,,,,177.99,177.99,17.799,0,14.83,22.25,17.8,0,54.88,60.29,418.27,533.44
BOX001/NPL/A0105/02/1000G,PRINTED LID - ALEC JARRETT IHSAAH EURO LID 585 x 390 x 150mm,Material,,,0,0.001,,,0-FACTORY/101/BANDING/01,Factory Banding 101,COIL,0.03,,,,,41.39,0,36.2,,41.39,1.2417,0,14.83,22.25,17.8,0,54.88,60.29,418.27,533.44
BOX001/NPL/A0105/02/1000G,PRINTED LID - ALEC JARRETT IHSAAH EURO LID 585 x 390 x 150mm,Material,,,0,0.002,,,0-FACTORY/101/LAYERCARD,Factory Layercard 101 Testliner 150GSM 1100x930,1000,0.005,,,,,187,0,210,,187,0.935,0,14.83,22.25,17.8,0,54.88,60.29,418.27,533.44
BOX001/NPL/A0105/02/1000G,PRINTED LID - ALEC JARRETT IHSAAH EURO LID 585 x 390 x 150mm,Material,,,0,0.003,,,0-FACTORY/101/STRETCHWRAP,STRETCHWRAP,Tonne,1e-05,,,,,2440,0,2440,,2440,0.0244,0,14.83,22.25,17.8,0,54.88,60.29,418.27,533.44
BOX001/NPL/A0105/02/1000G,PRINTED LID - ALEC JARRETT IHSAAH EURO LID 585 x 390 x 150mm,Material,,,0,0.004,,,0-PALLETS/101/Std1000x1200,Pallet 1000x1200 101,1000,0.001,,,,,4750,0,4750,,4750,4.75,0,14.83,22.25,17.8,0,54.88,60.29,418.27,533.44
BOX001/NPL/A0105/02/1000G,PRINTED LID - ALEC JARRETT IHSAAH EURO LID 585 x 390 x 150mm,Material,,,0,0.005,,,0-TOPSHEET/101/1400mmx50UMS,Topsheet 101,Tonne,1e-05,,,,,1945,0,,,1945,0.01945,0,14.83,22.25,17.8,0,54.88,60.29,418.27,533.44
BOX001/NPL/A0105/02/1000G,PRINTED LID - ALEC JARRETT IHSAAH EURO LID 585 x 390 x 150mm,Material,,,2,0.006,,,BRD001/NPL/A0105/02/1000G,PRINTED BOARD FOR LID - ALEC JARRETT ISHAAH 585x390x150mm,1000 Sheet,0.5,,,,,,0,,,806.102,403.051,0,14.83,22.25,17.8,0,54.88,60.29,418.27,533.44
BOX001/NPL/A0105/02/1000G,PRINTED LID - ALEC JARRETT IHSAAH EURO LID 585 x 390 x 150mm,Material,,,0,0.007,,,PLASTOMELT9799,PLASTOMELT9799,Tonne,0.003,,,,,2750,0,2518.65105,,2750,8.25,0,14.83,22.25,17.8,0,54.88,60.29,418.27,533.44
BOX001/NPL/A0105/02/1000G,PRINTED LID - ALEC JARRETT IHSAAH EURO LID 585 x 390 x 150mm,Rolled Child,,,2,0.007,,,BRD001/NPL/A0105/02/1000G,Rolled Up Child Material,1000 Sheet,0.5,,,,,,,,,806.102,403.051,1,14.83,22.25,17.8,0,54.88,60.29,418.27,533.44
BOX001/NPL/A0105/02/1000G,PRINTED LID - ALEC JARRETT IHSAAH EURO LID 585 x 390 x 150mm,Rolled Child,,,2,0.008,,,BRD001/NPL/A0105/02/1000G,Rolled Up Child Labour,1000 Sheet,0.5,,,,,,,,,59.34167,29.67084,1,14.83,22.25,17.8,0,54.88,60.29,418.27,533.44
BOX001/NPL/A0105/02/1000G,PRINTED LID - ALEC JARRETT IHSAAH EURO LID 585 x 390 x 150mm,Rolled Child,Printer,Print,2,0.009,,,BRD001/NPL/A0105/02/1000G,Rolled Up Child Print Machine,1000 Sheet,0.5,,,,,,,,,29.665,14.8325,1,14.83,22.25,17.8,0,54.88,60.29,418.27,533.44
BOX001/NPL/A0105/02/1000G,PRINTED LID - ALEC JARRETT IHSAAH EURO LID 585 x 390 x 150mm,Labour,Diecutter,,0,10,DIE CUTTING,DIE CUTTING,101 Die Cutter Operator,101 Die Cutter Operator,,,1,8,,8,,,,136.57,136.57,17.07125,0,14.83,22.25,17.8,0,54.88,60.29,418.27,533.44
BOX001/NPL/A0105/02/1000G,PRINTED LID - ALEC JARRETT IHSAAH EURO LID 585 x 390 x 150mm,Machine,Diecutter,Die Cut,0,10,DIE CUTTING,DIE CUTTING,101 Die Cutter #1,101 Die Cutter #1,,,1,8,,8,,,,177.99,177.99,22.24875,0,14.83,22.25,17.8,0,54.88,60.29,418.27,533.44
BOX001/NPL/A0105/02/1000G,PRINTED LID - ALEC JARRETT IHSAAH EURO LID 585 x 390 x 150mm,Labour,Folder Gluer,,0,20,FOLDER GLUER,FOLDER GLUER,101 Folder Gluer Operator,101 Folder Gluer Operator,,,1,10,,10,,,,135.43,135.43,13.543,0,14.83,22.25,17.8,0,54.88,60.29,418.27,533.44
BOX001/NPL/A0105/02/1000G,PRINTED LID - ALEC JARRETT IHSAAH EURO LID 585 x 390 x 150mm,Machine,Folder Gluer,Fold Glue,0,20,FOLDER GLUER,FOLDER GLUER,101 Folder Gluer Domino,101 Folder Gluer Domino,,,1,10,,10,,,,177.99,177.99,17.799,0,14.83,22.25,17.8,0,54.88,60.29,418.27,533.44
BOX001/NPL/D9999/40/1000G,PRINTED LID - DAWN MEATS WAGYU EURO LID 583x385x156 1000GSM,Material,,,0,0.001,,,0-FACTORY/101/BANDING/01,Factory Banding 101,COIL,0.03,,,,,41.39,0,36.2,,41.39,1.2417,0,14.83,44.5,17.8,0,77.13,77.36,470.26,624.75
BOX001/NPL/D9999/40/1000G,PRINTED LID - DAWN MEATS WAGYU EURO LID 583x385x156 1000GSM,Material,,,0,0.002,,,0-FACTORY/101/LAYERCARD,Factory Layercard 101 Testliner 150GSM 1100x930,1000,0.004,,,,,187,0,210,,187,0.748,0,14.83,44.5,17.8,0,77.13,77.36,470.26,624.75
BOX001/NPL/D9999/40/1000G,PRINTED LID - DAWN MEATS WAGYU EURO LID 583x385x156 1000GSM,Material,,,0,0.003,,,0-FACTORY/101/STRETCHWRAP,STRETCHWRAP,Tonne,0.00032,,,,,2440,0,2440,,2440,0.7808,0,14.83,44.5,17.8,0,77.13,77.36,470.26,624.75
BOX001/NPL/D9999/40/1000G,PRINTED LID - DAWN MEATS WAGYU EURO LID 583x385x156 1000GSM,Material,,,0,0.004,,,0-PALLETS/101/Std1000x1200,Pallet 1000x1200 101,1000,0.001,,,,,4750,0,4750,,4750,4.75,0,14.83,44.5,17.8,0,77.13,77.36,470.26,624.75
BOX001/NPL/D9999/40/1000G,PRINTED LID - DAWN MEATS WAGYU EURO LID 583x385x156 1000GSM,Material,,,0,0.005,,,0-TOPSHEET/101/1400mmx50UMS,Topsheet 101,Tonne,0.001,,,,,1945,0,,,1945,1.945,0,14.83,44.5,17.8,0,77.13,77.36,470.26,624.75
BOX001/NPL/D9999/40/1000G,PRINTED LID - DAWN MEATS WAGYU EURO LID 583x385x156 1000GSM,Material,,,2,0.006,,,BRD001/NPL/D9999/40/1000G/WW,PRINTED BOARD FOR LID - DAWN MEATS WAGYU 583x385x156mm,1000 Sheet,0.5,,,,,,0,,,905.09665,452.54833,0,14.83,44.5,17.8,0,77.13,77.36,470.26,624.75
BOX001/NPL/D9999/40/1000G,PRINTED LID - DAWN MEATS WAGYU EURO LID 583x385x156 1000GSM,Material,,,0,0.007,,,PLASTOMELT9799,PLASTOMELT9799,Tonne,0.003,,,,,2750,0,2518.65105,,2750,8.25,0,14.83,44.5,17.8,0,77.13,77.36,470.26,624.75
BOX001/NPL/D9999/40/1000G,PRINTED LID - DAWN MEATS WAGYU EURO LID 583x385x156 1000GSM,Rolled Child,,,2,0.007,,,BRD001/NPL/D9999/40/1000G/WW,Rolled Up Child Material,1000 Sheet,0.5,,,,,,,,,905.09665,452.54833,1,14.83,44.5,17.8,0,77.13,77.36,470.26,624.75
BOX001/NPL/D9999/40/1000G,PRINTED LID - DAWN MEATS WAGYU EURO LID 583x385x156 1000GSM,Rolled Child,,,2,0.008,,,BRD001/NPL/D9999/40/1000G/WW,Rolled Up Child Labour,1000 Sheet,0.5,,,,,,,,,59.34167,29.67084,1,14.83,44.5,17.8,0,77.13,77.36,470.26,624.75
BOX001/NPL/D9999/40/1000G,PRINTED LID - DAWN MEATS WAGYU EURO LID 583x385x156 1000GSM,Rolled Child,Printer,Print,2,0.009,,,BRD001/NPL/D9999/40/1000G/WW,Rolled Up Child Print Machine,1000 Sheet,0.5,,,,,,,,,29.665,14.8325,1,14.83,44.5,17.8,0,77.13,77.36,470.26,624.75
BOX001/NPL/D9999/40/1000G,PRINTED LID - DAWN MEATS WAGYU EURO LID 583x385x156 1000GSM,Labour,Diecutter,,0,10,DIE CUTTING,DIE CUTTING,101 Die Cutter Operator,101 Die Cutter Operator,,,1,4,,4,,,,136.57,136.57,34.1425,0,14.83,44.5,17.8,0,77.13,77.36,470.26,624.75
BOX001/NPL/D9999/40/1000G,PRINTED LID - DAWN MEATS WAGYU EURO LID 583x385x156 1000GSM,Machine,Diecutter,Die Cut,0,10,DIE CUTTING,DIE CUTTING,101 Die Cutter #1,101 Die Cutter #1,,,1,4,,4,,,,177.99,177.99,44.4975,0,14.83,44.5,17.8,0,77.13,77.36,470.26,624.75
BOX001/NPL/D9999/40/1000G,PRINTED LID - DAWN MEATS WAGYU EURO LID 583x385x156 1000GSM,Labour,Folder Gluer,,0,20,FOLDER GLUER,FOLDER GLUER,101 Folder Gluer Operator,101 Folder Gluer Operator,,,1,10,,10,,,,135.43,135.43,13.543,0,14.83,44.5,17.8,0,77.13,77.36,470.26,624.75
BOX001/NPL/D9999/40/1000G,PRINTED LID - DAWN MEATS WAGYU EURO LID 583x385x156 1000GSM,Machine,Folder Gluer,Fold Glue,0,20,FOLDER GLUER,FOLDER GLUER,101 Folder Gluer Domino,101 Folder Gluer Domino,,,1,10,,10,,,,177.99,177.99,17.799,0,14.83,44.5,17.8,0,77.13,77.36,470.26,624.75
BOX001/NPL/D9999/41/1000G,PRINTED LID - PREMIUM BUTCHER ORGANIC BIO EURO 583x385x156,Material,,,0,0.001,,,0-FACTORY/101/BANDING/01,Factory Banding 101,COIL,0.03,,,,,41.39,0,36.2,,41.39,1.2417,0,14.83,22.25,17.8,0,54.88,60.29,456.15,571.32
BOX001/NPL/D9999/41/1000G,PRINTED LID - PREMIUM BUTCHER ORGANIC BIO EURO 583x385x156,Material,,,0,0.002,,,0-FACTORY/101/LAYERCARD,Factory Layercard 101 Testliner 150GSM 1100x930,1000,0.004,,,,,187,0,210,,187,0.748,0,14.83,22.25,17.8,0,54.88,60.29,456.15,571.32
BOX001/NPL/D9999/41/1000G,PRINTED LID - PREMIUM BUTCHER ORGANIC BIO EURO 583x385x156,Material,,,0,0.003,,,0-PALLETS/101/Std1000x1200,Pallet 1000x1200 101,1000,0.00075,,,,,4750,0,4750,,4750,3.5625,0,14.83,22.25,17.8,0,54.88,60.29,456.15,571.32
BOX001/NPL/D9999/41/1000G,PRINTED LID - PREMIUM BUTCHER ORGANIC BIO EURO 583x385x156,Material,,,0,0.004,,,0-TOPSHEET/101/1400mmx50UMS,Topsheet 101,Tonne,0.001,,,,,1945,0,,,1945,1.945,0,14.83,22.25,17.8,0,54.88,60.29,456.15,571.32
BOX001/NPL/D9999/41/1000G,PRINTED LID - PREMIUM BUTCHER ORGANIC BIO EURO 583x385x156,Material,,,2,0.005,,,BRD001/NPL/D9999/41/1000G,PRINTED BOARD FOR LID - PREMIUM BUTCHER ORGANIC BIO NO POLY,1000,0.5,,,,,,0,,,880.8116,440.4058,0,14.83,22.25,17.8,0,54.88,60.29,456.15,571.32
BOX001/NPL/D9999/41/1000G,PRINTED LID - PREMIUM BUTCHER ORGANIC BIO EURO 583x385x156,Material,,,0,0.006,,,PLASTOMELT9799,PLASTOMELT9799,Tonne,0.003,,,,,2750,0,2518.65105,,2750,8.25,0,14.83,22.25,17.8,0,54.88,60.29,456.15,571.32
BOX001/NPL/D9999/41/1000G,PRINTED LID - PREMIUM BUTCHER ORGANIC BIO EURO 583x385x156,Rolled Child,,,2,0.006,,,BRD001/NPL/D9999/41/1000G,Rolled Up Child Material,1000,0.5,,,,,,,,,880.8116,440.4058,1,14.83,22.25,17.8,0,54.88,60.29,456.15,571.32
BOX001/NPL/D9999/41/1000G,PRINTED LID - PREMIUM BUTCHER ORGANIC BIO EURO 583x385x156,Rolled Child,,,2,0.007,,,BRD001/NPL/D9999/41/1000G,Rolled Up Child Labour,1000,0.5,,,,,,,,,59.34167,29.67084,1,14.83,22.25,17.8,0,54.88,60.29,456.15,571.32
BOX001/NPL/D9999/41/1000G,PRINTED LID - PREMIUM BUTCHER ORGANIC BIO EURO 583x385x156,Rolled Child,Printer,Print,2,0.008,,,BRD001/NPL/D9999/41/1000G,Rolled Up Child Print Machine,1000,0.5,,,,,,,,,29.665,14.8325,1,14.83,22.25,17.8,0,54.88,60.29,456.15,571.32
BOX001/NPL/D9999/41/1000G,PRINTED LID - PREMIUM BUTCHER ORGANIC BIO EURO 583x385x156,Labour,Diecutter,,0,10,DIE CUTTING,DIE CUTTING,101 Die Cutter Operator,101 Die Cutter Operator,,,1,8,,8,,,,136.57,136.57,17.07125,0,14.83,22.25,17.8,0,54.88,60.29,456.15,571.32
BOX001/NPL/D9999/41/1000G,PRINTED LID - PREMIUM BUTCHER ORGANIC BIO EURO 583x385x156,Machine,Diecutter,Die Cut,0,10,DIE CUTTING,DIE CUTTING,101 Die Cutter #1,101 Die Cutter #1,,,1,8,,8,,,,177.99,177.99,22.24875,0,14.83,22.25,17.8,0,54.88,60.29,456.15,571.32
BOX001/NPL/D9999/41/1000G,PRINTED LID - PREMIUM BUTCHER ORGANIC BIO EURO 583x385x156,Labour,Folder Gluer,,0,20,FOLDER GLUER,FOLDER GLUER,101 Folder Gluer Operator,101 Folder Gluer Operator,,,1,10,,10,,,,135.43,135.43,13.543,0,14.83,22.25,17.8,0,54.88,60.29,456.15,571.32
BOX001/NPL/D9999/41/1000G,PRINTED LID - PREMIUM BUTCHER ORGANIC BIO EURO 583x385x156,Machine,Folder Gluer,Fold Glue,0,20,FOLDER GLUER,FOLDER GLUER,101 Folder Gluer Domino,101 Folder Gluer Domino,,,1,10,,10,,,,177.99,177.99,17.799,0,14.83,22.25,17.8,0,54.88,60.29,456.15,571.32
BOX001/NPL/F0029/01/1000G,PRINTED LID - EURO LID FARMERS BOY 585x390x150 1000G 1000P,Material,,,0,0.001,,,0-FACTORY/101/BANDING/01,Factory Banding 101,COIL,0.003,,,,,41.39,0,36.2,,41.39,0.12417,0,14.83,44.5,58.67,0,118,108.46,482.9,709.36
BOX001/NPL/F0029/01/1000G,PRINTED LID - EURO LID FARMERS BOY 585x390x150 1000G 1000P,Material,,,0,0.002,,,0-FACTORY/101/LAYERCARD,Factory Layercard 101 Testliner 150GSM 1100x930,1000,0.0004,,,,,187,0,210,,187,0.0748,0,14.83,44.5,58.67,0,118,108.46,482.9,709.36
BOX001/NPL/F0029/01/1000G,PRINTED LID - EURO LID FARMERS BOY 585x390x150 1000G 1000P,Material,,,0,0.003,,,0-FACTORY/101/STRETCHWRAP,STRETCHWRAP,Tonne,1e-05,,,,,2440,0,2440,,2440,0.0244,0,14.83,44.5,58.67,0,118,108.46,482.9,709.36
BOX001/NPL/F0029/01/1000G,PRINTED LID - EURO LID FARMERS BOY 585x390x150 1000G 1000P,Material,,,0,0.004,,,0-TOPSHEET/101/1500mmx50UMS,Topsheet 101,Tonne,0.001,,,,,2347,0,1820,,2347,2.347,0,14.83,44.5,58.67,0,118,108.46,482.9,709.36
BOX001/NPL/F0029/01/1000G,PRINTED LID - EURO LID FARMERS BOY 585x390x150 1000G 1000P,Material,,,0,0.005,,,0-PALLETS/101/Std1000x1200,Pallet 1000x1200 101,1000,0.001,,,,,4750,0,4750,,4750,4.75,0,14.83,44.5,58.67,0,118,108.46,482.9,709.36
BOX001/NPL/F0029/01/1000G,PRINTED LID - EURO LID FARMERS BOY 585x390x150 1000G 1000P,Material,,,2,0.006,,,BRD001/NPL/F0029/01/1000G/WW,PRINTED BRD - EURO LID FARMERS BOY 585x390x150 1000G 1000P,1000 Sheet,0.5,,,,,,0,,,951,475.5,0,14.83,44.5,58.67,0,118,108.46,482.9,709.36
BOX001/NPL/F0029/01/1000G,PRINTED LID - EURO LID FARMERS BOY 585x390x150 1000G 1000P,Material,,,0,0.007,,,PLASTOMELT9799,PLASTOMELT9799,Tonne,3e-05,,,,,2750,0,2518.65105,,2750,0.0825,0,14.83,44.5,58.67,0,118,108.46,482.9,709.36
BOX001/NPL/F0029/01/1000G,PRINTED LID - EURO LID FARMERS BOY 585x390x150 1000G 1000P,Rolled Child,,,2,0.007,,,BRD001/NPL/F0029/01/1000G/WW,Rolled Up Child Material,1000 Sheet,0.5,,,,,,,,,951,475.5,1,14.83,44.5,58.67,0,118,108.46,482.9,709.36
BOX001/NPL/F0029/01/1000G,PRINTED LID - EURO LID FARMERS BOY 585x390x150 1000G 1000P,Rolled Child,,,2,0.008,,,BRD001/NPL/F0029/01/1000G/WW,Rolled Up Child Labour,1000 Sheet,0.5,,,,,,,,,59.34167,29.67084,1,14.83,44.5,58.67,0,118,108.46,482.9,709.36
BOX001/NPL/F0029/01/1000G,PRINTED LID - EURO LID FARMERS BOY 585x390x150 1000G 1000P,Rolled Child,Printer,Print,2,0.009,,,BRD001/NPL/F0029/01/1000G/WW,Rolled Up Child Print Machine,1000 Sheet,0.5,,,,,,,,,29.665,14.8325,1,14.83,44.5,58.67,0,118,108.46,482.9,709.36
BOX001/NPL/F0029/01/1000G,PRINTED LID - EURO LID FARMERS BOY 585x390x150 1000G 1000P,Labour,Diecutter,,0,10,DIE CUTTING,DIE CUTTING,101 Die Cutter Operator,101 Die Cutter Operator,,,1,8,3.999975,3.999975,,,,136.57,136.57,34.14271,0,14.83,44.5,58.67,0,118,108.46,482.9,709.36
BOX001/NPL/F0029/01/1000G,PRINTED LID - EURO LID FARMERS BOY 585x390x150 1000G 1000P,Machine,Diecutter,Die Cut,0,10,DIE CUTTING,DIE CUTTING,101 Die Cutter #1,101 Die Cutter #1,,,1,8,3.999975,3.999975,,,,177.99,177.99,44.49778,0,14.83,44.5,58.67,0,118,108.46,482.9,709.36
BOX001/NPL/F0029/01/1000G,PRINTED LID - EURO LID FARMERS BOY 585x390x150 1000G 1000P,Labour,Folder Gluer,,0,20,FOLDER GLUER,FOLDER GLUER,101 Folder Gluer Operator,101 Folder Gluer Operator,,,1,10,3.033673,3.033673,,,,135.43,135.43,44.64225,0,14.83,44.5,58.67,0,118,108.46,482.9,709.36
BOX001/NPL/F0029/01/1000G,PRINTED LID - EURO LID FARMERS BOY 585x390x150 1000G 1000P,Machine,Folder Gluer,Fold Glue,0,20,FOLDER GLUER,FOLDER GLUER,101 Folder Gluer Domino,101 Folder Gluer Domino,,,1,10,3.033673,3.033673,,,,177.99,177.99,58.67145,0,14.83,44.5,58.67,0,118,108.46,482.9,709.36
BOX001/NPL/L0024/01/1000G,PRINTED LID - LAKE DISTRICT FARMERS PTD NON POLY LID,Material,,,0,0.001,,,0-FACTORY/101/BANDING/01,Factory Banding 101,COIL,0.03,,,,,41.39,0,36.2,,41.39,1.2417,0,29.67,87.14,91.25,0,208.06,195.64,1004.15,1407.84
BOX001/NPL/L0024/01/1000G,PRINTED LID - LAKE DISTRICT FARMERS PTD NON POLY LID,Material,,,0,0.001,,,0-FACTORY/101/BANDING/01,Factory Banding 101,COIL,0.03,,,,,41.39,0,36.2,,41.39,1.2417,0,29.67,87.14,91.25,0,208.06,195.64,1004.15,1407.84
BOX001/NPL/L0024/01/1000G,PRINTED LID - LAKE DISTRICT FARMERS PTD NON POLY LID,Material,,,0,0.002,,,0-FACTORY/101/LAYERCARD,Factory Layercard 101 Testliner 150GSM 1100x930,1000,0.005,,,,,187,0,210,,187,0.935,0,29.67,87.14,91.25,0,208.06,195.64,1004.15,1407.84
BOX001/NPL/L0024/01/1000G,PRINTED LID - LAKE DISTRICT FARMERS PTD NON POLY LID,Material,,,0,0.002,,,0-FACTORY/101/LAYERCARD,Factory Layercard 101 Testliner 150GSM 1100x930,1000,0.005,,,,,187,0,210,,187,0.935,0,29.67,87.14,91.25,0,208.06,195.64,1004.15,1407.84
BOX001/NPL/L0024/01/1000G,PRINTED LID - LAKE DISTRICT FARMERS PTD NON POLY LID,Material,,,0,0.003,,,0-FACTORY/101/STRETCHWRAP,STRETCHWRAP,Tonne,1e-05,,,,,2440,0,2440,,2440,0.0244,0,29.67,87.14,91.25,0,208.06,195.64,1004.15,1407.84
BOX001/NPL/L0024/01/1000G,PRINTED LID - LAKE DISTRICT FARMERS PTD NON POLY LID,Material,,,0,0.003,,,0-FACTORY/101/STRETCHWRAP,STRETCHWRAP,Tonne,1e-05,,,,,2440,0,2440,,2440,0.0244,0,29.67,87.14,91.25,0,208.06,195.64,1004.15,1407.84
BOX001/NPL/L0024/01/1000G,PRINTED LID - LAKE DISTRICT FARMERS PTD NON POLY LID,Material,,,0,0.004,,,0-PALLETS/101/Std1000x1200,Pallet 1000x1200 101,1000,0.001,,,,,4750,0,4750,,4750,4.75,0,29.67,87.14,91.25,0,208.06,195.64,1004.15,1407.84
BOX001/NPL/L0024/01/1000G,PRINTED LID - LAKE DISTRICT FARMERS PTD NON POLY LID,Material,,,0,0.004,,,0-PALLETS/101/Std1000x1200,Pallet 1000x1200 101,1000,0.001,,,,,4750,0,4750,,4750,4.75,0,29.67,87.14,91.25,0,208.06,195.64,1004.15,1407.84
BOX001/NPL/L0024/01/1000G,PRINTED LID - LAKE DISTRICT FARMERS PTD NON POLY LID,Material,,,0,0.005,,,0-TOPSHEET/101/1400mmx50UMS,Topsheet 101,Tonne,1e-05,,,,,1945,0,,,1945,0.01945,0,29.67,87.14,91.25,0,208.06,195.64,1004.15,1407.84
BOX001/NPL/L0024/01/1000G,PRINTED LID - LAKE DISTRICT FARMERS PTD NON POLY LID,Material,,,0,0.005,,,0-TOPSHEET/101/1400mmx50UMS,Topsheet 101,Tonne,1e-05,,,,,1945,0,,,1945,0.01945,0,29.67,87.14,91.25,0,208.06,195.64,1004.15,1407.84
BOX001/NPL/L0024/01/1000G,PRINTED LID - LAKE DISTRICT FARMERS PTD NON POLY LID,Material,,,2,0.006,,,BRD001/NPL/L0024/01/1000G/WB,PRINTED BOARD FOR LID -  LAKE DISTRICT FARMERS EURO PTD LID,1000 Sheet,0.5,,,,,,0,,,973.70668,486.85334,0,29.67,87.14,91.25,0,208.06,195.64,1004.15,1407.84
BOX001/NPL/L0024/01/1000G,PRINTED LID - LAKE DISTRICT FARMERS PTD NON POLY LID,Material,,,2,0.006,,,BRD001/NPL/L0024/01/1000G/WB,PRINTED BOARD FOR LID -  LAKE DISTRICT FARMERS EURO PTD LID,1000 Sheet,0.5,,,,,,0,,,973.70668,486.85334,0,29.67,87.14,91.25,0,208.06,195.64,1004.15,1407.84
BOX001/NPL/L0024/01/1000G,PRINTED LID - LAKE DISTRICT FARMERS PTD NON POLY LID,Material,,,0,0.007,,,PLASTOMELT9799,PLASTOMELT9799,Tonne,0.003,,,,,2750,0,2518.65105,,2750,8.25,0,29.67,87.14,91.25,0,208.06,195.64,1004.15,1407.84
BOX001/NPL/L0024/01/1000G,PRINTED LID - LAKE DISTRICT FARMERS PTD NON POLY LID,Material,,,0,0.007,,,PLASTOMELT9799,PLASTOMELT9799,Tonne,0.003,,,,,2750,0,2518.65105,,2750,8.25,0,29.67,87.14,91.25,0,208.06,195.64,1004.15,1407.84
BOX001/NPL/L0024/01/1000G,PRINTED LID - LAKE DISTRICT FARMERS PTD NON POLY LID,Rolled Child,,,2,0.007,,,BRD001/NPL/L0024/01/1000G/WB,Rolled Up Child Material,1000 Sheet,0.5,,,,,,,,,973.70668,486.85334,1,29.67,87.14,91.25,0,208.06,195.64,1004.15,1407.84
BOX001/NPL/L0024/01/1000G,PRINTED LID - LAKE DISTRICT FARMERS PTD NON POLY LID,Rolled Child,,,2,0.007,,,BRD001/NPL/L0024/01/1000G/WB,Rolled Up Child Material,1000 Sheet,0.5,,,,,,,,,973.70668,486.85334,1,29.67,87.14,91.25,0,208.06,195.64,1004.15,1407.84
BOX001/NPL/L0024/01/1000G,PRINTED LID - LAKE DISTRICT FARMERS PTD NON POLY LID,Rolled Child,,,2,0.008,,,BRD001/NPL/L0024/01/1000G/WB,Rolled Up Child Labour,1000 Sheet,0.5,,,,,,,,,165.02208,82.51104,1,29.67,87.14,91.25,0,208.06,195.64,1004.15,1407.84
BOX001/NPL/L0024/01/1000G,PRINTED LID - LAKE DISTRICT FARMERS PTD NON POLY LID,Rolled Child,,,2,0.008,,,BRD001/NPL/L0024/01/1000G/WB,Rolled Up Child Labour,1000 Sheet,0.5,,,,,,,,,165.02208,82.51104,1,29.67,87.14,91.25,0,208.06,195.64,1004.15,1407.84
BOX001/NPL/L0024/01/1000G,PRINTED LID - LAKE DISTRICT FARMERS PTD NON POLY LID,Rolled Child,Printer,Print,2,0.009,,,BRD001/NPL/L0024/01/1000G/WB,Rolled Up Child Print Machine,1000 Sheet,0.5,,,,,,,,,29.665,14.8325,1,29.67,87.14,91.25,0,208.06,195.64,1004.15,1407.84
BOX001/NPL/L0024/01/1000G,PRINTED LID - LAKE DISTRICT FARMERS PTD NON POLY LID,Rolled Child,Printer,Print,2,0.009,,,BRD001/NPL/L0024/01/1000G/WB,Rolled Up Child Print Machine,1000 Sheet,0.5,,,,,,,,,29.665,14.8325,1,29.67,87.14,91.25,0,208.06,195.64,1004.15,1407.84
BOX001/NPL/L0024/01/1000G,PRINTED LID - LAKE DISTRICT FARMERS PTD NON POLY LID,Rolled Child,Diecutter,Die Cut,2,0.01,,,BRD001/NPL/L0024/01/1000G/WB,Rolled Up Child Die Cut Machine,1000 Sheet,0.5,,,,,,,,,64.89376,32.44688,1,29.67,87.14,91.25,0,208.06,195.64,1004.15,1407.84
BOX001/NPL/L0024/01/1000G,PRINTED LID - LAKE DISTRICT FARMERS PTD NON POLY LID,Rolled Child,Diecutter,Die Cut,2,0.01,,,BRD001/NPL/L0024/01/1000G/WB,Rolled Up Child Die Cut Machine,1000 Sheet,0.5,,,,,,,,,64.89376,32.44688,1,29.67,87.14,91.25,0,208.06,195.64,1004.15,1407.84
BOX001/NPL/L0024/01/1000G,PRINTED LID - LAKE DISTRICT FARMERS PTD NON POLY LID,Rolled Child,Folder Gluer,Fold Glue,2,0.011,,,BRD001/NPL/L0024/01/1000G/WB,Rolled Up Child Fold Glue Machine,1000 Sheet,0.5,,,,,,,,,73.45134,36.72567,1,29.67,87.14,91.25,0,208.06,195.64,1004.15,1407.84
BOX001/NPL/L0024/01/1000G,PRINTED LID - LAKE DISTRICT FARMERS PTD NON POLY LID,Rolled Child,Folder Gluer,Fold Glue,2,0.011,,,BRD001/NPL/L0024/01/1000G/WB,Rolled Up Child Fold Glue Machine,1000 Sheet,0.5,,,,,,,,,73.45134,36.72567,1,29.67,87.14,91.25,0,208.06,195.64,1004.15,1407.84
BOX001/NPL/L0024/01/1000G,PRINTED LID - LAKE DISTRICT FARMERS PTD NON POLY LID,Labour,Diecutter,,0,10,DIE CUTTING,DIE CUTTING,101 Die Cutter Operator,101 Die Cutter Operator,,,1,8,,8,,,,136.57,136.57,17.07125,0,29.67,87.14,91.25,0,208.06,195.64,1004.15,1407.84
BOX001/NPL/L0024/01/1000G,PRINTED LID - LAKE DISTRICT FARMERS PTD NON POLY LID,Machine,Diecutter,Die Cut,0,10,DIE CUTTING,DIE CUTTING,101 Die Cutter #1,101 Die Cutter #1,,,1,8,,8,,,,177.99,177.99,22.24875,0,29.67,87.14,91.25,0,208.06,195.64,1004.15,1407.84
BOX001/NPL/L0024/01/1000G,PRINTED LID - LAKE DISTRICT FARMERS PTD NON POLY LID,Labour,Folder Gluer,,0,20,FOLDER GLUER,FOLDER GLUER,101 Folder Gluer Operator,101 Folder Gluer Operator,,,1,10,,10,,,,135.43,135.43,13.543,0,29.67,87.14,91.25,0,208.06,195.64,1004.15,1407.84
BOX001/NPL/L0024/01/1000G,PRINTED LID - LAKE DISTRICT FARMERS PTD NON POLY LID,Machine,Folder Gluer,Fold Glue,0,20,FOLDER GLUER,FOLDER GLUER,101 Folder Gluer Domino,101 Folder Gluer Domino,,,1,10,,10,,,,177.99,177.99,17.799,0,29.67,87.14,91.25,0,208.06,195.64,1004.15,1407.84
BOX001/NPLH/900G/1200P,UNPRINTED LID - NO POLY (HOLES) 585 x 390 x 150mm 900GSM,Material,,,0,0.001,,,0-FACTORY/101/BANDING/01,Factory Banding 101,COIL,0.00012,,,,,41.39,0,36.2,,41.39,0.00497,0,0,22.25,17.8,0,40.05,30.61,379.41,450.08
BOX001/NPLH/900G/1200P,UNPRINTED LID - NO POLY (HOLES) 585 x 390 x 150mm 900GSM,Material,,,0,0.002,,,0-FACTORY/101/LAYERCARD,Factory Layercard 101 Testliner 150GSM 1100x930,1000,0.00641,,,,,187,0,210,,187,1.19867,0,0,22.25,17.8,0,40.05,30.61,379.41,450.08
BOX001/NPLH/900G/1200P,UNPRINTED LID - NO POLY (HOLES) 585 x 390 x 150mm 900GSM,Material,,,0,0.003,,,0-FACTORY/101/STRETCHWRAP,STRETCHWRAP,Tonne,0.00045,,,,,2440,0,2440,,2440,1.098,0,0,22.25,17.8,0,40.05,30.61,379.41,450.08
BOX001/NPLH/900G/1200P,UNPRINTED LID - NO POLY (HOLES) 585 x 390 x 150mm 900GSM,Material,,,0,0.004,,,0-TOPSHEET/101/1400mmx50UMS,Topsheet 101,Tonne,0.0002,,,,,1945,0,,,1945,0.389,0,0,22.25,17.8,0,40.05,30.61,379.41,450.08
BOX001/NPLH/900G/1200P,UNPRINTED LID - NO POLY (HOLES) 585 x 390 x 150mm 900GSM,Material,,,0,0.005,,,0-PALLETS/101/Std1000x1200,Pallet 1000x1200 101,1000,0.00128,,,,,4750,0,4750,,4750,6.08,0,0,22.25,17.8,0,40.05,30.61,379.41,450.08
BOX001/NPLH/900G/1200P,UNPRINTED LID - NO POLY (HOLES) 585 x 390 x 150mm 900GSM,Material,,,0,0.006,,,BRD001/NPL/900G/WB,PACKLINE 900 G/M^2 WHITE TESTLINER / TKLINER FSC MIX 70%,Tonne,0.5495,,,,,664,0,664,,664,364.868,0,0,22.25,17.8,0,40.05,30.61,379.41,450.08
BOX001/NPLH/900G/1200P,UNPRINTED LID - NO POLY (HOLES) 585 x 390 x 150mm 900GSM,Material,,,0,0.007,,,PLASTOMELT9799,PLASTOMELT9799,Tonne,0.0021,,,,,2750,0,2518.65105,,2750,5.775,0,0,22.25,17.8,0,40.05,30.61,379.41,450.08
BOX001/NPLH/900G/1200P,UNPRINTED LID - NO POLY (HOLES) 585 x 390 x 150mm 900GSM,Labour,Diecutter,,0,10,DIE CUTTING,DIE CUTTING,101 Die Cutter Operator,101 Die Cutter Operator,,,1,8,,8,,,,136.57,136.57,17.07125,0,0,22.25,17.8,0,40.05,30.61,379.41,450.08
BOX001/NPLH/900G/1200P,UNPRINTED LID - NO POLY (HOLES) 585 x 390 x 150mm 900GSM,Machine,Diecutter,Die Cut,0,10,DIE CUTTING,DIE CUTTING,101 Die Cutter #1,101 Die Cutter #1,,,1,8,,8,,,,177.99,177.99,22.24875,0,0,22.25,17.8,0,40.05,30.61,379.41,450.08
BOX001/NPLH/900G/1200P,UNPRINTED LID - NO POLY (HOLES) 585 x 390 x 150mm 900GSM,Labour,Folder Gluer,,0,20,FOLDER GLUER,FOLDER GLUER,101 Folder Gluer Operator,101 Folder Gluer Operator,,,1,10,,10,,,,135.43,135.43,13.543,0,0,22.25,17.8,0,40.05,30.61,379.41,450.08
BOX001/NPLH/900G/1200P,UNPRINTED LID - NO POLY (HOLES) 585 x 390 x 150mm 900GSM,Machine,Folder Gluer,Fold Glue,0,20,FOLDER GLUER,FOLDER GLUER,101 Folder Gluer Domino,101 Folder Gluer Domino,,,1,10,,10,,,,177.99,177.99,17.799,0,0,22.25,17.8,0,40.05,30.61,379.41,450.08
BOX001/YPL/R0086/01/1000G,PRINTED LID - RITTER FRESH 585mm x 390mm x 150mm 1000GSM,Material,,,2,0.001,,,BRD001/YPL/R0086/01/1000G/WW,PRINTED BRD - RITTER FRESH 585mm x 390mm x 150mm 1000G,1000 Sheet,0.5,,,,,,0,,,930.905,465.4525,0,14.83,22.25,17.8,0,54.88,60.29,480.23,595.39
BOX001/YPL/R0086/01/1000G,PRINTED LID - RITTER FRESH 585mm x 390mm x 150mm 1000GSM,Rolled Child,,,2,0.002,,,BRD001/YPL/R0086/01/1000G/WW,Rolled Up Child Material,1000 Sheet,0.5,,,,,,,,,930.905,465.4525,1,14.83,22.25,17.8,0,54.88,60.29,480.23,595.39
BOX001/YPL/R0086/01/1000G,PRINTED LID - RITTER FRESH 585mm x 390mm x 150mm 1000GSM,Material,,,0,0.003,,,0-FACTORY/101/BANDING/01,Factory Banding 101,COIL,0.003,,,,,41.39,0,36.2,,41.39,0.12417,0,14.83,22.25,17.8,0,54.88,60.29,480.23,595.39
BOX001/YPL/R0086/01/1000G,PRINTED LID - RITTER FRESH 585mm x 390mm x 150mm 1000GSM,Rolled Child,,,2,0.003,,,BRD001/YPL/R0086/01/1000G/WW,Rolled Up Child Labour,1000 Sheet,0.5,,,,,,,,,59.34167,29.67084,1,14.83,22.25,17.8,0,54.88,60.29,480.23,595.39
BOX001/YPL/R0086/01/1000G,PRINTED LID - RITTER FRESH 585mm x 390mm x 150mm 1000GSM,Material,,,0,0.004,,,0-FACTORY/101/LAYERCARD,Factory Layercard 101 Testliner 150GSM 1100x930,1000,0.04,,,,,187,0,210,,187,7.48,0,14.83,22.25,17.8,0,54.88,60.29,480.23,595.39
BOX001/YPL/R0086/01/1000G,PRINTED LID - RITTER FRESH 585mm x 390mm x 150mm 1000GSM,Rolled Child,Printer,Print,2,0.004,,,BRD001/YPL/R0086/01/1000G/WW,Rolled Up Child Print Machine,1000 Sheet,0.5,,,,,,,,,29.665,14.8325,1,14.83,22.25,17.8,0,54.88,60.29,480.23,595.39
BOX001/YPL/R0086/01/1000G,PRINTED LID - RITTER FRESH 585mm x 390mm x 150mm 1000GSM,Material,,,0,0.005,,,0-FACTORY/101/STRETCHWRAP,STRETCHWRAP,Tonne,3e-05,,,,,2440,0,2440,,2440,0.0732,0,14.83,22.25,17.8,0,54.88,60.29,480.23,595.39
BOX001/YPL/R0086/01/1000G,PRINTED LID - RITTER FRESH 585mm x 390mm x 150mm 1000GSM,Material,,,0,0.006,,,0-TOPSHEET/101/1500mmx50UMS,Topsheet 101,Tonne,0.001,,,,,2347,0,1820,,2347,2.347,0,14.83,22.25,17.8,0,54.88,60.29,480.23,595.39
BOX001/YPL/R0086/01/1000G,PRINTED LID - RITTER FRESH 585mm x 390mm x 150mm 1000GSM,Material,,,0,0.007,,,0-PALLETS/101/Std1000x1200,Pallet 1000x1200 101,1000,0.001,,,,,4750,0,4750,,4750,4.75,0,14.83,22.25,17.8,0,54.88,60.29,480.23,595.39
BOX001/YPL/R0086/01/1000G,PRINTED LID - RITTER FRESH 585mm x 390mm x 150mm 1000GSM,Labour,Diecutter,,0,10,DIE CUTTING,DIE CUTTING,101 Die Cutter Operator,101 Die Cutter Operator,,,1,8,,8,,,,136.57,136.57,17.07125,0,14.83,22.25,17.8,0,54.88,60.29,480.23,595.39
BOX001/YPL/R0086/01/1000G,PRINTED LID - RITTER FRESH 585mm x 390mm x 150mm 1000GSM,Machine,Diecutter,Die Cut,0,10,DIE CUTTING,DIE CUTTING,101 Die Cutter #1,101 Die Cutter #1,,,1,8,,8,,,,177.99,177.99,22.24875,0,14.83,22.25,17.8,0,54.88,60.29,480.23,595.39
BOX001/YPL/R0086/01/1000G,PRINTED LID - RITTER FRESH 585mm x 390mm x 150mm 1000GSM,Labour,Folder Gluer,,0,20,FOLDER GLUER,FOLDER GLUER,101 Folder Gluer Operator,101 Folder Gluer Operator,,,1,10,,10,,,,135.43,135.43,13.543,0,14.83,22.25,17.8,0,54.88,60.29,480.23,595.39
BOX001/YPL/R0086/01/1000G,PRINTED LID - RITTER FRESH 585mm x 390mm x 150mm 1000GSM,Machine,Folder Gluer,Fold Glue,0,20,FOLDER GLUER,FOLDER GLUER,101 Folder Gluer Domino,101 Folder Gluer Domino,,,1,10,,10,,,,177.99,177.99,17.799,0,14.83,22.25,17.8,0,54.88,60.29,480.23,595.39
BOX001/YPL/T0089/01/1000G,PRINTED LID - THOMPSON W/SALE MEAT 2020 590mm x 390mm x 148m,Material,,,0,0.001,,,0-FACTORY/101/BANDING/01,Factory Banding 101,COIL,0.00011,,,,,41.39,0,36.2,,41.39,0.00455,0,14.83,41.68,51.94,0,108.46,101.18,475.37,685.01
BOX001/YPL/T0089/01/1000G,PRINTED LID - THOMPSON W/SALE MEAT 2020 590mm x 390mm x 148m,Material,,,0,0.002,,,0-FACTORY/101/LAYERCARD,Factory Layercard 101 Testliner 150GSM 1100x930,1000,0.00267,,,,,187,0,210,,187,0.49929,0,14.83,41.68,51.94,0,108.46,101.18,475.37,685.01
BOX001/YPL/T0089/01/1000G,PRINTED LID - THOMPSON W/SALE MEAT 2020 590mm x 390mm x 148m,Material,,,0,0.003,,,0-FACTORY/101/STRETCHWRAP,STRETCHWRAP,Tonne,0.00032,,,,,2440,0,2440,,2440,0.7808,0,14.83,41.68,51.94,0,108.46,101.18,475.37,685.01
BOX001/YPL/T0089/01/1000G,PRINTED LID - THOMPSON W/SALE MEAT 2020 590mm x 390mm x 148m,Material,,,0,0.004,,,0-TOPSHEET/101/1500mmx50UMS,Topsheet 101,Tonne,0.00014,,,,,2347,0,1820,,2347,0.32858,0,14.83,41.68,51.94,0,108.46,101.18,475.37,685.01
BOX001/YPL/T0089/01/1000G,PRINTED LID - THOMPSON W/SALE MEAT 2020 590mm x 390mm x 148m,Material,,,0,0.005,,,0-PALLETS/101/Std1000x1200,Pallet 1000x1200 101,1000,0.00089,,,,,4750,0,4750,,4750,4.2275,0,14.83,41.68,51.94,0,108.46,101.18,475.37,685.01
BOX001/YPL/T0089/01/1000G,PRINTED LID - THOMPSON W/SALE MEAT 2020 590mm x 390mm x 148m,Material,,,2,0.008,,,BRD001/YPL/T0089/01/1000G/WB,PRINTED BRD - THOMPSON W/SALE MEAT 2020 590x390x148,1000,0.5,,,,,,0,,,927.5145,463.75725,0,14.83,41.68,51.94,0,108.46,101.18,475.37,685.01
BOX001/YPL/T0089/01/1000G,PRINTED LID - THOMPSON W/SALE MEAT 2020 590mm x 390mm x 148m,Material,,,0,0.009,,,PLASTOMELT9799,PLASTOMELT9799,Tonne,0.0021,,,,,2750,0,2518.65105,,2750,5.775,0,14.83,41.68,51.94,0,108.46,101.18,475.37,685.01
BOX001/YPL/T0089/01/1000G,PRINTED LID - THOMPSON W/SALE MEAT 2020 590mm x 390mm x 148m,Rolled Child,,,2,0.009,,,BRD001/YPL/T0089/01/1000G/WB,Rolled Up Child Material,1000,0.5,,,,,,,,,927.5145,463.75725,1,14.83,41.68,51.94,0,108.46,101.18,475.37,685.01
BOX001/YPL/T0089/01/1000G,PRINTED LID - THOMPSON W/SALE MEAT 2020 590mm x 390mm x 148m,Rolled Child,,,2,0.01,,,BRD001/YPL/T0089/01/1000G/WB,Rolled Up Child Labour,1000,0.5,,,,,,,,,59.34167,29.67084,1,14.83,41.68,51.94,0,108.46,101.18,475.37,685.01
BOX001/YPL/T0089/01/1000G,PRINTED LID - THOMPSON W/SALE MEAT 2020 590mm x 390mm x 148m,Rolled Child,Printer,Print,2,0.011,,,BRD001/YPL/T0089/01/1000G/WB,Rolled Up Child Print Machine,1000,0.5,,,,,,,,,29.665,14.8325,1,14.83,41.68,51.94,0,108.46,101.18,475.37,685.01
BOX001/YPL/T0089/01/1000G,PRINTED LID - THOMPSON W/SALE MEAT 2020 590mm x 390mm x 148m,Labour,Diecutter,,0,10,DIE CUTTING,DIE CUTTING,101 Die Cutter Operator,101 Die Cutter Operator,,,1,8,4.270022,4.270022,,,,136.57,136.57,31.98344,0,14.83,41.68,51.94,0,108.46,101.18,475.37,685.01
BOX001/YPL/T0089/01/1000G,PRINTED LID - THOMPSON W/SALE MEAT 2020 590mm x 390mm x 148m,Machine,Diecutter,Die Cut,0,10,DIE CUTTING,DIE CUTTING,101 Die Cutter #1,101 Die Cutter #1,,,1,8,4.270022,4.270022,,,,177.99,177.99,41.68363,0,14.83,41.68,51.94,0,108.46,101.18,475.37,685.01
BOX001/YPL/T0089/01/1000G,PRINTED LID - THOMPSON W/SALE MEAT 2020 590mm x 390mm x 148m,Labour,Folder Gluer,,0,20,FOLDER GLUER,FOLDER GLUER,101 Folder Gluer Operator,101 Folder Gluer Operator,,,1,10,3.426628,3.426628,,,,135.43,135.43,39.52282,0,14.83,41.68,51.94,0,108.46,101.18,475.37,685.01
BOX001/YPL/T0089/01/1000G,PRINTED LID - THOMPSON W/SALE MEAT 2020 590mm x 390mm x 148m,Machine,Folder Gluer,Fold Glue,0,20,FOLDER GLUER,FOLDER GLUER,101 Folder Gluer Domino,101 Folder Gluer Domino,,,1,10,3.426628,3.426628,,,,177.99,177.99,51.94319,0,14.83,41.68,51.94,0,108.46,101.18,475.37,685.01
