item_code,materials_cost_per_1000,board_item_code,board_article_code,board_price_per_tonne,board_price_period,board_price_source,board_tonnes_per_1000,board_cost_per_1000,other_components_cost_per_1000,material_cost_source,machine_hours_per_1000,machine_time_source
0-FACTORY/102/EUROLAYERCARD,805.8819,,,0.0,,No BOM board component,0.0,0.0,805.8819,Automatic board and BOM component calculation,1.0,BOM operation speeds
0-SAMPLES,742.3309,BRD001/103/YPL/950G/WB,,736.3309,,BOM material fallback (machine/labour removed),1.0,736.3309,6.0,Automatic board and BOM component calculation,0.125,BOM operation speeds
BOX001/101/LPB/1000G/1240P,488.2616,BRD001/101/LPB/1000G/BW,4-15614,794.0,Apr-26,Mill price: article code,0.596,473.224,15.0376,Automatic board and BOM component calculation,0.375958,BOM operation speeds
BOX001/101/LPB/1250G/1000P,609.3775,BRD001/101/LPB/1250G/WW,4-15357,809.0,Apr-26,Mill price: article code,0.73466,594.3399,15.0376,Automatic board and BOM component calculation,0.307187,BOM operation speeds
BOX001/101/NPB/1050G/1000P,381.3808,BRD001/101/NPB/1050G/BB,4-15264,615.0,Apr-26,Mill price: article code,0.59568,366.3432,15.0376,Automatic board and BOM component calculation,0.324358,BOM operation speeds
BOX001/101/NPBH/1000G/1000P,378.5976,BRD001/101/NPB/1000G/BB,4-15443,610.0,Apr-26,Mill price: article code,0.596,363.56,15.0376,Automatic board and BOM component calculation,0.319356,BOM operation speeds
BOX001/101/NPL/1000G/1000P,420.5092,BRD001/101/NPL/1000G/WB,4-15244,664.0,Apr-26,Mill price: article code,0.61065,405.4716,15.0376,Automatic board and BOM component calculation,0.346343,BOM operation speeds
BOX001/101/NPL/D9999/01/1000G,457.5815,BRD001/103/NPL/1000G/WW,4-15867/SHT222226,706.0,Apr-26,Mill price: article code,0.6238,440.4028,17.1787,Automatic board and BOM component calculation,0.391667,BOM operation speeds
BOX001/101/NPL/D9999/02/1000G,468.8396,BRD001/NPL/D9999/01/1000G/WW,4-15867/SHT222226,706.0,Apr-26,Mill price: unique size/GSM,0.6486,457.9116,10.928,Automatic board and BOM component calculation,0.552632,BOM operation speeds plus rolled-child machine time
BOX001/101/NPL/D9999/03/1000G,470.4397,BRD001/NPL/D9999/02/1000G/WW,4-15867/SHT222226,706.0,Apr-26,Mill price: article code,0.6486,457.9116,12.5281,Automatic board and BOM component calculation,0.599585,BOM operation speeds plus rolled-child machine time
BOX001/101/NPL/D9999/04/1000G,516.441,BRD001/NPL/D9999/04/1000G/BB,,801.1203,,BOM material fallback (machine/labour removed),0.6238,499.7389,16.7021,Automatic board and BOM component calculation,0.478245,BOM operation speeds plus rolled-child machine time
BOX001/101/NPL/D9999/10/950G,418.2637,BRD001/NPL/D9999/10/950G/WW,,667.2914,,BOM material fallback (machine/labour removed),0.600827,400.927,17.3367,Automatic board and BOM component calculation,0.308333,BOM operation speeds plus rolled-child machine time
BOX001/101/NPL/D9999/11/950G,420.7096,BRD001/NPL/D9999/11/950G/WW,,671.3622,,BOM material fallback (machine/labour removed),0.600827,403.3729,17.3367,Automatic board and BOM component calculation,0.476236,BOM operation speeds plus rolled-child machine time
BOX001/101/NPL/D9999/12/1000G,475.2483,BRD001/NPL/D9999/12/1000G/WW,4-15867/SHT222226,706.0,Apr-26,Mill price: unique size/GSM,0.6486,457.9116,17.3367,Automatic board and BOM component calculation,0.758667,BOM operation speeds plus rolled-child machine time
BOX001/101/NPL/D9999/14/1000G,474.8463,BRD001/NPL/D9999/14/1000G/WW,4-15867/SHT222226,706.0,Apr-26,Mill price: article code,0.6486,457.9116,16.9347,Automatic board and BOM component calculation,0.512071,BOM operation speeds plus rolled-child machine time
BOX001/101/NPL/D9999/15/1000G,458.7708,BRD001/NPL/D9999/15/1000G/BB,,884.1373,,BOM material fallback (machine/labour removed),0.5,442.0687,16.7021,Automatic board and BOM component calculation,0.471289,BOM operation speeds plus rolled-child machine time
BOX001/101/NPL/D9999/16/950G,384.7438,BRD001/NPL/D9999/16/950G/WW,,611.5017,,BOM material fallback (machine/labour removed),0.600827,367.4071,17.3367,Automatic board and BOM component calculation,0.484374,BOM operation speeds plus rolled-child machine time
BOX001/101/NPL/D9999/22/1000G,475.4923,BRD001/NPL/D9999/22/1000G/WW,4-15867/SHT222226,706.0,Apr-26,Mill price: unique size/GSM,0.6486,457.9116,17.5807,Automatic board and BOM component calculation,0.645599,BOM operation speeds plus rolled-child machine time
BOX001/101/NPL/D9999/26/1000G,474.8463,BRD001/NPL/D9999/26/1000G/WW,4-15867/SHT222226,706.0,Apr-26,Mill price: unique size/GSM,0.6486,457.9116,16.9347,Automatic board and BOM component calculation,0.619298,BOM operation speeds plus rolled-child machine time
BOX001/101/NPL/D9999/29/1000G,474.6137,BRD001/NPL/D9999/29/1000G/WW,4-15867/SHT222226,706.0,Apr-26,Mill price: unique size/GSM,0.6486,457.9116,16.7021,Automatic board and BOM component calculation,0.591511,BOM operation speeds plus rolled-child machine time
BOX001/101/NPL/D9999/30/1000G,474.6137,BRD001/NPL/D9999/30/1000G/WW,4-15867/SHT222226,706.0,Apr-26,Mill price: article code,0.6486,457.9116,16.7021,Automatic board and BOM component calculation,0.550131,BOM operation speeds plus rolled-child machine time
BOX001/101/NPL/D9999/32/1000G,474.6137,BRD001/NPL/D9999/32/1000G/WW,4-15867/SHT222226,706.0,Apr-26,Mill price: unique size/GSM,0.6486,457.9116,16.7021,Automatic board and BOM component calculation,0.569329,BOM operation speeds plus rolled-child machine time
BOX001/101/NPL/D9999/37/1000G,474.8463,BRD001/NPL/D9999/37/1000G/WW,4-15867/SHT222226,706.0,Apr-26,Mill price: unique size/GSM,0.6486,457.9116,16.9347,Automatic board and BOM component calculation,0.308333,BOM operation speeds plus rolled-child machine time
BOX001/101/NPL/D9999/38/1000G,474.8463,BRD001/NPL/D9999/38/1000G/WW,4-15867/SHT222226,706.0,Apr-26,Mill price: unique size/GSM,0.6486,457.9116,16.9347,Automatic board and BOM component calculation,0.560859,BOM operation speeds plus rolled-child machine time
BOX001/101/NPL/D9999/39/1000G,474.6137,BRD001/NPL/D9999/39/1000G/WW,4-15867/SHT222226,706.0,Apr-26,Mill price: article code,0.6486,457.9116,16.7021,Automatic board and BOM component calculation,0.477213,BOM operation speeds
BOX001/101/NPL/H0063/01/900G,333.7857,BRD001/NPL/H0063/01/900G/WB,,556.9176,,BOM material fallback (machine/labour removed),0.568215,316.449,17.3367,Automatic board and BOM component calculation,0.439818,BOM operation speeds plus rolled-child machine time
BOX001/101/NPL/H0063/02/900G,348.9439,BRD001/NPL/H0063/02/900G/WB,,603.3774,,BOM material fallback (machine/labour removed),0.549585,331.6072,17.3367,Automatic board and BOM component calculation,0.439292,BOM operation speeds plus rolled-child machine time
BOX001/101/NPL/R0069/01/1000G,420.5092,BRD001/NPL/R0069/01/1000G/WW,4-15244,664.0,Apr-26,Mill price: article code,0.61065,405.4716,15.0376,Automatic board and BOM component calculation,0.083333,BOM operation speeds plus rolled-child machine time
BOX001/101/NPL/S0297/01/950G,379.7504,BRD001/NPL/S0297/01/1000G/WB,,724.3393,,BOM material fallback (machine/labour removed),0.5,362.1697,17.5807,Automatic board and BOM component calculation,0.433712,BOM operation speeds plus rolled-child machine time
BOX001/101/NPLH/1000G/1000P,420.5092,BRD001/101/NPL/1000G/WB,4-15244,664.0,Apr-26,Mill price: article code,0.61065,405.4716,15.0376,Automatic board and BOM component calculation,0.70156,BOM operation speeds
BOX001/101/NPLH/1000G/750P,400.1576,BRD001/101/NPL/1000G/WB,4-15244,664.0,Apr-26,Mill price: article code,0.58,385.12,15.0376,Automatic board and BOM component calculation,0.225,BOM operation speeds
BOX001/101/NPLH/B0070/01/1000G,407.0276,BRD001/NPLH/B0070/01/1000G/WW,,3417.4789,,BOM material fallback (machine/labour removed),0.114075,389.8489,17.1787,Automatic board and BOM component calculation,0.308333,BOM operation speeds plus rolled-child machine time
BOX001/101/YPB/1000G/1000P,448.3948,BRD001/101/YPB/1000G/BW,4-15844,730.0,Apr-26,Mill price: article code,0.59364,433.3572,15.0376,Automatic board and BOM component calculation,0.350779,BOM operation speeds
BOX001/101/YPB/1000G/1250P,449.884,BRD001/101/YPB/1000G/BW,4-15844,730.0,Apr-26,Mill price: article code,0.59568,434.8464,15.0376,Automatic board and BOM component calculation,0.327613,BOM operation speeds
BOX001/101/YPB/1250G/1000P,557.7847,BRD001/101/YPB/1250G/BW,4-15312,727.0,Apr-26,Mill price: article code,0.7463,542.5601,15.2246,Automatic board and BOM component calculation,0.387686,BOM operation speeds
BOX001/101/YPL/1000G/1000P,481.2306,BRD001/101/YPL/1000G/WW,4-15320,763.0,Apr-26,Mill price: article code,0.611,466.193,15.0376,Automatic board and BOM component calculation,0.648915,BOM operation speeds
BOX001/101/YPL/1000G/1250P,488.4677,BRD001/101/YPL/1000G/WW,4-15320,763.0,Apr-26,Mill price: article code,0.62024,473.2431,15.2246,Automatic board and BOM component calculation,0.31811,BOM operation speeds
BOX001/101/YPL/A0005/01/1000G,481.1505,BRD001/YPL/A0005/01/1000G/WW,4-15320,763.0,Apr-26,Mill price: article code,0.61065,465.926,15.2246,Automatic board and BOM component calculation,0.623029,BOM operation speeds plus rolled-child machine time
BOX001/101/YPL/A0166/02/1000G,433.0471,BRD001/YPL/A0166/02/1000G/WW,,712.8419,,BOM material fallback (machine/labour removed),0.583395,415.8684,17.1787,Automatic board and BOM component calculation,0.623103,BOM operation speeds plus rolled-child machine time
BOX001/101/YPL/A9999/01/950G,497.5967,BRD001/YPL/A9999/07/950G/WW,4-15880/SHT222229,800.0,Apr-26,Mill price: article code,0.600827,480.662,16.9347,Automatic board and BOM component calculation,0.50586,BOM operation speeds plus rolled-child machine time
BOX001/101/YPL/A9999/02/1000G,408.3838,BRD001/YPL/A9999/02/1000G/WW,,620.0192,,BOM material fallback (machine/labour removed),0.63135,391.4491,16.9347,Automatic board and BOM component calculation,0.772723,BOM operation speeds plus rolled-child machine time
BOX001/101/YPL/B0143/02/1000G,482.1193,BRD001/YPL/B0143/02/1000G/WW,4-15320,763.0,Apr-26,Mill price: article code,0.61065,465.926,16.1934,Automatic board and BOM component calculation,0.555618,BOM operation speeds plus rolled-child machine time
BOX001/101/YPL/B0182/01/950G,445.7021,,,0.0,,No BOM board component,0.0,0.0,445.7021,Automatic board and BOM component calculation,0.616667,BOM operation speeds plus rolled-child machine time
BOX001/101/YPL/B0182/03/950G,288.3283,BRD001/YPL/B0182/03/950G/WW,4-14411,662.0,Apr-26,Mill price: article code,0.409316,270.9672,17.3611,Automatic board and BOM component calculation,0.48423,BOM operation speeds plus rolled-child machine time
BOX001/101/YPL/B0197/01/1000G,481.1505,BRD001/101/YPL/B0197/01/WW,4-15320,763.0,Apr-26,Mill price: article code,0.61065,465.926,15.2246,Automatic board and BOM component calculation,0.308333,BOM operation speeds plus rolled-child machine time
BOX001/101/YPL/C0004/01/1000G,401.4905,BRD001/YPL/C0004/01/1000G/BW,,632.5487,,BOM material fallback (machine/labour removed),0.61065,386.2659,15.2246,Automatic board and BOM component calculation,0.413929,BOM operation speeds plus rolled-child machine time
BOX001/101/YPL/C0157/02/1000G,482.6281,BRD001/YPL/C0157/02/1000G/WW,4-15320,763.0,Apr-26,Mill price: article code,0.61065,465.926,16.7021,Automatic board and BOM component calculation,0.5,BOM operation speeds plus rolled-child machine time
BOX001/101/YPL/D9999/03/950G,420.4614,BRD001/YPL/D9999/03/950G/WB,,672.7883,,BOM material fallback (machine/labour removed),0.599782,403.5267,16.9347,Automatic board and BOM component calculation,0.586741,BOM operation speeds plus rolled-child machine time
BOX001/101/YPL/D9999/04/950G,426.4964,BRD001/YPL/D9999/04/950G/WB,,682.8503,,BOM material fallback (machine/labour removed),0.599782,409.5617,16.9347,Automatic board and BOM component calculation,0.308333,BOM operation speeds plus rolled-child machine time
BOX001/101/YPL/F0055/01/950G,470.0723,BRD001/YPL/F0055/01/950G/WW,4-16795/SHT300002,780.0,Apr-26,Mill price: article code,0.580117,452.4916,17.5807,Automatic board and BOM component calculation,0.6273,BOM operation speeds plus rolled-child machine time
BOX001/101/YPL/G0101/05/950G,449.5057,BRD001/101/YPL/950G/WW,,750.0,,BOM material fallback (machine/labour removed),0.5759,431.925,17.5807,Automatic board and BOM component calculation,0.391667,BOM operation speeds
BOX001/101/YPL/J0003/01/1000G,283.3902,BRD001/YPL/J0003/01/1000G/WW,4-16971,664.0,Apr-26,Mill price: article code,0.404146,268.3527,15.0376,Automatic board and BOM component calculation,0.225,BOM operation speeds
BOX001/101/YPL/L0024/01/1000G,269.95,BRD001/YPL/L0024/01/1000G/WW,4-08411,763.0,Apr-26,Mill price: article code,0.314188,239.7254,30.2246,Automatic board and BOM component calculation,0.554181,BOM operation speeds plus rolled-child machine time
BOX001/101/YPL/M0001/01/1000G,485.895,BRD001/YPL/M0001/01/1000G/WW,4-15320,763.0,Apr-26,Mill price: article code,0.6141,468.5583,17.3367,Automatic board and BOM component calculation,0.275,BOM operation speeds plus rolled-child machine time
BOX001/101/YPL/M0115/02/1000G,439.6173,BRD001/YPL/M0115/02/1000G/WW,,669.4901,,BOM material fallback (machine/labour removed),0.63135,422.6826,16.9347,Automatic board and BOM component calculation,0.369048,BOM operation speeds plus rolled-child machine time
BOX001/101/YPL/M0170/01/1000G,392.0204,BRD001/YPL/M0170/01/1000G/WW,,596.8097,,BOM material fallback (machine/labour removed),0.63135,376.7958,15.2246,Automatic board and BOM component calculation,0.896275,BOM operation speeds plus rolled-child machine time
BOX001/101/YPL/P0167/01/1000G,356.4185,BRD001/YPL/P0167/01/1000G/WW,,584.842,,BOM material fallback (machine/labour removed),0.583395,341.1939,15.2246,Automatic board and BOM component calculation,1.031915,BOM operation speeds plus rolled-child machine time
BOX001/101/YPL/R0013/02/1000G,436.2664,BRD001/YPL/R0013/02/1000G/WW,,686.6972,,BOM material fallback (machine/labour removed),0.61065,419.3317,16.9347,Automatic board and BOM component calculation,0.619674,BOM operation speeds plus rolled-child machine time
BOX001/101/YPL/R0026/01/950G,534.8718,BRD001/YPL/R0026/01/950G/WB,4-15320,763.0,Apr-26,Mill price: article code,0.681058,519.6472,15.2246,Automatic board and BOM component calculation,0.508386,BOM operation speeds plus rolled-child machine time
BOX001/101/YPL/R0038/01/1000G,481.1505,BRD001/102/YPL/R0038/01/WW,4-15320,763.0,Apr-26,Mill price: article code,0.61065,465.926,15.2246,Automatic board and BOM component calculation,0.599592,BOM operation speeds plus rolled-child machine time
BOX001/101/YPL/S0275/01/1000G,481.1505,BRD001/101/YPL/S0275/01/WW,4-15320,763.0,Apr-26,Mill price: article code,0.61065,465.926,15.2246,Automatic board and BOM component calculation,0.543003,BOM operation speeds plus rolled-child machine time
BOX001/101/YPL/S0275/02/1000G,506.1505,BRD001/101/YPL/S0275/02/WW,4-15320,763.0,Apr-26,Mill price: article code,0.61065,465.926,40.2246,Automatic board and BOM component calculation,0.083333,BOM operation speeds plus rolled-child machine time
BOX001/101/YPL/S0275/03/1000G,481.1505,BRD001/YPL/S0275/03/1000G/WW,4-15320,763.0,Apr-26,Mill price: article code,0.61065,465.926,15.2246,Automatic board and BOM component calculation,0.965234,BOM operation speeds plus rolled-child machine time
BOX001/101/YPL/S0275/04/1000G,481.1505,BRD001/102/YPL/S0275/04/WW,4-15320,763.0,Apr-26,Mill price: article code,0.61065,465.926,15.2246,Automatic board and BOM component calculation,0.545541,BOM operation speeds plus rolled-child machine time
BOX001/101/YPL/T0030/01/1000G,481.1505,BRD001/101/YPL/T0030/01/1000G,4-15320,763.0,Apr-26,Mill price: article code,0.61065,465.926,15.2246,Automatic board and BOM component calculation,0.543437,BOM operation speeds plus rolled-child machine time
BOX001/101/YPL/T0042/01/1000G,468.5485,BRD001/101/YPL/T0042/01/1000G,,901.9355,,BOM material fallback (machine/labour removed),0.5,450.9678,17.5807,Automatic board and BOM component calculation,0.423677,BOM operation speeds plus rolled-child machine time
BOX001/101/YPL/W0075/01/950G,498.2427,BRD001/YPL/W0075/01/950G/WW,4-15880/SHT222229,800.0,Apr-26,Mill price: article code,0.600827,480.662,17.5807,Automatic board and BOM component calculation,0.730712,BOM operation speeds plus rolled-child machine time
BOX001/101/YPL/W0075/02/950G,216.4487,BRD001/YPL/W0075/02/950G/WW,4-13922,647.0,Apr-26,Mill price: article code,0.307369,198.868,17.5807,Automatic board and BOM component calculation,0.719138,BOM operation speeds plus rolled-child machine time
BOX001/101/YPL/W0075/03/950G,457.1519,BRD001/YPL/W0075/03/950G/WW,,731.6096,,BOM material fallback (machine/labour removed),0.600827,439.5712,17.5807,Automatic board and BOM component calculation,0.849185,BOM operation speeds plus rolled-child machine time
BOX001/101/YPL/W0075/05/950G,456.7479,BRD001/YPL/W0075/05/950G/WW,,4105.0613,,BOM material fallback (machine/labour removed),0.106982,439.1672,17.5807,Automatic board and BOM component calculation,0.577368,BOM operation speeds plus rolled-child machine time
BOX001/101/YPL/W0083/01/900G,409.2574,BRD001/YPL/W0083/01/900G/WW,,689.3108,,BOM material fallback (machine/labour removed),0.568215,391.6767,17.5807,Automatic board and BOM component calculation,0.566792,BOM operation speeds plus rolled-child machine time
BOX001/101/YPL/W0083/02/900G,429.2839,BRD001/YPL/W0083/02/900G/WW,,724.5554,,BOM material fallback (machine/labour removed),0.568215,411.7032,17.5807,Automatic board and BOM component calculation,0.498602,BOM operation speeds plus rolled-child machine time
BOX001/101/YPL/Y0010/01/1000G,480.276,BRD001/YPL/Y0010/01/1000G/WW,4-15320,763.0,Apr-26,Mill price: article code,0.61065,465.926,14.35,Automatic board and BOM component calculation,0.777101,BOM operation speeds plus rolled-child machine time
BOX001/102/DWB/1000G/510P(2),539.7106,BRD001/102/DWB/1000G/BB,4-13921,610.0,Apr-26,Mill price: article code,0.8624,526.064,13.6466,Automatic board and BOM component calculation,1.359025,BOM operation speeds
BOX001/102/DWB/1000G/540P,572.4616,BRD001/103/NPB/1000G/BB(4),4-17151,610.0,Apr-26,Mill price: article code,0.9083,554.063,18.3986,Automatic board and BOM component calculation,0.683456,BOM operation speeds
BOX001/102/DWB/1000G/600P,543.0101,BRD001/103/NPB/1000G/BB,4-16799,610.0,Apr-26,Mill price: article code,0.8624,526.064,16.9461,Automatic board and BOM component calculation,0.416667,BOM operation speeds
BOX001/102/DWB/1250G/680P,869.902,BRD001/103/DWB/1250G/BW,4-16241/SHT201247,727.0,Apr-26,Mill price: article code,1.17359,853.1999,16.7021,Automatic board and BOM component calculation,0.416667,BOM operation speeds
BOX001/102/DWB/900G/680P,478.0823,BRD001/102/DWB/900G/BB,,610.0,,BOM material fallback (machine/labour removed),0.76137,464.4357,13.6466,Automatic board and BOM component calculation,0.845561,BOM operation speeds
BOX001/102/DWBH/1000G/540P,572.4616,BRD001/103/NPB/1000G/BB(4),4-17151,610.0,Apr-26,Mill price: article code,0.9083,554.063,18.3986,Automatic board and BOM component calculation,0.699104,BOM operation speeds
BOX001/102/DWBH/900G/680P,478.0823,BRD001/102/DWB/900G/BB,,610.0,,BOM material fallback (machine/labour removed),0.76137,464.4357,13.6466,Automatic board and BOM component calculation,0.0,No BOM machine-time profile
BOX001/102/LPB/1000G/1120P,487.0056,BRD001/102/LPB/1000G/BB,4-13906,794.0,Apr-26,Mill price: article code,0.59617,473.359,13.6466,Automatic board and BOM component calculation,0.575728,BOM operation speeds
BOX001/102/LPB/1000G/560P,591.0,,,0.0,,No BOM board component,0.0,0.0,591.0,Automatic board and BOM component calculation,0.0,No BOM machine-time profile
BOX001/102/LPB/1100G/1080P,551.4287,BRD001/103/YPB/1100G/WW(2),4-17008,817.0,Apr-26,Mill price: article code,0.65824,537.7821,13.6466,Automatic board and BOM component calculation,0.300648,BOM operation speeds
BOX001/102/LPB/1100G/1215P,551.4287,BRD001/103/YPB/1100G/WW(2),4-17008,817.0,Apr-26,Mill price: article code,0.65824,537.7821,13.6466,Automatic board and BOM component calculation,0.225,BOM operation speeds
BOX001/102/LPB/1250G/1000P,620.2205,BRD001/102/LPB/1250G/WB,4-13904,809.0,Apr-26,Mill price: article code,0.748,605.132,15.0885,Automatic board and BOM component calculation,0.289557,BOM operation speeds
BOX001/102/LPB/1250G/690P,625.7475,BRD001/102/LPB/1250G/WB,4-13904,809.0,Apr-26,Mill price: article code,0.748,605.132,20.6155,Automatic board and BOM component calculation,0.0,No BOM machine-time profile
BOX001/102/LPB/1250G/920P,620.523,BRD001/102/LPB/1250G/WB,4-13904,809.0,Apr-26,Mill price: article code,0.748,605.132,15.391,Automatic board and BOM component calculation,0.45,BOM operation speeds
BOX001/102/NPB/1000G/1120P,376.1041,BRD001/102/NPB/1000G/BB,4-15889,610.0,Apr-26,Mill price: article code,0.5984,365.024,11.0801,Automatic board and BOM component calculation,0.448204,BOM operation speeds
BOX001/102/NPB/1250G/600P,487.224,BRD001/102/NPB/1250G/BB,4-11258,626.0,Apr-26,Mill price: article code,0.748,468.248,18.976,Automatic board and BOM component calculation,0.370235,BOM operation speeds
BOX001/102/NPL/1000G/1120P,414.6661,BRD001/102/NPL/1000G/WB,4-06431,664.0,Apr-26,Mill price: article code,0.6078,403.5792,11.0869,Automatic board and BOM component calculation,0.401902,BOM operation speeds
BOX001/102/NPL/1250G/600P,521.9937,BRD001/102/NPL/1250G/WB (2),4-11287,662.0,Apr-26,Mill price: article code,0.75975,502.9545,19.0392,Automatic board and BOM component calculation,0.376025,BOM operation speeds
BOX001/102/NPL/A0105/01/1250G,516.697,BRD001/102/NPL/1250G/WB (2),4-11287,662.0,Apr-26,Mill price: article code,0.759,502.458,14.239,Automatic board and BOM component calculation,0.0,No BOM machine-time profile
BOX001/102/NPL/A0105/02/1250G,516.716,BRD001/102/NPL/1250G/WB,4-11659,662.0,Apr-26,Mill price: article code,0.759,502.458,14.258,Automatic board and BOM component calculation,0.713654,BOM operation speeds
BOX001/102/NPL/A0105/04/1250G,514.7124,BRD001/102/NPL/1250G/WB,4-11659,662.0,Apr-26,Mill price: article code,0.759,502.458,12.2545,Automatic board and BOM component calculation,0.516667,BOM operation speeds
BOX001/102/NPL/D0004/01/950G,475.4923,BRD001/NPL/D0004/01/950G/WB,4-15867/SHT222226,706.0,Apr-26,Mill price: unique size/GSM,0.6486,457.9116,17.5807,Automatic board and BOM component calculation,0.433333,BOM operation speeds plus rolled-child machine time
BOX001/102/NPL/D9999/01/1000G,468.9985,BRD001/NPL/D9999/01/1000G/WW,4-15867/SHT222226,706.0,Apr-26,Mill price: unique size/GSM,0.6486,457.9116,11.0869,Automatic board and BOM component calculation,0.083333,BOM operation speeds plus rolled-child machine time
BOX001/102/NPL/D9999/04/1000G,417.2623,BRD001/NPL/D9999/04/1000G/BB,,801.1203,,BOM material fallback (machine/labour removed),0.5,400.5602,16.7021,Automatic board and BOM component calculation,0.308333,BOM operation speeds plus rolled-child machine time
BOX001/102/NPL/D9999/10/950G,417.6291,BRD001/NPL/D9999/10/950G/WW,,667.2914,,BOM material fallback (machine/labour removed),0.600827,400.927,16.7021,Automatic board and BOM component calculation,0.308333,BOM operation speeds plus rolled-child machine time
BOX001/102/NPL/D9999/11/950G,420.075,BRD001/NPL/D9999/11/950G/WW,,671.3622,,BOM material fallback (machine/labour removed),0.600827,403.3729,16.7021,Automatic board and BOM component calculation,0.308333,BOM operation speeds plus rolled-child machine time
BOX001/102/NPL/D9999/14/1000G,474.6137,BRD001/NPL/D9999/14/1000G/WW,4-15867/SHT222226,706.0,Apr-26,Mill price: article code,0.6486,457.9116,16.7021,Automatic board and BOM component calculation,0.533333,BOM operation speeds plus rolled-child machine time
BOX001/102/NPL/D9999/26/1000G,474.6137,BRD001/NPL/D9999/26/1000G/WW,4-15867/SHT222226,706.0,Apr-26,Mill price: unique size/GSM,0.6486,457.9116,16.7021,Automatic board and BOM component calculation,0.475,BOM operation speeds plus rolled-child machine time
BOX001/102/NPL/D9999/29/1000G,457.1049,BRD001/103/NPL/1000G/WW,4-15867/SHT222226,706.0,Apr-26,Mill price: article code,0.6238,440.4028,16.7021,Automatic board and BOM component calculation,0.391667,BOM operation speeds
BOX001/102/NPL/D9999/30/1000G,474.6137,BRD001/NPL/D9999/30/1000G/WW,4-15867/SHT222226,706.0,Apr-26,Mill price: article code,0.6486,457.9116,16.7021,Automatic board and BOM component calculation,0.308333,BOM operation speeds plus rolled-child machine time
BOX001/102/NPL/D9999/32/1000G,457.1049,BRD001/103/NPL/1000G/WW,4-15867/SHT222226,706.0,Apr-26,Mill price: article code,0.6238,440.4028,16.7021,Automatic board and BOM component calculation,0.783333,BOM operation speeds
BOX001/102/NPL/D9999/34/1000G,457.1049,BRD001/103/NPL/1000G/WW,4-15867/SHT222226,706.0,Apr-26,Mill price: article code,0.6238,440.4028,16.7021,Automatic board and BOM component calculation,0.391667,BOM operation speeds
BOX001/102/NPL/D9999/37/1000G,460.6349,BRD001/103/NPL/1000G/WW,4-15867/SHT222226,706.0,Apr-26,Mill price: article code,0.6288,443.9328,16.7021,Automatic board and BOM component calculation,0.391667,BOM operation speeds
BOX001/102/NPL/D9999/38/1000G,474.6137,BRD001/NPL/D9999/38/1000G/WW,4-15867/SHT222226,706.0,Apr-26,Mill price: unique size/GSM,0.6486,457.9116,16.7021,Automatic board and BOM component calculation,0.083333,BOM operation speeds plus rolled-child machine time
BOX001/102/NPL/H0080/01/1000G,415.6108,BRD001/102/NPL/1000G/WB (2),4-01084,664.0,Apr-26,Mill price: article code,0.6078,403.5792,12.0316,Automatic board and BOM component calculation,0.516667,BOM operation speeds
BOX001/102/NPL/R0069/01/1000G,415.6068,BRD001/102/NPL/1000G/WB (2),4-01084,664.0,Apr-26,Mill price: article code,0.6078,403.5792,12.0276,Automatic board and BOM component calculation,0.516667,BOM operation speeds
BOX001/102/NPL/T0105/01/1000G,414.7236,BRD001/102/NPL/1000G/WB (3),4-15269,664.0,Apr-26,Mill price: article code,0.6078,403.5792,11.1444,Automatic board and BOM component calculation,0.0,No BOM machine-time profile
BOX001/102/NPL/W0034/01/1000G,218.2304,BRD001/NPL/W0034/01/1000G/WB,4-01084,664.0,Apr-26,Mill price: article code,0.303898,201.7883,16.4422,Automatic board and BOM component calculation,0.419918,BOM operation speeds plus rolled-child machine time
BOX001/102/YPB/1000G/1120P,450.4962,BRD001/102/YPB/1000G/BB,4-01205,730.0,Apr-26,Mill price: article code,0.5984,436.832,13.6642,Automatic board and BOM component calculation,0.329008,BOM operation speeds
BOX001/102/YPB/1000G/510P,695.1893,BRD001/102/YPB/1000G/WB,4-14958,794.0,Apr-26,Mill price: article code,0.8409,667.6746,27.5147,Automatic board and BOM component calculation,0.672588,BOM operation speeds
BOX001/102/YPB/1250G/1000P,559.0584,BRD001/102/YPB/1250G/BB,4-13925,727.0,Apr-26,Mill price: article code,0.748,543.796,15.2624,Automatic board and BOM component calculation,0.33964,BOM operation speeds
BOX001/102/YPL/1000G/1000P,478.347,BRD001/102/YPL/1000G/WB,4-13903,763.0,Apr-26,Mill price: article code,0.6078,463.7514,14.5956,Automatic board and BOM component calculation,0.293347,BOM operation speeds
BOX001/102/YPL/1000G/1120P,477.4156,BRD001/102/YPL/1000G/WB,4-13903,763.0,Apr-26,Mill price: article code,0.6078,463.7514,13.6642,Automatic board and BOM component calculation,0.310778,BOM operation speeds
BOX001/102/YPL/1000G/560P,580.0,,,0.0,,No BOM board component,0.0,0.0,580.0,Automatic board and BOM component calculation,0.0,No BOM machine-time profile
BOX001/102/YPL/1250G/1000P,629.9183,BRD001/102/YPL/1250G/WB,4-11483,809.0,Apr-26,Mill price: article code,0.75975,614.6377,15.2806,Automatic board and BOM component calculation,0.412052,BOM operation speeds
BOX001/102/YPL/A0016/01/1250G,629.9775,BRD001/102/YPL/1250G/WB,4-11483,809.0,Apr-26,Mill price: article code,0.7598,614.6782,15.2993,Automatic board and BOM component calculation,0.608669,BOM operation speeds
BOX001/102/YPL/A0049/01/1250G,522.0915,BRD001/102/YPL/1250G/WB(2),,662.0,,BOM material fallback (machine/labour removed),0.7598,502.9876,19.1039,Automatic board and BOM component calculation,0.516667,BOM operation speeds
BOX001/102/YPL/A0049/03/1250G,631.7656,BRD001/102/YPL/1250G/WB,4-11483,809.0,Apr-26,Mill price: article code,0.76,614.84,16.9256,Automatic board and BOM component calculation,0.761443,BOM operation speeds
BOX001/102/YPL/A0049/04/1250G,514.737,BRD001/102/YPL/1250G/WB(2),,662.0,,BOM material fallback (machine/labour removed),0.7598,502.9876,11.7494,Automatic board and BOM component calculation,0.516667,BOM operation speeds
BOX001/102/YPL/A0049/05/1250G,522.0915,BRD001/102/YPL/1250G/WB(2),,662.0,,BOM material fallback (machine/labour removed),0.7598,502.9876,19.1039,Automatic board and BOM component calculation,0.762701,BOM operation speeds
BOX001/102/YPL/A0049/06/1250G,391.0972,,,0.0,,No BOM board component,0.0,0.0,391.0972,Automatic board and BOM component calculation,0.392563,BOM operation speeds plus rolled-child machine time
BOX001/102/YPL/A0105/01/1000G,477.4215,BRD001/102/YPL/1000G/WB,4-13903,763.0,Apr-26,Mill price: article code,0.6078,463.7514,13.6701,Automatic board and BOM component calculation,0.527878,BOM operation speeds
BOX001/102/YPL/C9999/03/1000G,470.0636,BRD001/102/YPL/1000G/WB(5),4-15639,763.0,Apr-26,Mill price: article code,0.606,462.378,7.6856,Automatic board and BOM component calculation,0.509607,BOM operation speeds
BOX001/102/YPL/C9999/04/1000G,494.3262,BRD001/YPL/C9999/04/1000G/WB,4-15880/SHT222229,800.0,Apr-26,Mill price: article code,0.600827,480.662,13.6642,Automatic board and BOM component calculation,0.421099,BOM operation speeds plus rolled-child machine time
BOX001/102/YPL/D9999/03/950G,420.4614,BRD001/YPL/D9999/03/950G/WB,,672.7883,,BOM material fallback (machine/labour removed),0.599782,403.5267,16.9347,Automatic board and BOM component calculation,0.083333,BOM operation speeds plus rolled-child machine time
BOX001/102/YPL/F0005/01/1000G,478.3322,BRD001/102/YPL/1000G/WB,4-13903,763.0,Apr-26,Mill price: article code,0.6078,463.7514,14.5808,Automatic board and BOM component calculation,0.391667,BOM operation speeds
BOX001/102/YPL/F0032/01/1250G,506.3443,BRD001/102/YPL/1250G/WB,4-11483,809.0,Apr-26,Mill price: article code,0.6078,491.7102,14.6341,Automatic board and BOM component calculation,0.516667,BOM operation speeds
BOX001/102/YPL/F0097/01/1000G,497.1413,BRD001/102/YPL/1000G/WB (4),4-08411,763.0,Apr-26,Mill price: article code,0.628,479.164,17.9773,Automatic board and BOM component calculation,0.0,No BOM machine-time profile
BOX001/102/YPL/F0097/02/1000G,492.632,BRD001/102/YPL/1000G/WB (4),4-08411,763.0,Apr-26,Mill price: article code,0.628,479.164,13.468,Automatic board and BOM component calculation,0.443999,BOM operation speeds
BOX001/102/YPL/GENPRT/01/1000G,477.455,BRD001/102/YPL/1000G/WB,4-13903,763.0,Apr-26,Mill price: article code,0.6078,463.7514,13.7036,Automatic board and BOM component calculation,0.783333,BOM operation speeds
BOX001/102/YPL/H0003/01/1000G,477.4249,BRD001/102/YPL/1000G/WB (2),4-06254,763.0,Apr-26,Mill price: article code,0.6078,463.7514,13.6735,Automatic board and BOM component calculation,0.516667,BOM operation speeds
BOX001/102/YPL/H0052/01/1000G,396.7246,BRD001/YPL/H0052/01/1000G,,604.2607,,BOM material fallback (machine/labour removed),0.63135,381.5,15.2246,Automatic board and BOM component calculation,0.694532,BOM operation speeds
BOX001/102/YPL/H0064/01/1000G,478.3366,BRD001/102/YPL/1000G/WB (2),4-06254,763.0,Apr-26,Mill price: article code,0.6078,463.7514,14.5852,Automatic board and BOM component calculation,0.912516,BOM operation speeds
BOX001/102/YPL/J0003/01/1000G,476.8844,BRD001/102/YPL/1000G/WB(5),4-15639,763.0,Apr-26,Mill price: article code,0.607,463.141,13.7434,Automatic board and BOM component calculation,0.630785,BOM operation speeds
BOX001/102/YPL/J0070/01/1250G,634.0277,BRD001/102/YPL/1250G/WB(3),4-13933,809.0,Apr-26,Mill price: article code,0.75975,614.6377,19.3899,Automatic board and BOM component calculation,1.769393,BOM operation speeds
BOX001/102/YPL/M0115/01/1000G,204.8525,BRD001/YPL/M0115/01/1000G/WW,,309.9328,,BOM material fallback (machine/labour removed),0.63135,195.6761,9.1764,Automatic board and BOM component calculation,0.493312,BOM operation speeds plus rolled-child machine time
BOX001/102/YPL/M0115/02/1000G,441.3809,BRD001/YPL/M0115/02/1000G,,0.0,,BOM material fallback (machine/labour removed),0.0,421.2992,20.0818,Automatic board and BOM component calculation,0.626003,BOM operation speeds plus rolled-child machine time
BOX001/102/YPL/P0073/01/1000G,477.7393,BRD001/102/YPL/1000G/WB,4-13903,763.0,Apr-26,Mill price: article code,0.607,463.141,14.5983,Automatic board and BOM component calculation,0.391667,BOM operation speeds
BOX001/102/YPL/R0039/01/1000G,477.3939,BRD001/102/YPL/1000G/WB (2),4-06254,763.0,Apr-26,Mill price: article code,0.6078,463.7514,13.6425,Automatic board and BOM component calculation,0.516667,BOM operation speeds
BOX001/102/YPL/S0282/01/1000G,496.2912,BRD001/102/YPL/1000G/BB (2),4-14804,794.0,Apr-26,Mill price: article code,0.6078,482.5932,13.698,Automatic board and BOM component calculation,0.909319,BOM operation speeds
BOX001/102/YPL/T0089/01/1000G,477.4544,BRD001/102/YPL/1000G/WB (4),4-08411,763.0,Apr-26,Mill price: article code,0.6078,463.7514,13.703,Automatic board and BOM component calculation,1.076868,BOM operation speeds
BOX001/103/DWB/1100G/750P,910.0741,BRD001/103/YPB/1100G/WB,4-16928/SHT200033/A,865.0,Apr-26,Mill price: article code,1.0328,893.372,16.7021,Automatic board and BOM component calculation,0.291667,BOM operation speeds
BOX001/103/DWB/1250G/750P,869.9093,BRD001/103/DWB/1250G/BW,4-16241/SHT201247,727.0,Apr-26,Mill price: article code,1.1736,853.2072,16.7021,Automatic board and BOM component calculation,0.416667,BOM operation speeds
BOX001/103/DWB/900G/1000P,479.1431,BRD001/103/NPB/900G/BB,4-16826,610.0,Apr-26,Mill price: article code,0.7581,462.441,16.7021,Automatic board and BOM component calculation,0.291667,BOM operation speeds
BOX001/103/DWBH/1000G/540P,565.3361,BRD001/103/NPB/1000G/BB,4-16799,610.0,Apr-26,Mill price: article code,0.8994,548.634,16.7021,Automatic board and BOM component calculation,0.0,No BOM machine-time profile
BOX001/103/LPB/1000G/675P,491.7523,BRD001/103/LPB/1000G/BW,4-16798/SHT300007,794.0,Apr-26,Mill price: article code,0.5983,475.0502,16.7021,Automatic board and BOM component calculation,0.45,BOM operation speeds
BOX001/103/LPB/950G/850P,435.3062,BRD001/103/LPB/950G/BW,,736.3309,,BOM material fallback (machine/labour removed),0.5685,418.6041,16.7021,Automatic board and BOM component calculation,0.225,BOM operation speeds
BOX001/103/NPL/1000G/810P,460.6349,BRD001/103/NPL/1000G/WB,4-15867/SHT222226,706.0,Apr-26,Mill price: unique size/GSM,0.6288,443.9328,16.7021,Automatic board and BOM component calculation,0.45,BOM operation speeds
BOX001/103/NPL/A9999/05/950G,440.755,BRD001/103/NPL/950G/WB,,736.3309,,BOM material fallback (machine/labour removed),0.5759,424.0529,16.7021,Automatic board and BOM component calculation,0.391667,BOM operation speeds
BOX001/103/NPL/D9999/09/950G,440.755,BRD001/103/NPL/950G/WW,,736.3309,,BOM material fallback (machine/labour removed),0.5759,424.0529,16.7021,Automatic board and BOM component calculation,0.391667,BOM operation speeds
BOX001/103/NPL/D9999/18/1000G,457.1049,BRD001/103/NPL/1000G/WW,4-15867/SHT222226,706.0,Apr-26,Mill price: article code,0.6238,440.4028,16.7021,Automatic board and BOM component calculation,0.391667,BOM operation speeds
BOX001/103/NPL/D9999/27/1000G,457.1049,BRD001/103/NPL/1000G/WW,4-15867/SHT222226,706.0,Apr-26,Mill price: article code,0.6238,440.4028,16.7021,Automatic board and BOM component calculation,0.391667,BOM operation speeds
BOX001/103/NPL/W0004/03/1000G,450.2567,BRD001/103/NPL/1000G/WW,4-15867/SHT222226,706.0,Apr-26,Mill price: article code,0.6141,433.5546,16.7021,Automatic board and BOM component calculation,0.391667,BOM operation speeds
BOX001/103/NPL/W0004/04/1000G,450.2567,BRD001/103/NPL/1000G/WW,4-15867/SHT222226,706.0,Apr-26,Mill price: article code,0.6141,433.5546,16.7021,Automatic board and BOM component calculation,0.391667,BOM operation speeds
BOX001/103/NPL/W0004/09/950G,440.755,BRD001/103/NPL/950G/WW,,736.3309,,BOM material fallback (machine/labour removed),0.5759,424.0529,16.7021,Automatic board and BOM component calculation,0.391667,BOM operation speeds
BOX001/103/YPB/1100G/1215P,547.7521,BRD001/103/YPB/1100G/WW(2),4-17008,817.0,Apr-26,Mill price: article code,0.65,531.05,16.7021,Automatic board and BOM component calculation,0.225,BOM operation speeds
BOX001/103/YPB/1250G/621P,557.5901,BRD001/103/YPB/1250G/BW,4-15312,727.0,Apr-26,Mill price: article code,0.744,540.888,16.7021,Automatic board and BOM component calculation,0.225,BOM operation speeds
BOX001/103/YPB/1250G/621P(2),479.0741,BRD001/103/YPB/1250G/BW,4-15312,727.0,Apr-26,Mill price: article code,0.636,462.372,16.7021,Automatic board and BOM component calculation,0.225,BOM operation speeds
BOX001/103/YPL/1000G/675P,453.2421,BRD001/103/YPL/1000G/BW,4-16796/SHT300003,730.0,Apr-26,Mill price: article code,0.598,436.54,16.7021,Automatic board and BOM component calculation,0.225,BOM operation speeds
BOX001/103/YPL/A0166/02/950G,454.2521,BRD001/103/YPL/950G/WW,,750.0,,BOM material fallback (machine/labour removed),0.5834,437.55,16.7021,Automatic board and BOM component calculation,0.391667,BOM operation speeds
BOX001/103/YPL/A9999/03/1100G,545.5349,BRD001/103/YPL/1100G/WB,,736.3309,,BOM material fallback (machine/labour removed),0.7182,528.8328,16.7021,Automatic board and BOM component calculation,0.391667,BOM operation speeds
BOX001/103/YPL/A9999/07/950G,497.3641,BRD001/YPL/A9999/07/950G/WW,4-15880/SHT222229,800.0,Apr-26,Mill price: article code,0.600827,480.662,16.7021,Automatic board and BOM component calculation,0.308333,BOM operation speeds plus rolled-child machine time
BOX001/103/YPL/B0143/02/950G,445.7021,BRD001/103/YPL/950G/WW,,750.0,,BOM material fallback (machine/labour removed),0.572,429.0,16.7021,Automatic board and BOM component calculation,0.391667,BOM operation speeds
BOX001/103/YPL/B0182/01/950G,445.7021,BRD001/103/YPL/950G/WW,,750.0,,BOM material fallback (machine/labour removed),0.572,429.0,16.7021,Automatic board and BOM component calculation,0.391667,BOM operation speeds
BOX001/103/YPL/C0157/02/950G,445.7021,BRD001/103/YPL/950G/WW,,750.0,,BOM material fallback (machine/labour removed),0.572,429.0,16.7021,Automatic board and BOM component calculation,0.391667,BOM operation speeds
BOX001/103/YPL/K0039/01/950G,445.7021,BRD001/103/YPL/950G/WW,,750.0,,BOM material fallback (machine/labour removed),0.572,429.0,16.7021,Automatic board and BOM component calculation,0.225,BOM operation speeds
BOX001/103/YPL/K0039/02/950G,1195.9007,BRD001/103/YPL/950G/WW,,750.0,,BOM material fallback (machine/labour removed),0.572,429.0,766.9007,Automatic board and BOM component calculation,0.391667,BOM operation speeds
BOX001/103/YPL/W0025/03/950G,483.3421,BRD001/102/YPL/900G/WW,,800.0,,BOM material fallback (machine/labour removed),0.5833,466.64,16.7021,Automatic board and BOM component calculation,0.391667,BOM operation speeds
BOX001/NPBH/900G/1200P,341.5056,BRD001/NPB/900G/BB,,610.0,,BOM material fallback (machine/labour removed),0.536,326.96,14.5456,Automatic board and BOM component calculation,0.35,BOM operation speeds
BOX001/NPL/A0105/01/1000G,373.7682,BRD001/NPL/A0105/01/1000G,,567.9063,,BOM material fallback (machine/labour removed),0.63135,358.5477,15.2205,Automatic board and BOM component calculation,0.308333,BOM operation speeds plus rolled-child machine time
BOX001/NPL/A0105/02/1000G,373.7682,BRD001/NPL/A0105/02/1000G,,567.9063,,BOM material fallback (machine/labour removed),0.63135,358.5477,15.2205,Automatic board and BOM component calculation,0.308333,BOM operation speeds plus rolled-child machine time
BOX001/NPL/D9999/40/1000G,425.7605,BRD001/NPL/D9999/40/1000G/WW,,636.3374,,BOM material fallback (machine/labour removed),0.64124,408.045,17.7155,Automatic board and BOM component calculation,0.433333,BOM operation speeds plus rolled-child machine time
BOX001/NPL/D9999/41/1000G,411.6497,BRD001/NPL/D9999/41/1000G,,617.4014,,BOM material fallback (machine/labour removed),0.64124,395.9025,15.7472,Automatic board and BOM component calculation,0.308333,BOM operation speeds plus rolled-child machine time
BOX001/NPL/F0029/01/1000G,438.3995,BRD001/NPL/F0029/01/1000G/WW,,694.0365,,BOM material fallback (machine/labour removed),0.621,430.9967,7.4029,Automatic board and BOM component calculation,0.662968,BOM operation speeds plus rolled-child machine time
BOX001/NPL/L0024/01/1000G,841.3843,BRD001/NPL/L0024/01/1000G/WB,4-15244,664.0,Apr-26,Mill price: article code,1.2213,810.9432,30.4411,Automatic board and BOM component calculation,1.16893,BOM operation speeds plus rolled-child machine time
BOX001/NPLH/900G/1200P,379.4136,BRD001/NPL/900G/WB,,664.0,,BOM material fallback (machine/labour removed),0.5495,364.868,14.5456,Automatic board and BOM component calculation,0.225,BOM operation speeds
BOX001/YPL/R0086/01/1000G,435.7235,BRD001/YPL/R0086/01/1000G/WW,,666.7445,,BOM material fallback (machine/labour removed),0.63135,420.9492,14.7744,Automatic board and BOM component calculation,0.308333,BOM operation speeds plus rolled-child machine time
BOX001/YPL/T0089/01/1000G,251.3412,BRD001/YPL/T0089/01/1000G/WB,4-08411,763.0,Apr-26,Mill price: article code,0.314188,239.7254,11.6157,Automatic board and BOM component calculation,0.609356,BOM operation speeds plus rolled-child machine time
BOX002/101/NPO/T0042/01/900G,411.5376,BRD002/NPO/T0042/01/900G/WW,4-15953,793.0,Apr-26,Mill price: article code,0.5,396.5,15.0376,Automatic board and BOM component calculation,1.082598,BOM operation speeds plus rolled-child machine time
BOX002/101/YPO/900G/1232P,481.3612,BRD002/101/YPB/900G/WW,4-15953,793.0,Apr-26,Mill price: article code,0.58805,466.3236,15.0376,Automatic board and BOM component calculation,0.385529,BOM operation speeds
BOX002/101/YPO/C0004/01/900G,394.9605,BRD002/YPO/C0004/01/900G/BW,,759.8458,,BOM material fallback (machine/labour removed),0.5,379.9229,15.0376,Automatic board and BOM component calculation,0.57324,BOM operation speeds plus rolled-child machine time
BOX003/102/NPO/S0339/01/900G,333.4989,BRD003/102/NPO/900G/WW,4-06932,721.0,Apr-26,Mill price: article code,0.4383,316.0143,17.4846,Automatic board and BOM component calculation,0.639975,BOM operation speeds
BOX003/NPO/900G/1000P,332.0364,BRD003/102/NPO/900G/WW,4-06932,721.0,Apr-26,Mill price: article code,0.4383,316.0143,16.0221,Automatic board and BOM component calculation,0.291667,BOM operation speeds
BOX004/101/NPB/800G/3600P,117.3046,BRD004/101/NPB/800G/BB,4-15914,649.0,Apr-26,Mill price: article code,0.157,101.893,15.4116,Automatic board and BOM component calculation,0.141667,BOM operation speeds
BOX004/101/NPL/800G/3600P,120.4327,BRD004/101/NPL/800G/BB,4-15915,649.0,Apr-26,Mill price: article code,0.16182,105.0212,15.4116,Automatic board and BOM component calculation,0.141667,BOM operation speeds
BOX005/101/NPB/1000G/1500P,331.2046,BRD005/101/NPB/1000G/BB,4-15301,610.0,Apr-26,Mill price: article code,0.518,315.98,15.2246,Automatic board and BOM component calculation,0.316318,BOM operation speeds
BOX005/101/NPB/1100G/1400P,366.0764,BRD005/101/NPB/1100G/BB,,616.0,,BOM material fallback (machine/labour removed),0.56973,350.9537,15.1227,Automatic board and BOM component calculation,0.298558,BOM operation speeds
BOX005/101/NPL/850G/1400P,325.8768,BRD005/101/NPL/850G/WB,,647.0,,BOM material fallback (machine/labour removed),0.4803,310.7541,15.1227,Automatic board and BOM component calculation,0.283763,BOM operation speeds
BOX005/101/NPL/900G/1500P,334.2367,BRD005/101/NPL/900G/WB,4-15300,664.0,Apr-26,Mill price: article code,0.48044,319.0122,15.2246,Automatic board and BOM component calculation,0.33139,BOM operation speeds
BOX005/101/NPL/J0006/01/900G,334.2384,BRD005/101/NPL/J0006/01/WB,4-15300,664.0,Apr-26,Mill price: article code,0.480442,319.0138,15.2246,Automatic board and BOM component calculation,0.0,No BOM machine-time profile
BOX005/101/NPL/J0033/01/900G,249.4809,BRD005/NPL/J0033/01/900G/WB,,2426.898,,BOM material fallback (machine/labour removed),0.096525,234.2563,15.2246,Automatic board and BOM component calculation,0.597237,BOM operation speeds plus rolled-child machine time
BOX005/101/NPL/P0142/01/900G,392.5753,BRD005/NPL/P0142/01/900G/WW,4-15300,664.0,Apr-26,Mill price: article code,0.568215,377.2948,15.2806,Automatic board and BOM component calculation,0.419694,BOM operation speeds plus rolled-child machine time
BOX005/101/NPL/R0014/01/900G,334.2384,BRD005/NPL/R0014/01/900G/WB,4-15300,664.0,Apr-26,Mill price: article code,0.480442,319.0138,15.2246,Automatic board and BOM component calculation,0.462292,BOM operation speeds plus rolled-child machine time
BOX005/102/NPB/1000G/1500P,330.7377,BRD005/102/NPB/1000G/BB,4-13902,610.0,Apr-26,Mill price: article code,0.5265,321.165,9.5727,Automatic board and BOM component calculation,0.323542,BOM operation speeds
BOX005/102/NPL/J0033/01/900G,240.0802,BRD005/NPL/J0033/01/900G/WB,,2426.898,,BOM material fallback (machine/labour removed),0.096525,234.2563,5.8238,Automatic board and BOM component calculation,0.558333,BOM operation speeds plus rolled-child machine time
BOX005/102/YPB/1000G/1500P,381.8727,BRD005/102/YPB/1000G/BW,4-17126,730.0,Apr-26,Mill price: article code,0.51,372.3,9.5727,Automatic board and BOM component calculation,0.225,BOM operation speeds
BOX005/DCF/1100G/1035P,366.0764,BRD005/101/NPB/1100G/BB,,616.0,,BOM material fallback (machine/labour removed),0.56973,350.9537,15.1227,Automatic board and BOM component calculation,0.370746,BOM operation speeds
BOX005/NPB/1000G/1200P,362.7599,BRD005/NPB/1000G/BB,,610.0,,BOM material fallback (machine/labour removed),0.56973,347.5353,15.2246,Automatic board and BOM component calculation,0.225,BOM operation speeds
BOX005/NPL/850G/1400P,325.8768,BRD005/101/NPL/850G/WB,,647.0,,BOM material fallback (machine/labour removed),0.4803,310.7541,15.1227,Automatic board and BOM component calculation,0.300607,BOM operation speeds
BOX005/NPL/900G/1200P,360.5046,BRD005/NPL/900G/WB,,664.0,,BOM material fallback (machine/labour removed),0.52,345.28,15.2246,Automatic board and BOM component calculation,0.35,BOM operation speeds
BOX006/101/NPB/1050G/840P,350.6406,BRD006/101/NPB/1050G/BB,4-15836,615.0,Apr-26,Mill price: article code,0.546,335.79,14.8506,Automatic board and BOM component calculation,0.309454,BOM operation speeds
BOX006/101/NPB/950G/1200P,323.5796,BRD006/101/NPB/950G/BB,4-15923,608.0,Apr-26,Mill price: article code,0.494,300.352,23.2276,Automatic board and BOM component calculation,0.357442,BOM operation speeds
BOX006/101/NPL/700G/1200P,316.8556,BRD006/101/NPL/700G/WB,4-16126,807.0,Apr-26,Mill price: article code,0.374,301.818,15.0376,Automatic board and BOM component calculation,0.0,No BOM machine-time profile
BOX006/101/NPL/800G/900P,297.4912,BRD006/101/NPL/800G/WB,4-15237,662.0,Apr-26,Mill price: article code,0.428,283.336,14.1552,Automatic board and BOM component calculation,0.277057,BOM operation speeds
BOX006/101/NPL/S0134/01/800G,292.7261,BRD006/NPL/S0134/01/800G/BB,4-15237,662.0,Apr-26,Mill price: article code,0.427715,283.1475,9.5786,Automatic board and BOM component calculation,0.43064,BOM operation speeds plus rolled-child machine time
BOX006/102/NPB/900G/1500P,293.6352,BRD006/102/NPB/900G/BB,4-14996,610.0,Apr-26,Mill price: article code,0.46575,284.1075,9.5277,Automatic board and BOM component calculation,0.342646,BOM operation speeds
BOX006/102/NPB/F0015/01/1000G,336.1087,BRD006/102/NPB/1000G/BB,4-12086,610.0,Apr-26,Mill price: article code,0.528,322.08,14.0287,Automatic board and BOM component calculation,0.383574,BOM operation speeds
BOX006/102/NPL/800G/1500P,289.4928,BRD010/102/NPL/800G/WB (2),4-14995,662.0,Apr-26,Mill price: article code,0.42284,279.9201,9.5727,Automatic board and BOM component calculation,0.332062,BOM operation speeds
BOX006/NPL/M0180/01/800G,292.7261,BRD006/NPL/M0180/01/800G/WB,4-15237,662.0,Apr-26,Mill price: article code,0.427715,283.1475,9.5786,Automatic board and BOM component calculation,0.308333,BOM operation speeds plus rolled-child machine time
BOX007/101/NPB/950G/1120P,338.9887,BRD007/101/NPB/950G/BB(2),4-16803,608.0,Apr-26,Mill price: article code,0.533,324.064,14.9247,Automatic board and BOM component calculation,0.306087,BOM operation speeds
BOX007/101/NPL/900G/1120P,360.3176,BRD007/101/NPL/900G/WB,4-15251,664.0,Apr-26,Mill price: article code,0.52,345.28,15.0376,Automatic board and BOM component calculation,0.278504,BOM operation speeds
BOX007/101/NPL/H0054/02/900G,83.207,BRD007/NPL/H0054/02/900G/WB,4-15251,664.0,Apr-26,Mill price: article code,0.102665,68.1694,15.0376,Automatic board and BOM component calculation,0.433266,BOM operation speeds plus rolled-child machine time
BOX007/102/NPB/900G/1400P,310.365,BRD007/102/NPB/900G/BB,4-07074,610.0,Apr-26,Mill price: article code,0.49245,300.3945,9.9705,Automatic board and BOM component calculation,0.35,BOM operation speeds
BOX008/101/NPB/1100G/1000P,509.6856,BRD008/101/NPB/1100G/BB,4-15441,616.0,Apr-26,Mill price: article code,0.803,494.648,15.0376,Automatic board and BOM component calculation,0.561561,BOM operation speeds
BOX008/101/NPL/950G/1000P,473.883,BRD008/101/NPL/950G/WB,4-15442,662.0,Apr-26,Mill price: article code,0.69312,458.8454,15.0376,Automatic board and BOM component calculation,0.528305,BOM operation speeds
BOX008/101/NPL/D0113/01/850G,406.8769,BRD008/NPL/D0113/01/850G/WB,4-05700,647.0,Apr-26,Mill price: article code,0.605625,391.8394,15.0376,Automatic board and BOM component calculation,0.572651,BOM operation speeds plus rolled-child machine time
BOX008/102/NPL/1000G/1200P,484.203,BRD008/102/NPL/1000G/WB,4-05958,664.0,Apr-26,Mill price: article code,0.7125,473.1,11.103,Automatic board and BOM component calculation,0.35,BOM operation speeds
BOX008/102/NPL/1000G/600P,440.0358,BRD008/102/NPL/1000G/BB,4-00697,610.0,Apr-26,Mill price: article code,0.7125,434.625,5.4108,Automatic board and BOM component calculation,0.43919,BOM operation speeds
BOX008/102/NPL/850G/750P,405.877,BRD008/102/NPL/850G/WB,4-05700,647.0,Apr-26,Mill price: article code,0.6056,391.8232,14.0538,Automatic board and BOM component calculation,0.35,BOM operation speeds
BOX008/102/NPL/G0134/01/1000G,447.3295,BRD008/102/NPL/1000G/BB,4-00697,610.0,Apr-26,Mill price: article code,0.7125,434.625,12.7045,Automatic board and BOM component calculation,0.7,BOM operation speeds
BOX008/102/YPL/J0068/01/1000G,583.7746,BRD008/102/YPL/1000G/WB,4-13796,780.0,Apr-26,Mill price: article code,0.7296,569.088,14.6866,Automatic board and BOM component calculation,0.961342,BOM operation speeds
BOX009/102/NPL/700G/2100P,212.2986,BRD009/102/NPL/700G/WB,4-11931,807.0,Apr-26,Mill price: article code,0.25347,204.5503,7.7483,Automatic board and BOM component calculation,0.225,BOM operation speeds
BOX010/102/NPL/750G/1200P,307.1271,BRD010/102/NPL/750G/WB (3),4-15528,747.0,Apr-26,Mill price: article code,0.3978,297.1566,9.9705,Automatic board and BOM component calculation,0.0,No BOM machine-time profile
BOX010/102/NPL/800G/1400P,301.224,BRD010/102/NPL/800G/WB,4-02206,662.0,Apr-26,Mill price: article code,0.43996,291.2535,9.9705,Automatic board and BOM component calculation,0.35,BOM operation speeds
BOX010/102/NPL/A0105/01/1250G,500.2321,BRD010/102/NPL/750G/WB (2),4-13095,703.0,Apr-26,Mill price: article code,0.6972,490.1316,10.1005,Automatic board and BOM component calculation,0.225,BOM operation speeds
BOX010/102/NPL/S0138/01/750G,297.4869,BRD010/102/NPL/750G/WB (2),4-13095,703.0,Apr-26,Mill price: article code,0.4088,287.3864,10.1005,Automatic board and BOM component calculation,0.497384,BOM operation speeds
BOX010/102/NPL/S0157/02/750G,289.7539,BRD010/102/NPL/750G/WB (2),4-13095,703.0,Apr-26,Mill price: article code,0.3978,279.6534,10.1005,Automatic board and BOM component calculation,0.516667,BOM operation speeds
BOX010/102/YPB/S0138/01/1000G,399.7056,BRD010/102/YPB/1000G/BB,4-13889,730.0,Apr-26,Mill price: article code,0.5302,387.046,12.6596,Automatic board and BOM component calculation,0.313047,BOM operation speeds
BOX011/101/NPB/800G/1600P,196.7576,BRD011/101/NPB/800G/BB,4-15831,649.0,Apr-26,Mill price: article code,0.28,181.72,15.0376,Automatic board and BOM component calculation,0.29413,BOM operation speeds
BOX011/101/NPB/800G/2000P,196.9446,BRD011/101/NPB/800G/BB,4-15831,649.0,Apr-26,Mill price: article code,0.28,181.72,15.2246,Automatic board and BOM component calculation,0.293353,BOM operation speeds
BOX011/101/NPB/900G/2100P,207.3136,BRD011/101/NPB/900G/BB,,610.0,,BOM material fallback (machine/labour removed),0.3149,192.089,15.2246,Automatic board and BOM component calculation,0.225,BOM operation speeds
BOX011/101/NPL/700G/2700P,217.7009,BRD011/101/NPL/700G/WB,4-16864,807.0,Apr-26,Mill price: article code,0.2509,202.4763,15.2246,Automatic board and BOM component calculation,0.35,BOM operation speeds
BOX011/101/NPL/800G/1600P,204.4954,BRD011/101/NPL/800G/WB,4-15852,662.0,Apr-26,Mill price: article code,0.28619,189.4578,15.0376,Automatic board and BOM component calculation,0.0,No BOM machine-time profile
BOX011/101/NPL/800G/2000P,204.5566,BRD011/101/NPL/800G/WB,4-15852,662.0,Apr-26,Mill price: article code,0.286,189.332,15.2246,Automatic board and BOM component calculation,0.587081,BOM operation speeds
BOX011/101/NPL/A0005/01/800G,62.5782,BRD011/NPL/A0005/01/800G/WB,4-15852,662.0,Apr-26,Mill price: article code,0.071531,47.3537,15.2246,Automatic board and BOM component calculation,0.633259,BOM operation speeds plus rolled-child machine time
BOX011/101/NPL/D0097/01/800G,62.5782,BRD011/NPL/D0097/01/800G/WB,4-15852,662.0,Apr-26,Mill price: article code,0.071531,47.3537,15.2246,Automatic board and BOM component calculation,0.422985,BOM operation speeds plus rolled-child machine time
BOX011/101/NPL/Q0012/01/800G,204.6847,BRD011/NPL/Q0012/01/800G/WB,4-15852,662.0,Apr-26,Mill price: article code,0.286194,189.4602,15.2246,Automatic board and BOM component calculation,0.526914,BOM operation speeds plus rolled-child machine time
BOX011/102/NPL/F0097/01/1000G,272.1754,BRD011/102/NPL/1000G/WB,4-13328,664.0,Apr-26,Mill price: article code,0.3955,262.612,9.5634,Automatic board and BOM component calculation,0.391667,BOM operation speeds
BOX011/103/NPB/800G/2000P,222.4329,BRD011/103/NPB/800G/BB,,736.3309,,BOM material fallback (machine/labour removed),0.2794,205.7308,16.7021,Automatic board and BOM component calculation,0.225,BOM operation speeds
BOX011/NPB/700G/2700P,212.9956,BRD011/NPB/700G/BW,,810.0,,BOM material fallback (machine/labour removed),0.245,198.45,14.5456,Automatic board and BOM component calculation,0.35,BOM operation speeds
BOX011/NPB/800G/1600P,204.2417,BRD011/NPB/800G/BB,4-06037,662.0,Apr-26,Mill price: unique size/GSM,0.282,186.684,17.5577,Automatic board and BOM component calculation,0.225,BOM operation speeds
BOX011/NPB/800G/2000P,204.2417,BRD011/NPB/800G/BB,4-06037,662.0,Apr-26,Mill price: unique size/GSM,0.282,186.684,17.5577,Automatic board and BOM component calculation,0.225,BOM operation speeds
BOX011/NPL/800G/1600P,208.8757,BRD011/NPL/800G/WB,4-06036,662.0,Apr-26,Mill price: unique size/GSM,0.289,191.318,17.5577,Automatic board and BOM component calculation,0.225,BOM operation speeds
BOX011/NPL/800G/2000P,208.8757,BRD011/NPL/800G/WB,4-06036,662.0,Apr-26,Mill price: unique size/GSM,0.289,191.318,17.5577,Automatic board and BOM component calculation,0.225,BOM operation speeds
BOX014/101/NPB/1000G/1250P,315.9546,BRD014/101/NPB/1000G/BB,4-15961,610.0,Apr-26,Mill price: article code,0.493,300.73,15.2246,Automatic board and BOM component calculation,0.315662,BOM operation speeds
BOX014/101/NPB/1050G/1250P,333.7946,BRD014/101/NPB/1050G/BB,4-15258,615.0,Apr-26,Mill price: article code,0.518,318.57,15.2246,Automatic board and BOM component calculation,0.0,No BOM machine-time profile
BOX014/101/NPB/850G/1240P,276.9126,BRD014/101/NPB/850G/BB,4-15724,625.0,Apr-26,Mill price: article code,0.419,261.875,15.0376,Automatic board and BOM component calculation,0.679651,BOM operation speeds
BOX014/101/NPL/800G/1240P,283.8096,BRD052/101/NPL/800G/WB,4-15901,662.0,Apr-26,Mill price: article code,0.406,268.772,15.0376,Automatic board and BOM component calculation,0.291631,BOM operation speeds
BOX014/102/NPB/950G/1500P,296.0623,BRD014/102/NPB/950G/BB,4-01048,608.0,Apr-26,Mill price: article code,0.4712,286.4896,9.5727,Automatic board and BOM component calculation,0.349758,BOM operation speeds
BOX014/103/NPB/950G/1800P,284.4927,BRD014/103/NPB/950G/BB,4-16240/SHT201110,608.0,Apr-26,Mill price: unique size/GSM,0.439,266.912,17.5807,Automatic board and BOM component calculation,0.225,BOM operation speeds
BOX014/NPB/1050G/1250P,322.5977,BRD014/NPB/1050G/BB,4-09792,615.0,Apr-26,Mill price: unique size/GSM,0.496,305.04,17.5577,Automatic board and BOM component calculation,0.225,BOM operation speeds
BOX014/NPL/800G/1240P,286.3297,BRD014/NPL/800G/WB,,662.0,,BOM material fallback (machine/labour removed),0.406,268.772,17.5577,Automatic board and BOM component calculation,0.225,BOM operation speeds
BOX015/102/NPB/1000G/1400P,266.0387,BRD015/102/NPB/1000G/BB,,596.0,,BOM material fallback (machine/labour removed),0.421,250.916,15.1227,Automatic board and BOM component calculation,0.405403,BOM operation speeds
BOX015/102/NPL/800G/1400P,285.8257,BRD015/102/NPL/800G/WB,,643.0,,BOM material fallback (machine/labour removed),0.421,270.703,15.1227,Automatic board and BOM component calculation,0.406227,BOM operation speeds
BOX016/101/LPB/900G/1485P,275.0927,BRD016/101/YPB/900G/BW,4-16174,746.0,Apr-26,Mill price: article code,0.34885,260.2421,14.8506,Automatic board and BOM component calculation,0.364575,BOM operation speeds
BOX016/101/YPB/1000G/1485P,275.2046,BRD016/101/YPB/900G/BW,4-16174,746.0,Apr-26,Mill price: article code,0.349,260.354,14.8506,Automatic board and BOM component calculation,0.35,BOM operation speeds
BOX016/101/YPB/900G/1350P,275.2046,BRD016/101/YPB/900G/BW,4-16174,746.0,Apr-26,Mill price: article code,0.349,260.354,14.8506,Automatic board and BOM component calculation,0.320752,BOM operation speeds
BOX016/101/YPB/900G/1485P,275.13,BRD016/101/YPB/900G/BW,4-16174,746.0,Apr-26,Mill price: article code,0.3489,260.2794,14.8506,Automatic board and BOM component calculation,0.225,BOM operation speeds
BOX016/101/YPL/900G/1485P,300.4654,BRD016/101/YPL/900G/WW,4-15906,793.0,Apr-26,Mill price: article code,0.36017,285.6148,14.8506,Automatic board and BOM component calculation,0.284681,BOM operation speeds
BOX016/101/YPL/A9999/01/900G,315.3187,BRD016/YPL/A9999/01/900G/WW,4-16168/SHT222228,800.0,Apr-26,Mill price: unique size/GSM,0.372173,297.738,17.5807,Automatic board and BOM component calculation,0.426551,BOM operation speeds plus rolled-child machine time
BOX016/101/YPL/D9999/04/915G,328.4328,BRD016/YPL/D9999/04/915G/WW,,0.0,,BOM material fallback (machine/labour removed),0.0,318.9159,9.5169,Automatic board and BOM component calculation,0.433333,BOM operation speeds plus rolled-child machine time
BOX016/101/YPL/D9999/05/900G,334.6605,BRD016/YPL/D9999/05/900G/WW,,687.656,,BOM material fallback (machine/labour removed),0.461102,317.0798,17.5807,Automatic board and BOM component calculation,0.526978,BOM operation speeds plus rolled-child machine time
BOX016/101/YPL/D9999/06/900G,346.0421,BRD016/YPL/D9999/06/900G/WW,,712.3393,,BOM material fallback (machine/labour removed),0.461102,328.4614,17.5807,Automatic board and BOM component calculation,0.583519,BOM operation speeds plus rolled-child machine time
BOX016/101/YPL/W0025/01/1000G,314.2728,BRD016/YPL/W0025/01/1000G/WW,,688.2267,,BOM material fallback (machine/labour removed),0.43452,299.0482,15.2246,Automatic board and BOM component calculation,0.275,BOM operation speeds plus rolled-child machine time
BOX016/101/YPL/Y0010/01/900G,300.1345,BRD016/YPL/Y0010/01/900G/WW,4-15906,793.0,Apr-26,Mill price: article code,0.360173,285.617,14.5175,Automatic board and BOM component calculation,0.489019,BOM operation speeds plus rolled-child machine time
BOX016/102/LPB/1000G/1080P,338.3028,BRD016/102/YPB/1000G/BB (2),4-13758,794.0,Apr-26,Mill price: article code,0.40936,325.0318,13.2709,Automatic board and BOM component calculation,0.303305,BOM operation speeds
BOX016/102/NPB/900G/1350P,274.8316,BRD016/102/NPB/900G/WW (2),4-09560,721.0,Apr-26,Mill price: article code,0.36842,265.6308,9.2008,Automatic board and BOM component calculation,0.0,No BOM machine-time profile
BOX016/102/NPL/850G/2160P,224.8965,BRD016/102/NPL/850G/WB,4-13511,647.0,Apr-26,Mill price: article code,0.33572,217.2108,7.6856,Automatic board and BOM component calculation,0.298342,BOM operation speeds
BOX016/102/NPL/900G/1350P,281.2341,BRD061/102/NPL/900G/WW,4-09561,721.0,Apr-26,Mill price: article code,0.3773,272.0333,9.2008,Automatic board and BOM component calculation,0.379717,BOM operation speeds
BOX016/102/NPL/A0042/01/1000G,248.8651,BRD016/NPL/A0042/01/1000G/WB,,3964.3175,,BOM material fallback (machine/labour removed),0.06006,238.0969,10.7682,Automatic board and BOM component calculation,0.498532,BOM operation speeds plus rolled-child machine time
BOX016/102/NPL/A0049/03/1000G,135.1126,BRD016/102/NPL/A0049/02/1000G,,2070.3373,,BOM material fallback (machine/labour removed),0.06006,124.3445,10.7682,Automatic board and BOM component calculation,0.932469,BOM operation speeds plus rolled-child machine time
BOX016/102/NPL/C9999/04/850G,224.9285,BRD016/102/NPL/850G/WB,4-13511,647.0,Apr-26,Mill price: article code,0.3357,217.1979,7.7306,Automatic board and BOM component calculation,0.411093,BOM operation speeds
BOX016/102/YPB/1000G/1080P,312.1783,BRD016/102/YPB/1000G/BB,4-09874,730.0,Apr-26,Mill price: article code,0.40936,298.8328,13.3455,Automatic board and BOM component calculation,0.31077,BOM operation speeds
BOX016/102/YPB/1000G/1125P,308.7021,BRD016/103/YPB/1000G/BW,4-16834,730.0,Apr-26,Mill price: article code,0.4,292.0,16.7021,Automatic board and BOM component calculation,0.340034,BOM operation speeds
BOX016/102/YPL/1000G/1080P,333.2103,BRD016/102/YPL/1000G/WB (2),4-09873,763.0,Apr-26,Mill price: article code,0.41922,319.8649,13.3455,Automatic board and BOM component calculation,0.320079,BOM operation speeds
BOX016/102/YPL/950G/1125P,325.6153,BRD016/103/YPL/900G/WW,4-16175/SHT300008,793.0,Apr-26,Mill price: article code,0.38955,308.9132,16.7021,Automatic board and BOM component calculation,0.549599,BOM operation speeds
BOX016/102/YPL/D9999/03/915G,326.7584,BRD016/YPL/D9999/03/915G/WW,,659.5263,,BOM material fallback (machine/labour removed),0.468787,309.1777,17.5807,Automatic board and BOM component calculation,0.308333,BOM operation speeds plus rolled-child machine time
BOX016/102/YPL/D9999/05/915G,334.6605,BRD016/YPL/D9999/05/900G/WW,,687.656,,BOM material fallback (machine/labour removed),0.461102,317.0798,17.5807,Automatic board and BOM component calculation,0.308333,BOM operation speeds plus rolled-child machine time
BOX016/102/YPL/D9999/07/915G,335.8774,BRD016/YPL/D9999/07/900G/WW,,805.2435,,BOM material fallback (machine/labour removed),0.39528,318.2967,17.5807,Automatic board and BOM component calculation,0.563196,BOM operation speeds plus rolled-child machine time
BOX016/102/YPL/D9999/08/915G,329.9074,BRD016/YPL/D9999/08/900G/WW,,790.1403,,BOM material fallback (machine/labour removed),0.39528,312.3267,17.5807,Automatic board and BOM component calculation,0.64582,BOM operation speeds plus rolled-child machine time
BOX016/102/YPL/F0097/01/1000G,394.8836,BRD016/102/YPL/1000G/WB,4-14043,763.0,Apr-26,Mill price: article code,0.5,381.5,13.3836,Automatic board and BOM component calculation,0.0,No BOM machine-time profile
BOX016/103/YPB/950G/1125P,282.1494,BRD016/103/YPB/950G/BW,,736.3308,,BOM material fallback (machine/labour removed),0.3605,265.4473,16.7021,Automatic board and BOM component calculation,0.0,No BOM machine-time profile
BOX016/NPB/1000G/1125P,302.7385,BRD016/NPB/1000G/BB,,736.3309,,BOM material fallback (machine/labour removed),0.3876,285.4018,17.3367,Automatic board and BOM component calculation,0.225,BOM operation speeds
BOX016/NPL/F0029/01/1000G,425.3431,BRD016/NPL/F0029/01/1000G/WW,,1005.9645,,BOM material fallback (machine/labour removed),0.406575,409.0,16.3431,Automatic board and BOM component calculation,0.484443,BOM operation speeds
BOX016/YPL/A9999/02/900G,289.3111,BRD016/YPL/900G/WB,,650.0,,BOM material fallback (machine/labour removed),0.419,272.35,16.9611,Automatic board and BOM component calculation,0.609208,BOM operation speeds
BOX016/YPL/D9999/09/900G,330.1379,BRD016/YPL/D9999/09/900G/WW,,677.8476,,BOM material fallback (machine/labour removed),0.461102,312.5572,17.5807,Automatic board and BOM component calculation,0.465065,BOM operation speeds plus rolled-child machine time
BOX018/101/NPB/1050G/1500P,247.0796,BRD018/101/NPB/1050G/BB,4-15843,615.0,Apr-26,Mill price: article code,0.377,231.855,15.2246,Automatic board and BOM component calculation,0.315228,BOM operation speeds
BOX018/101/NPL/900G/1500P,235.6726,BRD018/101/NPL/900G/WB,4-16064,664.0,Apr-26,Mill price: article code,0.332,220.448,15.2246,Automatic board and BOM component calculation,0.376195,BOM operation speeds
BOX018/101/NPL/R0038/01/900G,59.4081,BRD018/NPL/R0038/01/900G/WB,4-16064,664.0,Apr-26,Mill price: article code,0.066542,44.1836,15.2246,Automatic board and BOM component calculation,0.442598,BOM operation speeds plus rolled-child machine time
BOX018/101/NPL/R0038/02/900G,194.4472,BRD018/NPL/R0038/02/900G/WB,,0.0,,BOM material fallback (machine/labour removed),0.0,179.2227,15.2246,Automatic board and BOM component calculation,0.482145,BOM operation speeds plus rolled-child machine time
BOX018/101/NPL/R0038/03/900G,192.9314,BRD018/NPL/R0038/03/900G/WB,,525.8041,,BOM material fallback (machine/labour removed),0.337972,177.7069,15.2246,Automatic board and BOM component calculation,0.455085,BOM operation speeds plus rolled-child machine time
BOX018/102/LPB/900G/2000P,236.6059,BRD018/102/YPB/900G/BB,4-15634,746.0,Apr-26,Mill price: article code,0.303,226.038,10.5679,Automatic board and BOM component calculation,0.266923,BOM operation speeds
BOX021/101/NPB/1200G/1500P,378.8696,BRD021/101/NPB/1200G/BB,4-15257,623.0,Apr-26,Mill price: article code,0.584,363.832,15.0376,Automatic board and BOM component calculation,0.29791,BOM operation speeds
BOX021/101/NPL/1000G/1500P,347.5887,BRD021/101/NPL/1000G/WB,4-15236,664.0,Apr-26,Mill price: article code,0.501,332.664,14.9247,Automatic board and BOM component calculation,0.288702,BOM operation speeds
BOX021/102/NPB/1000G/1500P,273.7187,BRD021/102/NPB/1000G/BB,4-09473,610.0,Apr-26,Mill price: article code,0.4331,264.191,9.5277,Automatic board and BOM component calculation,0.375379,BOM operation speeds
BOX021/102/NPL/900G/1500P(2),276.2963,BRD021/102/NPL/900G/WB,4-09829,664.0,Apr-26,Mill price: article code,0.40176,266.7686,9.5277,Automatic board and BOM component calculation,0.374478,BOM operation speeds
BOX021/NPL/A0205/01/1000G,338.9055,BRD021/NPL/A0205/01/1000G/WB,4-15236,664.0,Apr-26,Mill price: article code,0.501075,332.7138,6.1917,Automatic board and BOM component calculation,0.308333,BOM operation speeds plus rolled-child machine time
BOX021/NPL/I0046/01/1000G,338.9055,BRD021/NPL/I0046/01/1000G/WB,4-15236,664.0,Apr-26,Mill price: article code,0.501075,332.7138,6.1917,Automatic board and BOM component calculation,0.308333,BOM operation speeds plus rolled-child machine time
BOX023/101/NPB/900G/1500P,268.9846,BRD023/101/NPB/900G/BB,4-15895,610.0,Apr-26,Mill price: article code,0.416,253.76,15.2246,Automatic board and BOM component calculation,0.318805,BOM operation speeds
BOX023/101/NPL/800G/1500P,265.4606,BRD023/101/NPL/800G/WB,4-15896,662.0,Apr-26,Mill price: article code,0.378,250.236,15.2246,Automatic board and BOM component calculation,0.328842,BOM operation speeds
BOX024/101/NPB/750G/2000P,179.3797,BRD024/101/NPB/750G/BW,4-15952,744.0,Apr-26,Mill price: article code,0.22089,164.3422,15.0376,Automatic board and BOM component calculation,0.285278,BOM operation speeds
BOX024/101/NPL/750G/2000P,186.2052,BRD024/101/NPL/750G/WB,4-15951,747.0,Apr-26,Mill price: article code,0.22914,171.1676,15.0376,Automatic board and BOM component calculation,0.295095,BOM operation speeds
BOX024/101/NPL/R0014/01/750G,188.1051,BRD024/NPL/R0014/01/750G/WB,4-15951,747.0,Apr-26,Mill price: article code,0.229144,171.1704,16.9347,Automatic board and BOM component calculation,0.411273,BOM operation speeds plus rolled-child machine time
BOX024/102/NPL/750G/3150P,171.0073,BRD024/102/NPL/750G/WB (2),4-08528,747.0,Apr-26,Mill price: article code,0.22008,164.3998,6.6075,Automatic board and BOM component calculation,0.792597,BOM operation speeds
BOX024/102/NPL/F0079/01/750G,171.0148,BRD024/102/NPL/750G/WB (2),4-08528,747.0,Apr-26,Mill price: article code,0.22,164.34,6.6748,Automatic board and BOM component calculation,0.682007,BOM operation speeds
BOX024/102/NPL/F0079/02/750G,171.0105,BRD024/102/NPL/750G/WB (2),4-08528,747.0,Apr-26,Mill price: article code,0.22,164.34,6.6705,Automatic board and BOM component calculation,0.583574,BOM operation speeds
BOX024/102/NPL/M0073/01/750G,170.9519,BRD024/102/NPL/750G/WB (2),4-08528,747.0,Apr-26,Mill price: article code,0.22,164.34,6.6119,Automatic board and BOM component calculation,0.501824,BOM operation speeds
BOX024/102/YPO/C0071/01/900G,353.0222,BRD024/102/YPO/900G/WW,4-15919,793.0,Apr-26,Mill price: article code,0.4243,336.4699,16.5523,Automatic board and BOM component calculation,0.56227,BOM operation speeds
BOX024/NPL/M0180/01/750G,188.1051,BRD024/NPL/M0180/01/750G/WB,4-15951,747.0,Apr-26,Mill price: article code,0.229144,171.1704,16.9347,Automatic board and BOM component calculation,0.308333,BOM operation speeds plus rolled-child machine time
BOX025/101/LPB/900G/900P,335.2426,BRD025/101/LPB/900G/BW,4-15495,746.0,Apr-26,Mill price: article code,0.42948,320.3921,14.8506,Automatic board and BOM component calculation,0.391209,BOM operation speeds
BOX025/101/YPL/900G/900P,363.7706,BRD025/101/YPL/900G/WW,4-15916,793.0,Apr-26,Mill price: article code,0.44,348.92,14.8506,Automatic board and BOM component calculation,0.336175,BOM operation speeds
BOX025/102/NPB/F0015/01/900G,280.4383,BRD025/102/NPB/900G/BB,4-15447,610.0,Apr-26,Mill price: article code,0.4434,270.474,9.9643,Automatic board and BOM component calculation,0.399194,BOM operation speeds
BOX025/102/NPL/F0015/01/900G,304.3819,BRD025/102/NPL/900G/WB (4),4-15448,664.0,Apr-26,Mill price: article code,0.4434,294.4176,9.9643,Automatic board and BOM component calculation,0.394485,BOM operation speeds
BOX025/102/YPL/S0029/01/1000G,389.1483,BRD025/102/YPL/1000G/WB,4-14442,763.0,Apr-26,Mill price: article code,0.4941,376.9983,12.15,Automatic board and BOM component calculation,0.336962,BOM operation speeds
BOX025/103/YPL/950G/675P,362.3358,BRD025/103/YPL/950G/WW,,736.3308,,BOM material fallback (machine/labour removed),0.4694,345.6337,16.7021,Automatic board and BOM component calculation,0.225,BOM operation speeds
BOX025/103/YPL/A9999/01/900G,393.1821,BRD025/103/YPL/900G/WW,4-15920/SHT200120,800.0,Apr-26,Mill price: article code,0.4706,376.48,16.7021,Automatic board and BOM component calculation,0.391667,BOM operation speeds
BOX026/101/YPB/W0023/01/1100G,323.7903,BRD026/YPB/W0023/01/1100G/WW,,1068.8138,,BOM material fallback (machine/labour removed),0.287099,306.8556,16.9347,Automatic board and BOM component calculation,0.305497,BOM operation speeds plus rolled-child machine time
BOX026/102/YPB/W0023/01/1100G,518.7021,BRD026/YPB/W0023/02/1100G/WW,,1275.0508,,BOM material fallback (machine/labour removed),0.39371,502.0,16.7021,Automatic board and BOM component calculation,0.225,BOM operation speeds
BOX027/101/NPB/850G/1440P,210.8688,BRD027/101/NPB/850G/BB,4-15394,625.0,Apr-26,Mill price: article code,0.31493,196.8312,14.0376,Automatic board and BOM component calculation,0.266929,BOM operation speeds
BOX027/101/NPB/850G/1620P,209.8506,BRD027/101/NPB/850G/BB,4-15394,625.0,Apr-26,Mill price: article code,0.312,195.0,14.8506,Automatic board and BOM component calculation,0.290591,BOM operation speeds
BOX027/101/NPL/700G/1440P,226.795,BRD027/101/NPL/700G/WB,4-15460,807.0,Apr-26,Mill price: article code,0.26364,212.7575,14.0376,Automatic board and BOM component calculation,0.27577,BOM operation speeds
BOX027/101/NPL/700G/1620P,226.2846,BRD027/101/NPL/700G/WB,4-15460,807.0,Apr-26,Mill price: article code,0.262,211.434,14.8506,Automatic board and BOM component calculation,0.0,No BOM machine-time profile
BOX027/101/NPL/GENPRT/01/700G,227.3149,BRD027/NPL/GENPRT/01/700G/WB,4-15460,807.0,Apr-26,Mill price: article code,0.261974,211.4127,15.9022,Automatic board and BOM component calculation,0.403139,BOM operation speeds plus rolled-child machine time
BOX027/102/NPB/900G/1350P,198.6708,BRD027/102/NPB/900G/BB,4-00426,610.0,Apr-26,Mill price: unique size/GSM,0.3086,188.246,10.4248,Automatic board and BOM component calculation,0.344426,BOM operation speeds
BOX027/102/NPL/900G/1350P,211.6148,BRD027/102/NPL/900G/WB,,649.0,,BOM material fallback (machine/labour removed),0.31,201.19,10.4248,Automatic board and BOM component calculation,0.325681,BOM operation speeds
BOX027/102/YPO/1000G/960P,534.0343,BRD027/102/YPO/1000G/WB (2),4-13179,763.0,Apr-26,Mill price: article code,0.6765,516.1695,17.8648,Automatic board and BOM component calculation,0.51793,BOM operation speeds
BOX027/102/YPO/A0105/01/900G,462.3618,BRD027/102/YPB/1000G/BB,4-13613,730.0,Apr-26,Mill price: article code,0.6089,444.497,17.8648,Automatic board and BOM component calculation,0.583333,BOM operation speeds
BOX027/102/YPO/P0073/01/1000G,534.0363,BRD027/102/YPO/1000G/WB,4-14466,763.0,Apr-26,Mill price: article code,0.6765,516.1695,17.8668,Automatic board and BOM component calculation,0.831111,BOM operation speeds
BOX027/103/YPO/D0129/02/900G,462.3295,BRD027/103/YPO/900G/WW,,736.3308,,BOM material fallback (machine/labour removed),0.6052,445.6274,16.7021,Automatic board and BOM component calculation,0.458333,BOM operation speeds
BOX027/NPB/850G/1800P,211.4227,BRD027/101/NPB/850G/BB,4-15394,625.0,Apr-26,Mill price: article code,0.312,195.0,16.4227,Automatic board and BOM component calculation,0.268878,BOM operation speeds
BOX027/NPL/700G/1800P,229.1479,BRD027/101/NPL/700G/WB,4-15460,807.0,Apr-26,Mill price: article code,0.2636,212.7252,16.4227,Automatic board and BOM component calculation,0.310873,BOM operation speeds
BOX028/101/NPB/800G/2940P,184.1516,BRD028/101/NPB/800G/BB,4-15917,649.0,Apr-26,Mill price: article code,0.26,168.74,15.4116,Automatic board and BOM component calculation,0.280199,BOM operation speeds
BOX028/101/NPL/800G/2940P,190.8416,BRD028/101/NPL/800G/WB,4-15673,662.0,Apr-26,Mill price: article code,0.265,175.43,15.4116,Automatic board and BOM component calculation,0.284807,BOM operation speeds
BOX028/101/NPL/D0097/01/800G,191.27,BRD028/NPL/D0097/01/800G/WB,4-15673,662.0,Apr-26,Mill price: article code,0.265647,175.8584,15.4116,Automatic board and BOM component calculation,0.350641,BOM operation speeds plus rolled-child machine time
BOX028/102/LPB/850G/1800P,255.7559,BRD028/102/LPB/850G/WB,4-14966,942.0,Apr-26,Mill price: article code,0.26,244.92,10.8359,Automatic board and BOM component calculation,0.35,BOM operation speeds
BOX028/102/NPB/750G/3150P,166.9916,BRD028/102/NPB/750G/BW,4-08527,744.0,Apr-26,Mill price: article code,0.21557,160.3841,6.6075,Automatic board and BOM component calculation,0.32415,BOM operation speeds
BOX028/102/NPB/G0110/01/900G,195.2071,BRD028/102/NPB/900G/BB,4-00426,610.0,Apr-26,Mill price: article code,0.3086,188.246,6.9611,Automatic board and BOM component calculation,0.0,No BOM machine-time profile
BOX028/102/NPL/800G/2700P,193.1155,BRD028/102/NPL/800G/WB,4-10111,662.0,Apr-26,Mill price: article code,0.2812,186.1544,6.9611,Automatic board and BOM component calculation,0.45,BOM operation speeds
BOX028/102/YPL/750G/1800P,245.3588,BRD028/102/YPL/750G/WB,4-15556,993.0,Apr-26,Mill price: article code,0.23621,234.5565,10.8022,Automatic board and BOM component calculation,0.344067,BOM operation speeds
BOX028/102/YPT/B0154/01/1100G,315.0752,BRD028/102/YPT/1100G/WB,4-14173,865.0,Apr-26,Mill price: article code,0.3572,308.978,6.0972,Automatic board and BOM component calculation,0.0,No BOM machine-time profile
BOX028/102/YPT/B0154/02/1100G,315.0752,BRD028/102/YPT/1100G/WB,4-14173,865.0,Apr-26,Mill price: article code,0.3572,308.978,6.0972,Automatic board and BOM component calculation,0.291667,BOM operation speeds
BOX028/102/YPT/M0140/01/1100G,315.0557,BRD028/102/YPT/1100G/WB,4-14173,865.0,Apr-26,Mill price: article code,0.3572,308.978,6.0777,Automatic board and BOM component calculation,0.420346,BOM operation speeds
BOX029/101/NPB/800G/1850P,211.2226,BRD029/101/NPB/800G/BB,4-16106,649.0,Apr-26,Mill price: article code,0.302,195.998,15.2246,Automatic board and BOM component calculation,0.284296,BOM operation speeds
BOX029/101/NPB/800G/1850P(2),209.7126,BRD029/101/NPB/800G/BB(2),,644.0,,BOM material fallback (machine/labour removed),0.302,194.488,15.2246,Automatic board and BOM component calculation,0.284601,BOM operation speeds
BOX029/101/NPL/800G/1850P,221.1066,BRD029/101/NPL/800G/WB,4-16107,662.0,Apr-26,Mill price: article code,0.311,205.882,15.2246,Automatic board and BOM component calculation,0.294793,BOM operation speeds
BOX029/101/NPL/800G/1850P(2),225.4796,BRD029/101/NPL/800G/WB(2),,655.0,,BOM material fallback (machine/labour removed),0.321,210.255,15.2246,Automatic board and BOM component calculation,0.282909,BOM operation speeds
BOX029/101/NPL/R0014/01/800G,347.9347,BRD029/NPL/R0014/01/800G/WB,4-16107,662.0,Apr-26,Mill price: article code,0.5,331.0,16.9347,Automatic board and BOM component calculation,0.925994,BOM operation speeds plus rolled-child machine time
BOX029/101/NPL/S0128/01/800G,347.9347,BRD029/NPL/S0128/01/800G/WB,4-16107,662.0,Apr-26,Mill price: article code,0.5,331.0,16.9347,Automatic board and BOM component calculation,0.379564,BOM operation speeds plus rolled-child machine time
BOX029/DWB/800G/1000P,275.2166,BRD029/DWB/800G/BB(2),,649.0,,BOM material fallback (machine/labour removed),0.3993,259.1457,16.0709,Automatic board and BOM component calculation,0.456922,BOM operation speeds
BOX029/NPL/M0175/02/800G,355.2547,BRD029/NPL/M0175/02/800G/WB,4-16107,662.0,Apr-26,Mill price: article code,0.5,331.0,24.2547,Automatic board and BOM component calculation,0.446869,BOM operation speeds plus rolled-child machine time
BOX030/102/YPL/850G/1800P,199.2541,BRD030/102/YPL/850G/WB,4-08662,942.0,Apr-26,Mill price: article code,0.2,188.4,10.8541,Automatic board and BOM component calculation,0.225,BOM operation speeds
BOX030/102/YPL/C0161/01/850G,199.2593,BRD030/102/YPL/850G/WB,4-08662,942.0,Apr-26,Mill price: article code,0.2,188.4,10.8593,Automatic board and BOM component calculation,0.391667,BOM operation speeds
BOX031/101/NPB/1000G/1750P,279.3546,BRD031/101/NPB/1000G/BB,4-15869,610.0,Apr-26,Mill price: article code,0.433,264.13,15.2246,Automatic board and BOM component calculation,0.30257,BOM operation speeds
BOX031/101/NPL/S0183/01/800G,62.5782,BRD031/NPL/S0183/01/800G/WB,4-15868,662.0,Apr-26,Mill price: article code,0.071531,47.3537,15.2246,Automatic board and BOM component calculation,0.416015,BOM operation speeds plus rolled-child machine time
BOX032/102/NPL/N0037/01/700G,206.905,BRD032/102/NPL/700G/BB,4-14816,805.0,Apr-26,Mill price: article code,0.2472,198.996,7.909,Automatic board and BOM component calculation,0.0,No BOM machine-time profile
BOX033/102/NPB/1200G/600P,700.5231,BRD033/102/NPB/1200G/BB,4-15700,623.0,Apr-26,Mill price: article code,1.09746,683.7176,16.8056,Automatic board and BOM component calculation,0.55371,BOM operation speeds
BOX033/102/NPB/1250G/540P,729.0129,BRD033/102/NPB/1200G/BB,4-15700,623.0,Apr-26,Mill price: article code,1.14319,712.2074,16.8056,Automatic board and BOM component calculation,0.899335,BOM operation speeds
BOX033/102/NPL/1000G/600P(2),636.8488,BRD033/102/NPL/1000G/WB,4-15697,664.0,Apr-26,Mill price: article code,0.9338,620.0432,16.8056,Automatic board and BOM component calculation,0.530767,BOM operation speeds
BOX034/102/NPB/1100G/400P,691.3271,BRD034/102/NPB/1100G/BB,4-15699,616.0,Apr-26,Mill price: article code,1.0868,669.4688,21.8583,Automatic board and BOM component calculation,0.633404,BOM operation speeds
BOX034/102/NPL/1000G/400P,691.1703,BRD034/102/NPL/1000G/WB,4-15698,664.0,Apr-26,Mill price: article code,1.008,669.312,21.8583,Automatic board and BOM component calculation,0.593748,BOM operation speeds
BOX035/101/NPB/1000G/1500P,311.0746,BRD035/101/NPB/1000G/BB,4-15403,610.0,Apr-26,Mill price: article code,0.485,295.85,15.2246,Automatic board and BOM component calculation,0.349489,BOM operation speeds
BOX035/101/NPL/1000G/1500P,346.5606,BRD035/101/NPL/1000G/WB,4-15651,664.0,Apr-26,Mill price: article code,0.499,331.336,15.2246,Automatic board and BOM component calculation,0.67811,BOM operation speeds
BOX035/102/NPB/1000G/1000P,330.8409,BRD035/102/NPB/1000G/BB,4-14125,610.0,Apr-26,Mill price: article code,0.5031,306.891,23.9499,Automatic board and BOM component calculation,0.35,BOM operation speeds
BOX035/102/NPL/C9999/01/1250G,387.6365,BRD035/102/NPL/1250G/WB,4-16805,662.0,Apr-26,Mill price: article code,0.5679,375.9498,11.6868,Automatic board and BOM component calculation,0.391667,BOM operation speeds
BOX036/101/YPO/900G/1320P,375.8526,BRD036/101/YPB/900G/WW,4-15349,793.0,Apr-26,Mill price: article code,0.455,360.815,15.0376,Automatic board and BOM component calculation,0.357473,BOM operation speeds
BOX037/101/YPB/1000G/1120P,388.1446,BRD037/101/YPB/1000G/WW,4-16105,763.0,Apr-26,Mill price: article code,0.489,373.107,15.0376,Automatic board and BOM component calculation,0.0,No BOM machine-time profile
BOX038/101/YPB/900G/1120P,298.9316,BRD038/101/YPB/900G/WW,4-15730,793.0,Apr-26,Mill price: article code,0.358,283.894,15.0376,Automatic board and BOM component calculation,0.405142,BOM operation speeds
BOX038/102/NPL/800G/2700P,140.6851,BRD038/102/NPL/800G/WB,4-10680,662.0,Apr-26,Mill price: article code,0.202,133.724,6.9611,Automatic board and BOM component calculation,0.225,BOM operation speeds
BOX038/103/LPB/800G/2080P,149.3889,BRD038/103/YPL/800G/WB,,736.3309,,BOM material fallback (machine/labour removed),0.1802,132.6868,16.7021,Automatic board and BOM component calculation,0.225,BOM operation speeds
BOX038/103/YPB/750G/2288P,140.6216,BRD038/103/YPL/750G/WB (3),,736.3309,,BOM material fallback (machine/labour removed),0.1671,123.0409,17.5807,Automatic board and BOM component calculation,0.0,No BOM machine-time profile
BOX038/103/YPL/850G/2080P,211.3301,BRD038/103/YPL/750G/WB,4-15884/SHT200015,993.0,Apr-26,Mill price: article code,0.196,194.628,16.7021,Automatic board and BOM component calculation,0.225,BOM operation speeds
BOX039/101/NPL/900G/1500P,159.9358,BRD039/101/NPL/900G/WW,4-15936,793.0,Apr-26,Mill price: article code,0.18225,144.5242,15.4116,Automatic board and BOM component calculation,0.374206,BOM operation speeds
BOX039/102/YPB/1100G/1750P,185.4285,BRD001/101/YPL/1000G/WW(3),4-17073,763.0,Apr-26,Mill price: article code,0.2288,174.5744,10.8541,Automatic board and BOM component calculation,0.4107,BOM operation speeds
BOX039/103/YPL/G0063/1100G,189.7398,BRD001/103/YPL/1100G/WB,,736.3309,,BOM material fallback (machine/labour removed),0.235,173.0377,16.7021,Automatic board and BOM component calculation,0.408426,BOM operation speeds
BOX040/101/NPB/D0129/01/900G,0.0,,,0.0,,No BOM board component,0.0,0.0,0.0,Automatic board and BOM component calculation,0.0,No BOM machine-time profile
BOX040/103/NPB/D0129/01/1100G,562.0417,BRD040/103/NPB/1100G/WW,,884.0,,BOM material fallback (machine/labour removed),0.6169,545.3396,16.7021,Automatic board and BOM component calculation,0.391667,BOM operation speeds
BOX041/102/NPL/900G/1500P,332.9938,BRD041/102/NPL/900G/WB (2),4-13905,664.0,Apr-26,Mill price: article code,0.48708,323.4211,9.5727,Automatic board and BOM component calculation,0.308764,BOM operation speeds
BOX041/102/NPL/D0096/01/900G,332.9426,BRD041/102/NPL/900G/WB (2),4-13905,664.0,Apr-26,Mill price: article code,0.487,323.368,9.5746,Automatic board and BOM component calculation,0.637535,BOM operation speeds
BOX041/102/NPL/D0096/02/900G,332.9643,BRD041/102/NPL/900G/WB (2),4-13905,664.0,Apr-26,Mill price: article code,0.487,323.368,9.5963,Automatic board and BOM component calculation,0.588204,BOM operation speeds
BOX041/102/NPL/D0096/03/900G,332.9641,BRD041/102/NPL/900G/WB (2),4-13905,664.0,Apr-26,Mill price: article code,0.487,323.368,9.5961,Automatic board and BOM component calculation,0.586219,BOM operation speeds
BOX041/102/NPL/N0037/01/900G,332.9246,BRD041/102/NPL/900G/WB (2),4-13905,664.0,Apr-26,Mill price: article code,0.487,323.368,9.5566,Automatic board and BOM component calculation,0.391667,BOM operation speeds
BOX044/103/DPL/R0002/01/750G,166.3472,BRD044/103/YPL/750G/WB,4-16788/SHT201543,993.0,Apr-26,Mill price: article code,0.1507,149.6451,16.7021,Automatic board and BOM component calculation,0.391667,BOM operation speeds
BOX045/102/NPB/900G/1500P,221.847,BRD045/102/NPB/900G/BB,4-00387,610.0,Apr-26,Mill price: article code,0.3482,212.402,9.445,Automatic board and BOM component calculation,0.312647,BOM operation speeds
BOX045/102/NPB/900G/1800P,221.2512,BRD045/102/NPB/900G/BB,4-00387,610.0,Apr-26,Mill price: article code,0.3482,212.402,8.8492,Automatic board and BOM component calculation,0.306324,BOM operation speeds
BOX045/102/YPB/1050G/1500P,243.1642,BRD045/102/YPB/1050G/BB,4-16996,615.0,Apr-26,Mill price: article code,0.381,234.315,8.8492,Automatic board and BOM component calculation,0.366714,BOM operation speeds
BOX045/102/YPB/900/1750P,265.1197,BRD045/102/LP/900G/BB,4-15679,746.0,Apr-26,Mill price: article code,0.342,255.132,9.9877,Automatic board and BOM component calculation,0.0,No BOM machine-time profile
BOX045/102/YPB/900G/2000P,268.732,BRD045/102/YPB/900G/BB,4-08744,746.0,Apr-26,Mill price: article code,0.3482,259.7572,8.9748,Automatic board and BOM component calculation,0.329959,BOM operation speeds
BOX045/102/YPB/900G/2400P,269.7449,BRD045/102/YPB/900G/BB,4-08744,746.0,Apr-26,Mill price: article code,0.3482,259.7572,9.9877,Automatic board and BOM component calculation,0.654164,BOM operation speeds
BOX045/102/YPL/900G/1500P,214.5168,BRD045/102/NPB/900G/BB,4-00387,610.0,Apr-26,Mill price: article code,0.33716,205.6676,8.8492,Automatic board and BOM component calculation,0.3792,BOM operation speeds
BOX046/101/YPB/1000G/1250P,280.3341,BRD046/101/YPB/1000G/WW,,625.0,,BOM material fallback (machine/labour removed),0.4214,263.375,16.9591,Automatic board and BOM component calculation,0.338203,BOM operation speeds
BOX046/101/YPL/1000G/1250P,347.567,BRD046/101/YPL/1000G/WW,,763.0,,BOM material fallback (machine/labour removed),0.4333,330.6079,16.9591,Automatic board and BOM component calculation,0.260344,BOM operation speeds
BOX046/101/YPL/F0097/01/1000G,292.3466,BRD046/YPL/F0097/01/1000G/WW,,639.428,,BOM material fallback (machine/labour removed),0.44745,286.1121,6.2345,Automatic board and BOM component calculation,0.484937,BOM operation speeds plus rolled-child machine time
BOX046/102/NPL/S0138/01/900G,298.0592,BRD046/NPL/900G/WB,,656.0,,BOM material fallback (machine/labour removed),0.4383,287.5248,10.5344,Automatic board and BOM component calculation,0.313054,BOM operation speeds
BOX046/102/YPB/1000G/1200P(2),357.3987,BRD046/102/YPB/1000G/BB,4-14842,730.0,Apr-26,Mill price: article code,0.47303,345.3119,12.0868,Automatic board and BOM component calculation,0.297796,BOM operation speeds
BOX046/102/YPB/900G/1500P,334.3588,BRD046/102/YPB/900G/BB,4-11572,746.0,Apr-26,Mill price: article code,0.432,322.272,12.0868,Automatic board and BOM component calculation,0.282378,BOM operation speeds
BOX046/102/YPL/800G/1500P,322.8765,BRD046/102/YPL/800G/WW,4-15908,786.0,Apr-26,Mill price: article code,0.39528,310.6901,12.1864,Automatic board and BOM component calculation,0.318612,BOM operation speeds
BOX046/102/YPO/H0080/01/1250G,861.7783,BRD046/102/YPO/1250G/WB,4-13058,809.0,Apr-26,Mill price: article code,1.0335,836.1015,25.6768,Automatic board and BOM component calculation,1.205297,BOM operation speeds
BOX046/103/NPB/850G/1650P,282.9521,BRD046/103/NPB/850G/BB,4-16960,625.0,Apr-26,Mill price: unique size/GSM,0.426,266.25,16.7021,Automatic board and BOM component calculation,0.45,BOM operation speeds
BOX046/103/NPL/750G/1650P,297.4994,BRD046/103/NPL/750G/WB,4-16961,747.0,Apr-26,Mill price: unique size/GSM,0.3759,280.7973,16.7021,Automatic board and BOM component calculation,0.225,BOM operation speeds
BOX047/102/NPB/1100G/960P,386.0602,BRD047/102/NPB/1100G/BB,4-01279,616.0,Apr-26,Mill price: unique size/GSM,0.612,376.992,9.0682,Automatic board and BOM component calculation,0.323382,BOM operation speeds
BOX047/102/NPL/950G/960P,374.6418,BRD047/102/NPL/950G/WB,,679.0,,BOM material fallback (machine/labour removed),0.5384,365.5736,9.0682,Automatic board and BOM component calculation,0.408146,BOM operation speeds
BOX048/102/NPB/1000G/1800P,203.1342,BRD048/102/NPB/1000G/BB,4-05797,610.0,Apr-26,Mill price: article code,0.3185,194.285,8.8492,Automatic board and BOM component calculation,0.225,BOM operation speeds
BOX048/102/NPB/800G/2160P,186.3676,BRD048/102/NPB/800G/BB,4-14814,649.0,Apr-26,Mill price: article code,0.275,178.475,7.8926,Automatic board and BOM component calculation,0.225,BOM operation speeds
BOX048/102/NPL/700G/2000P,191.19,BRD048/102/NPL/700G/BB,4-07056,805.0,Apr-26,Mill price: article code,0.22707,182.7913,8.3986,Automatic board and BOM component calculation,0.295182,BOM operation speeds
BOX048/102/NPL/700G/2400P,190.2581,BRD048/102/NPL/700G/BB,4-07056,805.0,Apr-26,Mill price: article code,0.22707,182.7913,7.4668,Automatic board and BOM component calculation,0.323758,BOM operation speeds
BOX048/102/YPL/800G/2000P,213.006,BRD048/102/YPL/800G/WW (2),4-08576,786.0,Apr-26,Mill price: article code,0.25951,203.9749,9.0311,Automatic board and BOM component calculation,0.341447,BOM operation speeds
BOX048/102/YPL/800G/2400P,214.0189,BRD048/102/YPL/800G/WW (2),4-08576,786.0,Apr-26,Mill price: article code,0.25951,203.9749,10.0441,Automatic board and BOM component calculation,0.331087,BOM operation speeds
BOX048/102/YPL/M0146/01/800G,228.8806,BRD048/102/YPL/800G/WW,4-15635,786.0,Apr-26,Mill price: article code,0.27777,218.3272,10.5534,Automatic board and BOM component calculation,0.3755,BOM operation speeds
BOX049/101/NPB/600G/2000P,193.8311,BRD049/101/NPB/600G/BB,4-16897,835.0,Apr-26,Mill price: article code,0.2139,178.6065,15.2246,Automatic board and BOM component calculation,0.284527,BOM operation speeds
BOX049/101/NPL/600G/2000P,198.3192,BRD049/101/NPL/600G/WB,4-16844,838.0,Apr-26,Mill price: article code,0.21849,183.0946,15.2246,Automatic board and BOM component calculation,0.0,No BOM machine-time profile
BOX049/101/NPL/700G/2000P,205.8898,BRD049/101/NPL/700G/BB,4-15487,748.0,Apr-26,Mill price: article code,0.2549,190.6652,15.2246,Automatic board and BOM component calculation,0.0,No BOM machine-time profile
BOX049/101/NPL/H0041/04/700G,205.9646,BRD049/101/NPL/700G/BB,4-15487,748.0,Apr-26,Mill price: article code,0.255,190.74,15.2246,Automatic board and BOM component calculation,0.225,BOM operation speeds
BOX049/101/NPL/H0041/06/600G,198.3227,BRD049/101/NPL/H0041/06/600G,4-16844,838.0,Apr-26,Mill price: article code,0.218494,183.0981,15.2246,Automatic board and BOM component calculation,0.391667,BOM operation speeds
BOX049/101/NPL/H0041/07/600G,434.2246,BRD049/101/NPL/H0041/07/600G,4-16844,838.0,Apr-26,Mill price: article code,0.5,419.0,15.2246,Automatic board and BOM component calculation,0.459589,BOM operation speeds plus rolled-child machine time
BOX049/101/NPL/H0041/08/600G,434.2246,BRD049/103/NPL/H0041/08/600G,4-16844,838.0,Apr-26,Mill price: article code,0.5,419.0,15.2246,Automatic board and BOM component calculation,0.37089,BOM operation speeds
BOX049/101/NPL/H0041/09/600G,155.6355,BRD049/NPL/H0041/09/600G/WB,,280.822,,BOM material fallback (machine/labour removed),0.5,140.411,15.2246,Automatic board and BOM component calculation,0.308333,BOM operation speeds plus rolled-child machine time
BOX049/101/NPL/H0041/10/600G,490.4086,BRD049/NPL/H0041/10/600G/WB,4-16844,838.0,Apr-26,Mill price: article code,0.218,182.684,307.7246,Automatic board and BOM component calculation,0.261333,BOM operation speeds plus rolled-child machine time
BOX049/102/NPL/750G/2400P,178.9285,BRD049/102/NPL/750G/WB,4-05796,703.0,Apr-26,Mill price: article code,0.2439,171.4617,7.4668,Automatic board and BOM component calculation,0.0,No BOM machine-time profile
BOX049/102/YPO/1000G/900P,556.8176,BRD049/102/YPO/1000G/WB,4-15045,763.0,Apr-26,Mill price: article code,0.70757,539.8759,16.9417,Automatic board and BOM component calculation,0.382526,BOM operation speeds
BOX049/102/YPT/F0006/01/1200G,522.575,BRD049/102/YPT/1200G/WW,,1168.0,,BOM material fallback (machine/labour removed),0.4422,516.4896,6.0854,Automatic board and BOM component calculation,0.225,BOM operation speeds
BOX049/102/YPT/F0006/02/1200G,520.5458,BRD049/102/YPT/1200G/WW,,1168.0,,BOM material fallback (machine/labour removed),0.4422,516.4896,4.0562,Automatic board and BOM component calculation,0.225,BOM operation speeds
BOX049/103/YPL/R0002/01/850G,321.0623,BRD049/103/YPL/850G/WB,4-16109/SHT201540,942.0,Apr-26,Mill price: article code,0.3231,304.3602,16.7021,Automatic board and BOM component calculation,0.391667,BOM operation speeds
BOX049/DWB/800G/1000P,269.3829,BRD049/DWB/800G/WB,,736.3308,,BOM material fallback (machine/labour removed),0.342,251.8252,17.5577,Automatic board and BOM component calculation,0.35,BOM operation speeds
BOX049/NPBH/650G/2500P,145.6717,BRD049/NPB/650G/UU,,563.0,,BOM material fallback (machine/labour removed),0.2317,130.4471,15.2246,Automatic board and BOM component calculation,0.257883,BOM operation speeds
BOX049/NPL/800G/2000P,205.3221,BRD049/NPL/800G/WB,,736.3309,,BOM material fallback (machine/labour removed),0.255,187.7644,17.5577,Automatic board and BOM component calculation,0.35,BOM operation speeds
BOX049/NPLH/600G/2500P,200.2246,BRD049/NPL/600G/WU,,740.0,,BOM material fallback (machine/labour removed),0.25,185.0,15.2246,Automatic board and BOM component calculation,0.476784,BOM operation speeds
BOX049/NPLH/H0041/08/600G,132.3455,BRD049/NPLH/H0041/08/600G/WU,,234.2418,,BOM material fallback (machine/labour removed),0.5,117.1209,15.2246,Automatic board and BOM component calculation,0.377866,BOM operation speeds plus rolled-child machine time
BOX050/102/LPO/1200G/600P,951.5606,BRD050/102/LPO/1200G/BB,4-13245,623.0,Apr-26,Mill price: article code,1.47,915.81,35.7506,Automatic board and BOM component calculation,0.225,BOM operation speeds
BOX050/102/NPB/1200G/552P,586.6848,BRD050/102/NPB/1200G/BB,,623.0,,BOM material fallback (machine/labour removed),0.9149,569.9827,16.7021,Automatic board and BOM component calculation,0.562985,BOM operation speeds
BOX050/102/NPB/1200G/600P,547.5451,BRD050/102/LPO/1200G/BB,4-13245,623.0,Apr-26,Mill price: article code,0.8215,511.7945,35.7506,Automatic board and BOM component calculation,0.438835,BOM operation speeds
BOX050/102/NPB/1200G/600P(2),512.6698,BRD050/102/NPB/1200G/BB(2),,596.0,,BOM material fallback (machine/labour removed),0.8002,476.9192,35.7506,Automatic board and BOM component calculation,0.393544,BOM operation speeds
BOX050/102/NPB/1250G/1200P,555.41,BRD050/102/NPB/1250G/BB,4-09296,626.0,Apr-26,Mill price: article code,0.8695,544.307,11.103,Automatic board and BOM component calculation,0.35,BOM operation speeds
BOX050/102/NPB/1250G/600P,553.5099,BRD050/102/NPB/1250G/BB,4-09296,626.0,Apr-26,Mill price: article code,0.8695,544.307,9.2029,Automatic board and BOM component calculation,0.391799,BOM operation speeds
BOX050/102/NPB/G0134/01/1250G,557.0114,BRD050/102/NPB/1250G/BB,4-09296,626.0,Apr-26,Mill price: article code,0.8695,544.307,12.7045,Automatic board and BOM component calculation,0.35,BOM operation speeds
BOX050/102/NPL/800G/600P,389.3896,BRD050/102/NPL/800G/WB,4-13186,662.0,Apr-26,Mill price: article code,0.5629,372.6398,16.7498,Automatic board and BOM component calculation,0.0,No BOM machine-time profile
BOX050/102/NPL/800G/600P(2),376.7378,BRD050/102/NPL/800G/WB(2),,655.0,,BOM material fallback (machine/labour removed),0.5496,359.988,16.7498,Automatic board and BOM component calculation,0.434331,BOM operation speeds
BOX050/102/YPB/1000G/1000P,534.7024,BRD050/102/YPB/1000G/BB (2),4-08339,730.0,Apr-26,Mill price: article code,0.7125,520.125,14.5774,Automatic board and BOM component calculation,0.601772,BOM operation speeds
BOX050/102/YPB/1100G/800P,699.7789,BRD050/102/YPB/1100G/WW,,817.0,,BOM material fallback (machine/labour removed),0.83868,685.2016,14.5774,Automatic board and BOM component calculation,0.655716,BOM operation speeds
BOX050/102/YPB/J0068/01/1250G,737.2877,BRD050/102/YPB/1250G/WB,4-07886,809.0,Apr-26,Mill price: article code,0.8906,720.4954,16.7923,Automatic board and BOM component calculation,0.590354,BOM operation speeds
BOX051/NPB/1100G/600P,487.8488,BRD051/NPB/1100G/BW,,667.0,,BOM material fallback (machine/labour removed),0.7096,473.3032,14.5456,Automatic board and BOM component calculation,0.35,BOM operation speeds
BOX051/NPL/900G/600P,400.3296,BRD051/NPL/900G/WB,,664.0,,BOM material fallback (machine/labour removed),0.581,385.784,14.5456,Automatic board and BOM component calculation,0.35,BOM operation speeds
BOX052/101/NPL/H0073/01/800G,62.5782,BRD052/NPL/H0073/01/800G/WB,4-15901,662.0,Apr-26,Mill price: article code,0.071531,47.3537,15.2246,Automatic board and BOM component calculation,0.400288,BOM operation speeds plus rolled-child machine time
BOX052/102/NPL/850G/1500P,288.6238,BRD052/102/NPL/850G/WB,4-11276,647.0,Apr-26,Mill price: article code,0.4313,279.0511,9.5727,Automatic board and BOM component calculation,0.332421,BOM operation speeds
BOX052/102/NPL/H0073/01/850G,333.0952,BRD052/NPL/H0073/01/850G/WB,4-11276,647.0,Apr-26,Mill price: article code,0.5,323.5,9.5952,Automatic board and BOM component calculation,0.629955,BOM operation speeds plus rolled-child machine time
BOX053/101/NPB/1000G/2450P,242.1446,BRD053/101/NPB/1000G/BB,4-15549,610.0,Apr-26,Mill price: article code,0.372,226.92,15.2246,Automatic board and BOM component calculation,0.335597,BOM operation speeds
BOX053/101/NPL/H0073/01/2450P,151.2182,BRD053/101/NPL/H0073/01/2450P,4-15548,647.0,Apr-26,Mill price: article code,0.210191,135.9936,15.2246,Automatic board and BOM component calculation,0.434175,BOM operation speeds plus rolled-child machine time
BOX053/102/NPB/1000G/896P,477.9575,BRD053/102/NPB/1000G/WB,4-13739,664.0,Apr-26,Mill price: article code,0.692,459.488,18.4695,Automatic board and BOM component calculation,0.47752,BOM operation speeds
BOX053/102/NPB/750G/3150P,190.8591,BRD053/102/NPB/750G/BW,4-08899,744.0,Apr-26,Mill price: article code,0.24765,184.2516,6.6075,Automatic board and BOM component calculation,0.225,BOM operation speeds
BOX053/102/NPL/M0073/01/750G,195.2295,BRD053/102/NPL/750G/WB,4-08900,747.0,Apr-26,Mill price: article code,0.2525,188.6175,6.612,Automatic board and BOM component calculation,0.391667,BOM operation speeds
BOX054/102/NPB/900G/1440P,212.728,BRD054/102/NPB/900G/BB,4-14412,610.0,Apr-26,Mill price: article code,0.33345,203.4045,9.3235,Automatic board and BOM component calculation,0.316322,BOM operation speeds
BOX054/102/NPL/GENPRT/01/800G,148.6757,BRD054/NPL/GENPRT/01/800G/WB,4-15635,786.0,Apr-26,Mill price: article code,0.177293,139.3521,9.3235,Automatic board and BOM component calculation,0.354457,BOM operation speeds plus rolled-child machine time
BOX054/102/NPL/L0105/01/800G,340.3235,BRD054/102/NPL/L0105/01/800/WB,4-14411,662.0,Apr-26,Mill price: article code,0.5,331.0,9.3235,Automatic board and BOM component calculation,0.478328,BOM operation speeds plus rolled-child machine time
BOX055/102/YPT/H0029/01/950G,57.5127,BRD055/102/YPT/H0029/01/950G,4-15002,891.0,Apr-26,Mill price: article code,0.051896,46.239,11.2737,Automatic board and BOM component calculation,0.417848,BOM operation speeds plus rolled-child machine time
BOX056/102/YPB/1000G/540P,650.3954,BRD056/102/YPB/1100G/BB,,794.0,,BOM material fallback (machine/labour removed),0.7929,629.5626,20.8328,Automatic board and BOM component calculation,0.802195,BOM operation speeds
BOX056/102/YPL/1000G/540P,591.2494,BRD056/102/YPL/1000G/WB,4-15702,780.0,Apr-26,Mill price: unique size/GSM,0.73128,570.3984,20.851,Automatic board and BOM component calculation,0.783607,BOM operation speeds
BOX058/102/NPB/850G/1320P,252.2713,BRD058/102/NPB/850G/BB,4-12026,625.0,Apr-26,Mill price: article code,0.38786,242.4125,9.8588,Automatic board and BOM component calculation,0.305416,BOM operation speeds
BOX058/102/NPL/600G/1320P,244.3508,BRD058/102/NPL/600G/WB,4-12025,838.0,Apr-26,Mill price: article code,0.28037,234.9501,9.4008,Automatic board and BOM component calculation,0.330576,BOM operation speeds
BOX058/103/YPB/950G/900P,431.1953,BRD058/103/YPB/950G/BW,4-15902/SHT200020,891.0,Apr-26,Mill price: unique size/GSM,0.4652,414.4932,16.7021,Automatic board and BOM component calculation,0.225,BOM operation speeds
BOX059/102/YPO/900G/1500P,290.5256,BRD059/102/YPO/900G/WB,4-15277,793.0,Apr-26,Mill price: article code,0.32128,254.775,35.7506,Automatic board and BOM component calculation,0.571015,BOM operation speeds
BOX060/102/NPB/1050G/600P,477.6733,BRD060/102/NPB/1050G/BB,4-11872,615.0,Apr-26,Mill price: article code,0.72727,447.2711,30.4022,Automatic board and BOM component calculation,0.738673,BOM operation speeds
BOX060/102/NPB/1050G/680P,605.9097,BRD060/102/NPB/1050G/BB (2),4-11926,615.0,Apr-26,Mill price: article code,0.94061,578.4751,27.4345,Automatic board and BOM component calculation,0.691857,BOM operation speeds
BOX060/102/NPL/D0116/01/1250G,548.4923,BRD060/102/NPL/1250G/WB,4-11638,662.0,Apr-26,Mill price: article code,0.807,534.234,14.2583,Automatic board and BOM component calculation,1.45626,BOM operation speeds
BOX060/102/NPL/D0116/02/1250G,548.4923,BRD060/102/NPL/1250G/WB,4-11638,662.0,Apr-26,Mill price: article code,0.807,534.234,14.2583,Automatic board and BOM component calculation,0.579904,BOM operation speeds
BOX060/102/NPL/F0015/01/1000G,368.6298,BRD060/102/NPL/1000G/WB,4-12087,664.0,Apr-26,Mill price: article code,0.534,354.576,14.0538,Automatic board and BOM component calculation,0.401075,BOM operation speeds
BOX060/103/NPL/D9999/11/1000G,504.7685,BRD060/103/NPL/1000G/BB,4-16794/SHT200114,781.0,Apr-26,Mill price: article code,0.6238,487.1878,17.5807,Automatic board and BOM component calculation,0.391667,BOM operation speeds
BOX061/101/NPO/C9999/03/1000G,143.6364,BRD061/NPO/C9999/03/1000G/WB,,257.9052,,BOM material fallback (machine/labour removed),0.456779,117.8057,25.8307,Automatic board and BOM component calculation,0.308333,BOM operation speeds plus rolled-child machine time
BOX061/101/YPL/A9999/01/900G,262.3421,BRD061/YPL/A9999/01/900G/WW,,668.8977,,BOM material fallback (machine/labour removed),0.365918,244.7614,17.5807,Automatic board and BOM component calculation,0.431066,BOM operation speeds plus rolled-child machine time
BOX061/101/YPL/B0182/01/900G,299.8207,BRD061/103/YPL/900G/WW,4-16168/SHT222228,800.0,Apr-26,Mill price: unique size/GSM,0.3528,282.24,17.5807,Automatic board and BOM component calculation,0.391667,BOM operation speeds
BOX061/101/YPL/D9999/04/950G,286.9548,BRD061/YPL/D9999/04/950G/WW,,656.9046,,BOM material fallback (machine/labour removed),0.4104,269.5937,17.3611,Automatic board and BOM component calculation,0.39661,BOM operation speeds plus rolled-child machine time
BOX061/101/YPL/D9999/08/950G,286.9548,BRD061/YPL/D9999/08/950G/WW,,656.9046,,BOM material fallback (machine/labour removed),0.4104,269.5937,17.3611,Automatic board and BOM component calculation,0.510001,BOM operation speeds plus rolled-child machine time
BOX061/101/YPL/D9999/09/900G,286.9848,BRD061/YPL/D9999/09/900G/WW,,705.2303,,BOM material fallback (machine/labour removed),0.38232,269.6237,17.3611,Automatic board and BOM component calculation,0.485975,BOM operation speeds plus rolled-child machine time
BOX061/101/YPL/W0075/01/900G,408.0593,BRD061/YPL/W0075/01/900G/WW,,1067.722,,BOM material fallback (machine/labour removed),0.365918,390.6982,17.3611,Automatic board and BOM component calculation,0.605018,BOM operation speeds plus rolled-child machine time
BOX061/101/YPL/W0075/02/900G,315.0991,BRD061/YPL/W0075/02/900G/WW,4-16168/SHT222228,800.0,Apr-26,Mill price: article code,0.372173,297.738,17.3611,Automatic board and BOM component calculation,0.455872,BOM operation speeds plus rolled-child machine time
BOX061/102/NPL/C9999/01/1000G,306.2125,BRD061/102/NPL/1000G/WB,4-14191,664.0,Apr-26,Mill price: article code,0.4473,297.0072,9.2053,Automatic board and BOM component calculation,0.641337,BOM operation speeds
BOX061/102/NPL/C9999/02/1000G,306.253,BRD061/102/NPL/1000G/WB,4-14191,664.0,Apr-26,Mill price: article code,0.4473,297.0072,9.2458,Automatic board and BOM component calculation,0.654608,BOM operation speeds
BOX061/102/NPO/C9999/01/850G,255.0543,BRD061/NPO/C9999/01/850G/WB,4-13922,647.0,Apr-26,Mill price: article code,0.370073,239.437,15.6173,Automatic board and BOM component calculation,0.581439,BOM operation speeds plus rolled-child machine time
BOX061/102/YPL/D9999/04/950G,329.1807,BRD061/103/YPL/900G/WW,4-16168/SHT222228,800.0,Apr-26,Mill price: unique size/GSM,0.3895,311.6,17.5807,Automatic board and BOM component calculation,0.391667,BOM operation speeds
BOX061/102/YPL/D9999/09/950G,328.3821,BRD061/103/YPL/900G/WW,4-16168/SHT222228,800.0,Apr-26,Mill price: unique size/GSM,0.3896,311.68,16.7021,Automatic board and BOM component calculation,0.783333,BOM operation speeds
BOX061/102/YPL/D9999/10/950G,278.5133,BRD061/YPL/D9999/10/950G/WW,,648.754,,BOM material fallback (machine/labour removed),0.40356,261.8112,16.7021,Automatic board and BOM component calculation,0.308333,BOM operation speeds plus rolled-child machine time
BOX061/102/YPT/E0061/01/950G,389.3168,BRD061/102/YPT/950G/WW,4-14092,955.0,Apr-26,Mill price: article code,0.3868,369.394,19.9228,Automatic board and BOM component calculation,0.361703,BOM operation speeds
BOX061/103/NPB/950G/1125P,283.8429,BRD061/103/NPB/950G/BW,,736.3308,,BOM material fallback (machine/labour removed),0.3628,267.1408,16.7021,Automatic board and BOM component calculation,0.225,BOM operation speeds
BOX061/103/YPL/W0066/01/950G,314.6221,BRD061/103/YPL/900G/WW,4-16168/SHT222228,800.0,Apr-26,Mill price: unique size/GSM,0.3724,297.92,16.7021,Automatic board and BOM component calculation,0.391667,BOM operation speeds
BOX070/102/YPB/1100G/500P,884.8463,BRD070/YPB/1100G/WW,,798.0,,BOM material fallback (machine/labour removed),1.0879,868.1442,16.7021,Automatic board and BOM component calculation,0.466493,BOM operation speeds
BOX070/102/YPL/1100G/500P,849.2771,BRD070/102/YPB/1100G/WW,,750.0,,BOM material fallback (machine/labour removed),1.1101,832.575,16.7021,Automatic board and BOM component calculation,0.35,BOM operation speeds
BOX070/103/YPL/1100G/500P,834.103,BRD070/103/YPL/1100G/WW,,736.3309,,BOM material fallback (machine/labour removed),1.1101,817.4009,16.7021,Automatic board and BOM component calculation,0.7,BOM operation speeds
BOX070/103/YPL/1100G/850P,834.103,BRD070/103/YPL/1100G/WW,,736.3309,,BOM material fallback (machine/labour removed),1.1101,817.4009,16.7021,Automatic board and BOM component calculation,0.35,BOM operation speeds
BOX071/103/YPL/950G/621P,552.1931,BRD071/103/YPL/950G/WB,4-16123/SHT200113,891.0,Apr-26,Mill price: article code,0.601,535.491,16.7021,Automatic board and BOM component calculation,0.225,BOM operation speeds
BOX073/103/YPL/W0004/01/1250G,764.1521,BRD073/103/YPL/1250G/WW,,750.0,,BOM material fallback (machine/labour removed),0.9966,747.45,16.7021,Automatic board and BOM component calculation,0.391667,BOM operation speeds
BOX074/102/LPB/900G/960P,263.6226,BRD074/102/LPB/900G/BW,4-17156,746.0,Apr-26,Mill price: article code,0.33427,249.3654,14.2572,Automatic board and BOM component calculation,0.225,BOM operation speeds
BOX074/102/NPB/800G/960P,206.4809,BRD074/102/NPL/850G/WB,4-13223,647.0,Apr-26,Mill price: article code,0.2971,192.2237,14.2572,Automatic board and BOM component calculation,0.456288,BOM operation speeds
BOX074/102/NPL/750G/960P,216.925,BRD074/102/NPL/750G/WB,4-16666,703.0,Apr-26,Mill price: article code,0.28829,202.6679,14.2572,Automatic board and BOM component calculation,0.422391,BOM operation speeds
BOX074/103/NPB/800G/850P,224.6546,BRD074/103/NPB/800G/BB,4-16667,699.0,Apr-26,Mill price: article code,0.2975,207.9525,16.7021,Automatic board and BOM component calculation,0.225,BOM operation speeds
BOX075/103/NPL/950G/1092P,456.5125,BRD075/103/NPL/950G/WW,,736.3309,,BOM material fallback (machine/labour removed),0.5973,439.8104,16.7021,Automatic board and BOM component calculation,0.225,BOM operation speeds
BOX075/103/NPL/A9999/02/950G,456.5125,BRD075/103/NPL/950G/WW,,736.3309,,BOM material fallback (machine/labour removed),0.5973,439.8104,16.7021,Automatic board and BOM component calculation,0.391667,BOM operation speeds
BOX076/101/NPL/W0075/02/1000G,162.2212,BRD076/NPL/W0075/02/1000G/WW,,297.7677,,BOM material fallback (machine/labour removed),0.4887,145.5191,16.7021,Automatic board and BOM component calculation,0.545854,BOM operation speeds plus rolled-child machine time
BOX076/101/YPL/D0116/02/1000G,348.7994,BRD076/YPL/D0116/02/1000G/WW,,640.5355,,BOM material fallback (machine/labour removed),0.518105,331.8647,16.9347,Automatic board and BOM component calculation,0.527341,BOM operation speeds plus rolled-child machine time
BOX076/101/YPL/P0167/01/1000G,801.8765,BRD076/YPL/P0167/01/1000G/WB,,794.0,,BOM material fallback (machine/labour removed),1.0,794.0,7.8765,Automatic board and BOM component calculation,0.35,BOM operation speeds
BOX076/101/YPL/P0167/01/950G,326.9567,BRD076/YPL/P0167/01/950G/WW,,839.5468,,BOM material fallback (machine/labour removed),0.369273,310.022,16.9347,Automatic board and BOM component calculation,0.601739,BOM operation speeds
BOX076/102/NPL/D9999/01/915G,368.4621,BRD076/101/YPL/900G/WW(2),,800.0,,BOM material fallback (machine/labour removed),0.4397,351.76,16.7021,Automatic board and BOM component calculation,0.598071,BOM operation speeds
BOX076/102/NPL/W0075/02/915G,376.7021,BRD076/103/NPL/915G/WW,,750.0,,BOM material fallback (machine/labour removed),0.48,360.0,16.7021,Automatic board and BOM component calculation,0.516667,BOM operation speeds
BOX076/102/YPB/1000G/1000P,378.3694,BRD076/102/YPB/1000G/WB,4-14886,780.0,Apr-26,Mill price: article code,0.4664,363.792,14.5774,Automatic board and BOM component calculation,0.35,BOM operation speeds
BOX076/102/YPB/1000G/1000P(2),385.2311,BRD076/102/YPB/1000G/WW(2),,763.0,,BOM material fallback (machine/labour removed),0.483,368.529,16.7021,Automatic board and BOM component calculation,0.352177,BOM operation speeds
BOX076/102/YPB/1250G/1000P,460.9328,BRD076/102/YPB/1250G/BB,4-15900,727.0,Apr-26,Mill price: article code,0.61382,446.2471,14.6857,Automatic board and BOM component calculation,0.403129,BOM operation speeds
BOX076/102/YPB/950G/1000P,580.4627,BRD076/103/YPB/950G/WW,,1227.4344,,BOM material fallback (machine/labour removed),0.4593,563.7606,16.7021,Automatic board and BOM component calculation,0.225,BOM operation speeds
BOX076/102/YPL/1000G/1000P,359.1521,BRD076/YPL/1000G/WW,,750.0,,BOM material fallback (machine/labour removed),0.4566,342.45,16.7021,Automatic board and BOM component calculation,0.303499,BOM operation speeds
BOX076/102/YPL/950G/1000P,359.1521,BRD076/102/YPL/1000G/WW,,750.0,,BOM material fallback (machine/labour removed),0.4566,342.45,16.7021,Automatic board and BOM component calculation,0.45,BOM operation speeds
BOX077/103/YPB/900G/1800P,281.1185,BRD077/103/YPB/900G/BW,,736.3309,,BOM material fallback (machine/labour removed),0.3591,264.4164,16.7021,Automatic board and BOM component calculation,0.225,BOM operation speeds
BOX077/103/YPL/800G/900P,257.8505,BRD077/103/YPL/800G/WB,,736.3308,,BOM material fallback (machine/labour removed),0.3275,241.1483,16.7021,Automatic board and BOM component calculation,0.225,BOM operation speeds
BOX078/102/YPB/1000G/1200P,341.0547,BRD078/102/YPB/1000G/BW,4-15071,730.0,Apr-26,Mill price: article code,0.444,324.12,16.9347,Automatic board and BOM component calculation,0.538005,BOM operation speeds
BOX078/102/YPB/950G/1200P,320.8199,BRD078/103/YPB/950G/BW,,721.0,,BOM material fallback (machine/labour removed),0.4218,304.1178,16.7021,Automatic board and BOM component calculation,0.0,No BOM machine-time profile
BOX078/102/YPL/1000G/1200P,366.1217,BRD078/102/YPL/1000G/WW,,763.0,,BOM material fallback (machine/labour removed),0.45765,349.187,16.9347,Automatic board and BOM component calculation,0.39777,BOM operation speeds
BOX078/102/YPL/950G/1200P,348.4316,BRD078/102/YPL/1000G/WW,,763.0,,BOM material fallback (machine/labour removed),0.43477,331.7295,16.7021,Automatic board and BOM component calculation,0.225,BOM operation speeds
BOX078/103/YPL/A9999/01/1100G,522.3811,BRD078/103/YPL/1100G/WW,4-15891/SHT200217,865.0,Apr-26,Mill price: article code,0.5846,505.679,16.7021,Automatic board and BOM component calculation,0.391667,BOM operation speeds
BOX079/102/YPB/1250G/750P,1037.8264,BRD079/103/YPB/1250G/BW,,750.0,,BOM material fallback (machine/labour removed),1.3675,1025.625,12.2014,Automatic board and BOM component calculation,0.25,BOM operation speeds
BOX079/102/YPL/1250G/750P,1031.6668,BRD079/103/YPL/1250G/BW,4-15967,727.0,Apr-26,Mill price: article code,1.3961,1014.9647,16.7021,Automatic board and BOM component calculation,0.0,No BOM machine-time profile
BOX082/102/YPB/950G/1800P,153.5133,BRD082/102/YPB/950G/WB,4-14893,891.0,Apr-26,Mill price: article code,0.16019,142.7293,10.784,Automatic board and BOM component calculation,0.1625,BOM operation speeds
BOX085/101/NPB/1100G/1000P,330.506,BRD085/101/NPB/1100G/BB,,589.0,,BOM material fallback (machine/labour removed),0.5356,315.4684,15.0376,Automatic board and BOM component calculation,0.451767,BOM operation speeds
BOX085/101/NPL/H0063/01/900G,271.0706,BRD085/NPL/H0063/01/900G/WB,,552.9532,,BOM material fallback (machine/labour removed),0.45887,253.7339,17.3367,Automatic board and BOM component calculation,0.542963,BOM operation speeds plus rolled-child machine time
BOX085/101/YPL/D9999/02/900G,458.7267,BRD085/YPL/D9999/02/900G/WW,4-16149/SHT200127,800.0,Apr-26,Mill price: article code,0.55224,441.792,16.9347,Automatic board and BOM component calculation,0.577196,BOM operation speeds plus rolled-child machine time
BOX085/101/YPL/D9999/03/900G,414.5475,BRD085/YPL/D9999/03/900G/WW,4-16149/SHT200127,800.0,Apr-26,Mill price: article code,0.497016,397.6128,16.9347,Automatic board and BOM component calculation,0.402044,BOM operation speeds plus rolled-child machine time
BOX085/102/YPB/1100G/1000P,512.4305,BRD085/103/YPB/1100G/BW,4-15822,876.0,Apr-26,Mill price: article code,0.5659,495.7284,16.7021,Automatic board and BOM component calculation,0.890477,BOM operation speeds
BOX085/102/YPL/D9999/02/900G,458.4941,BRD085/YPL/D9999/02/900G/WW,4-16149/SHT200127,800.0,Apr-26,Mill price: article code,0.55224,441.792,16.7021,Automatic board and BOM component calculation,0.083333,BOM operation speeds plus rolled-child machine time
BOX085/102/YPL/D9999/03/900G,411.846,BRD085/YPL/D9999/03/900G/WW,4-16149/SHT200127,800.0,Apr-26,Mill price: article code,0.497016,397.6128,14.2332,Automatic board and BOM component calculation,0.533333,BOM operation speeds plus rolled-child machine time
BOX085/103/YPB/1100G/1000P,512.4305,BRD085/103/YPB/1100G/BW,4-15822,876.0,Apr-26,Mill price: article code,0.5659,495.7284,16.7021,Automatic board and BOM component calculation,0.225,BOM operation speeds
BOX085/103/YPL/A9999/01/1100G,508.1951,BRD085/103/YPL/1100G/WB,4-15823/SHT200323,865.0,Apr-26,Mill price: article code,0.5682,491.493,16.7021,Automatic board and BOM component calculation,0.391667,BOM operation speeds
BOX085/103/YPL/D9999/01/900G,397.1821,BRD085/103/YPL/900G/WW,4-16149/SHT200127,800.0,Apr-26,Mill price: article code,0.4756,380.48,16.7021,Automatic board and BOM component calculation,0.391667,BOM operation speeds
BOX085/YPL/D9999/05/900G,415.6211,BRD085/YPL/D9999/05/900G//WW,4-16149/SHT200127,800.0,Apr-26,Mill price: article code,0.497016,397.6128,18.0083,Automatic board and BOM component calculation,0.308333,BOM operation speeds plus rolled-child machine time
BOX086/102/NPB/1150G/1000P,467.2568,BRD086/102/NPB/1150G/BB,4-13295,623.0,Apr-26,Mill price: article code,0.73037,455.0205,12.2363,Automatic board and BOM component calculation,0.35,BOM operation speeds
BOX086/102/NPL/800G/1000P,356.4256,BRD086/102/NPL/800G/WB,4-13294,662.0,Apr-26,Mill price: article code,0.52096,344.8755,11.5501,Automatic board and BOM component calculation,0.35,BOM operation speeds
BOX088/103/NPL/E0121/02/800G,214.8433,BRD088/103/NPL/800G/WW,4-15887/SHT201683,758.0,Apr-26,Mill price: article code,0.2614,198.1412,16.7021,Automatic board and BOM component calculation,0.391667,BOM operation speeds
BOX090/102/YPB/1250G/480P,1008.7298,BRD090/102/YPB/1100G/BB,4-09599,794.0,Apr-26,Mill price: article code,1.24,984.56,24.1698,Automatic board and BOM component calculation,0.35,BOM operation speeds
BOX090/102/YPB/C0221/01/1100G,817.3758,BRD090/102/YPB/1100G/BB,4-09599,794.0,Apr-26,Mill price: article code,0.999,793.206,24.1698,Automatic board and BOM component calculation,0.35,BOM operation speeds
BOX090/102/YPL/C0221/01/1000G,732.6153,BRD090/102/YPL/1000G/WB,4-09600,763.0,Apr-26,Mill price: article code,0.9285,708.4455,24.1698,Automatic board and BOM component calculation,0.35,BOM operation speeds
BOX091/102/YPL/S0100/01/900G,446.0432,BRD091/102/YPL/950G/WB,4-08692,891.0,Apr-26,Mill price: article code,0.477,425.007,21.0362,Automatic board and BOM component calculation,0.0,No BOM machine-time profile
BOX091/103/YPL/M0166/01/850G,712.1807,BRD098/103/YPB/850G/BW,4-16550/SHT202024,942.0,Apr-26,Mill price: article code,0.7383,695.4786,16.7021,Automatic board and BOM component calculation,0.45,BOM operation speeds
BOX092/102/NPB/1250G/960P,626.9678,BRD092/102/NPB/1250G/BB (2),4-13401,626.0,Apr-26,Mill price: article code,0.98175,614.5755,12.3923,Automatic board and BOM component calculation,0.35,BOM operation speeds
BOX092/102/NPL/G0134/01/1000G,502.4053,BRD092/102/NPL/1000G/BB,4-13400,610.0,Apr-26,Mill price: article code,0.8033,490.013,12.3923,Automatic board and BOM component calculation,0.35,BOM operation speeds
BOX093/101/NPL/D9999/01/1000G,347.8493,BRD093/NPL/D9999/01/1000G/WW,4-15867/SHT222226,706.0,Apr-26,Mill price: article code,0.471614,332.9595,14.8898,Automatic board and BOM component calculation,0.698735,BOM operation speeds plus rolled-child machine time
BOX093/NPB/1250G/640P,842.2482,BRD093/NPB/1250G/BB,,736.3308,,BOM material fallback (machine/labour removed),1.12,824.6906,17.5577,Automatic board and BOM component calculation,0.35,BOM operation speeds
BOX093/NPL/C9999/01/1000G,602.1008,BRD093/NPL/C9999/01/1000G/WB,,641.65,,BOM material fallback (machine/labour removed),0.911,584.5431,17.5577,Automatic board and BOM component calculation,0.35,BOM operation speeds
BOX094/102/LPB/1000G/1800P,381.3649,BRD094/102/LPB/1000G/BB,4-15636,794.0,Apr-26,Mill price: article code,0.4639,368.3366,13.0283,Automatic board and BOM component calculation,0.321729,BOM operation speeds
BOX094/102/NPB/C9999/01/1250G,412.2882,BRD094/102/NPB/1300G,4-16973,726.0,Apr-26,Mill price: article code,0.551,400.026,12.2622,Automatic board and BOM component calculation,0.391667,BOM operation speeds
BOX094/102/YPL/M0146/01/800G,311.0247,BRD094/102/YPL/800G/WW,4-15637,786.0,Apr-26,Mill price: article code,0.3801,298.7586,12.2661,Automatic board and BOM component calculation,0.441756,BOM operation speeds
BOX097/102/YPO/900G/1120P,278.4661,BRD003/102/YPB/900G/BW,4-15672,746.0,Apr-26,Mill price: article code,0.3511,261.9206,16.5455,Automatic board and BOM component calculation,1.052524,BOM operation speeds
BOX099/102/YPB/900G/1000P,11.1058,,,0.0,,No BOM board component,0.0,0.0,11.1058,Automatic board and BOM component calculation,0.0,No BOM machine-time profile
BOXF500/101/DPB/850G/2240P,154.4536,BRDF500/101/DPB/850G/BW,4-15555,942.0,Apr-26,Mill price: article code,0.148,139.416,15.0376,Automatic board and BOM component calculation,0.192241,BOM operation speeds
BOXF500/101/DPL/700G/2240P,160.1626,BRDF500/101/DPL/700G/WB,4-15657,1161.0,Apr-26,Mill price: article code,0.125,145.125,15.0376,Automatic board and BOM component calculation,0.181059,BOM operation speeds
BOXF500/102/YPB/750G/2880P,121.616,BRDF500/102/YPB/750G/WB,4-15872,993.0,Apr-26,Mill price: article code,0.1133,112.5069,9.1091,Automatic board and BOM component calculation,0.325,BOM operation speeds
BOXF500/102/YPB/850G/2240P,73.4239,BRDF500/102/YPB/850G/BW,,448.8123,,BOM material fallback (machine/labour removed),0.1433,64.3148,9.1091,Automatic board and BOM component calculation,0.48733,BOM operation speeds plus rolled-child machine time
BOXF500/102/YPB/950G/1800P,204.7105,BRDF500/102/YPB/950G/WB,4-14894,891.0,Apr-26,Mill price: article code,0.21763,193.9083,10.8022,Automatic board and BOM component calculation,0.225,BOM operation speeds
BOXF500/102/YPL/700G/2240P,181.924,BRDF500/102/YPL/700G/WW (2),4-13915,1161.0,Apr-26,Mill price: article code,0.1485,172.4085,9.5155,Automatic board and BOM component calculation,0.222355,BOM operation speeds
BOXF500/102/YPL/750G/2880P,123.4034,BRDF500/102/YPL/750G/WB,4-15653,993.0,Apr-26,Mill price: article code,0.1151,114.2943,9.1091,Automatic board and BOM component calculation,0.1625,BOM operation speeds
BOXF500/102/YPL/J0014/01/700G,151.738,BRDF500/102/YPL/700G/WW (2),4-13915,1161.0,Apr-26,Mill price: article code,0.1225,142.2225,9.5155,Automatic board and BOM component calculation,0.0,No BOM machine-time profile
BOXF500/DPL/G0006/01/700G,160.1626,BRDF500/DPL/G0006/01/700G,4-15657,1161.0,Apr-26,Mill price: article code,0.125,145.125,15.0376,Automatic board and BOM component calculation,0.391667,BOM operation speeds
BOXF500/DPL/G0147/01/700G,159.9079,BRDF500/DPL/G0147/01/700G,4-15657,1161.0,Apr-26,Mill price: unique size/GSM,0.12464,144.7068,15.2011,Automatic board and BOM component calculation,0.231173,BOM operation speeds plus rolled-child machine time
BOXF501/101/DPB/950G/1800P,228.2416,BRDF501/101/DPB/950G/BW,4-15892,978.0,Apr-26,Mill price: article code,0.218,213.204,15.0376,Automatic board and BOM component calculation,0.209969,BOM operation speeds
BOXF501/101/DPL/750G/1800P,190.7986,BRDF501/DPL/750G/WB,4-15534,993.0,Apr-26,Mill price: unique size/GSM,0.177,175.761,15.0376,Automatic board and BOM component calculation,0.208438,BOM operation speeds
BOXF501/102/DPL/750G/1800P,214.5486,BRDF501/102/DPL/750G/WB,4-11441,993.0,Apr-26,Mill price: unique size/GSM,0.177,175.761,38.7876,Automatic board and BOM component calculation,0.307878,BOM operation speeds
BOXF501/102/LPB/750G/1800P,181.551,BRDF501/102/LPB/750G/BW,,1009.0,,BOM material fallback (machine/labour removed),0.171,172.539,9.012,Automatic board and BOM component calculation,0.318994,BOM operation speeds
BOXF501/102/YPL/700G/2160P,202.0422,BRD030/102/YPL/700G/WW,4-13916,1161.0,Apr-26,Mill price: article code,0.1652,191.7972,10.245,Automatic board and BOM component calculation,0.225,BOM operation speeds
BOXF502/101/DPB/950G/1400P,372.9856,BRDF502/101/DPB/950G/BW,4-15671,978.0,Apr-26,Mill price: article code,0.366,357.948,15.0376,Automatic board and BOM component calculation,0.285333,BOM operation speeds
BOXF502/101/DPL/750G/1400P,310.9516,BRDF502/101/DPL/750G/WB,4-15535,993.0,Apr-26,Mill price: article code,0.298,295.914,15.0376,Automatic board and BOM component calculation,0.29579,BOM operation speeds
BOXF502/101/DPL/T0144/01/750G,341.5062,BRDF502/101/T0144/01/750G/WB,4-15535,993.0,Apr-26,Mill price: article code,0.32877,326.4686,15.0376,Automatic board and BOM component calculation,0.403065,BOM operation speeds plus rolled-child machine time
BOXF502/102/DPL/750G/1400P,312.7867,BRDF502/102/DPL/750G/WB,4-11633,993.0,Apr-26,Mill price: unique size/GSM,0.298,295.914,16.8727,Automatic board and BOM component calculation,0.33335,BOM operation speeds
BOXF502/102/LPB/900G/1750P,269.674,BRD045/102/LP/900G/BB,4-15679,746.0,Apr-26,Mill price: article code,0.3465,258.489,11.185,Automatic board and BOM component calculation,0.391899,BOM operation speeds
BOXF502/102/LPB/900G/1750P(2),269.674,BRD045/102/LP/900G/BB,4-15679,746.0,Apr-26,Mill price: article code,0.3465,258.489,11.185,Automatic board and BOM component calculation,0.277729,BOM operation speeds
BOXF502/102/LPB/950G/1400P,366.9599,BRDF502/102/LPB/950G/BW,4-15671,978.0,Apr-26,Mill price: article code,0.366,357.948,9.012,Automatic board and BOM component calculation,0.320648,BOM operation speeds
BOXF502/102/YPL/800G/1750P,265.1174,BRDF502/102/YPL/800G/WB,4-14245,786.0,Apr-26,Mill price: article code,0.31605,248.4153,16.7021,Automatic board and BOM component calculation,0.326831,BOM operation speeds
BOXF502/102/YPL/800G/1750P(2),265.1174,BRDF502/102/YPL/800G/WB,4-14245,786.0,Apr-26,Mill price: article code,0.31605,248.4153,16.7021,Automatic board and BOM component calculation,0.306927,BOM operation speeds
BOXF502/102/YPL/850G/1750P,333.0257,BRDF502/102/YPL/850G/WB,4-08663,942.0,Apr-26,Mill price: article code,0.3358,316.3236,16.7021,Automatic board and BOM component calculation,0.225,BOM operation speeds
BOXF502/103/YPB/950G/1140P,357.0461,BRD045/103/YPB/950G/BW,4-16800/SHT300010,978.0,Apr-26,Mill price: article code,0.348,340.344,16.7021,Automatic board and BOM component calculation,0.225,BOM operation speeds
BOXF502/103/YPL/750G/1140P,307.1546,BRD018/103/YPL/750G/WB,4-16801/SHT300011,993.0,Apr-26,Mill price: article code,0.2925,290.4525,16.7021,Automatic board and BOM component calculation,0.225,BOM operation speeds
BOXF504/101/NPB/900G/850P,284.5316,BRDF504/101/NPB/900G/BB,4-14416,610.0,Apr-26,Mill price: article code,0.4421,269.681,14.8506,Automatic board and BOM component calculation,0.337626,BOM operation speeds
BOXF504/101/NPL/750G/850P,275.3256,BRDF504/101/NPL/750G/WB,4-14417,690.0,Apr-26,Mill price: article code,0.3775,260.475,14.8506,Automatic board and BOM component calculation,0.337278,BOM operation speeds
BOXF505/102/DPL/750G/1200P,315.6388,BRDF505/102/DPL/750G/WB,,1009.0,,BOM material fallback (machine/labour removed),0.304,306.736,8.9028,Automatic board and BOM component calculation,0.347156,BOM operation speeds
BOXF505/102/LPB/850G/1200P,328.212,BRDF505/102/LPB/850G/BW,,950.0,,BOM material fallback (machine/labour removed),0.336,319.2,9.012,Automatic board and BOM component calculation,0.329375,BOM operation speeds
BOXS027/102/NPB/850G/1080P,217.1832,BRDS027/102/NPB/850G/BW,4-13510,647.0,Apr-26,Mill price: article code,0.322,208.334,8.8492,Automatic board and BOM component calculation,0.285137,BOM operation speeds
BOXS034/102/NPB/1250G/800P(2),656.3101,BRDS034/102/NPB/1250G/BB,4-13914,626.0,Apr-26,Mill price: article code,1.018,637.268,19.0421,Automatic board and BOM component calculation,1.055287,BOM operation speeds
BOXS034/102/NPL/C9999/03/1000G,480.5269,BRDS034/NPL/C9999/03/1000G/WB,4-16167,664.0,Apr-26,Mill price: article code,0.693889,460.7423,19.7846,Automatic board and BOM component calculation,0.60945,BOM operation speeds plus rolled-child machine time
BOXS034/102/NPL/C9999/04/1000G,572.8966,BRDS034/102/NPL/1000G/WB,4-16167,664.0,Apr-26,Mill price: article code,0.833,553.112,19.7846,Automatic board and BOM component calculation,0.766626,BOM operation speeds
BRD001/101/LPB/1000G/BW,744.8993,BRD001/102/YPL/1000G/BB,4-15314,730.0,Apr-26,Mill price: article code,1.02041,744.8993,0.0,Automatic board and BOM component calculation,0.838701,BOM operation speeds
BRD001/101/YPB/1000G/BW(2),890.6,BRD050/102/YPB/1000G/BB,4-15503,730.0,Apr-26,Mill price: article code,1.22,890.6,0.0,Automatic board and BOM component calculation,1.677852,BOM operation speeds
BRD001/101/YPB/1250G/BW(2),1153.9671,BRD001/103/DWB/1250G/BW,4-16241/SHT201247,727.0,Apr-26,Mill price: article code,1.5873,1153.9671,0.0,Automatic board and BOM component calculation,1.339944,BOM operation speeds
BRD001/101/YPL/B0197/01/WW,931.579,BRD001/101/YPL/1000G/WW,4-15320,763.0,Apr-26,Mill price: article code,1.22,930.86,0.719,Automatic board and BOM component calculation,0.166667,BOM operation speeds
BRD001/101/YPL/S0275/01/WW,930.8963,BRD001/101/YPL/1000G/WW,4-15320,763.0,Apr-26,Mill price: article code,1.22,930.86,0.0363,Automatic board and BOM component calculation,0.166667,BOM operation speeds
BRD001/101/YPL/S0275/02/WW,854.62,BRD001/101/YPL/1000G/WW,4-15320,763.0,Apr-26,Mill price: article code,1.12,854.56,0.06,Automatic board and BOM component calculation,0.166667,BOM operation speeds
BRD001/101/YPL/T0030/01/1000G,856.5299,BRD001/101/YPL/1000G/WW,4-15320,763.0,Apr-26,Mill price: article code,1.12,854.56,1.9698,Automatic board and BOM component calculation,0.166667,BOM operation speeds
BRD001/101/YPL/T0042/01/1000G,931.6005,BRD001/101/YPL/1000G/WW,4-15320,763.0,Apr-26,Mill price: article code,1.22,930.86,0.7405,Automatic board and BOM component calculation,0.166667,BOM operation speeds
BRD001/102/NPL/1000G/WB (2),1657.6318,BRDF501/103/YPB/950G/BW,4-16672,978.0,Apr-26,Mill price: article code,1.69492,1657.6318,0.0,Automatic board and BOM component calculation,1.645278,BOM operation speeds
BRD001/102/NPL/1000G/WB (3),813.6523,BRD008/102/NPL/1050G/WB,4-16559,664.0,Apr-26,Mill price: article code,1.22538,813.6523,0.0,Automatic board and BOM component calculation,1.0,BOM operation speeds
BRD001/102/NPL/1000G/WW,713.1306,BRD001/103/NPL/1000G/WW,4-15867/SHT222226,706.0,Apr-26,Mill price: article code,1.0101,713.1306,0.0,Automatic board and BOM component calculation,0.779739,BOM operation speeds
BRD001/102/YPL/1000G/WB (4),824.04,BRD060/102/YPL/1000G/WW,,763.0,,BOM material fallback (machine/labour removed),1.08,824.04,0.0,Automatic board and BOM component calculation,1.0,BOM operation speeds
BRD001/102/YPL/R0038/01/WW,915.6151,BRD001/101/YPL/1000G/WW,4-15320,763.0,Apr-26,Mill price: article code,1.2,915.6,0.0152,Automatic board and BOM component calculation,0.166667,BOM operation speeds
BRD001/102/YPL/S0275/04/WW,930.8963,BRD001/101/YPL/1000G/WW,4-15320,763.0,Apr-26,Mill price: article code,1.22,930.86,0.0363,Automatic board and BOM component calculation,0.166667,BOM operation speeds
BRD001/NPL/A0105/01/1000G,806.102,BRD001/102/NPL/1000G/WB (4),,664.0,,BOM material fallback (machine/labour removed),1.214,806.096,0.006,Automatic board and BOM component calculation,0.166667,BOM operation speeds
BRD001/NPL/A0105/02/1000G,806.102,BRD001/102/NPL/1000G/WB (4),,664.0,,BOM material fallback (machine/labour removed),1.214,806.096,0.006,Automatic board and BOM component calculation,0.166667,BOM operation speeds
BRD001/NPL/D0004/01/950G/WB,887.0605,BRD001/102/NPL/1000G/WB (5),,706.0,,BOM material fallback (machine/labour removed),1.246,879.676,7.3845,Automatic board and BOM component calculation,0.166667,BOM operation speeds
BRD001/NPL/D9999/01/1000G/WW,887.0665,BRD001/103/NPL/1000G/WW,4-15867/SHT222226,706.0,Apr-26,Mill price: article code,1.246,879.676,7.3905,Automatic board and BOM component calculation,0.166667,BOM operation speeds
BRD001/NPL/D9999/02/1000G/WW,879.6955,BRD001/102/NPL/1000G/WW,,706.0,,BOM material fallback (machine/labour removed),1.246,879.676,0.0195,Automatic board and BOM component calculation,0.166667,BOM operation speeds
BRD001/NPL/D9999/03/1000G/WW,880.421,BRD001/103/NPL/1000G/WW,4-15867/SHT222226,706.0,Apr-26,Mill price: article code,1.246,879.676,0.745,Automatic board and BOM component calculation,0.166667,BOM operation speeds
BRD001/NPL/D9999/04/1000G/BB,978.593,BRD001/101/NPL/1000G/BB,4-15865/SHT222222,780.0,Apr-26,Mill price: unique size/GSM,1.246,971.88,6.713,Automatic board and BOM component calculation,0.166667,BOM operation speeds
BRD001/NPL/D9999/10/950G/WW,890.8607,BRD001/102/NPL/1000G/WB (5),,706.0,,BOM material fallback (machine/labour removed),1.246,879.676,11.1847,Automatic board and BOM component calculation,0.166667,BOM operation speeds
BRD001/NPL/D9999/11/950G/WW,895.7524,BRD001/102/NPL/1000G/WB (5),,706.0,,BOM material fallback (machine/labour removed),1.262,890.972,4.7804,Automatic board and BOM component calculation,0.166667,BOM operation speeds
BRD001/NPL/D9999/12/1000G/WW,879.736,BRD001/102/NPL/1000G/WW,,706.0,,BOM material fallback (machine/labour removed),1.246,879.676,0.06,Automatic board and BOM component calculation,0.166667,BOM operation speeds
BRD001/NPL/D9999/14/1000G/WW,887.956,BRD001/103/NPL/1000G/WW,4-15867/SHT222226,706.0,Apr-26,Mill price: article code,1.246,879.676,8.28,Automatic board and BOM component calculation,0.166667,BOM operation speeds
BRD001/NPL/D9999/15/1000G/BB,973.144,BRD060/102/NPL/1000G/BB,,781.0,,BOM material fallback (machine/labour removed),1.246,973.126,0.018,Automatic board and BOM component calculation,0.166667,BOM operation speeds
BRD001/NPL/D9999/16/950G/WW,823.8208,BRD001/102/NPL/1000G/WB (5),,706.0,,BOM material fallback (machine/labour removed),1.1668,823.7608,0.06,Automatic board and BOM component calculation,0.166667,BOM operation speeds
BRD001/NPL/D9999/22/1000G/WW,854.5905,BRD001/103/NPL/1000G/WW,4-15867/SHT222226,706.0,Apr-26,Mill price: article code,1.2,847.2,7.3905,Automatic board and BOM component calculation,0.166667,BOM operation speeds
BRD001/NPL/D9999/26/1000G/WW,893.0605,BRD001/102/NPL/1000G/WW,,706.0,,BOM material fallback (machine/labour removed),1.246,879.676,13.3845,Automatic board and BOM component calculation,0.166667,BOM operation speeds
BRD001/NPL/D9999/29/1000G/WW,860.5845,BRD001/102/NPL/1000G/WW,,706.0,,BOM material fallback (machine/labour removed),1.2,847.2,13.3845,Automatic board and BOM component calculation,0.166667,BOM operation speeds
BRD001/NPL/D9999/30/1000G/WW,856.7423,BRD001/102/NPL/1000G/WW,,706.0,,BOM material fallback (machine/labour removed),1.2,847.2,9.5423,Automatic board and BOM component calculation,0.166667,BOM operation speeds
BRD001/NPL/D9999/32/1000G/WW,860.5845,BRD001/102/NPL/1000G/WW,,706.0,,BOM material fallback (machine/labour removed),1.2,847.2,13.3845,Automatic board and BOM component calculation,0.166667,BOM operation speeds
BRD001/NPL/D9999/35/1000G/WW,860.5845,BRD001/102/NPL/1000G/WW,,706.0,,BOM material fallback (machine/labour removed),1.2,847.2,13.3845,Automatic board and BOM component calculation,0.166667,BOM operation speeds
BRD001/NPL/D9999/37/1000G/WW,860.5845,BRD001/102/NPL/1000G/WW,,706.0,,BOM material fallback (machine/labour removed),1.2,847.2,13.3845,Automatic board and BOM component calculation,0.166667,BOM operation speeds
BRD001/NPL/D9999/38/1000G/WW,853.2,BRD001/102/NPL/1000G/WW,,706.0,,BOM material fallback (machine/labour removed),1.2,847.2,6.0,Automatic board and BOM component calculation,0.166667,BOM operation speeds
BRD001/NPL/D9999/39/1000G/WW,851.98,BRD001/103/NPL/1000G/WW,4-15867/SHT222226,706.0,Apr-26,Mill price: article code,1.2,847.2,4.78,Automatic board and BOM component calculation,0.0,No BOM machine-time profile
BRD001/NPL/D9999/40/1000G/WW,905.0966,BRD001/102/NPL/1000G/WW,,706.0,,BOM material fallback (machine/labour removed),1.282,905.092,0.0046,Automatic board and BOM component calculation,0.166667,BOM operation speeds
BRD001/NPL/D9999/41/1000G,880.8116,BRD001/102/NPL/1000G/WW,,706.0,,BOM material fallback (machine/labour removed),1.2476,880.8056,0.006,Automatic board and BOM component calculation,0.166667,BOM operation speeds
BRD001/NPL/F0029/01/1000G/WW,951.0,BRD001/102/NPL/1000G/WW(3),,810.0,,BOM material fallback (machine/labour removed),1.174,950.94,0.06,Automatic board and BOM component calculation,0.166667,BOM operation speeds
BRD001/NPL/H0063/01/900G/WB,721.9046,BRD001/101/NPL/900G/WB,,649.0,,BOM material fallback (machine/labour removed),1.1054,717.4046,4.5,Automatic board and BOM component calculation,0.166667,BOM operation speeds
BRD001/NPL/H0063/02/900G/WB,752.221,BRD001/101/NPL/900G/WB(2),,679.0,,BOM material fallback (machine/labour removed),1.099,746.221,6.0,Automatic board and BOM component calculation,0.166667,BOM operation speeds
BRD001/NPL/L0024/01/1000G/WB,973.7067,,,0.0,,No BOM board component,0.0,0.0,973.7067,Automatic board and BOM component calculation,0.94393,BOM operation speeds plus rolled-child machine time
BRD001/NPL/P0073/02/1000G/WB,810.5182,BRD001/102/NPL/1000G/WB,4-06431,664.0,Apr-26,Mill price: article code,1.214,806.096,4.4222,Automatic board and BOM component calculation,0.333333,BOM operation speeds
BRD001/NPL/R0069/01/1000G/WW,780.2642,BRD001/101/NPL/1000G/WB,4-15244,664.0,Apr-26,Mill price: article code,1.174,779.536,0.7282,Automatic board and BOM component calculation,0.166667,BOM operation speeds
BRD001/NPL/S0297/01/1000G/WB,813.346,BRD001/102/NPL/1000G/WB (4),,664.0,,BOM material fallback (machine/labour removed),1.214,806.096,7.25,Automatic board and BOM component calculation,0.166667,BOM operation speeds
BRD001/NPL/W0034/01/1000G/WB,806.818,BRD001/102/NPL/1000G/WB (2),4-01084,664.0,Apr-26,Mill price: article code,1.214,806.096,0.722,Automatic board and BOM component calculation,0.166667,BOM operation speeds
BRD001/NPLH/B0070/01/1000G/WW,868.7045,BRD001/102/NPL/1000G/WB (5),,706.0,,BOM material fallback (machine/labour removed),1.22,861.32,7.3845,Automatic board and BOM component calculation,0.166667,BOM operation speeds
BRD001/YPL/A0005/01/1000G/WW,931.602,BRD001/101/YPL/1000G/WW,4-15320,763.0,Apr-26,Mill price: article code,1.22,930.86,0.742,Automatic board and BOM component calculation,0.166667,BOM operation speeds
BRD001/YPL/A0105/01/1000G/WB,932.0028,BRD001/102/YPL/1000G/WB,4-13903,763.0,Apr-26,Mill price: article code,1.2156,927.5028,4.5,Automatic board and BOM component calculation,0.166667,BOM operation speeds
BRD001/YPL/A0166/02/1000G/WW,920.7435,BRD001/103/YPL/950G/WW,,750.0,,BOM material fallback (machine/labour removed),1.22,915.0,5.7435,Automatic board and BOM component calculation,0.166667,BOM operation speeds
BRD001/YPL/A0166/03/950G/WW,920.748,BRD001/103/YPL/950G/WW,,750.0,,BOM material fallback (machine/labour removed),1.22,915.0,5.748,Automatic board and BOM component calculation,0.166667,BOM operation speeds
BRD001/YPL/A9999/02/1000G/WW,889.7062,BRD001/102/YPL/1000G/WW(2),,763.0,,BOM material fallback (machine/labour removed),1.166,889.658,0.0482,Automatic board and BOM component calculation,0.2,BOM operation speeds
BRD001/YPL/A9999/07/950G/WW,900.09,BRD001/101/YPL/950G/WW,,750.0,,BOM material fallback (machine/labour removed),1.2,900.0,0.09,Automatic board and BOM component calculation,0.166667,BOM operation speeds
BRD001/YPL/B0143/02/1000G/WW,930.9065,BRD001/101/YPL/1000G/WW,4-15320,763.0,Apr-26,Mill price: article code,1.22,930.86,0.0464,Automatic board and BOM component calculation,0.166667,BOM operation speeds
BRD001/YPL/B0182/03/950G/WW,947.0709,BRD001/102/YPL/900G/WW,,800.0,,BOM material fallback (machine/labour removed),1.174,939.2,7.8709,Automatic board and BOM component calculation,0.166667,BOM operation speeds
BRD001/YPL/C0004/01/1000G/BW,861.5385,BRD001/101/YPL/1000G/BW,,705.0,,BOM material fallback (machine/labour removed),1.2214,861.087,0.4515,Automatic board and BOM component calculation,0.166667,BOM operation speeds
BRD001/YPL/C0157/02/1000G/WW,955.3941,BRD001/101/YPL/1000G/WW,4-15320,763.0,Apr-26,Mill price: article code,1.166,889.658,65.7361,Automatic board and BOM component calculation,0.25,BOM operation speeds
BRD001/YPL/C9999/01/1000G/WB,453.6139,BRD001/101/YPL/1000G/WW,4-15320,763.0,Apr-26,Mill price: article code,0.587,447.881,5.7329,Automatic board and BOM component calculation,0.0,No BOM machine-time profile
BRD001/YPL/C9999/03/1000G/WB,860.8929,BRD001/102/YPL/1000G/WB(5),4-15639,763.0,Apr-26,Mill price: article code,1.12,854.56,6.3329,Automatic board and BOM component calculation,0.333333,BOM operation speeds
BRD001/YPL/C9999/04/1000G/WB,855.16,BRD001/102/YPL/1000G/WB(5),4-15639,763.0,Apr-26,Mill price: article code,1.12,854.56,0.6,Automatic board and BOM component calculation,0.166667,BOM operation speeds
BRD001/YPL/D9999/03/950G/WB,896.06,BRD001/102/YPL/900G/WW,,800.0,,BOM material fallback (machine/labour removed),1.12,896.0,0.06,Automatic board and BOM component calculation,0.166667,BOM operation speeds
BRD001/YPL/D9999/04/950G/WB,908.13,BRD001/102/YPL/900G/WW,,800.0,,BOM material fallback (machine/labour removed),1.12,896.0,12.13,Automatic board and BOM component calculation,0.166667,BOM operation speeds
BRD001/YPL/F0055/01/950G/WW,890.457,BRD001/101/YPL/1000G/WW,4-15320,763.0,Apr-26,Mill price: article code,1.166,889.658,0.799,Automatic board and BOM component calculation,0.166667,BOM operation speeds
BRD001/YPL/F0097/01/1000G/WB,901.8564,BRD001/102/YPL/1000G/WB (4),4-08411,763.0,Apr-26,Mill price: article code,1.166,889.658,12.1984,Automatic board and BOM component calculation,0.166667,BOM operation speeds
BRD001/YPL/F0097/02/1000G/WB,479.179,BRD001/102/YPL/1000G/WW(2),,763.0,,BOM material fallback (machine/labour removed),0.628,479.164,0.015,Automatic board and BOM component calculation,0.166667,BOM operation speeds
BRD001/YPL/H0052/01/1000G,923.9505,BRD001/102/YPL/1000G/WW(2),,763.0,,BOM material fallback (machine/labour removed),1.21,923.23,0.7205,Automatic board and BOM component calculation,0.166667,BOM operation speeds
BRD001/YPL/J0003/01/1000G/WW,936.4059,BRD001/101/YPL/1000G/WW,4-15320,763.0,Apr-26,Mill price: article code,1.22,930.86,5.5459,Automatic board and BOM component calculation,0.0,No BOM machine-time profile
BRD001/YPL/L0024/01/1000G/WW,763.719,BRD001/101/YPL/1000G/WW,4-15320,763.0,Apr-26,Mill price: article code,1.0,763.0,0.719,Automatic board and BOM component calculation,0.166667,BOM operation speeds
BRD001/YPL/M0001/01/1000G/WW,934.3572,BRD001/101/YPL/1000G/WW,4-15320,763.0,Apr-26,Mill price: article code,1.22,930.86,3.4972,Automatic board and BOM component calculation,0.1,BOM operation speeds
BRD001/YPL/M0115/01/1000G/WW,458.1072,BRD001/102/YPL/1000G/WW(2),,763.0,,BOM material fallback (machine/labour removed),0.6,457.8,0.3072,Automatic board and BOM component calculation,0.125,BOM operation speeds
BRD001/YPL/M0115/02/1000G,931.605,BRD001/102/YPL/1000G/WW(2),,763.0,,BOM material fallback (machine/labour removed),1.22,930.86,0.745,Automatic board and BOM component calculation,0.166667,BOM operation speeds
BRD001/YPL/M0115/02/1000G/WW,934.3718,BRD001/102/YPL/1000G/WW(2),,763.0,,BOM material fallback (machine/labour removed),1.2242,934.0646,0.3072,Automatic board and BOM component calculation,0.166667,BOM operation speeds
BRD001/YPL/M0170/01/1000G/WW,931.605,BRD001/102/YPL/1000G/WW(2),,763.0,,BOM material fallback (machine/labour removed),1.22,930.86,0.745,Automatic board and BOM component calculation,0.333333,BOM operation speeds
BRD001/YPL/P0167/01/1000G/WW,771.3945,BRD001/102/YPL/1000G/WW(2),,763.0,,BOM material fallback (machine/labour removed),1.011,771.393,0.0015,Automatic board and BOM component calculation,0.166667,BOM operation speeds
BRD001/YPL/R0013/02/1000G/WW,927.67,BRD001/101/YPL/1000G/WW,4-15320,763.0,Apr-26,Mill price: article code,1.2,915.6,12.07,Automatic board and BOM component calculation,0.166667,BOM operation speeds
BRD001/YPL/R0026/01/950G/WB,919.8875,BRD001/101/YPL/1000G/WW,4-15320,763.0,Apr-26,Mill price: article code,1.2,915.6,4.2875,Automatic board and BOM component calculation,0.166667,BOM operation speeds
BRD001/YPL/R0086/01/1000G/WW,930.905,BRD001/101/YPL/1000G/WW,4-15320,763.0,Apr-26,Mill price: article code,1.22,930.86,0.045,Automatic board and BOM component calculation,0.166667,BOM operation speeds
BRD001/YPL/S0275/03/1000G/WW,893.0772,BRD001/101/YPL/1000G/WW,4-15320,763.0,Apr-26,Mill price: article code,1.16,885.08,7.9972,Automatic board and BOM component calculation,0.125,BOM operation speeds
BRD001/YPL/T0089/01/1000G/WB,927.5145,BRD001/102/YPL/1000G/WW(2),,763.0,,BOM material fallback (machine/labour removed),1.2156,927.5028,0.0117,Automatic board and BOM component calculation,0.166667,BOM operation speeds
BRD001/YPL/T0150/01/900G/WW,767.55,BRD001/101/YPL/900G/WW(2),,750.0,,BOM material fallback (machine/labour removed),1.0214,766.05,1.5,Automatic board and BOM component calculation,0.166667,BOM operation speeds
BRD001/YPL/W0075/01/950G/WW,968.092,BRD001/102/YPL/900G/WW,,800.0,,BOM material fallback (machine/labour removed),1.2,960.0,8.092,Automatic board and BOM component calculation,0.166667,BOM operation speeds
BRD001/YPL/W0075/02/950G/WW,968.149,BRD001/102/YPL/900G/WW,,800.0,,BOM material fallback (machine/labour removed),1.2,960.0,8.149,Automatic board and BOM component calculation,0.166667,BOM operation speeds
BRD001/YPL/W0075/03/950G/WW,968.149,BRD001/102/YPL/900G/WW,,800.0,,BOM material fallback (machine/labour removed),1.2,960.0,8.149,Automatic board and BOM component calculation,0.166667,BOM operation speeds
BRD001/YPL/W0075/05/950G/WW,967.341,BRD001/102/YPL/900G/WW,,800.0,,BOM material fallback (machine/labour removed),1.2,960.0,7.341,Automatic board and BOM component calculation,0.166667,BOM operation speeds
BRD001/YPL/W0075/06/950G/WW,967.341,BRD001/102/YPL/900G/WW,,800.0,,BOM material fallback (machine/labour removed),1.2,960.0,7.341,Automatic board and BOM component calculation,0.166667,BOM operation speeds
BRD001/YPL/W0083/01/900G/WW,890.1614,BRD001/102/YPL/900G/WW,,800.0,,BOM material fallback (machine/labour removed),1.1052,884.16,6.0015,Automatic board and BOM component calculation,0.2,BOM operation speeds
BRD001/YPL/W0083/02/900G/WW,890.1614,BRD001/102/YPL/900G/WW,,800.0,,BOM material fallback (machine/labour removed),1.1052,884.16,6.0015,Automatic board and BOM component calculation,0.125,BOM operation speeds
BRD001/YPL/Y0010/01/1000G/WW,925.1963,BRD001/101/YPL/1000G/WW,4-15320,763.0,Apr-26,Mill price: article code,1.2,915.6,9.5963,Automatic board and BOM component calculation,0.166667,BOM operation speeds
BRD002/NPO/T0042/01/900G/WW,925.5241,BRD002/101/YPB/900G/WW,4-15953,793.0,Apr-26,Mill price: article code,1.166,924.638,0.8861,Automatic board and BOM component calculation,0.166667,BOM operation speeds
BRD002/YPO/C0004/01/900G/BW,924.6425,BRD002/101/YPO/900G/BW,4-15953,793.0,Apr-26,Mill price: unique size/GSM,1.166,924.638,0.0045,Automatic board and BOM component calculation,0.166667,BOM operation speeds
BRD005/101/NPL/900G/WB,971.4276,BRD040/103/NPB/1100G/WW,,884.0,,BOM material fallback (machine/labour removed),1.0989,971.4276,0.0,Automatic board and BOM component calculation,0.851484,BOM operation speeds
BRD005/101/NPL/J0006/01/WB,638.6902,BRD005/101/NPL/900G/WB,4-15300,664.0,Apr-26,Mill price: article code,0.9608,637.9712,0.719,Automatic board and BOM component calculation,0.0,No BOM machine-time profile
BRD005/NPL/J0033/01/900G/WB,646.526,BRD005/101/NPL/900G/WB,4-15300,664.0,Apr-26,Mill price: article code,0.97,644.08,2.446,Automatic board and BOM component calculation,0.333333,BOM operation speeds
BRD005/NPL/P0142/01/900G/WW,637.2952,BRD005/101/NPL/900G/WB,4-15300,664.0,Apr-26,Mill price: article code,0.953,632.792,4.5032,Automatic board and BOM component calculation,0.166667,BOM operation speeds
BRD005/NPL/R0014/01/900G/WB,638.7502,BRD005/101/NPL/900G/WB,4-15300,664.0,Apr-26,Mill price: article code,0.9608,637.9712,0.779,Automatic board and BOM component calculation,0.166667,BOM operation speeds
BRD006/NPL/M0180/01/800G/WB,566.016,BRD006/101/NPL/800G/WB,4-15237,662.0,Apr-26,Mill price: article code,0.855,566.01,0.006,Automatic board and BOM component calculation,0.166667,BOM operation speeds
BRD006/NPL/S0134/01/800G/BB,566.013,BRD006/101/NPL/800G/WB,4-15237,662.0,Apr-26,Mill price: article code,0.855,566.01,0.003,Automatic board and BOM component calculation,0.166667,BOM operation speeds
BRD007/101/NPB/950G/BB(2),938.4606,BRD074/103/NPB/1000G/BB,4-17112,610.0,Apr-26,Mill price: article code,1.53846,938.4606,0.0,Automatic board and BOM component calculation,1.783549,BOM operation speeds
BRD007/NPL/H0054/01/900G/WB,695.1898,BRD007/101/NPL/900G/WB,4-15251,664.0,Apr-26,Mill price: article code,1.038,689.232,5.9578,Automatic board and BOM component calculation,0.0,No BOM machine-time profile
BRD007/NPL/H0054/02/900G/WB,695.2025,BRD007/101/NPL/900G/WB,4-15251,664.0,Apr-26,Mill price: article code,1.038,689.232,5.9705,Automatic board and BOM component calculation,0.166667,BOM operation speeds
BRD008/101/NPB/1100G/BB,692.1376,BRD092/102/NPB/1100G/BB,4-14556,616.0,Apr-26,Mill price: article code,1.1236,692.1376,0.0,Automatic board and BOM component calculation,1.254532,BOM operation speeds
BRD008/NPL/D0113/01/850G/WB,399.2109,BRD008/102/NPL/850G/WB,4-05700,647.0,Apr-26,Mill price: article code,0.6056,391.8232,7.3877,Automatic board and BOM component calculation,0.166667,BOM operation speeds
BRD011/101/NPB/800G/BB,743.6172,BRD074/103/NPB/800G/BB,4-16667,699.0,Apr-26,Mill price: article code,1.06383,743.6172,0.0,Automatic board and BOM component calculation,1.786257,BOM operation speeds
BRD011/NPL/A0005/01/800G/WB,384.7043,BRD011/101/NPL/800G/WB,4-15852,662.0,Apr-26,Mill price: article code,0.58,383.96,0.7443,Automatic board and BOM component calculation,0.166667,BOM operation speeds
BRD011/NPL/D0097/01/800G/WB,384.7093,BRD011/101/NPL/800G/WB,4-15852,662.0,Apr-26,Mill price: article code,0.58,383.96,0.7493,Automatic board and BOM component calculation,0.166667,BOM operation speeds
BRD011/NPL/Q0012/01/800G/WB,383.5672,BRD011/101/NPL/800G/WB,4-15852,662.0,Apr-26,Mill price: article code,0.5736,379.7232,3.844,Automatic board and BOM component calculation,0.166667,BOM operation speeds
BRD016/101/YPL/900G/WW,917.73,BRD058/103/YPL/950G/WB,4-15902/SHT200020,891.0,Apr-26,Mill price: article code,1.03,917.73,0.0,Automatic board and BOM component calculation,1.315149,BOM operation speeds
BRD016/101/YPL/900G/WW(2),816.32,BRD016/103/YPL/900G/WW(2),4-16168/SHT222228,800.0,Apr-26,Mill price: article code,1.0204,816.32,0.0,Automatic board and BOM component calculation,1.366438,BOM operation speeds
BRD016/102/NPL/A0049/02/1000G,337.6956,BRD016/102/NPL/1000G/WB,4-11803,664.0,Apr-26,Mill price: article code,0.5,332.0,5.6956,Automatic board and BOM component calculation,0.166667,BOM operation speeds
BRD016/102/YPL/900G/WW(2),1147.7076,BRD001/103/YPL/950G/WW(3),4-15865/SHT222222,780.0,Apr-26,Mill price: article code,1.47142,1147.7076,0.0,Automatic board and BOM component calculation,1.210654,BOM operation speeds
BRD016/NPL/A0042/01/1000G/WB,565.2005,BRD016/102/NPL/1000G/WB,4-11803,664.0,Apr-26,Mill price: article code,0.838,556.432,8.7685,Automatic board and BOM component calculation,0.166667,BOM operation speeds
BRD016/NPL/C9999/04/850G/WB,443.9921,BRD016/102/NPL/850G/WB,4-13511,647.0,Apr-26,Mill price: article code,0.6714,434.3958,9.5963,Automatic board and BOM component calculation,0.0,No BOM machine-time profile
BRD016/NPL/F0029/01/1000G/WW,577.1961,BRD016/NPL/1000G/WW,,736.3308,,BOM material fallback (machine/labour removed),0.7838,577.1361,0.06,Automatic board and BOM component calculation,0.166667,BOM operation speeds
BRD016/NPL/L0024/01/1000G/WB,557.151,BRD016/102/NPL/1000G/WB,4-11803,664.0,Apr-26,Mill price: article code,0.838,556.432,0.719,Automatic board and BOM component calculation,0.333333,BOM operation speeds
BRD016/NPL/M0115/01/1000G/WB,566.2939,BRD016/102/NPL/1000G/WB(2),,664.0,,BOM material fallback (machine/labour removed),0.8384,556.6976,9.5963,Automatic board and BOM component calculation,0.166667,BOM operation speeds
BRD016/YPL/A9999/01/900G/WW,576.7535,BRD016/102/YPL/900G/WW(2),,800.0,,BOM material fallback (machine/labour removed),0.72,576.0,0.7535,Automatic board and BOM component calculation,0.166667,BOM operation speeds
BRD016/YPL/D9999/01/915G/WW,322.2407,BRD016/101/YPL/900G/WW,4-15906,793.0,Apr-26,Mill price: article code,0.4054,321.4822,0.7585,Automatic board and BOM component calculation,0.166667,BOM operation speeds
BRD016/YPL/D9999/02/915G/WW,322.2407,BRD016/101/YPL/900G/WW,4-15906,793.0,Apr-26,Mill price: article code,0.4054,321.4822,0.7585,Automatic board and BOM component calculation,0.166667,BOM operation speeds
BRD016/YPL/D9999/03/915G/WW,707.362,BRD016/101/YPL/900G/WW,4-15906,793.0,Apr-26,Mill price: article code,0.892,707.356,0.006,Automatic board and BOM component calculation,0.166667,BOM operation speeds
BRD016/YPL/D9999/04/915G/WW,726.8385,BRD016/101/YPL/900G/WW(3),,800.0,,BOM material fallback (machine/labour removed),0.9076,726.08,0.7585,Automatic board and BOM component calculation,0.166667,BOM operation speeds
BRD016/YPL/D9999/05/900G/WW,723.1663,BRD016/101/YPL/900G/WW(3),,800.0,,BOM material fallback (machine/labour removed),0.892,713.6,9.5663,Automatic board and BOM component calculation,0.166667,BOM operation speeds
BRD016/YPL/D9999/06/900G/WW,723.6778,BRD016/101/YPL/900G/WW(3),,800.0,,BOM material fallback (machine/labour removed),0.8926,714.08,9.5978,Automatic board and BOM component calculation,0.125,BOM operation speeds
BRD016/YPL/D9999/07/900G/WW,725.6,BRD016/101/YPL/900G/WW(3),,800.0,,BOM material fallback (machine/labour removed),0.907,725.6,0.0,Automatic board and BOM component calculation,0.166667,BOM operation speeds
BRD016/YPL/D9999/08/900G/WW,713.66,BRD016/101/YPL/900G/WW(3),,800.0,,BOM material fallback (machine/labour removed),0.892,713.6,0.06,Automatic board and BOM component calculation,0.166667,BOM operation speeds
BRD016/YPL/D9999/09/900G/WW,714.121,BRD016/101/YPL/900G/WW(3),,800.0,,BOM material fallback (machine/labour removed),0.8926,714.08,0.041,Automatic board and BOM component calculation,0.166667,BOM operation speeds
BRD016/YPL/W0025/01/1000G/WW,651.5005,BRD016/101/YPL/1000G/WW,,805.0,,BOM material fallback (machine/labour removed),0.8084,650.762,0.7385,Automatic board and BOM component calculation,0.1,BOM operation speeds
BRD016/YPL/Y0010/01/900G/WW,571.02,BRD016/101/YPL/900G/WW,4-15906,793.0,Apr-26,Mill price: article code,0.72,570.96,0.06,Automatic board and BOM component calculation,0.166667,BOM operation speeds
BRD018/101/NPL/900G/WB,885.3311,BRD025/102/NPL/900G/WB (3),4-11132,664.0,Apr-26,Mill price: article code,1.33333,885.3311,0.0,Automatic board and BOM component calculation,1.511899,BOM operation speeds
BRD018/NPL/R0038/01/900G/WB,440.2382,BRD018/101/NPL/900G/WB,4-16064,664.0,Apr-26,Mill price: article code,0.663,440.232,0.0062,Automatic board and BOM component calculation,0.166667,BOM operation speeds
BRD018/NPL/R0038/02/900G/WB,447.452,BRD018/101/NPL/900G/WB,4-16064,664.0,Apr-26,Mill price: article code,0.663,440.232,7.22,Automatic board and BOM component calculation,0.166667,BOM operation speeds
BRD018/NPL/R0038/03/900G/WB,444.4204,BRD018/101/NPL/900G/WB(2),,674.0,,BOM material fallback (machine/labour removed),0.6522,439.5828,4.8376,Automatic board and BOM component calculation,0.166667,BOM operation speeds
BRD021/101/NPB/1200G/BB,792.4033,BRD075/102/NPB/1250G/BB,4-14140,626.0,Apr-26,Mill price: article code,1.26582,792.4033,0.0,Automatic board and BOM component calculation,0.821355,BOM operation speeds
BRD021/101/NPB/1250G/BB,1043.3354,BRD092/102/NPB/1250G/BB,4-13187,626.0,Apr-26,Mill price: article code,1.66667,1043.3354,0.0,Automatic board and BOM component calculation,1.642791,BOM operation speeds
BRD021/101/NPB/1250G/BW,875.8896,BRD079/103/YPL/1250G/BW,4-15967,727.0,Apr-26,Mill price: article code,1.2048,875.8896,0.0,Automatic board and BOM component calculation,0.821402,BOM operation speeds
BRD021/101/NPL/1000G/WB,684.5375,BRD095/102/NPL/900G/WB,4-14124,664.0,Apr-26,Mill price: article code,1.03093,684.5375,0.0,Automatic board and BOM component calculation,1.10877,BOM operation speeds
BRD021/NPL/A0205/01/1000G/WB,665.4653,BRD021/101/NPL/1000G/WB,4-15236,664.0,Apr-26,Mill price: article code,1.0022,665.4608,0.0045,Automatic board and BOM component calculation,0.166667,BOM operation speeds
BRD021/NPL/I0046/01/1000G/WB,665.3325,BRD021/101/NPL/1000G/WB,4-15236,664.0,Apr-26,Mill price: article code,1.002,665.328,0.0045,Automatic board and BOM component calculation,0.166667,BOM operation speeds
BRD023/101/NPB/900G/BB,648.9363,BRD046/102/NPB/900G/BB,4-14416,610.0,Apr-26,Mill price: article code,1.06383,648.9363,0.0,Automatic board and BOM component calculation,1.202299,BOM operation speeds
BRD024/101/NPB/750G/BW,802.197,BRD050/102/YPB/1000G/BB,4-15503,730.0,Apr-26,Mill price: article code,1.0989,802.197,0.0,Automatic board and BOM component calculation,2.263519,BOM operation speeds
BRD024/101/NPL/750G/WB,754.543,BRD025/102/NPL/900G/WB,4-13316,664.0,Apr-26,Mill price: article code,1.13636,754.543,0.0,Automatic board and BOM component calculation,2.045408,BOM operation speeds
BRD024/NPL/M0180/01/750G/WB,347.7794,BRD024/101/NPL/750G/WB,4-15951,747.0,Apr-26,Mill price: article code,0.4582,342.2754,5.504,Automatic board and BOM component calculation,0.166667,BOM operation speeds
BRD024/NPL/R0014/01/750G/WB,347.8334,BRD024/101/NPL/750G/WB,4-15951,747.0,Apr-26,Mill price: article code,0.4582,342.2754,5.558,Automatic board and BOM component calculation,0.166667,BOM operation speeds
BRD024/NPL/S0134/01/750G/WB,350.6961,BRD024/103/NPL/750G/WB,,750.0,,BOM material fallback (machine/labour removed),0.456,342.0,8.6961,Automatic board and BOM component calculation,0.166667,BOM operation speeds
BRD025/101/YPL/900G/WW,677.5522,BRD025/102/NPL/900G/WB,4-13316,664.0,Apr-26,Mill price: article code,1.02041,677.5522,0.0,Automatic board and BOM component calculation,1.137424,BOM operation speeds
BRD026/102/YPB/W0023/01/WW,685.8797,BRD026/103/YPB/1100G/WW,4-16802/SHT201228,865.0,Apr-26,Mill price: article code,0.7726,668.299,17.5807,Automatic board and BOM component calculation,0.166667,BOM operation speeds
BRD026/YPB/W0023/01/1100G/WW,865.304,BRD026/103/YPB/1100G/WW,4-16802/SHT201228,865.0,Apr-26,Mill price: article code,1.0,865.0,0.304,Automatic board and BOM component calculation,0.142857,BOM operation speeds
BRD027/101/NPB/850G/BB,779.5185,BRD074/103/NPL/850G/WB,4-17113,647.0,Apr-26,Mill price: article code,1.20482,779.5185,0.0,Automatic board and BOM component calculation,1.600999,BOM operation speeds
BRD027/NPL/GENPRT/01/700G/WB,483.6702,BRD027/101/NPL/700G/WB,4-15460,807.0,Apr-26,Mill price: article code,0.5986,483.0702,0.6,Automatic board and BOM component calculation,0.166667,BOM operation speeds
BRD028/101/NPB/800G/BB,1181.18,BRD004/101/NPB/800G/BB,4-15914,649.0,Apr-26,Mill price: article code,1.82,1181.18,0.0,Automatic board and BOM component calculation,1.923077,BOM operation speeds
BRD028/NPL/D0097/01/800G/WB,351.8046,BRD028/101/NPL/800G/WB,4-15673,662.0,Apr-26,Mill price: article code,0.5314,351.7868,0.0178,Automatic board and BOM component calculation,0.166667,BOM operation speeds
BRD029/NPL/M0175/01/800G/WB,404.0156,BRD029/101/NPL/800G/WB,4-16107,662.0,Apr-26,Mill price: article code,0.6102,403.9524,0.0632,Automatic board and BOM component calculation,0.125,BOM operation speeds
BRD029/NPL/M0175/02/800G/WB,404.0156,BRD029/101/NPL/800G/WB,4-16107,662.0,Apr-26,Mill price: article code,0.6102,403.9524,0.0632,Automatic board and BOM component calculation,0.166667,BOM operation speeds
BRD029/NPL/R0014/01/800G/WB,417.322,BRD029/101/NPL/800G/WB,4-16107,662.0,Apr-26,Mill price: article code,0.622,411.764,5.558,Automatic board and BOM component calculation,0.166667,BOM operation speeds
BRD029/NPL/S0128/01/800G/WB,417.3102,BRD029/101/NPL/800G/WB,4-16107,662.0,Apr-26,Mill price: article code,0.622,411.764,5.5462,Automatic board and BOM component calculation,0.1,BOM operation speeds
BRD031/101/NPB/1000G/BB,642.1043,BRD046/102/NPB/1000G/BB,4-11133,610.0,Apr-26,Mill price: article code,1.05263,642.1043,0.0,Automatic board and BOM component calculation,1.154734,BOM operation speeds
BRD031/NPL/S0183/01/800G/WB,470.3448,BRD031/101/NPL/800G/WB,4-15868,662.0,Apr-26,Mill price: article code,0.7094,469.6228,0.722,Automatic board and BOM component calculation,0.166667,BOM operation speeds
BRD036/102/YPB/1100G/WB,1922.203,BRD001/103/YPB/1100G/WB,4-16928/SHT200033/A,865.0,Apr-26,Mill price: article code,2.2222,1922.203,0.0,Automatic board and BOM component calculation,2.128022,BOM operation speeds
BRD038/YPL/A0109/03/800G/WW,283.724,BRD038/103/YPL/750G/WB (2),4-15886/SHT300018,993.0,Apr-26,Mill price: article code,0.285,283.005,0.719,Automatic board and BOM component calculation,0.0,No BOM machine-time profile
BRD039/102/YPB/1100G/WW,1098.55,BRD078/103/YPL/1100G/WW,4-15891/SHT200217,865.0,Apr-26,Mill price: article code,1.27,1098.55,0.0,Automatic board and BOM component calculation,1.092538,BOM operation speeds
BRD039/YPL/L0152/01/650G/WW,0.779,,,0.0,,No BOM board component,0.0,0.0,0.779,Automatic board and BOM component calculation,0.333333,BOM operation speeds
BRD040/NPB/D0129/01/900G/WW,743.9338,BRD040/101/NPB/900G/WW,,737.0,,BOM material fallback (machine/labour removed),1.0094,743.9278,0.006,Automatic board and BOM component calculation,0.166667,BOM operation speeds
BRD041/NPL/D0096/02/900G/WB,653.5388,BRD041/102/NPL/900G/WB (2),4-13905,664.0,Apr-26,Mill price: article code,0.9842,653.5088,0.03,Automatic board and BOM component calculation,0.166667,BOM operation speeds
BRD046/101/YPB/1100G/BW,1093.9313,BRD078/103/YPB/1100G/BW,4-15890/SHT200216,876.0,Apr-26,Mill price: article code,1.24878,1093.9313,0.0,Automatic board and BOM component calculation,1.068376,BOM operation speeds
BRD046/YPL/F0097/01/1000G/WW,661.2308,BRD046/101/YPL/1000G/WW,,763.0,,BOM material fallback (machine/labour removed),0.8666,661.2158,0.015,Automatic board and BOM component calculation,0.166667,BOM operation speeds
BRD048/YPL/M0146/01/800G/WW,435.0548,BRD048/102/YPL/800G/WW,4-15635,786.0,Apr-26,Mill price: article code,0.5535,435.051,0.0037,Automatic board and BOM component calculation,0.166667,BOM operation speeds
BRD049/101/NPL/H0041/06/600G,369.9042,BRD049/101/NPL/600G/WB,4-16844,838.0,Apr-26,Mill price: article code,0.437,366.206,3.6982,Automatic board and BOM component calculation,0.166667,BOM operation speeds
BRD049/101/NPL/H0041/07/600G,375.046,BRD049/101/NPL/600G/WB,4-16844,838.0,Apr-26,Mill price: article code,0.437,366.206,8.84,Automatic board and BOM component calculation,0.166667,BOM operation speeds
BRD049/103/NPL/H0041/01/700G,383.8736,BRD049/101/NPL/700G/BB,4-15487,748.0,Apr-26,Mill price: article code,0.5132,383.8736,0.0,Automatic board and BOM component calculation,0.166667,BOM operation speeds
BRD049/103/NPL/H0041/02/700G,383.8736,BRD049/101/NPL/700G/BB,4-15487,748.0,Apr-26,Mill price: article code,0.5132,383.8736,0.0,Automatic board and BOM component calculation,0.166667,BOM operation speeds
BRD049/103/NPL/H0041/03/700G,383.8736,BRD049/101/NPL/700G/BB,4-15487,748.0,Apr-26,Mill price: article code,0.5132,383.8736,0.0,Automatic board and BOM component calculation,0.166667,BOM operation speeds
BRD049/103/NPL/H0041/04/700G,383.8736,BRD049/101/NPL/700G/BB,4-15487,748.0,Apr-26,Mill price: article code,0.5132,383.8736,0.0,Automatic board and BOM component calculation,0.166667,BOM operation speeds
BRD049/103/NPL/H0041/05/700G,383.8736,BRD049/101/NPL/700G/BB,4-15487,748.0,Apr-26,Mill price: article code,0.5132,383.8736,0.0,Automatic board and BOM component calculation,0.166667,BOM operation speeds
BRD049/103/NPL/H0041/06/800G,315.2182,BRD049/101/NPL/800G/WB,4-16827,649.0,Apr-26,Mill price: unique size/GSM,0.48,311.52,3.6982,Automatic board and BOM component calculation,0.166667,BOM operation speeds
BRD049/103/NPL/H0041/07/600G,360.34,BRD049/101/NPL/600G/WB,4-16844,838.0,Apr-26,Mill price: article code,0.43,360.34,0.0,Automatic board and BOM component calculation,0.166667,BOM operation speeds
BRD049/103/NPL/H0041/08/600G,360.34,BRD049/101/NPL/600G/WB,4-16844,838.0,Apr-26,Mill price: article code,0.43,360.34,0.0,Automatic board and BOM component calculation,0.0,No BOM machine-time profile
BRD049/103/NPL/H0041/09/600G,360.34,BRD049/101/NPL/600G/WB,4-16844,838.0,Apr-26,Mill price: article code,0.43,360.34,0.0,Automatic board and BOM component calculation,0.333333,BOM operation speeds
BRD049/103/NPL/H0041/10/600G,360.34,BRD049/101/NPL/600G/WB,4-16844,838.0,Apr-26,Mill price: article code,0.43,360.34,0.0,Automatic board and BOM component calculation,0.166667,BOM operation speeds
BRD049/NPL/H0041/08/600G/WB,638.1781,BRD049/101/NPL/600G/WB,4-16844,838.0,Apr-26,Mill price: article code,0.76137,638.0281,0.15,Automatic board and BOM component calculation,0.166667,BOM operation speeds
BRD049/NPL/H0041/09/600G/WB,369.8286,BRD049/101/NPL/600G/WB,4-16844,838.0,Apr-26,Mill price: article code,0.437,366.206,3.6226,Automatic board and BOM component calculation,0.166667,BOM operation speeds
BRD049/NPL/H0041/10/600G/WB,369.8271,BRD049/101/NPL/600G/WB,4-16844,838.0,Apr-26,Mill price: article code,0.437,366.206,3.6211,Automatic board and BOM component calculation,0.166667,BOM operation speeds
BRD049/NPLH/H0041/08/600G/WU,323.2485,BRD049/NPL/600G/WU,,740.0,,BOM material fallback (machine/labour removed),0.4368,323.232,0.0164,Automatic board and BOM component calculation,0.166667,BOM operation speeds
BRD050/102/YPB/1000G/BB (2),737.373,BRD050/102/YPB/1000G/BB,4-15503,730.0,Apr-26,Mill price: article code,1.0101,737.373,0.0,Automatic board and BOM component calculation,1.403509,BOM operation speeds
BRD052/101/NPL/800G/WB,958.92,BRD001/102/YPL/800G/WW,4-16862 SHT300004,786.0,Apr-26,Mill price: article code,1.22,958.92,0.0,Automatic board and BOM component calculation,1.237624,BOM operation speeds
BRD052/NPL/H0073/01/800G/WB,534.9014,BRD052/101/NPL/800G/WB,4-15901,662.0,Apr-26,Mill price: article code,0.808,534.896,0.0054,Automatic board and BOM component calculation,0.166667,BOM operation speeds
BRD052/NPL/H0073/01/850G/WB,522.7819,BRD052/102/NPL/850G/WB,4-11276,647.0,Apr-26,Mill price: article code,0.808,522.776,0.0058,Automatic board and BOM component calculation,0.166667,BOM operation speeds
BRD053/101/NPL/H0073/01/2450P,647.784,BRD053/101/NPL/850G/WB,4-15548,647.0,Apr-26,Mill price: article code,1.0,647.0,0.784,Automatic board and BOM component calculation,0.166667,BOM operation speeds
BRD054/102/NPL/L0105/01/800/WB,398.9272,BRD054/101/NPL/800G/WB,,662.0,,BOM material fallback (machine/labour removed),0.6026,398.9212,0.006,Automatic board and BOM component calculation,0.166667,BOM operation speeds
BRD054/NPL/GENPRT/01/800G/WB,405.049,BRD054/102/NPL/800G/WB,4-14411,662.0,Apr-26,Mill price: article code,0.6026,398.9212,6.1278,Automatic board and BOM component calculation,0.166667,BOM operation speeds
BRD055/102/YPT/H0029/01/950G,813.3325,BRD055/102/YPT/950G/WB,4-15002,891.0,Apr-26,Mill price: article code,0.912,812.592,0.7405,Automatic board and BOM component calculation,0.166667,BOM operation speeds
BRD061/102/YPL/W0075/01/WW,404.994,BRD016/101/YPL/900G/WW(2),,800.0,,BOM material fallback (machine/labour removed),0.5,400.0,4.994,Automatic board and BOM component calculation,0.0,No BOM machine-time profile
BRD061/NPL/C9999/01/1000G/WB,341.5963,BRD061/102/NPL/1000G/WB,4-14191,664.0,Apr-26,Mill price: article code,0.5,332.0,9.5963,Automatic board and BOM component calculation,0.391667,BOM operation speeds
BRD061/NPL/C9999/02/1000G/WB,10.2603,BRD061/102/NPL/1000G/WB,4-14191,664.0,Apr-26,Mill price: article code,0.001,0.664,9.5963,Automatic board and BOM component calculation,0.166667,BOM operation speeds
BRD061/NPO/C9999/01/850G/WB,807.3473,BRD061/102/NPO/850G/WB,4-13922,647.0,Apr-26,Mill price: article code,1.233,797.751,9.5963,Automatic board and BOM component calculation,0.166667,BOM operation speeds
BRD061/NPO/C9999/03/1000G/WB,324.618,BRD061/101/NPO/1000G/WB,,657.0,,BOM material fallback (machine/labour removed),0.494,324.558,0.06,Automatic board and BOM component calculation,0.166667,BOM operation speeds
BRD061/YPL/A9999/01/900G/WW,578.5294,BRD061/101/YPL/900G/WW(2),,803.0,,BOM material fallback (machine/labour removed),0.7204,578.4812,0.0482,Automatic board and BOM component calculation,0.166667,BOM operation speeds
BRD061/YPL/D9999/04/950G/WW,628.194,BRD061/101/YPL/900G/WW,,800.0,,BOM material fallback (machine/labour removed),0.779,623.2,4.994,Automatic board and BOM component calculation,0.166667,BOM operation speeds
BRD061/YPL/D9999/08/950G/WW,628.194,BRD061/101/YPL/900G/WW,,800.0,,BOM material fallback (machine/labour removed),0.779,623.2,4.994,Automatic board and BOM component calculation,0.166667,BOM operation speeds
BRD061/YPL/D9999/09/900G/WW,628.254,BRD061/101/YPL/900G/WW,,800.0,,BOM material fallback (machine/labour removed),0.779,623.2,5.054,Automatic board and BOM component calculation,0.166667,BOM operation speeds
BRD061/YPL/D9999/10/950G/WW,612.629,BRD061/101/YPL/1000G/WW,,780.0,,BOM material fallback (machine/labour removed),0.779,607.62,5.009,Automatic board and BOM component calculation,0.166667,BOM operation speeds
BRD061/YPL/W0075/01/900G/WW,870.403,BRD016/101/YPL/900G/WW(2),,800.0,,BOM material fallback (machine/labour removed),1.088,870.4,0.003,Automatic board and BOM component calculation,0.166667,BOM operation speeds
BRD061/YPL/W0075/02/900G/WW,628.994,BRD016/101/YPL/900G/WW(2),,800.0,,BOM material fallback (machine/labour removed),0.78,624.0,4.994,Automatic board and BOM component calculation,0.166667,BOM operation speeds
BRD076/NPL/D9999/01/915G/WW,645.0603,BRD076/103/NPL/915G/WW,,750.0,,BOM material fallback (machine/labour removed),0.86,645.0,0.0603,Automatic board and BOM component calculation,0.166667,BOM operation speeds
BRD076/NPL/W0075/02/1000G/WW,357.7932,BRD076/101/NPL/1000G/WW,,723.0,,BOM material fallback (machine/labour removed),0.48,347.04,10.7532,Automatic board and BOM component calculation,0.125,BOM operation speeds
BRD076/YPL/D0116/01/1000G/WW,752.736,BRD076/101/YPL/1000G/WW,,780.0,,BOM material fallback (machine/labour removed),0.9612,749.736,3.0,Automatic board and BOM component calculation,0.166667,BOM operation speeds
BRD076/YPL/D0116/02/1000G/WW,752.736,BRD076/101/YPL/1000G/WW,,780.0,,BOM material fallback (machine/labour removed),0.9612,749.736,3.0,Automatic board and BOM component calculation,0.166667,BOM operation speeds
BRD076/YPL/P0167/01/1000G/WB,787.508,BRD076/101/YPL/1000G/WW(2),,774.0,,BOM material fallback (machine/labour removed),1.011,782.514,4.994,Automatic board and BOM component calculation,0.0,No BOM machine-time profile
BRD076/YPL/P0167/01/950G/WW,0.06,,,0.0,,No BOM board component,0.0,0.0,0.06,Automatic board and BOM component calculation,0.333333,BOM operation speeds
BRD085/NPL/H0063/01/900G/WB,596.4744,BRD085/101/NPL/900G/WB,,656.0,,BOM material fallback (machine/labour removed),0.9024,591.9744,4.5,Automatic board and BOM component calculation,0.166667,BOM operation speeds
BRD085/YPL/D9999/02/900G/WW,760.745,BRD085/102/YPL/900G/WW,,800.0,,BOM material fallback (machine/labour removed),0.95,760.0,0.745,Automatic board and BOM component calculation,0.166667,BOM operation speeds
BRD085/YPL/D9999/03/900G/WW,381.225,BRD085/102/YPL/900G/WW,,800.0,,BOM material fallback (machine/labour removed),0.4756,380.48,0.745,Automatic board and BOM component calculation,0.166667,BOM operation speeds
BRD085/YPL/D9999/05/900G//WW,380.9638,BRD085/102/YPL/900G/WW,,800.0,,BOM material fallback (machine/labour removed),0.4756,380.48,0.4838,Automatic board and BOM component calculation,0.166667,BOM operation speeds
BRD093/NPL/C9999/01/1000G/WB,604.91,BRD093/NPL/1000G/WB,,664.0,,BOM material fallback (machine/labour removed),0.911,604.904,0.006,Automatic board and BOM component calculation,0.166667,BOM operation speeds
BRD093/NPL/D9999/01/1000G/WW,1283.9005,BRD093/101/NPL/1000G/WW,,692.0,,BOM material fallback (machine/labour removed),1.8543,1283.1756,0.7248,Automatic board and BOM component calculation,0.166667,BOM operation speeds
BRDF500/101/DPL/700G/WB,843.6048,,,0.0,,No BOM board component,0.0,0.0,843.6048,Automatic board and BOM component calculation,0.027778,BOM operation speeds
BRDF500/101/T0144/01/700G/WB,296.633,BRDF502/101/DPL/750G/WB,4-15535,993.0,Apr-26,Mill price: article code,0.298,295.914,0.719,Automatic board and BOM component calculation,0.166667,BOM operation speeds
BRDF500/102/YPB/850G/BW,785.6186,BRD039/103/YPB/850G/BW,4-16789/SHT201542,942.0,Apr-26,Mill price: article code,0.83399,785.6186,0.0,Automatic board and BOM component calculation,1.745201,BOM operation speeds
BRDF500/102/YPB/950G/WB,1098.8808,BRDF501/103/YPB/950G/BW,4-16672,978.0,Apr-26,Mill price: article code,1.1236,1098.8808,0.0,Automatic board and BOM component calculation,2.29753,BOM operation speeds
BRDF500/102/YPL/700G/WW(3),2232.6959,BRDF500/102/YPL/700G/WW,4-13575,1161.0,Apr-26,Mill price: article code,1.92308,2232.6959,0.0,Automatic board and BOM component calculation,4.011392,BOM operation speeds
BRDF500/102/YPL/750G/WB(2),1168.2347,BRD044/103/YPL/750G/WB,4-16788/SHT201543,993.0,Apr-26,Mill price: article code,1.17647,1168.2347,0.0,Automatic board and BOM component calculation,1.871993,BOM operation speeds
BRDF500/DPL/G0006/01/700G,145.8458,BRDF500/101/DPL/700G/WB,4-15657,1161.0,Apr-26,Mill price: article code,0.125,145.125,0.7208,Automatic board and BOM component calculation,0.166667,BOM operation speeds
BRDF500/DPL/G0147/01/700G,873.2024,BRDF500/101/DPL/700G/WB,4-15657,1161.0,Apr-26,Mill price: article code,0.748,868.428,4.7744,Automatic board and BOM component calculation,0.037037,BOM operation speeds
BRDF501/101/YPB/800G/BW,1652.6448,BRD049/103/YPL/850G/WB,4-16109/SHT201540,942.0,Apr-26,Mill price: article code,1.7544,1652.6448,0.0,Automatic board and BOM component calculation,2.715399,BOM operation speeds
BRDF501/DPL/R0086/01/750G/WB,699.117,BRDF501/101/DPL/750G/WB (2),4-15898,993.0,Apr-26,Mill price: unique size/GSM,0.704,699.072,0.045,Automatic board and BOM component calculation,0.166667,BOM operation speeds
BRDF502/101/DPB/950G/BW,1220.67,BRD058/103/YPL/950G/WB,4-15902/SHT200020,891.0,Apr-26,Mill price: article code,1.37,1220.67,0.0,Automatic board and BOM component calculation,1.367054,BOM operation speeds
BRDF502/101/T0144/01/750G/WB,591.4159,BRDF502/101/DPL/750G/WB,4-15535,993.0,Apr-26,Mill price: article code,0.59,585.87,5.5459,Automatic board and BOM component calculation,0.166667,BOM operation speeds
BRDF502/DPL/R0086/01/750G/WB,576.39,BRDF502/101/DPL/750G/WB,4-15535,993.0,Apr-26,Mill price: article code,0.58,575.94,0.45,Automatic board and BOM component calculation,0.166667,BOM operation speeds
BRDMAP002/EX/YPP/500G,1450.0,BRDMAP001/EX/YPP/500G,,1450.0,,BOM material fallback (machine/labour removed),1.0,1450.0,0.0,Automatic board and BOM component calculation,0.125,BOM operation speeds
BRDS034/102/NPL/1000G/WB,837.336,BRD076/103/NPL/1000G/WB,,695.0,,BOM material fallback (machine/labour removed),1.2048,837.336,0.0,Automatic board and BOM component calculation,1.20048,BOM operation speeds
BRDS034/NPL/C9999/03/1000G/WB,401.5363,BRDS034/102/NPL/1000G/WB,4-16167,664.0,Apr-26,Mill price: article code,0.5,332.0,69.5363,Automatic board and BOM component calculation,0.166667,BOM operation speeds
BRDS034/NPL/C9999/04/1000G/WB,673.5963,BRDS034/102/NPL/1000G/WB,4-16167,664.0,Apr-26,Mill price: article code,1.0,664.0,9.5963,Automatic board and BOM component calculation,0.166667,BOM operation speeds
BRDTS003/YPK/M0166/01/550G/BB,412.6194,BRDTS003/102/YPK/550G/BB,,974.0,,BOM material fallback (machine/labour removed),0.4236,412.5864,0.033,Automatic board and BOM component calculation,0.166667,BOM operation speeds
BRDTS003/YPK/M0166/02/550G/BB,527.3836,BRDTS003/YPK/550G/WB,,2563.3424,,BOM material fallback (machine/labour removed),0.20574,527.382,0.0016,Automatic board and BOM component calculation,0.013889,BOM operation speeds
BRDTS004/YPK/M0166/01/550G/BB,270.0258,BRDTS004/YPK/564G/BB,,974.0,,BOM material fallback (machine/labour removed),0.2772,269.9928,0.033,Automatic board and BOM component calculation,0.013889,BOM operation speeds
BRDTS005/YPK/M0166/01/550G/BB,498.721,BRDTS005/YPK/550G/BB,,974.0,,BOM material fallback (machine/labour removed),0.512,498.688,0.033,Automatic board and BOM component calculation,0.013889,BOM operation speeds
CORR-BOX-602X200X40,278.994,,,0.0,,No BOM board component,0.0,0.0,278.994,Automatic board and BOM component calculation,0.0,No BOM machine-time profile
DCB001/102/YPB/1000G/BW,474.7112,BRD001/101/LPB/1000G/BW,4-15614,794.0,Apr-26,Mill price: article code,0.5948,472.2712,2.44,Automatic board and BOM component calculation,0.285714,BOM operation speeds
DCB002/102/YPK/600G,33.3546,BRD002/102/YPK/600G/BB-SG,,1041.0,,BOM material fallback (machine/labour removed),0.032,33.312,0.0426,Automatic board and BOM component calculation,0.125,BOM operation speeds
DCB006/101/YPK/600G,25.0353,BRD006/102/YPK/600G/BB-LG,,736.3309,,BOM material fallback (machine/labour removed),0.034,25.0353,0.0,Automatic board and BOM component calculation,0.125,BOM operation speeds
DCB006/102/YPK/600G,35.4366,BRD006/102/YPK/600G/BB-SG,,1041.0,,BOM material fallback (machine/labour removed),0.034,35.394,0.0426,Automatic board and BOM component calculation,0.125,BOM operation speeds
DCB008/102/YPK/600G,29.1906,BRD008/102/YPK/600G/BB-SG,,1041.0,,BOM material fallback (machine/labour removed),0.028,29.148,0.0426,Automatic board and BOM component calculation,0.125,BOM operation speeds
DCB028/102/NPB/700G/4000P,114.837,BRD028/102/NPB/700G/BB,4-13415,805.0,Apr-26,Mill price: article code,0.1254,100.947,13.89,Automatic board and BOM component calculation,0.125,BOM operation speeds
DCB028/102/NPL/700G/4000P,114.837,BRD028/102/NPL/700G/BB,4-13413,805.0,Apr-26,Mill price: article code,0.1254,100.947,13.89,Automatic board and BOM component calculation,0.125,BOM operation speeds
DCB1200X1000/SHEET,206.7444,BRD049/102/NPL/450G/BB,4-13066,709.0,Apr-26,Mill price: article code,0.2916,206.7444,0.0,Automatic board and BOM component calculation,0.25,BOM operation speeds
DCBMAP002/EX/YPP/500G,31.2677,BRDMAP002/EX/YPP/500G,,1427.7511,,BOM material fallback (machine/labour removed),0.0219,31.2677,0.0,Automatic board and BOM component calculation,0.046216,BOM operation speeds plus rolled-child machine time
DCBMAP002/IN/YPK/500G,33.84,BRDMAP002/IN/YPK/500G,,1128.0,,BOM material fallback (machine/labour removed),0.03,33.84,0.0,Automatic board and BOM component calculation,0.0625,BOM operation speeds
LUC2FT6/01/SHEET/RC,2082.665,,,0.0,,No BOM board component,0.0,0.0,2082.665,Automatic board and BOM component calculation,0.0,No BOM machine-time profile
LUC327X112/SHEET,1155.0,,,0.0,,No BOM board component,0.0,0.0,1155.0,Automatic board and BOM component calculation,0.0,No BOM machine-time profile
LUC3FT/01/SHEET,1933.768,,,0.0,,No BOM board component,0.0,0.0,1933.768,Automatic board and BOM component calculation,0.0,No BOM machine-time profile
LUC3FT/01/SHEET/RC,674.25,,,0.0,,No BOM board component,0.0,0.0,674.25,Automatic board and BOM component calculation,0.0,No BOM machine-time profile
LUC3FT/10/SHEET/RC,2591.92,,,0.0,,No BOM board component,0.0,0.0,2591.92,Automatic board and BOM component calculation,0.0,No BOM machine-time profile
LUC4.5X13/SHEET FOR CONVERSION,46.2,,,0.0,,No BOM board component,0.0,0.0,46.2,Automatic board and BOM component calculation,0.0,No BOM machine-time profile
LUC4FT/01/SHEET/RC,1385.25,,,0.0,,No BOM board component,0.0,0.0,1385.25,Automatic board and BOM component calculation,0.0,No BOM machine-time profile
LUC4FT/04/SHEET/RC(2),1597.575,,,0.0,,No BOM board component,0.0,0.0,1597.575,Automatic board and BOM component calculation,0.0,No BOM machine-time profile
LUC4FT6/03A/SHEET/RC(2),1554.2175,,,0.0,,No BOM board component,0.0,0.0,1554.2175,Automatic board and BOM component calculation,0.0,No BOM machine-time profile
LUC4FT6/05/SHEET/RC,1965.47,,,0.0,,No BOM board component,0.0,0.0,1965.47,Automatic board and BOM component calculation,0.0,No BOM machine-time profile
LUC4FT6/12/SHEET/RC,1694.225,,,0.0,,No BOM board component,0.0,0.0,1694.225,Automatic board and BOM component calculation,0.0,No BOM machine-time profile
LUC50X1250/750UMS/SHEET,39.552,,,0.0,,No BOM board component,0.0,0.0,39.552,Automatic board and BOM component calculation,0.0,No BOM machine-time profile
LUC5FT/01/SHEET/RC,1812.0,,,0.0,,No BOM board component,0.0,0.0,1812.0,Automatic board and BOM component calculation,0.0,No BOM machine-time profile
LUC5FT/16/SHEET/RC,2142.63,,,0.0,,No BOM board component,0.0,0.0,2142.63,Automatic board and BOM component calculation,0.0,No BOM machine-time profile
LUC762X1065/SHEET,0.0,,,0.0,,No BOM board component,0.0,0.0,0.0,Automatic board and BOM component calculation,0.0,No BOM machine-time profile
LUC780X1000/SHEET,551.174,,,0.0,,No BOM board component,0.0,0.0,551.174,Automatic board and BOM component calculation,0.0,No BOM machine-time profile
MAP001/102/YPP/500G,113.3584,BRDMAP001/IN/YPK/500G | BRDMAP002/EX/YPP/500G,,1711.3756,,BOM material fallback (machine/labour removed),0.06192,105.9684,7.39,Automatic board and BOM component calculation,0.170537,BOM operation speeds plus rolled-child machine time
MAP002/102/YPP/500G,95.4867,BRDMAP002/EX/YPP/500G | BRDMAP002/IN/YPK/500G,,1277.8757,,BOM material fallback (machine/labour removed),0.06894,88.0967,7.39,Automatic board and BOM component calculation,0.170975,BOM operation speeds plus rolled-child machine time
MATTPROT-DIVAN-CORR12INCH,128.9102,,,0.0,,No BOM board component,0.0,0.0,128.9102,Automatic board and BOM component calculation,0.1625,BOM operation speeds
MATTPROT-DIVAN-CORR12INCH(2),165.5917,,,0.0,,No BOM board component,0.0,0.0,165.5917,Automatic board and BOM component calculation,0.270673,BOM operation speeds
MATTPROT-DIVAN-CORR14INCH,140.3733,,,0.0,,No BOM board component,0.0,0.0,140.3733,Automatic board and BOM component calculation,0.1625,BOM operation speeds
MATTPROT-DIVAN-CORR14INCH(2),140.3732,,,0.0,,No BOM board component,0.0,0.0,140.3732,Automatic board and BOM component calculation,0.104926,BOM operation speeds
MATTPROT-GLUED09INCH(02),43.3192,,,0.0,,No BOM board component,0.0,0.0,43.3192,Automatic board and BOM component calculation,0.141667,BOM operation speeds
MATTPROT-GLUED10INCH/101/,43.3192,,,0.0,,No BOM board component,0.0,0.0,43.3192,Automatic board and BOM component calculation,0.141667,BOM operation speeds
MATTPROT-GLUED12INCH,37.2443,BRDLUC/101/MATP12/450G/LUC,4-16939,709.0,Apr-26,Mill price: article code,0.051,36.159,1.0853,Automatic board and BOM component calculation,0.141667,BOM operation speeds
MATTPROT-GLUED14INCH,42.6053,,,0.0,,No BOM board component,0.0,0.0,42.6053,Automatic board and BOM component calculation,0.141667,BOM operation speeds
PRINT/HPK201718/ARDG,778.0,BRD001/101/YPL/1000G/WW,4-15320,763.0,Apr-26,Mill price: article code,1.0,763.0,15.0,Automatic board and BOM component calculation,0.166667,BOM operation speeds
PRINT/HPK201718/WORG(2),938.854,BRD001/102/YPL/1000G/WW(2),,763.0,,BOM material fallback (machine/labour removed),1.22,930.86,7.994,Automatic board and BOM component calculation,0.166667,BOM operation speeds
PRINT/HPK201940/ARDG,808.0,BRD002/101/YPB/900G/WW,4-15953,793.0,Apr-26,Mill price: article code,1.0,793.0,15.0,Automatic board and BOM component calculation,0.166667,BOM operation speeds
PUN001/102/YPK/500G,27.586,BRD001/102/YPK/500G,,736.3309,,BOM material fallback (machine/labour removed),0.02303,16.9577,10.6283,Automatic board and BOM component calculation,0.120833,BOM operation speeds
PUN001/102/YPP/500G/8064P,47.8869,BRD002/102/YPP/500G/BB(2),,1261.0,,BOM material fallback (machine/labour removed),0.02862,36.0898,11.7971,Automatic board and BOM component calculation,0.120833,BOM operation speeds
PUN002/102/YPK/500G,30.5104,BRD002/102/YPK/500G/BB,,1065.0,,BOM material fallback (machine/labour removed),0.02176,23.1744,7.336,Automatic board and BOM component calculation,0.116667,BOM operation speeds
PUN002/102/YPK/600G,29.7727,BRD002/102/YPK/600G/BB-SG,,1041.0,,BOM material fallback (machine/labour removed),0.02612,27.1909,2.5818,Automatic board and BOM component calculation,0.116667,BOM operation speeds
PUN002/102/YPP/500G,35.8851,BRD002/102/YPP/500G/BB,,1312.0,,BOM material fallback (machine/labour removed),0.02176,28.5491,7.336,Automatic board and BOM component calculation,0.116667,BOM operation speeds
PUN002/102/YPP/560G,35.6296,BRD002/102/YPP/560G/BB,,1161.0,,BOM material fallback (machine/labour removed),0.02437,28.2936,7.336,Automatic board and BOM component calculation,0.116667,BOM operation speeds
PUN002/102/YPP/565G/7200P,49.6218,BRD002/102/YPP/560G/BB,,1161.0,,BOM material fallback (machine/labour removed),0.02902,33.6922,15.9296,Automatic board and BOM component calculation,0.116667,BOM operation speeds
PUN002/102/YPP/565G/8064P,49.4593,BRD002/102/YPP/560G/BB,,1161.0,,BOM material fallback (machine/labour removed),0.02888,33.5297,15.9296,Automatic board and BOM component calculation,0.0,No BOM machine-time profile
PUN002/102/YPP/664G,40.8889,BRD002/102/YPP/560G/BB,,1161.0,,BOM material fallback (machine/labour removed),0.0289,33.5529,7.336,Automatic board and BOM component calculation,0.233333,BOM operation speeds
PUN003/102/YPP/500G,34.2937,BRD002/102/YPP/500G/BB(2),,1261.0,,BOM material fallback (machine/labour removed),0.02505,31.588,2.7057,Automatic board and BOM component calculation,0.120833,BOM operation speeds
PUN003/102/YPP/500G/8064P,62.0382,BRD002/102/YPP/500G/BB(2),,1261.0,,BOM material fallback (machine/labour removed),0.02556,32.2312,29.807,Automatic board and BOM component calculation,0.120833,BOM operation speeds
PUN003/102/YPP/565G,34.391,BRD002/102/YPP/565G/BB,,1255.0,,BOM material fallback (machine/labour removed),0.02505,31.4378,2.9532,Automatic board and BOM component calculation,0.120833,BOM operation speeds
PUN004/102/YPK/560G,36.5262,BRD004/102/YPK/560G/BB,,1008.0,,BOM material fallback (machine/labour removed),0.02142,21.5914,14.9348,Automatic board and BOM component calculation,0.116667,BOM operation speeds
PUN004/102/YPK/560G/6960P,36.3882,BRD004/102/YPK/560G/BB,,1008.0,,BOM material fallback (machine/labour removed),0.02142,21.5914,14.7968,Automatic board and BOM component calculation,0.116667,BOM operation speeds
PUN004/102/YPK/600G,25.9502,BRD004/102/YPK/600G/BB-SG,,1041.0,,BOM material fallback (machine/labour removed),0.02295,23.891,2.0593,Automatic board and BOM component calculation,0.0,No BOM machine-time profile
PUN004/102/YPP/500G,39.0751,BRD004/102/YPP/560G/BB,,1256.0,,BOM material fallback (machine/labour removed),0.01922,24.1403,14.9348,Automatic board and BOM component calculation,0.233333,BOM operation speeds
PUN004/102/YPP/560G,31.9477,BRD004/102/YPP/560G/BB,,1256.0,,BOM material fallback (machine/labour removed),0.02142,26.9035,5.0442,Automatic board and BOM component calculation,0.116667,BOM operation speeds
PUN004/102/YPP/565G/11250P,666.0896,BRD002/102/YPP/560G/BB,,1161.0,,BOM material fallback (machine/labour removed),0.56,650.16,15.9296,Automatic board and BOM component calculation,0.35,BOM operation speeds
PUN005/102/YPK/560G,51.3385,BRD005/102/YPK/560G/BB,,1008.0,,BOM material fallback (machine/labour removed),0.03612,36.409,14.9296,Automatic board and BOM component calculation,0.13125,BOM operation speeds
PUN005/102/YPK/560G/4860P,41.8953,BRD005/102/YPK/560G/BB,,1008.0,,BOM material fallback (machine/labour removed),0.03612,36.409,5.4863,Automatic board and BOM component calculation,0.13125,BOM operation speeds
PUN005/102/YPK/600G,42.8685,BRD005/102/YPK/600G/BB-SG,,1041.0,,BOM material fallback (machine/labour removed),0.0387,40.2867,2.5818,Automatic board and BOM component calculation,0.13125,BOM operation speeds
PUN005/102/YPP/500G,47.4376,BRD005/102/YPP/560G/BB,,1008.0,,BOM material fallback (machine/labour removed),0.03225,32.508,14.9296,Automatic board and BOM component calculation,0.0,No BOM machine-time profile
PUN005/102/YPP/560G,51.3385,BRD005/102/YPP/560G/BB,,1008.0,,BOM material fallback (machine/labour removed),0.03612,36.409,14.9296,Automatic board and BOM component calculation,0.2625,BOM operation speeds
PUN005/102/YPP/560G/6780P,57.8649,BRD002/102/YPP/560G/BB,,1161.0,,BOM material fallback (machine/labour removed),0.03612,41.9353,15.9296,Automatic board and BOM component calculation,0.13125,BOM operation speeds
PUN006/102/YPK/500G,37.3066,BRD006/102/YPK/500G,,1065.0,,BOM material fallback (machine/labour removed),0.02505,26.6782,10.6283,Automatic board and BOM component calculation,0.120833,BOM operation speeds
PUN006/102/YPK/500G/6960P,32.1646,BRD006/102/YPK/500G,,1065.0,,BOM material fallback (machine/labour removed),0.02505,26.6782,5.4863,Automatic board and BOM component calculation,0.120833,BOM operation speeds
PUN006/102/YPK/600G,33.8742,BRD006/102/YPK/600G/BB-SG,,1041.0,,BOM material fallback (machine/labour removed),0.03006,31.2925,2.5818,Automatic board and BOM component calculation,0.120833,BOM operation speeds
PUN006/102/YPP/500G,43.4939,BRD006/102/YPP/500G/BB,,1312.0,,BOM material fallback (machine/labour removed),0.02505,32.8656,10.6283,Automatic board and BOM component calculation,0.120833,BOM operation speeds
PUN006/102/YPP/600G/5376P,73.2323,BRD002/102/YPP/560G/BB,,1161.0,,BOM material fallback (machine/labour removed),0.02612,30.3253,42.907,Automatic board and BOM component calculation,0.0,No BOM machine-time profile
PUN007/102/YPP/560G,122.4552,BRD002/102/YPP/560G/BB,,1161.0,,BOM material fallback (machine/labour removed),0.03938,45.7202,76.735,Automatic board and BOM component calculation,0.241667,BOM operation speeds
PUN007/102/YPP/664G,61.5547,BRD002/102/YPP/560G/BB,,1161.0,,BOM material fallback (machine/labour removed),0.0467,54.2187,7.336,Automatic board and BOM component calculation,0.120833,BOM operation speeds
PUN008/102/YPK/565G,46.8986,BRD008/102/YPK/565G,,1008.0,,BOM material fallback (machine/labour removed),0.03707,37.3666,9.532,Automatic board and BOM component calculation,0.127778,BOM operation speeds
PUN008/102/YPK/565G/3312P,46.9816,BRD008/102/YPK/565G,,1008.0,,BOM material fallback (machine/labour removed),0.03707,37.3666,9.615,Automatic board and BOM component calculation,0.127778,BOM operation speeds
PUN008/102/YPK/565G/3456P,46.9816,BRD008/102/YPK/565G,,1008.0,,BOM material fallback (machine/labour removed),0.03707,37.3666,9.615,Automatic board and BOM component calculation,0.127778,BOM operation speeds
PUN008/102/YPK/600G,43.5555,BRD008/102/YPK/600G/BB-SG,,1041.0,,BOM material fallback (machine/labour removed),0.03936,40.9738,2.5818,Automatic board and BOM component calculation,0.128541,BOM operation speeds
PUN008/102/YPK/664G,51.2625,BRD008/102/YPK/664G,,958.0,,BOM material fallback (machine/labour removed),0.04356,41.7305,9.532,Automatic board and BOM component calculation,0.0,No BOM machine-time profile
PUN008/102/YPP/500G,40.9544,BRD008/102/YPP/664G,,958.0,,BOM material fallback (machine/labour removed),0.0328,31.4224,9.532,Automatic board and BOM component calculation,0.120833,BOM operation speeds
PUN008/102/YPP/565G,45.0738,BRD008/102/YPP/664G,,958.0,,BOM material fallback (machine/labour removed),0.0371,35.5418,9.532,Automatic board and BOM component calculation,0.120833,BOM operation speeds
PUN008/102/YPP/664G,51.3008,BRD008/102/YPP/664G,,958.0,,BOM material fallback (machine/labour removed),0.0436,41.7688,9.532,Automatic board and BOM component calculation,0.120833,BOM operation speeds
PUN010/102/YPP/500G,52.6075,BRD002/102/YPP/500G/BB(2),,1261.0,,BOM material fallback (machine/labour removed),0.02822,35.5854,17.0221,Automatic board and BOM component calculation,0.120833,BOM operation speeds
PUN010/102/YPP/565G,52.6075,BRD002/102/YPP/500G/BB(2),,1261.0,,BOM material fallback (machine/labour removed),0.02822,35.5854,17.0221,Automatic board and BOM component calculation,0.120833,BOM operation speeds
PUN012/102/YPK/600G,37.6739,BRD012/102/YPK/600G,,1041.0,,BOM material fallback (machine/labour removed),0.03371,35.0921,2.5818,Automatic board and BOM component calculation,0.120833,BOM operation speeds
PUN013/102/YPK/600G,33.3918,BRD013/102/YPK/600G/BB,,600.0,,BOM material fallback (machine/labour removed),0.05135,30.81,2.5818,Automatic board and BOM component calculation,0.0,No BOM machine-time profile
PUNSE006/102/YPP/500G,10.6283,,,0.0,,No BOM board component,0.0,0.0,10.6283,Automatic board and BOM component calculation,0.241667,BOM operation speeds
PUNTS001/102/YPP/560G,34.6039,BRD002/102/YPP/560G/BB,,1161.0,,BOM material fallback (machine/labour removed),0.02863,33.2394,1.3645,Automatic board and BOM component calculation,0.576389,BOM operation speeds
PUNTS002/101/YPPIF/560G,9.7311,,,0.0,,No BOM board component,0.0,0.0,9.7311,Automatic board and BOM component calculation,0.576389,BOM operation speeds
PUNTS002/102/YPPIF/560G,34.6039,BRD002/102/YPP/560G/BB,,1161.0,,BOM material fallback (machine/labour removed),0.02863,33.2394,1.3645,Automatic board and BOM component calculation,0.576389,BOM operation speeds
PUNTS003/101/YPP/564G/BB,32.8785,BRDTS003/102/YPP/564G/BB,,1008.0,,BOM material fallback (machine/labour removed),0.02934,29.5747,3.3038,Automatic board and BOM component calculation,0.575349,BOM operation speeds
PUNTS003/YPK/550G/BB,58.4994,BRDTS003/102/YPK/550G/BB,,974.0,,BOM material fallback (machine/labour removed),0.0571,55.6154,2.884,Automatic board and BOM component calculation,0.154335,BOM operation speeds
PUNTS003/YPK/M0166/01/550G,35.3185,BRDTS003/YPK/M0166/01/550G/BB,,323.6127,,BOM material fallback (machine/labour removed),0.08333,26.9667,8.3518,Automatic board and BOM component calculation,0.233389,BOM operation speeds plus rolled-child machine time
PUNTS003/YPK/M0166/02/550G,51.6806,BRDTS003/YPK/M0166/02/550G/BB,,1070.5638,,BOM material fallback (machine/labour removed),0.040473,43.3288,8.3518,Automatic board and BOM component calculation,0.542905,BOM operation speeds plus rolled-child machine time
PUNTS004/YPK/564G/BB,39.5057,BRDTS004/YPK/564G/BB,,974.0,,BOM material fallback (machine/labour removed),0.03605,35.1127,4.393,Automatic board and BOM component calculation,0.162532,BOM operation speeds
PUNTS004/YPK/M0166/01/550G,30.2271,BRDTS004/YPK/M0166/01/550G/BB,,809.0934,,BOM material fallback (machine/labour removed),0.027037,21.8753,8.3518,Automatic board and BOM component calculation,0.155485,BOM operation speeds plus rolled-child machine time
PUNTS005/YPK/550G/BB,49.5211,BRDTS005/YPK/550G/BB,,974.0,,BOM material fallback (machine/labour removed),0.0427,41.5898,7.9313,Automatic board and BOM component calculation,0.64712,BOM operation speeds
PUNTS005/YPK/M0166/01/550G,49.2922,BRDTS005/YPK/M0166/01/550G/BB,,895.0831,,BOM material fallback (machine/labour removed),0.045739,40.9403,8.3518,Automatic board and BOM component calculation,0.166565,BOM operation speeds plus rolled-child machine time
PUNTS005/YPP/550G/BB,52.8401,BRDTS005/YPP/550G/BB,,736.3309,,BOM material fallback (machine/labour removed),0.06099,44.9088,7.9313,Automatic board and BOM component calculation,0.354167,BOM operation speeds
SPK001/102/YPB/900G/750P,223.7546,BRD055/102/NPB/900G/WB,4-14216,664.0,Apr-26,Mill price: article code,0.30902,205.1893,18.5654,Automatic board and BOM component calculation,0.225,BOM operation speeds
SPK002/102/YPB/I0044/01/920G,46.719,BRD055/102/NPB/900G/WB,4-14216,664.0,Apr-26,Mill price: article code,0.0424,28.1536,18.5654,Automatic board and BOM component calculation,0.225,BOM operation speeds
WIPF500/103/YPL/800G/WB,986.95,BRDF500/103/YPL/800G/WB,,982.0,,BOM material fallback (machine/labour removed),1.0,982.0,4.95,Automatic board and BOM component calculation,0.125,BOM operation speeds
